<?xml version="1.0" encoding="UTF-8" ?>
<gpx version="1.1" xmlns:xsi="http://www.w3.org/2001/XMLSchema-instance" 
    xmlns="http://www.topografix.com/GPX/1/1"
    xsi:schemaLocation="http://www.topografix.com/GPX/1/1 http://www.topografix.com/GPX/1/1/gpx.xsd" 
    creator="WeRun - https://werun.world" >	<trk>
	                   <name>WeRun-22804286</name>
						<trkseg>
					<trkpt lat="44.969030" lon="3.646060">
						<ele>610</ele>
						<time>2025-11-03T03:43:15Z</time>
					</trkpt>
					<trkpt lat="44.968260" lon="3.647540">
						<ele>615</ele>
						<time>2025-11-03T03:44:20Z</time>
					</trkpt>
					<trkpt lat="44.968220" lon="3.647660">
						<ele>614</ele>
						<time>2025-11-03T03:44:25Z</time>
					</trkpt>
					<trkpt lat="44.968230" lon="3.647770">
						<ele>613</ele>
						<time>2025-11-03T03:44:29Z</time>
					</trkpt>
					<trkpt lat="44.968300" lon="3.647830">
						<ele>613</ele>
						<time>2025-11-03T03:44:33Z</time>
					</trkpt>
					<trkpt lat="44.968460" lon="3.647880">
						<ele>614</ele>
						<time>2025-11-03T03:44:41Z</time>
					</trkpt>
					<trkpt lat="44.969060" lon="3.647670">
						<ele>625</ele>
						<time>2025-11-03T03:45:12Z</time>
					</trkpt>
					<trkpt lat="44.969180" lon="3.647600">
						<ele>628</ele>
						<time>2025-11-03T03:45:18Z</time>
					</trkpt>
					<trkpt lat="44.969350" lon="3.647630">
						<ele>633</ele>
						<time>2025-11-03T03:45:27Z</time>
					</trkpt>
					<trkpt lat="44.969590" lon="3.647790">
						<ele>637</ele>
						<time>2025-11-03T03:45:40Z</time>
					</trkpt>
					<trkpt lat="44.970040" lon="3.648320">
						<ele>633</ele>
						<time>2025-11-03T03:46:10Z</time>
					</trkpt>
					<trkpt lat="44.970190" lon="3.648530">
						<ele>641</ele>
						<time>2025-11-03T03:46:20Z</time>
					</trkpt>
					<trkpt lat="44.970350" lon="3.648860">
						<ele>648</ele>
						<time>2025-11-03T03:46:34Z</time>
					</trkpt>
					<trkpt lat="44.970610" lon="3.649970">
						<ele>654</ele>
						<time>2025-11-03T03:47:16Z</time>
					</trkpt>
					<trkpt lat="44.970670" lon="3.650990">
						<ele>657</ele>
						<time>2025-11-03T03:47:52Z</time>
					</trkpt>
					<trkpt lat="44.970740" lon="3.652790">
						<ele>671</ele>
						<time>2025-11-03T03:48:56Z</time>
					</trkpt>
					<trkpt lat="44.970740" lon="3.654650">
						<ele>677</ele>
						<time>2025-11-03T03:50:02Z</time>
					</trkpt>
					<trkpt lat="44.970760" lon="3.654990">
						<ele>679</ele>
						<time>2025-11-03T03:50:14Z</time>
					</trkpt>
					<trkpt lat="44.970700" lon="3.656340">
						<ele>684</ele>
						<time>2025-11-03T03:51:02Z</time>
					</trkpt>
					<trkpt lat="44.970750" lon="3.656350">
						<ele>688</ele>
						<time>2025-11-03T03:51:04Z</time>
					</trkpt>
					<trkpt lat="44.970820" lon="3.656250">
						<ele>692</ele>
						<time>2025-11-03T03:51:09Z</time>
					</trkpt>
					<trkpt lat="44.970990" lon="3.655580">
						<ele>696</ele>
						<time>2025-11-03T03:51:34Z</time>
					</trkpt>
					<trkpt lat="44.971210" lon="3.654870">
						<ele>701</ele>
						<time>2025-11-03T03:52:02Z</time>
					</trkpt>
					<trkpt lat="44.971400" lon="3.653900">
						<ele>706</ele>
						<time>2025-11-03T03:52:37Z</time>
					</trkpt>
					<trkpt lat="44.971570" lon="3.653330">
						<ele>712</ele>
						<time>2025-11-03T03:52:59Z</time>
					</trkpt>
					<trkpt lat="44.971660" lon="3.652860">
						<ele>716</ele>
						<time>2025-11-03T03:53:16Z</time>
					</trkpt>
					<trkpt lat="44.971730" lon="3.652320">
						<ele>718</ele>
						<time>2025-11-03T03:53:36Z</time>
					</trkpt>
					<trkpt lat="44.971860" lon="3.650530">
						<ele>720</ele>
						<time>2025-11-03T03:54:40Z</time>
					</trkpt>
					<trkpt lat="44.971970" lon="3.649640">
						<ele>725</ele>
						<time>2025-11-03T03:55:12Z</time>
					</trkpt>
					<trkpt lat="44.972020" lon="3.649500">
						<ele>726</ele>
						<time>2025-11-03T03:55:17Z</time>
					</trkpt>
					<trkpt lat="44.972110" lon="3.649400">
						<ele>729</ele>
						<time>2025-11-03T03:55:23Z</time>
					</trkpt>
					<trkpt lat="44.972340" lon="3.649320">
						<ele>735</ele>
						<time>2025-11-03T03:55:35Z</time>
					</trkpt>
					<trkpt lat="44.972450" lon="3.649340">
						<ele>738</ele>
						<time>2025-11-03T03:55:40Z</time>
					</trkpt>
					<trkpt lat="44.972650" lon="3.649510">
						<ele>740</ele>
						<time>2025-11-03T03:55:52Z</time>
					</trkpt>
					<trkpt lat="44.972750" lon="3.649490">
						<ele>741</ele>
						<time>2025-11-03T03:55:57Z</time>
					</trkpt>
					<trkpt lat="44.973060" lon="3.649330">
						<ele>743</ele>
						<time>2025-11-03T03:56:14Z</time>
					</trkpt>
					<trkpt lat="44.973740" lon="3.649080">
						<ele>743</ele>
						<time>2025-11-03T03:56:49Z</time>
					</trkpt>
					<trkpt lat="44.973960" lon="3.649090">
						<ele>742</ele>
						<time>2025-11-03T03:57:00Z</time>
					</trkpt>
					<trkpt lat="44.974160" lon="3.649230">
						<ele>743</ele>
						<time>2025-11-03T03:57:11Z</time>
					</trkpt>
					<trkpt lat="44.975560" lon="3.649270">
						<ele>746</ele>
						<time>2025-11-03T03:58:21Z</time>
					</trkpt>
					<trkpt lat="44.975830" lon="3.649450">
						<ele>749</ele>
						<time>2025-11-03T03:58:36Z</time>
					</trkpt>
					<trkpt lat="44.975920" lon="3.649480">
						<ele>749</ele>
						<time>2025-11-03T03:58:41Z</time>
					</trkpt>
					<trkpt lat="44.976080" lon="3.649490">
						<ele>750</ele>
						<time>2025-11-03T03:58:49Z</time>
					</trkpt>
					<trkpt lat="44.976390" lon="3.649450">
						<ele>752</ele>
						<time>2025-11-03T03:59:04Z</time>
					</trkpt>
					<trkpt lat="44.977120" lon="3.649190">
						<ele>753</ele>
						<time>2025-11-03T03:59:42Z</time>
					</trkpt>
					<trkpt lat="44.977410" lon="3.649160">
						<ele>753</ele>
						<time>2025-11-03T03:59:56Z</time>
					</trkpt>
					<trkpt lat="44.977590" lon="3.649240">
						<ele>755</ele>
						<time>2025-11-03T04:00:06Z</time>
					</trkpt>
					<trkpt lat="44.978340" lon="3.649720">
						<ele>762</ele>
						<time>2025-11-03T04:00:47Z</time>
					</trkpt>
					<trkpt lat="44.978450" lon="3.649770">
						<ele>763</ele>
						<time>2025-11-03T04:00:53Z</time>
					</trkpt>
					<trkpt lat="44.978520" lon="3.649780">
						<ele>764</ele>
						<time>2025-11-03T04:00:56Z</time>
					</trkpt>
					<trkpt lat="44.978680" lon="3.649740">
						<ele>766</ele>
						<time>2025-11-03T04:01:04Z</time>
					</trkpt>
					<trkpt lat="44.978770" lon="3.649550">
						<ele>768</ele>
						<time>2025-11-03T04:01:13Z</time>
					</trkpt>
					<trkpt lat="44.978770" lon="3.649460">
						<ele>768</ele>
						<time>2025-11-03T04:01:16Z</time>
					</trkpt>
					<trkpt lat="44.979060" lon="3.649550">
						<ele>771</ele>
						<time>2025-11-03T04:01:31Z</time>
					</trkpt>
					<trkpt lat="44.979440" lon="3.649580">
						<ele>775</ele>
						<time>2025-11-03T04:01:50Z</time>
					</trkpt>
					<trkpt lat="44.979770" lon="3.649700">
						<ele>777</ele>
						<time>2025-11-03T04:02:07Z</time>
					</trkpt>
					<trkpt lat="44.980190" lon="3.649750">
						<ele>780</ele>
						<time>2025-11-03T04:02:28Z</time>
					</trkpt>
					<trkpt lat="44.980390" lon="3.649620">
						<ele>783</ele>
						<time>2025-11-03T04:02:39Z</time>
					</trkpt>
					<trkpt lat="44.980620" lon="3.649550">
						<ele>786</ele>
						<time>2025-11-03T04:02:51Z</time>
					</trkpt>
					<trkpt lat="44.981060" lon="3.649700">
						<ele>791</ele>
						<time>2025-11-03T04:03:13Z</time>
					</trkpt>
					<trkpt lat="44.981280" lon="3.649950">
						<ele>794</ele>
						<time>2025-11-03T04:03:27Z</time>
					</trkpt>
					<trkpt lat="44.981380" lon="3.650170">
						<ele>796</ele>
						<time>2025-11-03T04:03:37Z</time>
					</trkpt>
					<trkpt lat="44.981810" lon="3.650140">
						<ele>802</ele>
						<time>2025-11-03T04:03:58Z</time>
					</trkpt>
					<trkpt lat="44.982040" lon="3.650060">
						<ele>806</ele>
						<time>2025-11-03T04:04:10Z</time>
					</trkpt>
					<trkpt lat="44.982240" lon="3.650050">
						<ele>810</ele>
						<time>2025-11-03T04:04:20Z</time>
					</trkpt>
					<trkpt lat="44.982410" lon="3.650090">
						<ele>814</ele>
						<time>2025-11-03T04:04:29Z</time>
					</trkpt>
					<trkpt lat="44.982500" lon="3.650260">
						<ele>817</ele>
						<time>2025-11-03T04:04:36Z</time>
					</trkpt>
					<trkpt lat="44.982490" lon="3.650570">
						<ele>820</ele>
						<time>2025-11-03T04:04:47Z</time>
					</trkpt>
					<trkpt lat="44.982550" lon="3.650830">
						<ele>823</ele>
						<time>2025-11-03T04:04:57Z</time>
					</trkpt>
					<trkpt lat="44.982640" lon="3.651040">
						<ele>827</ele>
						<time>2025-11-03T04:05:05Z</time>
					</trkpt>
					<trkpt lat="44.982790" lon="3.651200">
						<ele>831</ele>
						<time>2025-11-03T04:05:15Z</time>
					</trkpt>
					<trkpt lat="44.982960" lon="3.651300">
						<ele>835</ele>
						<time>2025-11-03T04:05:24Z</time>
					</trkpt>
					<trkpt lat="44.983010" lon="3.651470">
						<ele>838</ele>
						<time>2025-11-03T04:05:31Z</time>
					</trkpt>
					<trkpt lat="44.982950" lon="3.651700">
						<ele>840</ele>
						<time>2025-11-03T04:05:39Z</time>
					</trkpt>
					<trkpt lat="44.983130" lon="3.652260">
						<ele>852</ele>
						<time>2025-11-03T04:06:01Z</time>
					</trkpt>
					<trkpt lat="44.983190" lon="3.652570">
						<ele>859</ele>
						<time>2025-11-03T04:06:12Z</time>
					</trkpt>
					<trkpt lat="44.983060" lon="3.652900">
						<ele>862</ele>
						<time>2025-11-03T04:06:26Z</time>
					</trkpt>
					<trkpt lat="44.982990" lon="3.653210">
						<ele>866</ele>
						<time>2025-11-03T04:06:37Z</time>
					</trkpt>
					<trkpt lat="44.983000" lon="3.653550">
						<ele>871</ele>
						<time>2025-11-03T04:06:49Z</time>
					</trkpt>
					<trkpt lat="44.982960" lon="3.653950">
						<ele>876</ele>
						<time>2025-11-03T04:07:04Z</time>
					</trkpt>
					<trkpt lat="44.982810" lon="3.654630">
						<ele>884</ele>
						<time>2025-11-03T04:07:29Z</time>
					</trkpt>
					<trkpt lat="44.982750" lon="3.655020">
						<ele>887</ele>
						<time>2025-11-03T04:07:43Z</time>
					</trkpt>
					<trkpt lat="44.982860" lon="3.655350">
						<ele>888</ele>
						<time>2025-11-03T04:07:56Z</time>
					</trkpt>
					<trkpt lat="44.982920" lon="3.655640">
						<ele>889</ele>
						<time>2025-11-03T04:08:07Z</time>
					</trkpt>
					<trkpt lat="44.983680" lon="3.655410">
						<ele>905</ele>
						<time>2025-11-03T04:08:45Z</time>
					</trkpt>
					<trkpt lat="44.983870" lon="3.655450">
						<ele>910</ele>
						<time>2025-11-03T04:08:55Z</time>
					</trkpt>
					<trkpt lat="44.984110" lon="3.655420">
						<ele>916</ele>
						<time>2025-11-03T04:09:07Z</time>
					</trkpt>
					<trkpt lat="44.984340" lon="3.655260">
						<ele>921</ele>
						<time>2025-11-03T04:09:20Z</time>
					</trkpt>
					<trkpt lat="44.984580" lon="3.655200">
						<ele>928</ele>
						<time>2025-11-03T04:09:32Z</time>
					</trkpt>
					<trkpt lat="44.984790" lon="3.655040">
						<ele>934</ele>
						<time>2025-11-03T04:09:44Z</time>
					</trkpt>
					<trkpt lat="44.984980" lon="3.654790">
						<ele>938</ele>
						<time>2025-11-03T04:09:57Z</time>
					</trkpt>
					<trkpt lat="44.985130" lon="3.654690">
						<ele>941</ele>
						<time>2025-11-03T04:10:05Z</time>
					</trkpt>
					<trkpt lat="44.985200" lon="3.654250">
						<ele>938</ele>
						<time>2025-11-03T04:10:21Z</time>
					</trkpt>
					<trkpt lat="44.985290" lon="3.654010">
						<ele>937</ele>
						<time>2025-11-03T04:10:31Z</time>
					</trkpt>
					<trkpt lat="44.985650" lon="3.653520">
						<ele>937</ele>
						<time>2025-11-03T04:10:56Z</time>
					</trkpt>
					<trkpt lat="44.985840" lon="3.653350">
						<ele>938</ele>
						<time>2025-11-03T04:11:07Z</time>
					</trkpt>
					<trkpt lat="44.986030" lon="3.653130">
						<ele>940</ele>
						<time>2025-11-03T04:11:20Z</time>
					</trkpt>
					<trkpt lat="44.986640" lon="3.652630">
						<ele>947</ele>
						<time>2025-11-03T04:11:55Z</time>
					</trkpt>
					<trkpt lat="44.986740" lon="3.652410">
						<ele>947</ele>
						<time>2025-11-03T04:12:04Z</time>
					</trkpt>
					<trkpt lat="44.986770" lon="3.652140">
						<ele>948</ele>
						<time>2025-11-03T04:12:14Z</time>
					</trkpt>
					<trkpt lat="44.986630" lon="3.651770">
						<ele>945</ele>
						<time>2025-11-03T04:12:29Z</time>
					</trkpt>
					<trkpt lat="44.986450" lon="3.651580">
						<ele>940</ele>
						<time>2025-11-03T04:12:40Z</time>
					</trkpt>
					<trkpt lat="44.986220" lon="3.650980">
						<ele>936</ele>
						<time>2025-11-03T04:13:04Z</time>
					</trkpt>
					<trkpt lat="44.986200" lon="3.650580">
						<ele>936</ele>
						<time>2025-11-03T04:13:18Z</time>
					</trkpt>
					<trkpt lat="44.986330" lon="3.649750">
						<ele>941</ele>
						<time>2025-11-03T04:13:48Z</time>
					</trkpt>
					<trkpt lat="44.986340" lon="3.649420">
						<ele>940</ele>
						<time>2025-11-03T04:14:00Z</time>
					</trkpt>
					<trkpt lat="44.986330" lon="3.649120">
						<ele>939</ele>
						<time>2025-11-03T04:14:11Z</time>
					</trkpt>
					<trkpt lat="44.986200" lon="3.648170">
						<ele>937</ele>
						<time>2025-11-03T04:14:45Z</time>
					</trkpt>
					<trkpt lat="44.986190" lon="3.647920">
						<ele>937</ele>
						<time>2025-11-03T04:14:54Z</time>
					</trkpt>
					<trkpt lat="44.986290" lon="3.647850">
						<ele>937</ele>
						<time>2025-11-03T04:14:59Z</time>
					</trkpt>
					<trkpt lat="44.986390" lon="3.647680">
						<ele>936</ele>
						<time>2025-11-03T04:15:07Z</time>
					</trkpt>
					<trkpt lat="44.986420" lon="3.647510">
						<ele>934</ele>
						<time>2025-11-03T04:15:13Z</time>
					</trkpt>
					<trkpt lat="44.986630" lon="3.647450">
						<ele>931</ele>
						<time>2025-11-03T04:15:24Z</time>
					</trkpt>
					<trkpt lat="44.987050" lon="3.647500">
						<ele>930</ele>
						<time>2025-11-03T04:15:45Z</time>
					</trkpt>
					<trkpt lat="44.987250" lon="3.647450">
						<ele>927</ele>
						<time>2025-11-03T04:15:55Z</time>
					</trkpt>
					<trkpt lat="44.987430" lon="3.647390">
						<ele>925</ele>
						<time>2025-11-03T04:16:05Z</time>
					</trkpt>
					<trkpt lat="44.988010" lon="3.647010">
						<ele>920</ele>
						<time>2025-11-03T04:16:37Z</time>
					</trkpt>
					<trkpt lat="44.988140" lon="3.646890">
						<ele>918</ele>
						<time>2025-11-03T04:16:44Z</time>
					</trkpt>
					<trkpt lat="44.988360" lon="3.646470">
						<ele>909</ele>
						<time>2025-11-03T04:17:03Z</time>
					</trkpt>
					<trkpt lat="44.989110" lon="3.645620">
						<ele>900</ele>
						<time>2025-11-03T04:17:51Z</time>
					</trkpt>
					<trkpt lat="44.989270" lon="3.645460">
						<ele>896</ele>
						<time>2025-11-03T04:18:01Z</time>
					</trkpt>
					<trkpt lat="44.989570" lon="3.645270">
						<ele>890</ele>
						<time>2025-11-03T04:18:17Z</time>
					</trkpt>
					<trkpt lat="44.989670" lon="3.645100">
						<ele>886</ele>
						<time>2025-11-03T04:18:25Z</time>
					</trkpt>
					<trkpt lat="44.989890" lon="3.645310">
						<ele>891</ele>
						<time>2025-11-03T04:18:38Z</time>
					</trkpt>
					<trkpt lat="44.990140" lon="3.645690">
						<ele>897</ele>
						<time>2025-11-03T04:18:57Z</time>
					</trkpt>
					<trkpt lat="44.990240" lon="3.645790">
						<ele>898</ele>
						<time>2025-11-03T04:19:03Z</time>
					</trkpt>
					<trkpt lat="44.990730" lon="3.646210">
						<ele>902</ele>
						<time>2025-11-03T04:19:31Z</time>
					</trkpt>
					<trkpt lat="44.991100" lon="3.646410">
						<ele>902</ele>
						<time>2025-11-03T04:19:51Z</time>
					</trkpt>
					<trkpt lat="44.991300" lon="3.646760">
						<ele>908</ele>
						<time>2025-11-03T04:20:07Z</time>
					</trkpt>
					<trkpt lat="44.991400" lon="3.647000">
						<ele>915</ele>
						<time>2025-11-03T04:20:17Z</time>
					</trkpt>
					<trkpt lat="44.991770" lon="3.647090">
						<ele>915</ele>
						<time>2025-11-03T04:20:36Z</time>
					</trkpt>
					<trkpt lat="44.992140" lon="3.647090">
						<ele>912</ele>
						<time>2025-11-03T04:20:54Z</time>
					</trkpt>
					<trkpt lat="44.992080" lon="3.647190">
						<ele>915</ele>
						<time>2025-11-03T04:20:59Z</time>
					</trkpt>
					<trkpt lat="44.992530" lon="3.647480">
						<ele>920</ele>
						<time>2025-11-03T04:21:24Z</time>
					</trkpt>
					<trkpt lat="44.992710" lon="3.647720">
						<ele>931</ele>
						<time>2025-11-03T04:21:36Z</time>
					</trkpt>
					<trkpt lat="44.992700" lon="3.648100">
						<ele>943</ele>
						<time>2025-11-03T04:21:50Z</time>
					</trkpt>
					<trkpt lat="44.992940" lon="3.648670">
						<ele>958</ele>
						<time>2025-11-03T04:22:13Z</time>
					</trkpt>
					<trkpt lat="44.992940" lon="3.648820">
						<ele>962</ele>
						<time>2025-11-03T04:22:18Z</time>
					</trkpt>
					<trkpt lat="44.993080" lon="3.648890">
						<ele>962</ele>
						<time>2025-11-03T04:22:26Z</time>
					</trkpt>
					<trkpt lat="44.993230" lon="3.648930">
						<ele>962</ele>
						<time>2025-11-03T04:22:33Z</time>
					</trkpt>
					<trkpt lat="44.993380" lon="3.648880">
						<ele>961</ele>
						<time>2025-11-03T04:22:41Z</time>
					</trkpt>
					<trkpt lat="44.993700" lon="3.648580">
						<ele>963</ele>
						<time>2025-11-03T04:23:00Z</time>
					</trkpt>
					<trkpt lat="44.993940" lon="3.648280">
						<ele>964</ele>
						<time>2025-11-03T04:23:16Z</time>
					</trkpt>
					<trkpt lat="44.994300" lon="3.647920">
						<ele>975</ele>
						<time>2025-11-03T04:23:38Z</time>
					</trkpt>
					<trkpt lat="44.994300" lon="3.647400">
						<ele>973</ele>
						<time>2025-11-03T04:23:57Z</time>
					</trkpt>
					<trkpt lat="44.994370" lon="3.647330">
						<ele>975</ele>
						<time>2025-11-03T04:24:01Z</time>
					</trkpt>
					<trkpt lat="44.994270" lon="3.647090">
						<ele>970</ele>
						<time>2025-11-03T04:24:11Z</time>
					</trkpt>
					<trkpt lat="44.994640" lon="3.646460">
						<ele>976</ele>
						<time>2025-11-03T04:24:40Z</time>
					</trkpt>
					<trkpt lat="44.994800" lon="3.645720">
						<ele>970</ele>
						<time>2025-11-03T04:25:07Z</time>
					</trkpt>
					<trkpt lat="44.994700" lon="3.646180">
						<ele>974</ele>
						<time>2025-11-03T04:25:24Z</time>
					</trkpt>
					<trkpt lat="44.994900" lon="3.645410">
						<ele>969</ele>
						<time>2025-11-03T04:25:53Z</time>
					</trkpt>
					<trkpt lat="44.995000" lon="3.645170">
						<ele>969</ele>
						<time>2025-11-03T04:26:03Z</time>
					</trkpt>
					<trkpt lat="44.995290" lon="3.644620">
						<ele>968</ele>
						<time>2025-11-03T04:26:28Z</time>
					</trkpt>
					<trkpt lat="44.995520" lon="3.644090">
						<ele>965</ele>
						<time>2025-11-03T04:26:50Z</time>
					</trkpt>
					<trkpt lat="44.995610" lon="3.643800">
						<ele>964</ele>
						<time>2025-11-03T04:27:01Z</time>
					</trkpt>
					<trkpt lat="44.995980" lon="3.643200">
						<ele>966</ele>
						<time>2025-11-03T04:27:29Z</time>
					</trkpt>
					<trkpt lat="44.996070" lon="3.642990">
						<ele>965</ele>
						<time>2025-11-03T04:27:38Z</time>
					</trkpt>
					<trkpt lat="44.996220" lon="3.642780">
						<ele>966</ele>
						<time>2025-11-03T04:27:48Z</time>
					</trkpt>
					<trkpt lat="44.996410" lon="3.642710">
						<ele>969</ele>
						<time>2025-11-03T04:27:58Z</time>
					</trkpt>
					<trkpt lat="44.996450" lon="3.643070">
						<ele>978</ele>
						<time>2025-11-03T04:28:11Z</time>
					</trkpt>
					<trkpt lat="44.996410" lon="3.643310">
						<ele>982</ele>
						<time>2025-11-03T04:28:20Z</time>
					</trkpt>
					<trkpt lat="44.996480" lon="3.643440">
						<ele>986</ele>
						<time>2025-11-03T04:28:25Z</time>
					</trkpt>
					<trkpt lat="44.996500" lon="3.643760">
						<ele>991</ele>
						<time>2025-11-03T04:28:37Z</time>
					</trkpt>
					<trkpt lat="44.996610" lon="3.643970">
						<ele>998</ele>
						<time>2025-11-03T04:28:46Z</time>
					</trkpt>
					<trkpt lat="44.996590" lon="3.644150">
						<ele>1000</ele>
						<time>2025-11-03T04:28:53Z</time>
					</trkpt>
					<trkpt lat="44.996640" lon="3.644230">
						<ele>1002</ele>
						<time>2025-11-03T04:28:56Z</time>
					</trkpt>
					<trkpt lat="44.996660" lon="3.644510">
						<ele>1005</ele>
						<time>2025-11-03T04:29:06Z</time>
					</trkpt>
					<trkpt lat="44.996870" lon="3.644860">
						<ele>1005</ele>
						<time>2025-11-03T04:29:22Z</time>
					</trkpt>
					<trkpt lat="44.996990" lon="3.645140">
						<ele>1006</ele>
						<time>2025-11-03T04:29:34Z</time>
					</trkpt>
					<trkpt lat="44.997020" lon="3.645250">
						<ele>1006</ele>
						<time>2025-11-03T04:29:38Z</time>
					</trkpt>
					<trkpt lat="44.997020" lon="3.645470">
						<ele>1008</ele>
						<time>2025-11-03T04:29:46Z</time>
					</trkpt>
					<trkpt lat="44.996900" lon="3.645850">
						<ele>1013</ele>
						<time>2025-11-03T04:30:01Z</time>
					</trkpt>
					<trkpt lat="44.996810" lon="3.645920">
						<ele>1016</ele>
						<time>2025-11-03T04:30:06Z</time>
					</trkpt>
					<trkpt lat="44.996790" lon="3.646100">
						<ele>1017</ele>
						<time>2025-11-03T04:30:12Z</time>
					</trkpt>
					<trkpt lat="44.996680" lon="3.646330">
						<ele>1020</ele>
						<time>2025-11-03T04:30:22Z</time>
					</trkpt>
					<trkpt lat="44.996650" lon="3.646500">
						<ele>1020</ele>
						<time>2025-11-03T04:30:28Z</time>
					</trkpt>
					<trkpt lat="44.996550" lon="3.646690">
						<ele>1020</ele>
						<time>2025-11-03T04:30:37Z</time>
					</trkpt>
					<trkpt lat="44.996190" lon="3.647110">
						<ele>1020</ele>
						<time>2025-11-03T04:31:00Z</time>
					</trkpt>
					<trkpt lat="44.996110" lon="3.647410">
						<ele>1021</ele>
						<time>2025-11-03T04:31:11Z</time>
					</trkpt>
					<trkpt lat="44.996070" lon="3.647860">
						<ele>1025</ele>
						<time>2025-11-03T04:31:28Z</time>
					</trkpt>
					<trkpt lat="44.996150" lon="3.648070">
						<ele>1029</ele>
						<time>2025-11-03T04:31:36Z</time>
					</trkpt>
					<trkpt lat="44.996050" lon="3.648460">
						<ele>1033</ele>
						<time>2025-11-03T04:31:51Z</time>
					</trkpt>
					<trkpt lat="44.995950" lon="3.648710">
						<ele>1038</ele>
						<time>2025-11-03T04:32:01Z</time>
					</trkpt>
					<trkpt lat="44.995380" lon="3.649740">
						<ele>1040</ele>
						<time>2025-11-03T04:32:47Z</time>
					</trkpt>
					<trkpt lat="44.995410" lon="3.649910">
						<ele>1043</ele>
						<time>2025-11-03T04:32:53Z</time>
					</trkpt>
					<trkpt lat="44.995330" lon="3.650040">
						<ele>1042</ele>
						<time>2025-11-03T04:32:59Z</time>
					</trkpt>
					<trkpt lat="44.995370" lon="3.650180">
						<ele>1045</ele>
						<time>2025-11-03T04:33:05Z</time>
					</trkpt>
					<trkpt lat="44.995450" lon="3.650340">
						<ele>1049</ele>
						<time>2025-11-03T04:33:12Z</time>
					</trkpt>
					<trkpt lat="44.995570" lon="3.650340">
						<ele>1053</ele>
						<time>2025-11-03T04:33:18Z</time>
					</trkpt>
					<trkpt lat="44.995860" lon="3.650280">
						<ele>1062</ele>
						<time>2025-11-03T04:33:32Z</time>
					</trkpt>
					<trkpt lat="44.996040" lon="3.650510">
						<ele>1067</ele>
						<time>2025-11-03T04:33:44Z</time>
					</trkpt>
					<trkpt lat="44.996110" lon="3.650650">
						<ele>1069</ele>
						<time>2025-11-03T04:33:51Z</time>
					</trkpt>
					<trkpt lat="44.996160" lon="3.650760">
						<ele>1070</ele>
						<time>2025-11-03T04:33:55Z</time>
					</trkpt>
					<trkpt lat="44.996170" lon="3.650940">
						<ele>1072</ele>
						<time>2025-11-03T04:34:02Z</time>
					</trkpt>
					<trkpt lat="44.996410" lon="3.652030">
						<ele>1086</ele>
						<time>2025-11-03T04:34:42Z</time>
					</trkpt>
					<trkpt lat="44.996540" lon="3.652390">
						<ele>1090</ele>
						<time>2025-11-03T04:34:56Z</time>
					</trkpt>
					<trkpt lat="44.996680" lon="3.652970">
						<ele>1096</ele>
						<time>2025-11-03T04:35:18Z</time>
					</trkpt>
					<trkpt lat="44.996730" lon="3.653030">
						<ele>1097</ele>
						<time>2025-11-03T04:35:21Z</time>
					</trkpt>
					<trkpt lat="44.996920" lon="3.652840">
						<ele>1096</ele>
						<time>2025-11-03T04:35:33Z</time>
					</trkpt>
					<trkpt lat="44.997050" lon="3.652740">
						<ele>1095</ele>
						<time>2025-11-03T04:35:40Z</time>
					</trkpt>
					<trkpt lat="44.997180" lon="3.652680">
						<ele>1095</ele>
						<time>2025-11-03T04:35:47Z</time>
					</trkpt>
					<trkpt lat="44.997320" lon="3.652700">
						<ele>1096</ele>
						<time>2025-11-03T04:35:54Z</time>
					</trkpt>
					<trkpt lat="44.997530" lon="3.652800">
						<ele>1097</ele>
						<time>2025-11-03T04:36:05Z</time>
					</trkpt>
					<trkpt lat="44.997800" lon="3.653100">
						<ele>1097</ele>
						<time>2025-11-03T04:36:22Z</time>
					</trkpt>
					<trkpt lat="44.998010" lon="3.653390">
						<ele>1097</ele>
						<time>2025-11-03T04:36:37Z</time>
					</trkpt>
					<trkpt lat="44.998260" lon="3.653650">
						<ele>1098</ele>
						<time>2025-11-03T04:36:53Z</time>
					</trkpt>
					<trkpt lat="44.998770" lon="3.654440">
						<ele>1096</ele>
						<time>2025-11-03T04:37:30Z</time>
					</trkpt>
					<trkpt lat="44.999020" lon="3.654770">
						<ele>1093</ele>
						<time>2025-11-03T04:37:48Z</time>
					</trkpt>
					<trkpt lat="44.999340" lon="3.655330">
						<ele>1086</ele>
						<time>2025-11-03T04:38:13Z</time>
					</trkpt>
					<trkpt lat="44.999710" lon="3.656100">
						<ele>1080</ele>
						<time>2025-11-03T04:38:46Z</time>
					</trkpt>
					<trkpt lat="44.999840" lon="3.656270">
						<ele>1078</ele>
						<time>2025-11-03T04:38:55Z</time>
					</trkpt>
					<trkpt lat="45.000460" lon="3.656680">
						<ele>1079</ele>
						<time>2025-11-03T04:39:29Z</time>
					</trkpt>
					<trkpt lat="45.000860" lon="3.657080">
						<ele>1077</ele>
						<time>2025-11-03T04:39:54Z</time>
					</trkpt>
					<trkpt lat="45.000950" lon="3.657250">
						<ele>1075</ele>
						<time>2025-11-03T04:40:01Z</time>
					</trkpt>
					<trkpt lat="45.000860" lon="3.657350">
						<ele>1074</ele>
						<time>2025-11-03T04:40:07Z</time>
					</trkpt>
					<trkpt lat="45.000650" lon="3.657320">
						<ele>1074</ele>
						<time>2025-11-03T04:40:17Z</time>
					</trkpt>
					<trkpt lat="44.999940" lon="3.657360">
						<ele>1070</ele>
						<time>2025-11-03T04:40:53Z</time>
					</trkpt>
					<trkpt lat="44.999550" lon="3.657330">
						<ele>1071</ele>
						<time>2025-11-03T04:41:13Z</time>
					</trkpt>
					<trkpt lat="44.999240" lon="3.657420">
						<ele>1070</ele>
						<time>2025-11-03T04:41:28Z</time>
					</trkpt>
					<trkpt lat="44.998760" lon="3.657520">
						<ele>1070</ele>
						<time>2025-11-03T04:41:53Z</time>
					</trkpt>
					<trkpt lat="44.997400" lon="3.657710">
						<ele>1067</ele>
						<time>2025-11-03T04:43:01Z</time>
					</trkpt>
					<trkpt lat="44.996440" lon="3.657800">
						<ele>1064</ele>
						<time>2025-11-03T04:43:49Z</time>
					</trkpt>
					<trkpt lat="44.996150" lon="3.657810">
						<ele>1062</ele>
						<time>2025-11-03T04:44:04Z</time>
					</trkpt>
					<trkpt lat="44.995500" lon="3.657760">
						<ele>1060</ele>
						<time>2025-11-03T04:44:36Z</time>
					</trkpt>
					<trkpt lat="44.995330" lon="3.657720">
						<ele>1060</ele>
						<time>2025-11-03T04:44:45Z</time>
					</trkpt>
					<trkpt lat="44.994900" lon="3.657680">
						<ele>1059</ele>
						<time>2025-11-03T04:45:07Z</time>
					</trkpt>
					<trkpt lat="44.994730" lon="3.657670">
						<ele>1060</ele>
						<time>2025-11-03T04:45:15Z</time>
					</trkpt>
					<trkpt lat="44.994580" lon="3.657690">
						<ele>1060</ele>
						<time>2025-11-03T04:45:23Z</time>
					</trkpt>
					<trkpt lat="44.994470" lon="3.657760">
						<ele>1060</ele>
						<time>2025-11-03T04:45:29Z</time>
					</trkpt>
					<trkpt lat="44.994470" lon="3.657870">
						<ele>1059</ele>
						<time>2025-11-03T04:45:32Z</time>
					</trkpt>
					<trkpt lat="44.994380" lon="3.657960">
						<ele>1060</ele>
						<time>2025-11-03T04:45:38Z</time>
					</trkpt>
					<trkpt lat="44.994300" lon="3.658240">
						<ele>1060</ele>
						<time>2025-11-03T04:45:49Z</time>
					</trkpt>
					<trkpt lat="44.994190" lon="3.658470">
						<ele>1061</ele>
						<time>2025-11-03T04:45:59Z</time>
					</trkpt>
					<trkpt lat="44.993980" lon="3.658640">
						<ele>1061</ele>
						<time>2025-11-03T04:46:11Z</time>
					</trkpt>
					<trkpt lat="44.993750" lon="3.658780">
						<ele>1061</ele>
						<time>2025-11-03T04:46:23Z</time>
					</trkpt>
					<trkpt lat="44.993370" lon="3.658690">
						<ele>1060</ele>
						<time>2025-11-03T04:46:42Z</time>
					</trkpt>
					<trkpt lat="44.993130" lon="3.658440">
						<ele>1055</ele>
						<time>2025-11-03T04:46:57Z</time>
					</trkpt>
					<trkpt lat="44.993010" lon="3.658390">
						<ele>1053</ele>
						<time>2025-11-03T04:47:04Z</time>
					</trkpt>
					<trkpt lat="44.992890" lon="3.658430">
						<ele>1051</ele>
						<time>2025-11-03T04:47:10Z</time>
					</trkpt>
					<trkpt lat="44.992740" lon="3.658520">
						<ele>1049</ele>
						<time>2025-11-03T04:47:18Z</time>
					</trkpt>
					<trkpt lat="44.992590" lon="3.658670">
						<ele>1048</ele>
						<time>2025-11-03T04:47:27Z</time>
					</trkpt>
					<trkpt lat="44.992400" lon="3.658790">
						<ele>1046</ele>
						<time>2025-11-03T04:47:38Z</time>
					</trkpt>
					<trkpt lat="44.992330" lon="3.658860">
						<ele>1045</ele>
						<time>2025-11-03T04:47:42Z</time>
					</trkpt>
					<trkpt lat="44.992200" lon="3.659160">
						<ele>1047</ele>
						<time>2025-11-03T04:47:54Z</time>
					</trkpt>
					<trkpt lat="44.992030" lon="3.659200">
						<ele>1044</ele>
						<time>2025-11-03T04:48:03Z</time>
					</trkpt>
					<trkpt lat="44.991880" lon="3.659140">
						<ele>1040</ele>
						<time>2025-11-03T04:48:11Z</time>
					</trkpt>
					<trkpt lat="44.991610" lon="3.659180">
						<ele>1036</ele>
						<time>2025-11-03T04:48:24Z</time>
					</trkpt>
					<trkpt lat="44.991390" lon="3.659290">
						<ele>1032</ele>
						<time>2025-11-03T04:48:36Z</time>
					</trkpt>
					<trkpt lat="44.990930" lon="3.659590">
						<ele>1025</ele>
						<time>2025-11-03T04:49:01Z</time>
					</trkpt>
					<trkpt lat="44.990530" lon="3.659800">
						<ele>1020</ele>
						<time>2025-11-03T04:49:23Z</time>
					</trkpt>
					<trkpt lat="44.990410" lon="3.659900">
						<ele>1019</ele>
						<time>2025-11-03T04:49:30Z</time>
					</trkpt>
					<trkpt lat="44.990220" lon="3.660200">
						<ele>1014</ele>
						<time>2025-11-03T04:49:44Z</time>
					</trkpt>
					<trkpt lat="44.990100" lon="3.660570">
						<ele>1009</ele>
						<time>2025-11-03T04:49:58Z</time>
					</trkpt>
					<trkpt lat="44.990040" lon="3.660980">
						<ele>1005</ele>
						<time>2025-11-03T04:50:13Z</time>
					</trkpt>
					<trkpt lat="44.990080" lon="3.661210">
						<ele>1003</ele>
						<time>2025-11-03T04:50:22Z</time>
					</trkpt>
					<trkpt lat="44.990330" lon="3.661550">
						<ele>1006</ele>
						<time>2025-11-03T04:50:39Z</time>
					</trkpt>
					<trkpt lat="44.990470" lon="3.662190">
						<ele>1002</ele>
						<time>2025-11-03T04:51:03Z</time>
					</trkpt>
					<trkpt lat="44.990630" lon="3.662640">
						<ele>999</ele>
						<time>2025-11-03T04:51:20Z</time>
					</trkpt>
					<trkpt lat="44.990870" lon="3.663560">
						<ele>986</ele>
						<time>2025-11-03T04:51:55Z</time>
					</trkpt>
					<trkpt lat="44.991020" lon="3.664030">
						<ele>979</ele>
						<time>2025-11-03T04:52:13Z</time>
					</trkpt>
					<trkpt lat="44.990960" lon="3.664260">
						<ele>972</ele>
						<time>2025-11-03T04:52:22Z</time>
					</trkpt>
					<trkpt lat="44.990770" lon="3.664660">
						<ele>960</ele>
						<time>2025-11-03T04:52:39Z</time>
					</trkpt>
					<trkpt lat="44.990740" lon="3.664810">
						<ele>955</ele>
						<time>2025-11-03T04:52:45Z</time>
					</trkpt>
					<trkpt lat="44.990770" lon="3.664940">
						<ele>953</ele>
						<time>2025-11-03T04:52:49Z</time>
					</trkpt>
					<trkpt lat="44.991160" lon="3.665420">
						<ele>947</ele>
						<time>2025-11-03T04:53:15Z</time>
					</trkpt>
					<trkpt lat="44.991750" lon="3.666300">
						<ele>929</ele>
						<time>2025-11-03T04:53:58Z</time>
					</trkpt>
					<trkpt lat="44.991920" lon="3.666380">
						<ele>928</ele>
						<time>2025-11-03T04:54:07Z</time>
					</trkpt>
					<trkpt lat="44.992220" lon="3.666590">
						<ele>924</ele>
						<time>2025-11-03T04:54:24Z</time>
					</trkpt>
					<trkpt lat="44.992280" lon="3.666670">
						<ele>922</ele>
						<time>2025-11-03T04:54:28Z</time>
					</trkpt>
					<trkpt lat="44.992290" lon="3.666750">
						<ele>920</ele>
						<time>2025-11-03T04:54:31Z</time>
					</trkpt>
					<trkpt lat="44.992030" lon="3.666920">
						<ele>916</ele>
						<time>2025-11-03T04:54:45Z</time>
					</trkpt>
					<trkpt lat="44.991830" lon="3.666960">
						<ele>914</ele>
						<time>2025-11-03T04:54:55Z</time>
					</trkpt>
					<trkpt lat="44.991670" lon="3.667090">
						<ele>911</ele>
						<time>2025-11-03T04:55:05Z</time>
					</trkpt>
					<trkpt lat="44.991600" lon="3.667200">
						<ele>909</ele>
						<time>2025-11-03T04:55:10Z</time>
					</trkpt>
					<trkpt lat="44.991880" lon="3.667690">
						<ele>900</ele>
						<time>2025-11-03T04:55:32Z</time>
					</trkpt>
					<trkpt lat="44.992000" lon="3.667780">
						<ele>898</ele>
						<time>2025-11-03T04:55:39Z</time>
					</trkpt>
					<trkpt lat="44.992100" lon="3.668030">
						<ele>895</ele>
						<time>2025-11-03T04:55:49Z</time>
					</trkpt>
					<trkpt lat="44.992090" lon="3.668240">
						<ele>892</ele>
						<time>2025-11-03T04:55:57Z</time>
					</trkpt>
					<trkpt lat="44.991970" lon="3.668760">
						<ele>892</ele>
						<time>2025-11-03T04:56:16Z</time>
					</trkpt>
					<trkpt lat="44.991640" lon="3.669840">
						<ele>892</ele>
						<time>2025-11-03T04:56:58Z</time>
					</trkpt>
					<trkpt lat="44.991560" lon="3.670390">
						<ele>893</ele>
						<time>2025-11-03T04:57:17Z</time>
					</trkpt>
					<trkpt lat="44.991430" lon="3.670740">
						<ele>892</ele>
						<time>2025-11-03T04:57:31Z</time>
					</trkpt>
					<trkpt lat="44.991280" lon="3.671350">
						<ele>890</ele>
						<time>2025-11-03T04:57:54Z</time>
					</trkpt>
					<trkpt lat="44.991070" lon="3.672380">
						<ele>887</ele>
						<time>2025-11-03T04:58:32Z</time>
					</trkpt>
					<trkpt lat="44.990740" lon="3.672370">
						<ele>885</ele>
						<time>2025-11-03T04:58:49Z</time>
					</trkpt>
					<trkpt lat="44.990140" lon="3.672710">
						<ele>888</ele>
						<time>2025-11-03T04:59:21Z</time>
					</trkpt>
					<trkpt lat="44.989770" lon="3.673090">
						<ele>890</ele>
						<time>2025-11-03T04:59:44Z</time>
					</trkpt>
					<trkpt lat="44.989450" lon="3.673360">
						<ele>889</ele>
						<time>2025-11-03T05:00:03Z</time>
					</trkpt>
					<trkpt lat="44.988870" lon="3.673600">
						<ele>884</ele>
						<time>2025-11-03T05:00:33Z</time>
					</trkpt>
					<trkpt lat="44.988930" lon="3.673820">
						<ele>883</ele>
						<time>2025-11-03T05:00:41Z</time>
					</trkpt>
					<trkpt lat="44.989050" lon="3.674110">
						<ele>881</ele>
						<time>2025-11-03T05:00:53Z</time>
					</trkpt>
					<trkpt lat="44.989150" lon="3.674080">
						<ele>882</ele>
						<time>2025-11-03T05:00:58Z</time>
					</trkpt>
					<trkpt lat="44.989310" lon="3.674210">
						<ele>884</ele>
						<time>2025-11-03T05:01:07Z</time>
					</trkpt>
					<trkpt lat="44.989890" lon="3.675080">
						<ele>889</ele>
						<time>2025-11-03T05:01:50Z</time>
					</trkpt>
					<trkpt lat="44.989980" lon="3.675920">
						<ele>888</ele>
						<time>2025-11-03T05:02:20Z</time>
					</trkpt>
					<trkpt lat="44.990210" lon="3.676570">
						<ele>891</ele>
						<time>2025-11-03T05:02:46Z</time>
					</trkpt>
					<trkpt lat="44.990270" lon="3.676880">
						<ele>890</ele>
						<time>2025-11-03T05:02:57Z</time>
					</trkpt>
					<trkpt lat="44.990340" lon="3.677020">
						<ele>890</ele>
						<time>2025-11-03T05:03:03Z</time>
					</trkpt>
					<trkpt lat="44.990370" lon="3.677020">
						<ele>891</ele>
						<time>2025-11-03T05:03:04Z</time>
					</trkpt>
					<trkpt lat="44.990410" lon="3.677220">
						<ele>889</ele>
						<time>2025-11-03T05:03:12Z</time>
					</trkpt>
					<trkpt lat="44.990480" lon="3.677300">
						<ele>889</ele>
						<time>2025-11-03T05:03:16Z</time>
					</trkpt>
					<trkpt lat="44.990580" lon="3.677310">
						<ele>891</ele>
						<time>2025-11-03T05:03:21Z</time>
					</trkpt>
					<trkpt lat="44.990730" lon="3.677230">
						<ele>895</ele>
						<time>2025-11-03T05:03:29Z</time>
					</trkpt>
					<trkpt lat="44.990940" lon="3.677380">
						<ele>895</ele>
						<time>2025-11-03T05:03:41Z</time>
					</trkpt>
					<trkpt lat="44.991130" lon="3.677430">
						<ele>895</ele>
						<time>2025-11-03T05:03:51Z</time>
					</trkpt>
					<trkpt lat="44.991270" lon="3.677540">
						<ele>894</ele>
						<time>2025-11-03T05:03:59Z</time>
					</trkpt>
					<trkpt lat="44.991260" lon="3.677790">
						<ele>893</ele>
						<time>2025-11-03T05:04:08Z</time>
					</trkpt>
					<trkpt lat="44.991170" lon="3.678010">
						<ele>890</ele>
						<time>2025-11-03T05:04:17Z</time>
					</trkpt>
					<trkpt lat="44.990170" lon="3.678580">
						<ele>878</ele>
						<time>2025-11-03T05:05:11Z</time>
					</trkpt>
					<trkpt lat="44.990070" lon="3.678830">
						<ele>878</ele>
						<time>2025-11-03T05:05:21Z</time>
					</trkpt>
					<trkpt lat="44.989840" lon="3.679010">
						<ele>878</ele>
						<time>2025-11-03T05:05:34Z</time>
					</trkpt>
					<trkpt lat="44.989130" lon="3.679230">
						<ele>874</ele>
						<time>2025-11-03T05:06:10Z</time>
					</trkpt>
					<trkpt lat="44.988740" lon="3.679160">
						<ele>875</ele>
						<time>2025-11-03T05:06:30Z</time>
					</trkpt>
					<trkpt lat="44.988570" lon="3.679170">
						<ele>875</ele>
						<time>2025-11-03T05:06:39Z</time>
					</trkpt>
					<trkpt lat="44.988300" lon="3.679130">
						<ele>875</ele>
						<time>2025-11-03T05:06:52Z</time>
					</trkpt>
					<trkpt lat="44.988070" lon="3.679020">
						<ele>875</ele>
						<time>2025-11-03T05:07:04Z</time>
					</trkpt>
					<trkpt lat="44.987930" lon="3.678610">
						<ele>877</ele>
						<time>2025-11-03T05:07:20Z</time>
					</trkpt>
					<trkpt lat="44.987840" lon="3.678520">
						<ele>877</ele>
						<time>2025-11-03T05:07:26Z</time>
					</trkpt>
					<trkpt lat="44.987810" lon="3.678380">
						<ele>877</ele>
						<time>2025-11-03T05:07:31Z</time>
					</trkpt>
					<trkpt lat="44.987840" lon="3.678330">
						<ele>877</ele>
						<time>2025-11-03T05:07:33Z</time>
					</trkpt>
					<trkpt lat="44.987940" lon="3.678330">
						<ele>878</ele>
						<time>2025-11-03T05:07:38Z</time>
					</trkpt>
					<trkpt lat="44.988300" lon="3.678710">
						<ele>878</ele>
						<time>2025-11-03T05:08:01Z</time>
					</trkpt>
					<trkpt lat="44.988430" lon="3.678770">
						<ele>877</ele>
						<time>2025-11-03T05:08:08Z</time>
					</trkpt>
					<trkpt lat="44.988580" lon="3.678680">
						<ele>876</ele>
						<time>2025-11-03T05:08:16Z</time>
					</trkpt>
					<trkpt lat="44.988520" lon="3.678210">
						<ele>875</ele>
						<time>2025-11-03T05:08:33Z</time>
					</trkpt>
					<trkpt lat="44.988440" lon="3.678080">
						<ele>874</ele>
						<time>2025-11-03T05:08:39Z</time>
					</trkpt>
					<trkpt lat="44.988360" lon="3.677630">
						<ele>866</ele>
						<time>2025-11-03T05:08:55Z</time>
					</trkpt>
					<trkpt lat="44.988450" lon="3.677610">
						<ele>864</ele>
						<time>2025-11-03T05:09:00Z</time>
					</trkpt>
					<trkpt lat="44.988590" lon="3.677880">
						<ele>868</ele>
						<time>2025-11-03T05:09:12Z</time>
					</trkpt>
					<trkpt lat="44.988690" lon="3.677830">
						<ele>866</ele>
						<time>2025-11-03T05:09:17Z</time>
					</trkpt>
					<trkpt lat="44.988750" lon="3.677760">
						<ele>864</ele>
						<time>2025-11-03T05:09:21Z</time>
					</trkpt>
					<trkpt lat="44.988730" lon="3.677550">
						<ele>860</ele>
						<time>2025-11-03T05:09:28Z</time>
					</trkpt>
					<trkpt lat="44.988790" lon="3.677470">
						<ele>859</ele>
						<time>2025-11-03T05:09:33Z</time>
					</trkpt>
					<trkpt lat="44.988850" lon="3.677440">
						<ele>858</ele>
						<time>2025-11-03T05:09:36Z</time>
					</trkpt>
					<trkpt lat="44.988910" lon="3.677310">
						<ele>856</ele>
						<time>2025-11-03T05:09:41Z</time>
					</trkpt>
					<trkpt lat="44.988990" lon="3.677260">
						<ele>856</ele>
						<time>2025-11-03T05:09:46Z</time>
					</trkpt>
					<trkpt lat="44.988920" lon="3.677130">
						<ele>855</ele>
						<time>2025-11-03T05:09:51Z</time>
					</trkpt>
					<trkpt lat="44.988470" lon="3.676820">
						<ele>848</ele>
						<time>2025-11-03T05:10:16Z</time>
					</trkpt>
					<trkpt lat="44.988250" lon="3.676720">
						<ele>843</ele>
						<time>2025-11-03T05:10:28Z</time>
					</trkpt>
					<trkpt lat="44.988050" lon="3.676690">
						<ele>838</ele>
						<time>2025-11-03T05:10:38Z</time>
					</trkpt>
					<trkpt lat="44.987580" lon="3.676940">
						<ele>837</ele>
						<time>2025-11-03T05:11:03Z</time>
					</trkpt>
					<trkpt lat="44.986500" lon="3.677690">
						<ele>829</ele>
						<time>2025-11-03T05:12:03Z</time>
					</trkpt>
					<trkpt lat="44.985670" lon="3.678100">
						<ele>825</ele>
						<time>2025-11-03T05:12:47Z</time>
					</trkpt>
					<trkpt lat="44.984800" lon="3.678070">
						<ele>811</ele>
						<time>2025-11-03T05:13:31Z</time>
					</trkpt>
					<trkpt lat="44.983430" lon="3.678590">
						<ele>795</ele>
						<time>2025-11-03T05:14:42Z</time>
					</trkpt>
					<trkpt lat="44.982430" lon="3.678910">
						<ele>795</ele>
						<time>2025-11-03T05:15:33Z</time>
					</trkpt>
					<trkpt lat="44.981380" lon="3.679610">
						<ele>783</ele>
						<time>2025-11-03T05:16:31Z</time>
					</trkpt>
					<trkpt lat="44.981190" lon="3.679820">
						<ele>781</ele>
						<time>2025-11-03T05:16:43Z</time>
					</trkpt>
					<trkpt lat="44.980950" lon="3.679920">
						<ele>776</ele>
						<time>2025-11-03T05:16:56Z</time>
					</trkpt>
					<trkpt lat="44.980330" lon="3.680560">
						<ele>776</ele>
						<time>2025-11-03T05:17:34Z</time>
					</trkpt>
					<trkpt lat="44.979990" lon="3.680680">
						<ele>771</ele>
						<time>2025-11-03T05:17:52Z</time>
					</trkpt>
					<trkpt lat="44.979680" lon="3.680740">
						<ele>769</ele>
						<time>2025-11-03T05:18:08Z</time>
					</trkpt>
					<trkpt lat="44.979080" lon="3.680680">
						<ele>758</ele>
						<time>2025-11-03T05:18:38Z</time>
					</trkpt>
					<trkpt lat="44.978710" lon="3.680690">
						<ele>754</ele>
						<time>2025-11-03T05:18:56Z</time>
					</trkpt>
					<trkpt lat="44.978190" lon="3.680810">
						<ele>751</ele>
						<time>2025-11-03T05:19:23Z</time>
					</trkpt>
					<trkpt lat="44.977750" lon="3.680760">
						<ele>744</ele>
						<time>2025-11-03T05:19:45Z</time>
					</trkpt>
					<trkpt lat="44.977380" lon="3.680820">
						<ele>740</ele>
						<time>2025-11-03T05:20:03Z</time>
					</trkpt>
					<trkpt lat="44.976740" lon="3.680700">
						<ele>725</ele>
						<time>2025-11-03T05:20:36Z</time>
					</trkpt>
					<trkpt lat="44.976530" lon="3.680580">
						<ele>716</ele>
						<time>2025-11-03T05:20:47Z</time>
					</trkpt>
					<trkpt lat="44.976310" lon="3.680810">
						<ele>711</ele>
						<time>2025-11-03T05:21:01Z</time>
					</trkpt>
					<trkpt lat="44.976210" lon="3.680550">
						<ele>703</ele>
						<time>2025-11-03T05:21:11Z</time>
					</trkpt>
					<trkpt lat="44.976070" lon="3.680730">
						<ele>700</ele>
						<time>2025-11-03T05:21:21Z</time>
					</trkpt>
					<trkpt lat="44.976050" lon="3.681070">
						<ele>697</ele>
						<time>2025-11-03T05:21:33Z</time>
					</trkpt>
					<trkpt lat="44.976120" lon="3.681290">
						<ele>696</ele>
						<time>2025-11-03T05:21:41Z</time>
					</trkpt>
					<trkpt lat="44.976250" lon="3.681430">
						<ele>700</ele>
						<time>2025-11-03T05:21:49Z</time>
					</trkpt>
					<trkpt lat="44.976360" lon="3.681700">
						<ele>700</ele>
						<time>2025-11-03T05:22:00Z</time>
					</trkpt>
					<trkpt lat="44.976290" lon="3.681750">
						<ele>696</ele>
						<time>2025-11-03T05:22:04Z</time>
					</trkpt>
					<trkpt lat="44.975730" lon="3.681420">
						<ele>677</ele>
						<time>2025-11-03T05:22:35Z</time>
					</trkpt>
					<trkpt lat="44.975620" lon="3.681390">
						<ele>673</ele>
						<time>2025-11-03T05:22:40Z</time>
					</trkpt>
					<trkpt lat="44.975560" lon="3.681420">
						<ele>670</ele>
						<time>2025-11-03T05:22:43Z</time>
					</trkpt>
					<trkpt lat="44.975750" lon="3.681680">
						<ele>675</ele>
						<time>2025-11-03T05:22:57Z</time>
					</trkpt>
					<trkpt lat="44.975750" lon="3.681780">
						<ele>672</ele>
						<time>2025-11-03T05:23:00Z</time>
					</trkpt>
					<trkpt lat="44.975560" lon="3.681790">
						<ele>666</ele>
						<time>2025-11-03T05:23:10Z</time>
					</trkpt>
					<trkpt lat="44.975360" lon="3.681660">
						<ele>660</ele>
						<time>2025-11-03T05:23:21Z</time>
					</trkpt>
					<trkpt lat="44.975190" lon="3.681680">
						<ele>654</ele>
						<time>2025-11-03T05:23:29Z</time>
					</trkpt>
					<trkpt lat="44.975500" lon="3.682150">
						<ele>657</ele>
						<time>2025-11-03T05:23:52Z</time>
					</trkpt>
					<trkpt lat="44.975570" lon="3.682320">
						<ele>656</ele>
						<time>2025-11-03T05:23:59Z</time>
					</trkpt>
					<trkpt lat="44.975560" lon="3.682430">
						<ele>654</ele>
						<time>2025-11-03T05:24:03Z</time>
					</trkpt>
					<trkpt lat="44.975290" lon="3.682290">
						<ele>650</ele>
						<time>2025-11-03T05:24:17Z</time>
					</trkpt>
					<trkpt lat="44.975210" lon="3.682300">
						<ele>648</ele>
						<time>2025-11-03T05:24:21Z</time>
					</trkpt>
					<trkpt lat="44.975310" lon="3.682570">
						<ele>648</ele>
						<time>2025-11-03T05:24:32Z</time>
					</trkpt>
					<trkpt lat="44.975470" lon="3.682840">
						<ele>651</ele>
						<time>2025-11-03T05:24:45Z</time>
					</trkpt>
					<trkpt lat="44.975110" lon="3.682750">
						<ele>647</ele>
						<time>2025-11-03T05:25:03Z</time>
					</trkpt>
					<trkpt lat="44.974960" lon="3.682780">
						<ele>647</ele>
						<time>2025-11-03T05:25:10Z</time>
					</trkpt>
					<trkpt lat="44.974760" lon="3.682750">
						<ele>650</ele>
						<time>2025-11-03T05:25:21Z</time>
					</trkpt>
					<trkpt lat="44.974640" lon="3.682700">
						<ele>651</ele>
						<time>2025-11-03T05:25:27Z</time>
					</trkpt>
					<trkpt lat="44.974420" lon="3.682710">
						<ele>655</ele>
						<time>2025-11-03T05:25:38Z</time>
					</trkpt>
					<trkpt lat="44.974150" lon="3.682620">
						<ele>656</ele>
						<time>2025-11-03T05:25:52Z</time>
					</trkpt>
					<trkpt lat="44.974040" lon="3.682300">
						<ele>651</ele>
						<time>2025-11-03T05:26:04Z</time>
					</trkpt>
					<trkpt lat="44.974020" lon="3.682000">
						<ele>644</ele>
						<time>2025-11-03T05:26:15Z</time>
					</trkpt>
					<trkpt lat="44.973900" lon="3.681950">
						<ele>645</ele>
						<time>2025-11-03T05:26:21Z</time>
					</trkpt>
					<trkpt lat="44.973760" lon="3.682050">
						<ele>650</ele>
						<time>2025-11-03T05:26:29Z</time>
					</trkpt>
					<trkpt lat="44.973670" lon="3.681980">
						<ele>649</ele>
						<time>2025-11-03T05:26:34Z</time>
					</trkpt>
					<trkpt lat="44.973570" lon="3.681940">
						<ele>649</ele>
						<time>2025-11-03T05:26:39Z</time>
					</trkpt>
					<trkpt lat="44.973610" lon="3.682150">
						<ele>655</ele>
						<time>2025-11-03T05:26:47Z</time>
					</trkpt>
					<trkpt lat="44.973550" lon="3.682310">
						<ele>662</ele>
						<time>2025-11-03T05:26:54Z</time>
					</trkpt>
					<trkpt lat="44.973330" lon="3.682460">
						<ele>672</ele>
						<time>2025-11-03T05:27:06Z</time>
					</trkpt>
					<trkpt lat="44.973220" lon="3.682670">
						<ele>678</ele>
						<time>2025-11-03T05:27:15Z</time>
					</trkpt>
					<trkpt lat="44.972930" lon="3.682800">
						<ele>682</ele>
						<time>2025-11-03T05:27:30Z</time>
					</trkpt>
					<trkpt lat="44.972650" lon="3.683090">
						<ele>695</ele>
						<time>2025-11-03T05:27:48Z</time>
					</trkpt>
					<trkpt lat="44.972920" lon="3.683420">
						<ele>704</ele>
						<time>2025-11-03T05:28:05Z</time>
					</trkpt>
					<trkpt lat="44.972950" lon="3.683640">
						<ele>713</ele>
						<time>2025-11-03T05:28:13Z</time>
					</trkpt>
					<trkpt lat="44.973040" lon="3.684000">
						<ele>728</ele>
						<time>2025-11-03T05:28:27Z</time>
					</trkpt>
					<trkpt lat="44.972990" lon="3.684200">
						<ele>737</ele>
						<time>2025-11-03T05:28:34Z</time>
					</trkpt>
					<trkpt lat="44.972930" lon="3.684150">
						<ele>737</ele>
						<time>2025-11-03T05:28:38Z</time>
					</trkpt>
					<trkpt lat="44.972880" lon="3.684180">
						<ele>739</ele>
						<time>2025-11-03T05:28:41Z</time>
					</trkpt>
					<trkpt lat="44.972860" lon="3.684280">
						<ele>743</ele>
						<time>2025-11-03T05:28:44Z</time>
					</trkpt>
					<trkpt lat="44.972960" lon="3.684770">
						<ele>759</ele>
						<time>2025-11-03T05:29:02Z</time>
					</trkpt>
					<trkpt lat="44.973060" lon="3.684970">
						<ele>765</ele>
						<time>2025-11-03T05:29:11Z</time>
					</trkpt>
					<trkpt lat="44.973210" lon="3.685090">
						<ele>767</ele>
						<time>2025-11-03T05:29:20Z</time>
					</trkpt>
					<trkpt lat="44.973370" lon="3.685150">
						<ele>767</ele>
						<time>2025-11-03T05:29:28Z</time>
					</trkpt>
					<trkpt lat="44.973630" lon="3.685360">
						<ele>775</ele>
						<time>2025-11-03T05:29:43Z</time>
					</trkpt>
					<trkpt lat="44.973870" lon="3.685350">
						<ele>775</ele>
						<time>2025-11-03T05:29:55Z</time>
					</trkpt>
					<trkpt lat="44.974070" lon="3.685440">
						<ele>779</ele>
						<time>2025-11-03T05:30:05Z</time>
					</trkpt>
					<trkpt lat="44.974260" lon="3.685610">
						<ele>782</ele>
						<time>2025-11-03T05:30:17Z</time>
					</trkpt>
					<trkpt lat="44.974310" lon="3.685720">
						<ele>784</ele>
						<time>2025-11-03T05:30:21Z</time>
					</trkpt>
					<trkpt lat="44.974540" lon="3.686540">
						<ele>806</ele>
						<time>2025-11-03T05:30:53Z</time>
					</trkpt>
					<trkpt lat="44.974640" lon="3.686760">
						<ele>811</ele>
						<time>2025-11-03T05:31:02Z</time>
					</trkpt>
					<trkpt lat="44.974890" lon="3.686780">
						<ele>808</ele>
						<time>2025-11-03T05:31:14Z</time>
					</trkpt>
					<trkpt lat="44.975140" lon="3.686920">
						<ele>807</ele>
						<time>2025-11-03T05:31:28Z</time>
					</trkpt>
					<trkpt lat="44.975340" lon="3.687160">
						<ele>809</ele>
						<time>2025-11-03T05:31:41Z</time>
					</trkpt>
					<trkpt lat="44.975740" lon="3.687470">
						<ele>811</ele>
						<time>2025-11-03T05:32:04Z</time>
					</trkpt>
					<trkpt lat="44.975800" lon="3.687700">
						<ele>813</ele>
						<time>2025-11-03T05:32:12Z</time>
					</trkpt>
					<trkpt lat="44.975960" lon="3.687960">
						<ele>811</ele>
						<time>2025-11-03T05:32:25Z</time>
					</trkpt>
					<trkpt lat="44.975980" lon="3.688260">
						<ele>814</ele>
						<time>2025-11-03T05:32:35Z</time>
					</trkpt>
					<trkpt lat="44.976040" lon="3.688490">
						<ele>813</ele>
						<time>2025-11-03T05:32:44Z</time>
					</trkpt>
					<trkpt lat="44.975970" lon="3.689040">
						<ele>817</ele>
						<time>2025-11-03T05:33:04Z</time>
					</trkpt>
					<trkpt lat="44.975990" lon="3.689170">
						<ele>817</ele>
						<time>2025-11-03T05:33:08Z</time>
					</trkpt>
					<trkpt lat="44.975850" lon="3.689600">
						<ele>818</ele>
						<time>2025-11-03T05:33:25Z</time>
					</trkpt>
					<trkpt lat="44.975540" lon="3.690160">
						<ele>822</ele>
						<time>2025-11-03T05:33:50Z</time>
					</trkpt>
					<trkpt lat="44.975210" lon="3.691290">
						<ele>835</ele>
						<time>2025-11-03T05:34:34Z</time>
					</trkpt>
					<trkpt lat="44.975140" lon="3.691450">
						<ele>838</ele>
						<time>2025-11-03T05:34:40Z</time>
					</trkpt>
					<trkpt lat="44.975080" lon="3.691480">
						<ele>840</ele>
						<time>2025-11-03T05:34:43Z</time>
					</trkpt>
					<trkpt lat="44.975070" lon="3.691220">
						<ele>839</ele>
						<time>2025-11-03T05:34:53Z</time>
					</trkpt>
					<trkpt lat="44.975010" lon="3.690930">
						<ele>840</ele>
						<time>2025-11-03T05:35:03Z</time>
					</trkpt>
					<trkpt lat="44.975050" lon="3.690850">
						<ele>838</ele>
						<time>2025-11-03T05:35:07Z</time>
					</trkpt>
					<trkpt lat="44.975010" lon="3.690770">
						<ele>839</ele>
						<time>2025-11-03T05:35:10Z</time>
					</trkpt>
					<trkpt lat="44.975000" lon="3.690650">
						<ele>839</ele>
						<time>2025-11-03T05:35:15Z</time>
					</trkpt>
					<trkpt lat="44.974860" lon="3.690590">
						<ele>841</ele>
						<time>2025-11-03T05:35:22Z</time>
					</trkpt>
					<trkpt lat="44.974820" lon="3.690600">
						<ele>841</ele>
						<time>2025-11-03T05:35:24Z</time>
					</trkpt>
					<trkpt lat="44.974320" lon="3.690460">
						<ele>846</ele>
						<time>2025-11-03T05:35:49Z</time>
					</trkpt>
					<trkpt lat="44.973850" lon="3.690420">
						<ele>848</ele>
						<time>2025-11-03T05:36:13Z</time>
					</trkpt>
					<trkpt lat="44.972270" lon="3.690470">
						<ele>848</ele>
						<time>2025-11-03T05:37:32Z</time>
					</trkpt>
					<trkpt lat="44.972000" lon="3.690290">
						<ele>844</ele>
						<time>2025-11-03T05:37:47Z</time>
					</trkpt>
					<trkpt lat="44.971340" lon="3.690340">
						<ele>835</ele>
						<time>2025-11-03T05:38:20Z</time>
					</trkpt>
					<trkpt lat="44.971140" lon="3.690320">
						<ele>831</ele>
						<time>2025-11-03T05:38:30Z</time>
					</trkpt>
					<trkpt lat="44.970940" lon="3.690670">
						<ele>827</ele>
						<time>2025-11-03T05:38:46Z</time>
					</trkpt>
					<trkpt lat="44.970800" lon="3.691150">
						<ele>820</ele>
						<time>2025-11-03T05:39:04Z</time>
					</trkpt>
					<trkpt lat="44.970800" lon="3.691310">
						<ele>818</ele>
						<time>2025-11-03T05:39:10Z</time>
					</trkpt>
					<trkpt lat="44.971160" lon="3.691830">
						<ele>822</ele>
						<time>2025-11-03T05:39:36Z</time>
					</trkpt>
					<trkpt lat="44.971240" lon="3.692230">
						<ele>819</ele>
						<time>2025-11-03T05:39:51Z</time>
					</trkpt>
					<trkpt lat="44.970960" lon="3.693950">
						<ele>804</ele>
						<time>2025-11-03T05:40:53Z</time>
					</trkpt>
					<trkpt lat="44.970710" lon="3.694290">
						<ele>795</ele>
						<time>2025-11-03T05:41:10Z</time>
					</trkpt>
					<trkpt lat="44.970430" lon="3.694780">
						<ele>789</ele>
						<time>2025-11-03T05:41:33Z</time>
					</trkpt>
					<trkpt lat="44.969780" lon="3.695770">
						<ele>774</ele>
						<time>2025-11-03T05:42:21Z</time>
					</trkpt>
					<trkpt lat="44.969330" lon="3.696650">
						<ele>773</ele>
						<time>2025-11-03T05:42:59Z</time>
					</trkpt>
					<trkpt lat="44.969090" lon="3.696630">
						<ele>775</ele>
						<time>2025-11-03T05:43:11Z</time>
					</trkpt>
					<trkpt lat="44.968920" lon="3.696530">
						<ele>782</ele>
						<time>2025-11-03T05:43:20Z</time>
					</trkpt>
					<trkpt lat="44.968740" lon="3.696070">
						<ele>785</ele>
						<time>2025-11-03T05:43:39Z</time>
					</trkpt>
					<trkpt lat="44.968630" lon="3.695470">
						<ele>781</ele>
						<time>2025-11-03T05:44:01Z</time>
					</trkpt>
					<trkpt lat="44.968010" lon="3.694840">
						<ele>797</ele>
						<time>2025-11-03T05:44:39Z</time>
					</trkpt>
					<trkpt lat="44.967710" lon="3.694460">
						<ele>806</ele>
						<time>2025-11-03T05:44:59Z</time>
					</trkpt>
					<trkpt lat="44.967550" lon="3.694030">
						<ele>808</ele>
						<time>2025-11-03T05:45:16Z</time>
					</trkpt>
					<trkpt lat="44.967460" lon="3.693150">
						<ele>801</ele>
						<time>2025-11-03T05:45:48Z</time>
					</trkpt>
					<trkpt lat="44.967480" lon="3.692820">
						<ele>794</ele>
						<time>2025-11-03T05:46:00Z</time>
					</trkpt>
					<trkpt lat="44.967380" lon="3.692660">
						<ele>792</ele>
						<time>2025-11-03T05:46:07Z</time>
					</trkpt>
					<trkpt lat="44.967240" lon="3.692750">
						<ele>795</ele>
						<time>2025-11-03T05:46:15Z</time>
					</trkpt>
					<trkpt lat="44.967120" lon="3.692910">
						<ele>800</ele>
						<time>2025-11-03T05:46:23Z</time>
					</trkpt>
					<trkpt lat="44.967080" lon="3.693060">
						<ele>804</ele>
						<time>2025-11-03T05:46:29Z</time>
					</trkpt>
					<trkpt lat="44.966980" lon="3.693180">
						<ele>809</ele>
						<time>2025-11-03T05:46:35Z</time>
					</trkpt>
					<trkpt lat="44.966980" lon="3.693360">
						<ele>813</ele>
						<time>2025-11-03T05:46:42Z</time>
					</trkpt>
					<trkpt lat="44.967260" lon="3.694140">
						<ele>819</ele>
						<time>2025-11-03T05:47:13Z</time>
					</trkpt>
					<trkpt lat="44.967360" lon="3.694500">
						<ele>821</ele>
						<time>2025-11-03T05:47:26Z</time>
					</trkpt>
					<trkpt lat="44.968100" lon="3.695780">
						<ele>810</ele>
						<time>2025-11-03T05:48:25Z</time>
					</trkpt>
					<trkpt lat="44.968850" lon="3.697970">
						<ele>809</ele>
						<time>2025-11-03T05:49:51Z</time>
					</trkpt>
					<trkpt lat="44.968810" lon="3.698030">
						<ele>812</ele>
						<time>2025-11-03T05:49:54Z</time>
					</trkpt>
					<trkpt lat="44.968630" lon="3.697910">
						<ele>819</ele>
						<time>2025-11-03T05:50:04Z</time>
					</trkpt>
					<trkpt lat="44.968520" lon="3.697800">
						<ele>822</ele>
						<time>2025-11-03T05:50:11Z</time>
					</trkpt>
					<trkpt lat="44.968350" lon="3.697550">
						<ele>825</ele>
						<time>2025-11-03T05:50:23Z</time>
					</trkpt>
					<trkpt lat="44.968180" lon="3.697400">
						<ele>832</ele>
						<time>2025-11-03T05:50:33Z</time>
					</trkpt>
					<trkpt lat="44.968050" lon="3.697460">
						<ele>839</ele>
						<time>2025-11-03T05:50:40Z</time>
					</trkpt>
					<trkpt lat="44.967870" lon="3.697810">
						<ele>856</ele>
						<time>2025-11-03T05:50:55Z</time>
					</trkpt>
					<trkpt lat="44.967960" lon="3.698170">
						<ele>859</ele>
						<time>2025-11-03T05:51:09Z</time>
					</trkpt>
					<trkpt lat="44.967840" lon="3.698100">
						<ele>864</ele>
						<time>2025-11-03T05:51:15Z</time>
					</trkpt>
					<trkpt lat="44.967490" lon="3.697690">
						<ele>872</ele>
						<time>2025-11-03T05:51:38Z</time>
					</trkpt>
					<trkpt lat="44.967380" lon="3.697200">
						<ele>866</ele>
						<time>2025-11-03T05:51:56Z</time>
					</trkpt>
					<trkpt lat="44.967280" lon="3.697170">
						<ele>869</ele>
						<time>2025-11-03T05:52:01Z</time>
					</trkpt>
					<trkpt lat="44.967210" lon="3.697330">
						<ele>873</ele>
						<time>2025-11-03T05:52:08Z</time>
					</trkpt>
					<trkpt lat="44.967060" lon="3.697430">
						<ele>879</ele>
						<time>2025-11-03T05:52:16Z</time>
					</trkpt>
					<trkpt lat="44.966960" lon="3.697740">
						<ele>889</ele>
						<time>2025-11-03T05:52:28Z</time>
					</trkpt>
					<trkpt lat="44.966870" lon="3.697880">
						<ele>894</ele>
						<time>2025-11-03T05:52:35Z</time>
					</trkpt>
					<trkpt lat="44.966700" lon="3.698000">
						<ele>902</ele>
						<time>2025-11-03T05:52:44Z</time>
					</trkpt>
					<trkpt lat="44.966510" lon="3.698080">
						<ele>904</ele>
						<time>2025-11-03T05:52:54Z</time>
					</trkpt>
					<trkpt lat="44.965940" lon="3.698240">
						<ele>907</ele>
						<time>2025-11-03T05:53:23Z</time>
					</trkpt>
					<trkpt lat="44.965930" lon="3.698440">
						<ele>911</ele>
						<time>2025-11-03T05:53:31Z</time>
					</trkpt>
					<trkpt lat="44.966100" lon="3.698430">
						<ele>911</ele>
						<time>2025-11-03T05:53:39Z</time>
					</trkpt>
					<trkpt lat="44.966460" lon="3.698790">
						<ele>923</ele>
						<time>2025-11-03T05:54:01Z</time>
					</trkpt>
					<trkpt lat="44.966580" lon="3.699120">
						<ele>934</ele>
						<time>2025-11-03T05:54:14Z</time>
					</trkpt>
					<trkpt lat="44.966450" lon="3.699380">
						<ele>941</ele>
						<time>2025-11-03T05:54:26Z</time>
					</trkpt>
					<trkpt lat="44.965830" lon="3.699870">
						<ele>951</ele>
						<time>2025-11-03T05:55:01Z</time>
					</trkpt>
					<trkpt lat="44.965630" lon="3.700390">
						<ele>961</ele>
						<time>2025-11-03T05:55:22Z</time>
					</trkpt>
					<trkpt lat="44.965130" lon="3.700580">
						<ele>949</ele>
						<time>2025-11-03T05:55:48Z</time>
					</trkpt>
					<trkpt lat="44.964870" lon="3.700870">
						<ele>947</ele>
						<time>2025-11-03T05:56:05Z</time>
					</trkpt>
					<trkpt lat="44.964690" lon="3.701170">
						<ele>948</ele>
						<time>2025-11-03T05:56:18Z</time>
					</trkpt>
					<trkpt lat="44.964400" lon="3.701500">
						<ele>943</ele>
						<time>2025-11-03T05:56:37Z</time>
					</trkpt>
					<trkpt lat="44.964330" lon="3.701550">
						<ele>941</ele>
						<time>2025-11-03T05:56:41Z</time>
					</trkpt>
					<trkpt lat="44.964180" lon="3.701790">
						<ele>940</ele>
						<time>2025-11-03T05:56:52Z</time>
					</trkpt>
					<trkpt lat="44.964030" lon="3.701910">
						<ele>939</ele>
						<time>2025-11-03T05:57:01Z</time>
					</trkpt>
					<trkpt lat="44.963880" lon="3.701980">
						<ele>936</ele>
						<time>2025-11-03T05:57:09Z</time>
					</trkpt>
					<trkpt lat="44.963600" lon="3.702200">
						<ele>932</ele>
						<time>2025-11-03T05:57:25Z</time>
					</trkpt>
					<trkpt lat="44.963340" lon="3.702290">
						<ele>924</ele>
						<time>2025-11-03T05:57:38Z</time>
					</trkpt>
					<trkpt lat="44.963080" lon="3.702600">
						<ele>921</ele>
						<time>2025-11-03T05:57:55Z</time>
					</trkpt>
					<trkpt lat="44.963000" lon="3.702830">
						<ele>924</ele>
						<time>2025-11-03T05:58:04Z</time>
					</trkpt>
					<trkpt lat="44.962900" lon="3.702910">
						<ele>922</ele>
						<time>2025-11-03T05:58:10Z</time>
					</trkpt>
					<trkpt lat="44.962830" lon="3.703010">
						<ele>922</ele>
						<time>2025-11-03T05:58:15Z</time>
					</trkpt>
					<trkpt lat="44.962720" lon="3.703060">
						<ele>918</ele>
						<time>2025-11-03T05:58:21Z</time>
					</trkpt>
					<trkpt lat="44.962460" lon="3.703320">
						<ele>913</ele>
						<time>2025-11-03T05:58:37Z</time>
					</trkpt>
					<trkpt lat="44.962370" lon="3.703330">
						<ele>909</ele>
						<time>2025-11-03T05:58:41Z</time>
					</trkpt>
					<trkpt lat="44.962310" lon="3.703450">
						<ele>909</ele>
						<time>2025-11-03T05:58:47Z</time>
					</trkpt>
					<trkpt lat="44.962280" lon="3.703680">
						<ele>914</ele>
						<time>2025-11-03T05:58:55Z</time>
					</trkpt>
					<trkpt lat="44.962020" lon="3.704220">
						<ele>914</ele>
						<time>2025-11-03T05:59:18Z</time>
					</trkpt>
					<trkpt lat="44.962040" lon="3.704340">
						<ele>918</ele>
						<time>2025-11-03T05:59:22Z</time>
					</trkpt>
					<trkpt lat="44.961990" lon="3.704470">
						<ele>919</ele>
						<time>2025-11-03T05:59:28Z</time>
					</trkpt>
					<trkpt lat="44.961730" lon="3.704780">
						<ele>913</ele>
						<time>2025-11-03T05:59:45Z</time>
					</trkpt>
					<trkpt lat="44.961530" lon="3.704970">
						<ele>909</ele>
						<time>2025-11-03T05:59:57Z</time>
					</trkpt>
					<trkpt lat="44.961470" lon="3.705160">
						<ele>911</ele>
						<time>2025-11-03T06:00:04Z</time>
					</trkpt>
					<trkpt lat="44.961400" lon="3.705280">
						<ele>912</ele>
						<time>2025-11-03T06:00:10Z</time>
					</trkpt>
					<trkpt lat="44.961370" lon="3.705430">
						<ele>915</ele>
						<time>2025-11-03T06:00:15Z</time>
					</trkpt>
					<trkpt lat="44.961230" lon="3.705610">
						<ele>916</ele>
						<time>2025-11-03T06:00:25Z</time>
					</trkpt>
					<trkpt lat="44.961170" lon="3.705770">
						<ele>918</ele>
						<time>2025-11-03T06:00:31Z</time>
					</trkpt>
					<trkpt lat="44.961150" lon="3.705920">
						<ele>922</ele>
						<time>2025-11-03T06:00:36Z</time>
					</trkpt>
					<trkpt lat="44.961210" lon="3.706060">
						<ele>928</ele>
						<time>2025-11-03T06:00:42Z</time>
					</trkpt>
					<trkpt lat="44.961220" lon="3.706230">
						<ele>933</ele>
						<time>2025-11-03T06:00:48Z</time>
					</trkpt>
					<trkpt lat="44.961160" lon="3.706440">
						<ele>938</ele>
						<time>2025-11-03T06:00:56Z</time>
					</trkpt>
					<trkpt lat="44.960970" lon="3.706530">
						<ele>939</ele>
						<time>2025-11-03T06:01:06Z</time>
					</trkpt>
					<trkpt lat="44.960460" lon="3.706350">
						<ele>939</ele>
						<time>2025-11-03T06:01:33Z</time>
					</trkpt>
					<trkpt lat="44.960220" lon="3.706330">
						<ele>943</ele>
						<time>2025-11-03T06:01:45Z</time>
					</trkpt>
					<trkpt lat="44.959970" lon="3.706230">
						<ele>945</ele>
						<time>2025-11-03T06:01:58Z</time>
					</trkpt>
					<trkpt lat="44.959850" lon="3.706250">
						<ele>942</ele>
						<time>2025-11-03T06:02:04Z</time>
					</trkpt>
					<trkpt lat="44.959690" lon="3.706370">
						<ele>941</ele>
						<time>2025-11-03T06:02:13Z</time>
					</trkpt>
					<trkpt lat="44.959720" lon="3.706580">
						<ele>948</ele>
						<time>2025-11-03T06:02:20Z</time>
					</trkpt>
					<trkpt lat="44.959830" lon="3.706800">
						<ele>958</ele>
						<time>2025-11-03T06:02:30Z</time>
					</trkpt>
					<trkpt lat="44.959820" lon="3.706910">
						<ele>961</ele>
						<time>2025-11-03T06:02:34Z</time>
					</trkpt>
					<trkpt lat="44.959760" lon="3.706990">
						<ele>962</ele>
						<time>2025-11-03T06:02:38Z</time>
					</trkpt>
					<trkpt lat="44.959740" lon="3.707110">
						<ele>966</ele>
						<time>2025-11-03T06:02:42Z</time>
					</trkpt>
					<trkpt lat="44.959840" lon="3.707140">
						<ele>970</ele>
						<time>2025-11-03T06:02:47Z</time>
					</trkpt>
					<trkpt lat="44.960000" lon="3.707270">
						<ele>980</ele>
						<time>2025-11-03T06:02:57Z</time>
					</trkpt>
					<trkpt lat="44.960080" lon="3.707360">
						<ele>982</ele>
						<time>2025-11-03T06:03:02Z</time>
					</trkpt>
					<trkpt lat="44.960130" lon="3.707510">
						<ele>988</ele>
						<time>2025-11-03T06:03:08Z</time>
					</trkpt>
					<trkpt lat="44.960190" lon="3.707590">
						<ele>990</ele>
						<time>2025-11-03T06:03:12Z</time>
					</trkpt>
					<trkpt lat="44.960220" lon="3.707730">
						<ele>994</ele>
						<time>2025-11-03T06:03:17Z</time>
					</trkpt>
					<trkpt lat="44.960120" lon="3.707790">
						<ele>996</ele>
						<time>2025-11-03T06:03:22Z</time>
					</trkpt>
					<trkpt lat="44.960070" lon="3.707900">
						<ele>999</ele>
						<time>2025-11-03T06:03:27Z</time>
					</trkpt>
					<trkpt lat="44.960210" lon="3.708160">
						<ele>1007</ele>
						<time>2025-11-03T06:03:39Z</time>
					</trkpt>
					<trkpt lat="44.960310" lon="3.708280">
						<ele>1012</ele>
						<time>2025-11-03T06:03:45Z</time>
					</trkpt>
					<trkpt lat="44.960350" lon="3.708510">
						<ele>1017</ele>
						<time>2025-11-03T06:03:53Z</time>
					</trkpt>
					<trkpt lat="44.960330" lon="3.708660">
						<ele>1020</ele>
						<time>2025-11-03T06:03:59Z</time>
					</trkpt>
					<trkpt lat="44.960420" lon="3.708720">
						<ele>1022</ele>
						<time>2025-11-03T06:04:04Z</time>
					</trkpt>
					<trkpt lat="44.960460" lon="3.708830">
						<ele>1025</ele>
						<time>2025-11-03T06:04:08Z</time>
					</trkpt>
					<trkpt lat="44.960370" lon="3.709020">
						<ele>1027</ele>
						<time>2025-11-03T06:04:16Z</time>
					</trkpt>
					<trkpt lat="44.960340" lon="3.709420">
						<ele>1035</ele>
						<time>2025-11-03T06:04:31Z</time>
					</trkpt>
					<trkpt lat="44.960360" lon="3.709620">
						<ele>1041</ele>
						<time>2025-11-03T06:04:38Z</time>
					</trkpt>
					<trkpt lat="44.960330" lon="3.709750">
						<ele>1044</ele>
						<time>2025-11-03T06:04:43Z</time>
					</trkpt>
					<trkpt lat="44.960200" lon="3.710110">
						<ele>1048</ele>
						<time>2025-11-03T06:04:57Z</time>
					</trkpt>
					<trkpt lat="44.960110" lon="3.710230">
						<ele>1048</ele>
						<time>2025-11-03T06:05:03Z</time>
					</trkpt>
					<trkpt lat="44.960120" lon="3.710560">
						<ele>1058</ele>
						<time>2025-11-03T06:05:15Z</time>
					</trkpt>
					<trkpt lat="44.960060" lon="3.710800">
						<ele>1063</ele>
						<time>2025-11-03T06:05:24Z</time>
					</trkpt>
					<trkpt lat="44.959790" lon="3.711060">
						<ele>1069</ele>
						<time>2025-11-03T06:05:40Z</time>
					</trkpt>
					<trkpt lat="44.959810" lon="3.711180">
						<ele>1073</ele>
						<time>2025-11-03T06:05:45Z</time>
					</trkpt>
					<trkpt lat="44.959730" lon="3.711260">
						<ele>1075</ele>
						<time>2025-11-03T06:05:49Z</time>
					</trkpt>
					<trkpt lat="44.959530" lon="3.711300">
						<ele>1076</ele>
						<time>2025-11-03T06:06:00Z</time>
					</trkpt>
					<trkpt lat="44.959160" lon="3.711640">
						<ele>1086</ele>
						<time>2025-11-03T06:06:22Z</time>
					</trkpt>
					<trkpt lat="44.958960" lon="3.711700">
						<ele>1087</ele>
						<time>2025-11-03T06:06:32Z</time>
					</trkpt>
					<trkpt lat="44.958580" lon="3.711710">
						<ele>1085</ele>
						<time>2025-11-03T06:06:51Z</time>
					</trkpt>
					<trkpt lat="44.958510" lon="3.711760">
						<ele>1085</ele>
						<time>2025-11-03T06:06:55Z</time>
					</trkpt>
					<trkpt lat="44.958480" lon="3.711830">
						<ele>1087</ele>
						<time>2025-11-03T06:06:58Z</time>
					</trkpt>
					<trkpt lat="44.958490" lon="3.711890">
						<ele>1088</ele>
						<time>2025-11-03T06:07:00Z</time>
					</trkpt>
					<trkpt lat="44.958520" lon="3.711970">
						<ele>1090</ele>
						<time>2025-11-03T06:07:03Z</time>
					</trkpt>
					<trkpt lat="44.958600" lon="3.712020">
						<ele>1092</ele>
						<time>2025-11-03T06:07:07Z</time>
					</trkpt>
					<trkpt lat="44.958630" lon="3.712120">
						<ele>1095</ele>
						<time>2025-11-03T06:07:11Z</time>
					</trkpt>
					<trkpt lat="44.958470" lon="3.712400">
						<ele>1100</ele>
						<time>2025-11-03T06:07:24Z</time>
					</trkpt>
					<trkpt lat="44.958440" lon="3.712610">
						<ele>1104</ele>
						<time>2025-11-03T06:07:32Z</time>
					</trkpt>
					<trkpt lat="44.958310" lon="3.712820">
						<ele>1106</ele>
						<time>2025-11-03T06:07:42Z</time>
					</trkpt>
					<trkpt lat="44.958110" lon="3.713020">
						<ele>1106</ele>
						<time>2025-11-03T06:07:54Z</time>
					</trkpt>
					<trkpt lat="44.958000" lon="3.713230">
						<ele>1108</ele>
						<time>2025-11-03T06:08:03Z</time>
					</trkpt>
					<trkpt lat="44.957900" lon="3.713350">
						<ele>1109</ele>
						<time>2025-11-03T06:08:10Z</time>
					</trkpt>
					<trkpt lat="44.957650" lon="3.713880">
						<ele>1113</ele>
						<time>2025-11-03T06:08:32Z</time>
					</trkpt>
					<trkpt lat="44.957630" lon="3.714040">
						<ele>1115</ele>
						<time>2025-11-03T06:08:38Z</time>
					</trkpt>
					<trkpt lat="44.957460" lon="3.714710">
						<ele>1122</ele>
						<time>2025-11-03T06:09:03Z</time>
					</trkpt>
					<trkpt lat="44.957450" lon="3.714870">
						<ele>1124</ele>
						<time>2025-11-03T06:09:09Z</time>
					</trkpt>
					<trkpt lat="44.957350" lon="3.715170">
						<ele>1127</ele>
						<time>2025-11-03T06:09:21Z</time>
					</trkpt>
					<trkpt lat="44.956660" lon="3.715860">
						<ele>1135</ele>
						<time>2025-11-03T06:10:03Z</time>
					</trkpt>
					<trkpt lat="44.956410" lon="3.716490">
						<ele>1141</ele>
						<time>2025-11-03T06:10:28Z</time>
					</trkpt>
					<trkpt lat="44.956380" lon="3.717130">
						<ele>1145</ele>
						<time>2025-11-03T06:10:51Z</time>
					</trkpt>
					<trkpt lat="44.956330" lon="3.717610">
						<ele>1148</ele>
						<time>2025-11-03T06:11:08Z</time>
					</trkpt>
					<trkpt lat="44.956280" lon="3.717790">
						<ele>1148</ele>
						<time>2025-11-03T06:11:15Z</time>
					</trkpt>
					<trkpt lat="44.956280" lon="3.717910">
						<ele>1149</ele>
						<time>2025-11-03T06:11:19Z</time>
					</trkpt>
					<trkpt lat="44.956230" lon="3.718020">
						<ele>1149</ele>
						<time>2025-11-03T06:11:24Z</time>
					</trkpt>
					<trkpt lat="44.956290" lon="3.718330">
						<ele>1152</ele>
						<time>2025-11-03T06:11:35Z</time>
					</trkpt>
					<trkpt lat="44.956430" lon="3.718520">
						<ele>1154</ele>
						<time>2025-11-03T06:11:45Z</time>
					</trkpt>
					<trkpt lat="44.956510" lon="3.718550">
						<ele>1155</ele>
						<time>2025-11-03T06:11:49Z</time>
					</trkpt>
					<trkpt lat="44.956550" lon="3.718530">
						<ele>1155</ele>
						<time>2025-11-03T06:11:51Z</time>
					</trkpt>
					<trkpt lat="44.956640" lon="3.718540">
						<ele>1156</ele>
						<time>2025-11-03T06:11:56Z</time>
					</trkpt>
					<trkpt lat="44.956690" lon="3.718570">
						<ele>1157</ele>
						<time>2025-11-03T06:11:59Z</time>
					</trkpt>
					<trkpt lat="44.956670" lon="3.718870">
						<ele>1159</ele>
						<time>2025-11-03T06:12:09Z</time>
					</trkpt>
					<trkpt lat="44.956640" lon="3.718940">
						<ele>1159</ele>
						<time>2025-11-03T06:12:12Z</time>
					</trkpt>
					<trkpt lat="44.956540" lon="3.718960">
						<ele>1158</ele>
						<time>2025-11-03T06:12:17Z</time>
					</trkpt>
					<trkpt lat="44.956280" lon="3.718540">
						<ele>1153</ele>
						<time>2025-11-03T06:12:37Z</time>
					</trkpt>
					<trkpt lat="44.956210" lon="3.718290">
						<ele>1151</ele>
						<time>2025-11-03T06:12:47Z</time>
					</trkpt>
					<trkpt lat="44.956070" lon="3.718110">
						<ele>1149</ele>
						<time>2025-11-03T06:12:56Z</time>
					</trkpt>
					<trkpt lat="44.955940" lon="3.717750">
						<ele>1146</ele>
						<time>2025-11-03T06:13:10Z</time>
					</trkpt>
					<trkpt lat="44.955860" lon="3.717640">
						<ele>1145</ele>
						<time>2025-11-03T06:13:16Z</time>
					</trkpt>
					<trkpt lat="44.955550" lon="3.717480">
						<ele>1137</ele>
						<time>2025-11-03T06:13:32Z</time>
					</trkpt>
					<trkpt lat="44.955330" lon="3.716910">
						<ele>1134</ele>
						<time>2025-11-03T06:13:55Z</time>
					</trkpt>
					<trkpt lat="44.955040" lon="3.716590">
						<ele>1131</ele>
						<time>2025-11-03T06:14:14Z</time>
					</trkpt>
					<trkpt lat="44.954890" lon="3.716360">
						<ele>1128</ele>
						<time>2025-11-03T06:14:25Z</time>
					</trkpt>
					<trkpt lat="44.954710" lon="3.715980">
						<ele>1125</ele>
						<time>2025-11-03T06:14:41Z</time>
					</trkpt>
					<trkpt lat="44.954550" lon="3.715540">
						<ele>1122</ele>
						<time>2025-11-03T06:14:59Z</time>
					</trkpt>
					<trkpt lat="44.954170" lon="3.714740">
						<ele>1118</ele>
						<time>2025-11-03T06:15:33Z</time>
					</trkpt>
					<trkpt lat="44.954090" lon="3.714310">
						<ele>1115</ele>
						<time>2025-11-03T06:15:48Z</time>
					</trkpt>
					<trkpt lat="44.954100" lon="3.713450">
						<ele>1109</ele>
						<time>2025-11-03T06:16:19Z</time>
					</trkpt>
					<trkpt lat="44.954070" lon="3.712850">
						<ele>1106</ele>
						<time>2025-11-03T06:16:40Z</time>
					</trkpt>
					<trkpt lat="44.953630" lon="3.711600">
						<ele>1090</ele>
						<time>2025-11-03T06:17:30Z</time>
					</trkpt>
					<trkpt lat="44.953310" lon="3.711360">
						<ele>1084</ele>
						<time>2025-11-03T06:17:48Z</time>
					</trkpt>
					<trkpt lat="44.953260" lon="3.711240">
						<ele>1081</ele>
						<time>2025-11-03T06:17:53Z</time>
					</trkpt>
					<trkpt lat="44.953130" lon="3.711260">
						<ele>1077</ele>
						<time>2025-11-03T06:17:59Z</time>
					</trkpt>
					<trkpt lat="44.953090" lon="3.711190">
						<ele>1075</ele>
						<time>2025-11-03T06:18:02Z</time>
					</trkpt>
					<trkpt lat="44.953010" lon="3.710750">
						<ele>1071</ele>
						<time>2025-11-03T06:18:19Z</time>
					</trkpt>
					<trkpt lat="44.952990" lon="3.710740">
						<ele>1071</ele>
						<time>2025-11-03T06:18:20Z</time>
					</trkpt>
					<trkpt lat="44.952940" lon="3.710780">
						<ele>1070</ele>
						<time>2025-11-03T06:18:22Z</time>
					</trkpt>
					<trkpt lat="44.952910" lon="3.710750">
						<ele>1069</ele>
						<time>2025-11-03T06:18:24Z</time>
					</trkpt>
					<trkpt lat="44.952970" lon="3.710550">
						<ele>1068</ele>
						<time>2025-11-03T06:18:32Z</time>
					</trkpt>
					<trkpt lat="44.952950" lon="3.710310">
						<ele>1066</ele>
						<time>2025-11-03T06:18:41Z</time>
					</trkpt>
					<trkpt lat="44.952850" lon="3.709890">
						<ele>1060</ele>
						<time>2025-11-03T06:18:56Z</time>
					</trkpt>
					<trkpt lat="44.952540" lon="3.709550">
						<ele>1055</ele>
						<time>2025-11-03T06:19:16Z</time>
					</trkpt>
					<trkpt lat="44.952370" lon="3.709430">
						<ele>1050</ele>
						<time>2025-11-03T06:19:25Z</time>
					</trkpt>
					<trkpt lat="44.952280" lon="3.709330">
						<ele>1047</ele>
						<time>2025-11-03T06:19:31Z</time>
					</trkpt>
					<trkpt lat="44.952150" lon="3.709270">
						<ele>1045</ele>
						<time>2025-11-03T06:19:38Z</time>
					</trkpt>
					<trkpt lat="44.951870" lon="3.709240">
						<ele>1041</ele>
						<time>2025-11-03T06:19:52Z</time>
					</trkpt>
					<trkpt lat="44.951810" lon="3.709260">
						<ele>1040</ele>
						<time>2025-11-03T06:19:55Z</time>
					</trkpt>
					<trkpt lat="44.951700" lon="3.709220">
						<ele>1039</ele>
						<time>2025-11-03T06:20:01Z</time>
					</trkpt>
					<trkpt lat="44.951530" lon="3.709110">
						<ele>1031</ele>
						<time>2025-11-03T06:20:10Z</time>
					</trkpt>
					<trkpt lat="44.951430" lon="3.708940">
						<ele>1023</ele>
						<time>2025-11-03T06:20:18Z</time>
					</trkpt>
					<trkpt lat="44.951390" lon="3.708910">
						<ele>1020</ele>
						<time>2025-11-03T06:20:20Z</time>
					</trkpt>
					<trkpt lat="44.951190" lon="3.709170">
						<ele>1020</ele>
						<time>2025-11-03T06:20:34Z</time>
					</trkpt>
					<trkpt lat="44.951140" lon="3.709280">
						<ele>1018</ele>
						<time>2025-11-03T06:20:39Z</time>
					</trkpt>
					<trkpt lat="44.951000" lon="3.709420">
						<ele>1013</ele>
						<time>2025-11-03T06:20:47Z</time>
					</trkpt>
					<trkpt lat="44.950870" lon="3.709680">
						<ele>1007</ele>
						<time>2025-11-03T06:20:58Z</time>
					</trkpt>
					<trkpt lat="44.950780" lon="3.709770">
						<ele>1003</ele>
						<time>2025-11-03T06:21:04Z</time>
					</trkpt>
					<trkpt lat="44.950720" lon="3.709980">
						<ele>1000</ele>
						<time>2025-11-03T06:21:12Z</time>
					</trkpt>
					<trkpt lat="44.950680" lon="3.709980">
						<ele>998</ele>
						<time>2025-11-03T06:21:14Z</time>
					</trkpt>
					<trkpt lat="44.950650" lon="3.709910">
						<ele>997</ele>
						<time>2025-11-03T06:21:17Z</time>
					</trkpt>
					<trkpt lat="44.950630" lon="3.709920">
						<ele>996</ele>
						<time>2025-11-03T06:21:18Z</time>
					</trkpt>
					<trkpt lat="44.950500" lon="3.709280">
						<ele>991</ele>
						<time>2025-11-03T06:21:41Z</time>
					</trkpt>
					<trkpt lat="44.950430" lon="3.709210">
						<ele>987</ele>
						<time>2025-11-03T06:21:46Z</time>
					</trkpt>
					<trkpt lat="44.950340" lon="3.709700">
						<ele>984</ele>
						<time>2025-11-03T06:22:04Z</time>
					</trkpt>
					<trkpt lat="44.950270" lon="3.709650">
						<ele>981</ele>
						<time>2025-11-03T06:22:08Z</time>
					</trkpt>
					<trkpt lat="44.950150" lon="3.709210">
						<ele>974</ele>
						<time>2025-11-03T06:22:24Z</time>
					</trkpt>
					<trkpt lat="44.950110" lon="3.709200">
						<ele>972</ele>
						<time>2025-11-03T06:22:26Z</time>
					</trkpt>
					<trkpt lat="44.950030" lon="3.709290">
						<ele>968</ele>
						<time>2025-11-03T06:22:31Z</time>
					</trkpt>
					<trkpt lat="44.950000" lon="3.709500">
						<ele>968</ele>
						<time>2025-11-03T06:22:39Z</time>
					</trkpt>
					<trkpt lat="44.949970" lon="3.709580">
						<ele>970</ele>
						<time>2025-11-03T06:22:42Z</time>
					</trkpt>
					<trkpt lat="44.949920" lon="3.709630">
						<ele>971</ele>
						<time>2025-11-03T06:22:45Z</time>
					</trkpt>
					<trkpt lat="44.949820" lon="3.709410">
						<ele>973</ele>
						<time>2025-11-03T06:22:55Z</time>
					</trkpt>
					<trkpt lat="44.949740" lon="3.709320">
						<ele>974</ele>
						<time>2025-11-03T06:23:00Z</time>
					</trkpt>
					<trkpt lat="44.949610" lon="3.709430">
						<ele>978</ele>
						<time>2025-11-03T06:23:07Z</time>
					</trkpt>
					<trkpt lat="44.949640" lon="3.709550">
						<ele>978</ele>
						<time>2025-11-03T06:23:12Z</time>
					</trkpt>
					<trkpt lat="44.949610" lon="3.709680">
						<ele>980</ele>
						<time>2025-11-03T06:23:17Z</time>
					</trkpt>
					<trkpt lat="44.949580" lon="3.709690">
						<ele>981</ele>
						<time>2025-11-03T06:23:18Z</time>
					</trkpt>
					<trkpt lat="44.949520" lon="3.709680">
						<ele>982</ele>
						<time>2025-11-03T06:23:21Z</time>
					</trkpt>
					<trkpt lat="44.949470" lon="3.709630">
						<ele>983</ele>
						<time>2025-11-03T06:23:24Z</time>
					</trkpt>
					<trkpt lat="44.949450" lon="3.709660">
						<ele>984</ele>
						<time>2025-11-03T06:23:26Z</time>
					</trkpt>
					<trkpt lat="44.949430" lon="3.709650">
						<ele>984</ele>
						<time>2025-11-03T06:23:27Z</time>
					</trkpt>
					<trkpt lat="44.949420" lon="3.709590">
						<ele>984</ele>
						<time>2025-11-03T06:23:29Z</time>
					</trkpt>
					<trkpt lat="44.949230" lon="3.709470">
						<ele>989</ele>
						<time>2025-11-03T06:23:39Z</time>
					</trkpt>
					<trkpt lat="44.949220" lon="3.709440">
						<ele>989</ele>
						<time>2025-11-03T06:23:41Z</time>
					</trkpt>
					<trkpt lat="44.949130" lon="3.709450">
						<ele>992</ele>
						<time>2025-11-03T06:23:45Z</time>
					</trkpt>
					<trkpt lat="44.948980" lon="3.709540">
						<ele>1000</ele>
						<time>2025-11-03T06:23:53Z</time>
					</trkpt>
					<trkpt lat="44.948800" lon="3.709360">
						<ele>1010</ele>
						<time>2025-11-03T06:24:04Z</time>
					</trkpt>
					<trkpt lat="44.948700" lon="3.709340">
						<ele>1015</ele>
						<time>2025-11-03T06:24:09Z</time>
					</trkpt>
					<trkpt lat="44.948480" lon="3.709440">
						<ele>1027</ele>
						<time>2025-11-03T06:24:21Z</time>
					</trkpt>
					<trkpt lat="44.948440" lon="3.709390">
						<ele>1029</ele>
						<time>2025-11-03T06:24:24Z</time>
					</trkpt>
					<trkpt lat="44.948310" lon="3.709380">
						<ele>1036</ele>
						<time>2025-11-03T06:24:30Z</time>
					</trkpt>
					<trkpt lat="44.948290" lon="3.709350">
						<ele>1038</ele>
						<time>2025-11-03T06:24:32Z</time>
					</trkpt>
					<trkpt lat="44.948300" lon="3.709300">
						<ele>1038</ele>
						<time>2025-11-03T06:24:33Z</time>
					</trkpt>
					<trkpt lat="44.948210" lon="3.709270">
						<ele>1043</ele>
						<time>2025-11-03T06:24:38Z</time>
					</trkpt>
					<trkpt lat="44.948170" lon="3.709170">
						<ele>1046</ele>
						<time>2025-11-03T06:24:42Z</time>
					</trkpt>
					<trkpt lat="44.948060" lon="3.709490">
						<ele>1048</ele>
						<time>2025-11-03T06:24:55Z</time>
					</trkpt>
					<trkpt lat="44.947920" lon="3.709600">
						<ele>1054</ele>
						<time>2025-11-03T06:25:03Z</time>
					</trkpt>
					<trkpt lat="44.947550" lon="3.709580">
						<ele>1074</ele>
						<time>2025-11-03T06:25:21Z</time>
					</trkpt>
					<trkpt lat="44.947550" lon="3.709430">
						<ele>1076</ele>
						<time>2025-11-03T06:25:27Z</time>
					</trkpt>
					<trkpt lat="44.947670" lon="3.709190">
						<ele>1073</ele>
						<time>2025-11-03T06:25:37Z</time>
					</trkpt>
					<trkpt lat="44.947950" lon="3.708740">
						<ele>1071</ele>
						<time>2025-11-03T06:25:58Z</time>
					</trkpt>
					<trkpt lat="44.948050" lon="3.708460">
						<ele>1074</ele>
						<time>2025-11-03T06:26:09Z</time>
					</trkpt>
					<trkpt lat="44.948160" lon="3.708390">
						<ele>1070</ele>
						<time>2025-11-03T06:26:15Z</time>
					</trkpt>
					<trkpt lat="44.948200" lon="3.708210">
						<ele>1074</ele>
						<time>2025-11-03T06:26:22Z</time>
					</trkpt>
					<trkpt lat="44.948240" lon="3.708150">
						<ele>1074</ele>
						<time>2025-11-03T06:26:25Z</time>
					</trkpt>
					<trkpt lat="44.948190" lon="3.708050">
						<ele>1080</ele>
						<time>2025-11-03T06:26:29Z</time>
					</trkpt>
					<trkpt lat="44.948060" lon="3.708140">
						<ele>1084</ele>
						<time>2025-11-03T06:26:36Z</time>
					</trkpt>
					<trkpt lat="44.947950" lon="3.708170">
						<ele>1089</ele>
						<time>2025-11-03T06:26:42Z</time>
					</trkpt>
					<trkpt lat="44.947810" lon="3.708280">
						<ele>1094</ele>
						<time>2025-11-03T06:26:50Z</time>
					</trkpt>
					<trkpt lat="44.947440" lon="3.708470">
						<ele>1107</ele>
						<time>2025-11-03T06:27:10Z</time>
					</trkpt>
					<trkpt lat="44.947440" lon="3.708310">
						<ele>1112</ele>
						<time>2025-11-03T06:27:15Z</time>
					</trkpt>
					<trkpt lat="44.947470" lon="3.708160">
						<ele>1115</ele>
						<time>2025-11-03T06:27:21Z</time>
					</trkpt>
					<trkpt lat="44.947590" lon="3.708040">
						<ele>1112</ele>
						<time>2025-11-03T06:27:28Z</time>
					</trkpt>
					<trkpt lat="44.947620" lon="3.707980">
						<ele>1112</ele>
						<time>2025-11-03T06:27:31Z</time>
					</trkpt>
					<trkpt lat="44.947640" lon="3.707710">
						<ele>1118</ele>
						<time>2025-11-03T06:27:41Z</time>
					</trkpt>
					<trkpt lat="44.947880" lon="3.707270">
						<ele>1114</ele>
						<time>2025-11-03T06:28:00Z</time>
					</trkpt>
					<trkpt lat="44.948100" lon="3.706990">
						<ele>1106</ele>
						<time>2025-11-03T06:28:15Z</time>
					</trkpt>
					<trkpt lat="44.948080" lon="3.706910">
						<ele>1107</ele>
						<time>2025-11-03T06:28:18Z</time>
					</trkpt>
					<trkpt lat="44.947980" lon="3.706730">
						<ele>1112</ele>
						<time>2025-11-03T06:28:26Z</time>
					</trkpt>
					<trkpt lat="44.947880" lon="3.706640">
						<ele>1117</ele>
						<time>2025-11-03T06:28:32Z</time>
					</trkpt>
					<trkpt lat="44.947790" lon="3.706600">
						<ele>1121</ele>
						<time>2025-11-03T06:28:37Z</time>
					</trkpt>
					<trkpt lat="44.947630" lon="3.706340">
						<ele>1127</ele>
						<time>2025-11-03T06:28:49Z</time>
					</trkpt>
					<trkpt lat="44.947630" lon="3.706240">
						<ele>1127</ele>
						<time>2025-11-03T06:28:53Z</time>
					</trkpt>
					<trkpt lat="44.947560" lon="3.706160">
						<ele>1130</ele>
						<time>2025-11-03T06:28:57Z</time>
					</trkpt>
					<trkpt lat="44.947460" lon="3.706130">
						<ele>1134</ele>
						<time>2025-11-03T06:29:02Z</time>
					</trkpt>
					<trkpt lat="44.947300" lon="3.706130">
						<ele>1137</ele>
						<time>2025-11-03T06:29:10Z</time>
					</trkpt>
					<trkpt lat="44.947300" lon="3.705960">
						<ele>1137</ele>
						<time>2025-11-03T06:29:16Z</time>
					</trkpt>
					<trkpt lat="44.947420" lon="3.705790">
						<ele>1135</ele>
						<time>2025-11-03T06:29:25Z</time>
					</trkpt>
					<trkpt lat="44.947380" lon="3.705530">
						<ele>1138</ele>
						<time>2025-11-03T06:29:34Z</time>
					</trkpt>
					<trkpt lat="44.947640" lon="3.705390">
						<ele>1128</ele>
						<time>2025-11-03T06:29:48Z</time>
					</trkpt>
					<trkpt lat="44.947660" lon="3.705250">
						<ele>1128</ele>
						<time>2025-11-03T06:29:53Z</time>
					</trkpt>
					<trkpt lat="44.947880" lon="3.705040">
						<ele>1119</ele>
						<time>2025-11-03T06:30:06Z</time>
					</trkpt>
					<trkpt lat="44.947940" lon="3.704780">
						<ele>1117</ele>
						<time>2025-11-03T06:30:16Z</time>
					</trkpt>
					<trkpt lat="44.948090" lon="3.704610">
						<ele>1111</ele>
						<time>2025-11-03T06:30:26Z</time>
					</trkpt>
					<trkpt lat="44.948160" lon="3.704450">
						<ele>1110</ele>
						<time>2025-11-03T06:30:32Z</time>
					</trkpt>
					<trkpt lat="44.948130" lon="3.704300">
						<ele>1112</ele>
						<time>2025-11-03T06:30:38Z</time>
					</trkpt>
					<trkpt lat="44.948040" lon="3.704160">
						<ele>1116</ele>
						<time>2025-11-03T06:30:45Z</time>
					</trkpt>
					<trkpt lat="44.947990" lon="3.704020">
						<ele>1116</ele>
						<time>2025-11-03T06:30:50Z</time>
					</trkpt>
					<trkpt lat="44.947860" lon="3.703910">
						<ele>1118</ele>
						<time>2025-11-03T06:30:58Z</time>
					</trkpt>
					<trkpt lat="44.947510" lon="3.703730">
						<ele>1125</ele>
						<time>2025-11-03T06:31:16Z</time>
					</trkpt>
					<trkpt lat="44.947180" lon="3.702900">
						<ele>1117</ele>
						<time>2025-11-03T06:31:50Z</time>
					</trkpt>
					<trkpt lat="44.946960" lon="3.702550">
						<ele>1116</ele>
						<time>2025-11-03T06:32:07Z</time>
					</trkpt>
					<trkpt lat="44.946850" lon="3.702150">
						<ele>1109</ele>
						<time>2025-11-03T06:32:22Z</time>
					</trkpt>
					<trkpt lat="44.946730" lon="3.702020">
						<ele>1110</ele>
						<time>2025-11-03T06:32:29Z</time>
					</trkpt>
					<trkpt lat="44.946670" lon="3.701900">
						<ele>1109</ele>
						<time>2025-11-03T06:32:35Z</time>
					</trkpt>
					<trkpt lat="44.946680" lon="3.701660">
						<ele>1102</ele>
						<time>2025-11-03T06:32:43Z</time>
					</trkpt>
					<trkpt lat="44.946610" lon="3.701500">
						<ele>1099</ele>
						<time>2025-11-03T06:32:50Z</time>
					</trkpt>
					<trkpt lat="44.946640" lon="3.701380">
						<ele>1095</ele>
						<time>2025-11-03T06:32:54Z</time>
					</trkpt>
					<trkpt lat="44.946600" lon="3.701170">
						<ele>1090</ele>
						<time>2025-11-03T06:33:02Z</time>
					</trkpt>
					<trkpt lat="44.946540" lon="3.701060">
						<ele>1088</ele>
						<time>2025-11-03T06:33:07Z</time>
					</trkpt>
					<trkpt lat="44.946530" lon="3.700900">
						<ele>1083</ele>
						<time>2025-11-03T06:33:13Z</time>
					</trkpt>
					<trkpt lat="44.946440" lon="3.700800">
						<ele>1082</ele>
						<time>2025-11-03T06:33:18Z</time>
					</trkpt>
					<trkpt lat="44.946430" lon="3.700730">
						<ele>1080</ele>
						<time>2025-11-03T06:33:21Z</time>
					</trkpt>
					<trkpt lat="44.946310" lon="3.700710">
						<ele>1081</ele>
						<time>2025-11-03T06:33:27Z</time>
					</trkpt>
					<trkpt lat="44.946190" lon="3.700800">
						<ele>1085</ele>
						<time>2025-11-03T06:33:34Z</time>
					</trkpt>
					<trkpt lat="44.946170" lon="3.700880">
						<ele>1087</ele>
						<time>2025-11-03T06:33:37Z</time>
					</trkpt>
					<trkpt lat="44.945580" lon="3.700720">
						<ele>1089</ele>
						<time>2025-11-03T06:34:07Z</time>
					</trkpt>
					<trkpt lat="44.945510" lon="3.700640">
						<ele>1088</ele>
						<time>2025-11-03T06:34:11Z</time>
					</trkpt>
					<trkpt lat="44.945250" lon="3.700100">
						<ele>1082</ele>
						<time>2025-11-03T06:34:34Z</time>
					</trkpt>
					<trkpt lat="44.945050" lon="3.699900">
						<ele>1083</ele>
						<time>2025-11-03T06:34:47Z</time>
					</trkpt>
					<trkpt lat="44.944900" lon="3.699500">
						<ele>1081</ele>
						<time>2025-11-03T06:35:03Z</time>
					</trkpt>
					<trkpt lat="44.944730" lon="3.699380">
						<ele>1080</ele>
						<time>2025-11-03T06:35:12Z</time>
					</trkpt>
					<trkpt lat="44.944490" lon="3.699430">
						<ele>1081</ele>
						<time>2025-11-03T06:35:24Z</time>
					</trkpt>
					<trkpt lat="44.944380" lon="3.699520">
						<ele>1083</ele>
						<time>2025-11-03T06:35:31Z</time>
					</trkpt>
					<trkpt lat="44.944000" lon="3.699750">
						<ele>1086</ele>
						<time>2025-11-03T06:35:51Z</time>
					</trkpt>
					<trkpt lat="44.943640" lon="3.699800">
						<ele>1087</ele>
						<time>2025-11-03T06:36:10Z</time>
					</trkpt>
					<trkpt lat="44.943340" lon="3.699770">
						<ele>1087</ele>
						<time>2025-11-03T06:36:25Z</time>
					</trkpt>
					<trkpt lat="44.942970" lon="3.699960">
						<ele>1090</ele>
						<time>2025-11-03T06:36:44Z</time>
					</trkpt>
					<trkpt lat="44.942900" lon="3.699740">
						<ele>1088</ele>
						<time>2025-11-03T06:36:53Z</time>
					</trkpt>
					<trkpt lat="44.942630" lon="3.699460">
						<ele>1086</ele>
						<time>2025-11-03T06:37:10Z</time>
					</trkpt>
					<trkpt lat="44.942300" lon="3.699300">
						<ele>1083</ele>
						<time>2025-11-03T06:37:27Z</time>
					</trkpt>
					<trkpt lat="44.942320" lon="3.698370">
						<ele>1075</ele>
						<time>2025-11-03T06:38:00Z</time>
					</trkpt>
					<trkpt lat="44.942450" lon="3.697630">
						<ele>1069</ele>
						<time>2025-11-03T06:38:27Z</time>
					</trkpt>
					<trkpt lat="44.942480" lon="3.697310">
						<ele>1066</ele>
						<time>2025-11-03T06:38:38Z</time>
					</trkpt>
					<trkpt lat="44.942320" lon="3.697100">
						<ele>1062</ele>
						<time>2025-11-03T06:38:49Z</time>
					</trkpt>
					<trkpt lat="44.941850" lon="3.697210">
						<ele>1057</ele>
						<time>2025-11-03T06:39:13Z</time>
					</trkpt>
					<trkpt lat="44.941390" lon="3.698020">
						<ele>1065</ele>
						<time>2025-11-03T06:39:50Z</time>
					</trkpt>
					<trkpt lat="44.941120" lon="3.698180">
						<ele>1064</ele>
						<time>2025-11-03T06:40:05Z</time>
					</trkpt>
					<trkpt lat="44.940870" lon="3.698160">
						<ele>1063</ele>
						<time>2025-11-03T06:40:17Z</time>
					</trkpt>
					<trkpt lat="44.940950" lon="3.697850">
						<ele>1065</ele>
						<time>2025-11-03T06:40:29Z</time>
					</trkpt>
					<trkpt lat="44.940760" lon="3.696530">
						<ele>1071</ele>
						<time>2025-11-03T06:41:17Z</time>
					</trkpt>
					<trkpt lat="44.940660" lon="3.696230">
						<ele>1072</ele>
						<time>2025-11-03T06:41:28Z</time>
					</trkpt>
					<trkpt lat="44.940150" lon="3.695870">
						<ele>1078</ele>
						<time>2025-11-03T06:41:57Z</time>
					</trkpt>
					<trkpt lat="44.939890" lon="3.695520">
						<ele>1081</ele>
						<time>2025-11-03T06:42:15Z</time>
					</trkpt>
					<trkpt lat="44.939830" lon="3.694550">
						<ele>1080</ele>
						<time>2025-11-03T06:42:49Z</time>
					</trkpt>
					<trkpt lat="44.939830" lon="3.694170">
						<ele>1080</ele>
						<time>2025-11-03T06:43:03Z</time>
					</trkpt>
					<trkpt lat="44.940290" lon="3.693180">
						<ele>1074</ele>
						<time>2025-11-03T06:43:45Z</time>
					</trkpt>
					<trkpt lat="44.940980" lon="3.691960">
						<ele>1068</ele>
						<time>2025-11-03T06:44:40Z</time>
					</trkpt>
					<trkpt lat="44.941150" lon="3.691530">
						<ele>1064</ele>
						<time>2025-11-03T06:44:57Z</time>
					</trkpt>
					<trkpt lat="44.941620" lon="3.690650">
						<ele>1056</ele>
						<time>2025-11-03T06:45:37Z</time>
					</trkpt>
					<trkpt lat="44.941730" lon="3.690240">
						<ele>1049</ele>
						<time>2025-11-03T06:45:52Z</time>
					</trkpt>
					<trkpt lat="44.942100" lon="3.689350">
						<ele>1031</ele>
						<time>2025-11-03T06:46:29Z</time>
					</trkpt>
					<trkpt lat="44.942270" lon="3.689140">
						<ele>1028</ele>
						<time>2025-11-03T06:46:40Z</time>
					</trkpt>
					<trkpt lat="44.942310" lon="3.688750">
						<ele>1023</ele>
						<time>2025-11-03T06:46:54Z</time>
					</trkpt>
					<trkpt lat="44.942260" lon="3.688050">
						<ele>1013</ele>
						<time>2025-11-03T06:47:19Z</time>
					</trkpt>
					<trkpt lat="44.942260" lon="3.687690">
						<ele>1008</ele>
						<time>2025-11-03T06:47:32Z</time>
					</trkpt>
					<trkpt lat="44.942020" lon="3.687700">
						<ele>1005</ele>
						<time>2025-11-03T06:47:44Z</time>
					</trkpt>
					<trkpt lat="44.941750" lon="3.688240">
						<ele>1008</ele>
						<time>2025-11-03T06:48:07Z</time>
					</trkpt>
					<trkpt lat="44.941170" lon="3.688800">
						<ele>999</ele>
						<time>2025-11-03T06:48:42Z</time>
					</trkpt>
					<trkpt lat="44.940750" lon="3.689280">
						<ele>999</ele>
						<time>2025-11-03T06:49:09Z</time>
					</trkpt>
					<trkpt lat="44.940270" lon="3.689470">
						<ele>1001</ele>
						<time>2025-11-03T06:49:34Z</time>
					</trkpt>
					<trkpt lat="44.939860" lon="3.689490">
						<ele>999</ele>
						<time>2025-11-03T06:49:55Z</time>
					</trkpt>
					<trkpt lat="44.939560" lon="3.689370">
						<ele>993</ele>
						<time>2025-11-03T06:50:10Z</time>
					</trkpt>
					<trkpt lat="44.939320" lon="3.689370">
						<ele>992</ele>
						<time>2025-11-03T06:50:22Z</time>
					</trkpt>
					<trkpt lat="44.939040" lon="3.689790">
						<ele>1005</ele>
						<time>2025-11-03T06:50:43Z</time>
					</trkpt>
					<trkpt lat="44.938120" lon="3.691430">
						<ele>1029</ele>
						<time>2025-11-03T06:51:57Z</time>
					</trkpt>
					<trkpt lat="44.937700" lon="3.691960">
						<ele>1034</ele>
						<time>2025-11-03T06:52:25Z</time>
					</trkpt>
					<trkpt lat="44.937250" lon="3.692460">
						<ele>1033</ele>
						<time>2025-11-03T06:52:54Z</time>
					</trkpt>
					<trkpt lat="44.937270" lon="3.692550">
						<ele>1036</ele>
						<time>2025-11-03T06:52:57Z</time>
					</trkpt>
					<trkpt lat="44.937050" lon="3.693280">
						<ele>1049</ele>
						<time>2025-11-03T06:53:25Z</time>
					</trkpt>
					<trkpt lat="44.936420" lon="3.694240">
						<ele>1062</ele>
						<time>2025-11-03T06:54:11Z</time>
					</trkpt>
					<trkpt lat="44.935970" lon="3.694320">
						<ele>1059</ele>
						<time>2025-11-03T06:54:34Z</time>
					</trkpt>
					<trkpt lat="44.935190" lon="3.694800">
						<ele>1070</ele>
						<time>2025-11-03T06:55:17Z</time>
					</trkpt>
					<trkpt lat="44.934830" lon="3.694950">
						<ele>1072</ele>
						<time>2025-11-03T06:55:36Z</time>
					</trkpt>
					<trkpt lat="44.934490" lon="3.695160">
						<ele>1073</ele>
						<time>2025-11-03T06:55:54Z</time>
					</trkpt>
					<trkpt lat="44.934240" lon="3.695440">
						<ele>1075</ele>
						<time>2025-11-03T06:56:10Z</time>
					</trkpt>
					<trkpt lat="44.934050" lon="3.695910">
						<ele>1083</ele>
						<time>2025-11-03T06:56:29Z</time>
					</trkpt>
					<trkpt lat="44.933910" lon="3.696430">
						<ele>1090</ele>
						<time>2025-11-03T06:56:49Z</time>
					</trkpt>
					<trkpt lat="44.933680" lon="3.696730">
						<ele>1092</ele>
						<time>2025-11-03T06:57:05Z</time>
					</trkpt>
					<trkpt lat="44.933500" lon="3.697140">
						<ele>1093</ele>
						<time>2025-11-03T06:57:22Z</time>
					</trkpt>
					<trkpt lat="44.933220" lon="3.697650">
						<ele>1092</ele>
						<time>2025-11-03T06:57:45Z</time>
					</trkpt>
					<trkpt lat="44.932970" lon="3.698720">
						<ele>1099</ele>
						<time>2025-11-03T06:58:24Z</time>
					</trkpt>
					<trkpt lat="44.932830" lon="3.699160">
						<ele>1102</ele>
						<time>2025-11-03T06:58:42Z</time>
					</trkpt>
					<trkpt lat="44.932730" lon="3.699660">
						<ele>1105</ele>
						<time>2025-11-03T06:59:00Z</time>
					</trkpt>
					<trkpt lat="44.932690" lon="3.700100">
						<ele>1108</ele>
						<time>2025-11-03T06:59:16Z</time>
					</trkpt>
					<trkpt lat="44.932700" lon="3.700790">
						<ele>1114</ele>
						<time>2025-11-03T06:59:40Z</time>
					</trkpt>
					<trkpt lat="44.932760" lon="3.701070">
						<ele>1115</ele>
						<time>2025-11-03T06:59:51Z</time>
					</trkpt>
					<trkpt lat="44.932710" lon="3.701260">
						<ele>1115</ele>
						<time>2025-11-03T06:59:58Z</time>
					</trkpt>
					<trkpt lat="44.931880" lon="3.700060">
						<ele>1102</ele>
						<time>2025-11-03T07:00:57Z</time>
					</trkpt>
					<trkpt lat="44.930900" lon="3.699360">
						<ele>1099</ele>
						<time>2025-11-03T07:01:52Z</time>
					</trkpt>
					<trkpt lat="44.930240" lon="3.698720">
						<ele>1092</ele>
						<time>2025-11-03T07:02:32Z</time>
					</trkpt>
					<trkpt lat="44.929770" lon="3.697970">
						<ele>1085</ele>
						<time>2025-11-03T07:03:08Z</time>
					</trkpt>
					<trkpt lat="44.929300" lon="3.697420">
						<ele>1077</ele>
						<time>2025-11-03T07:03:38Z</time>
					</trkpt>
					<trkpt lat="44.929200" lon="3.697000">
						<ele>1071</ele>
						<time>2025-11-03T07:03:54Z</time>
					</trkpt>
					<trkpt lat="44.929250" lon="3.695890">
						<ele>1064</ele>
						<time>2025-11-03T07:04:33Z</time>
					</trkpt>
					<trkpt lat="44.929490" lon="3.694870">
						<ele>1056</ele>
						<time>2025-11-03T07:05:11Z</time>
					</trkpt>
					<trkpt lat="44.929390" lon="3.694610">
						<ele>1052</ele>
						<time>2025-11-03T07:05:22Z</time>
					</trkpt>
					<trkpt lat="44.929120" lon="3.694200">
						<ele>1042</ele>
						<time>2025-11-03T07:05:42Z</time>
					</trkpt>
					<trkpt lat="44.929080" lon="3.693560">
						<ele>1032</ele>
						<time>2025-11-03T07:06:04Z</time>
					</trkpt>
					<trkpt lat="44.928730" lon="3.693220">
						<ele>1020</ele>
						<time>2025-11-03T07:06:26Z</time>
					</trkpt>
					<trkpt lat="44.928410" lon="3.692960">
						<ele>1013</ele>
						<time>2025-11-03T07:06:44Z</time>
					</trkpt>
					<trkpt lat="44.928510" lon="3.692500">
						<ele>1011</ele>
						<time>2025-11-03T07:07:01Z</time>
					</trkpt>
					<trkpt lat="44.928140" lon="3.692370">
						<ele>1001</ele>
						<time>2025-11-03T07:07:20Z</time>
					</trkpt>
					<trkpt lat="44.927880" lon="3.692100">
						<ele>990</ele>
						<time>2025-11-03T07:07:36Z</time>
					</trkpt>
					<trkpt lat="44.927300" lon="3.690990">
						<ele>975</ele>
						<time>2025-11-03T07:08:25Z</time>
					</trkpt>
					<trkpt lat="44.927090" lon="3.690760">
						<ele>971</ele>
						<time>2025-11-03T07:08:39Z</time>
					</trkpt>
					<trkpt lat="44.926630" lon="3.690650">
						<ele>967</ele>
						<time>2025-11-03T07:09:02Z</time>
					</trkpt>
					<trkpt lat="44.926760" lon="3.690400">
						<ele>963</ele>
						<time>2025-11-03T07:09:13Z</time>
					</trkpt>
					<trkpt lat="44.926860" lon="3.690310">
						<ele>961</ele>
						<time>2025-11-03T07:09:19Z</time>
					</trkpt>
					<trkpt lat="44.926810" lon="3.690180">
						<ele>959</ele>
						<time>2025-11-03T07:09:24Z</time>
					</trkpt>
					<trkpt lat="44.926210" lon="3.690070">
						<ele>956</ele>
						<time>2025-11-03T07:09:54Z</time>
					</trkpt>
					<trkpt lat="44.925470" lon="3.689730">
						<ele>941</ele>
						<time>2025-11-03T07:10:33Z</time>
					</trkpt>
					<trkpt lat="44.924780" lon="3.689600">
						<ele>930</ele>
						<time>2025-11-03T07:11:08Z</time>
					</trkpt>
					<trkpt lat="44.924730" lon="3.689410">
						<ele>925</ele>
						<time>2025-11-03T07:11:15Z</time>
					</trkpt>
					<trkpt lat="44.924800" lon="3.689200">
						<ele>923</ele>
						<time>2025-11-03T07:11:24Z</time>
					</trkpt>
					<trkpt lat="44.925000" lon="3.688990">
						<ele>922</ele>
						<time>2025-11-03T07:11:36Z</time>
					</trkpt>
					<trkpt lat="44.925520" lon="3.689010">
						<ele>921</ele>
						<time>2025-11-03T07:12:02Z</time>
					</trkpt>
					<trkpt lat="44.925270" lon="3.688670">
						<ele>913</ele>
						<time>2025-11-03T07:12:19Z</time>
					</trkpt>
					<trkpt lat="44.925100" lon="3.688180">
						<ele>903</ele>
						<time>2025-11-03T07:12:39Z</time>
					</trkpt>
					<trkpt lat="44.925150" lon="3.687930">
						<ele>896</ele>
						<time>2025-11-03T07:12:48Z</time>
					</trkpt>
					<trkpt lat="44.925670" lon="3.688170">
						<ele>892</ele>
						<time>2025-11-03T07:13:15Z</time>
					</trkpt>
					<trkpt lat="44.926230" lon="3.688110">
						<ele>888</ele>
						<time>2025-11-03T07:13:44Z</time>
					</trkpt>
					<trkpt lat="44.926550" lon="3.687900">
						<ele>881</ele>
						<time>2025-11-03T07:14:01Z</time>
					</trkpt>
					<trkpt lat="44.926790" lon="3.687540">
						<ele>866</ele>
						<time>2025-11-03T07:14:19Z</time>
					</trkpt>
					<trkpt lat="44.926900" lon="3.687260">
						<ele>854</ele>
						<time>2025-11-03T07:14:30Z</time>
					</trkpt>
					<trkpt lat="44.927090" lon="3.687100">
						<ele>846</ele>
						<time>2025-11-03T07:14:41Z</time>
					</trkpt>
					<trkpt lat="44.926980" lon="3.686870">
						<ele>839</ele>
						<time>2025-11-03T07:14:51Z</time>
					</trkpt>
					<trkpt lat="44.926580" lon="3.687010">
						<ele>849</ele>
						<time>2025-11-03T07:15:12Z</time>
					</trkpt>
					<trkpt lat="44.926050" lon="3.687050">
						<ele>852</ele>
						<time>2025-11-03T07:15:38Z</time>
					</trkpt>
					<trkpt lat="44.925660" lon="3.686460">
						<ele>840</ele>
						<time>2025-11-03T07:16:07Z</time>
					</trkpt>
					<trkpt lat="44.925370" lon="3.685840">
						<ele>829</ele>
						<time>2025-11-03T07:16:33Z</time>
					</trkpt>
					<trkpt lat="44.924520" lon="3.685160">
						<ele>824</ele>
						<time>2025-11-03T07:17:22Z</time>
					</trkpt>
					<trkpt lat="44.923770" lon="3.685050">
						<ele>821</ele>
						<time>2025-11-03T07:18:00Z</time>
					</trkpt>
					<trkpt lat="44.923050" lon="3.684490">
						<ele>797</ele>
						<time>2025-11-03T07:18:41Z</time>
					</trkpt>
					<trkpt lat="44.922400" lon="3.684220">
						<ele>779</ele>
						<time>2025-11-03T07:19:15Z</time>
					</trkpt>
					<trkpt lat="44.922480" lon="3.683570">
						<ele>774</ele>
						<time>2025-11-03T07:19:38Z</time>
					</trkpt>
					<trkpt lat="44.922740" lon="3.683070">
						<ele>768</ele>
						<time>2025-11-03T07:20:00Z</time>
					</trkpt>
					<trkpt lat="44.922680" lon="3.682400">
						<ele>756</ele>
						<time>2025-11-03T07:20:24Z</time>
					</trkpt>
					<trkpt lat="44.922440" lon="3.681410">
						<ele>750</ele>
						<time>2025-11-03T07:21:01Z</time>
					</trkpt>
					<trkpt lat="44.922330" lon="3.679680">
						<ele>720</ele>
						<time>2025-11-03T07:22:03Z</time>
					</trkpt>
					<trkpt lat="44.921670" lon="3.678680">
						<ele>709</ele>
						<time>2025-11-03T07:22:51Z</time>
					</trkpt>
					<trkpt lat="44.921310" lon="3.677770">
						<ele>685</ele>
						<time>2025-11-03T07:23:28Z</time>
					</trkpt>
					<trkpt lat="44.921110" lon="3.677340">
						<ele>675</ele>
						<time>2025-11-03T07:23:46Z</time>
					</trkpt>
					<trkpt lat="44.921160" lon="3.677050">
						<ele>672</ele>
						<time>2025-11-03T07:23:57Z</time>
					</trkpt>
					<trkpt lat="44.921090" lon="3.676930">
						<ele>670</ele>
						<time>2025-11-03T07:24:02Z</time>
					</trkpt>
					<trkpt lat="44.921010" lon="3.677120">
						<ele>671</ele>
						<time>2025-11-03T07:24:10Z</time>
					</trkpt>
					<trkpt lat="44.920880" lon="3.676960">
						<ele>668</ele>
						<time>2025-11-03T07:24:19Z</time>
					</trkpt>
					<trkpt lat="44.920810" lon="3.677160">
						<ele>670</ele>
						<time>2025-11-03T07:24:27Z</time>
					</trkpt>
					<trkpt lat="44.920550" lon="3.677360">
						<ele>676</ele>
						<time>2025-11-03T07:24:41Z</time>
					</trkpt>
					<trkpt lat="44.920330" lon="3.677170">
						<ele>678</ele>
						<time>2025-11-03T07:24:54Z</time>
					</trkpt>
					<trkpt lat="44.920230" lon="3.676210">
						<ele>676</ele>
						<time>2025-11-03T07:25:29Z</time>
					</trkpt>
					<trkpt lat="44.920290" lon="3.675540">
						<ele>671</ele>
						<time>2025-11-03T07:25:53Z</time>
					</trkpt>
					<trkpt lat="44.920210" lon="3.674910">
						<ele>669</ele>
						<time>2025-11-03T07:26:15Z</time>
					</trkpt>
					<trkpt lat="44.919840" lon="3.674680">
						<ele>673</ele>
						<time>2025-11-03T07:26:36Z</time>
					</trkpt>
					<trkpt lat="44.919700" lon="3.674210">
						<ele>671</ele>
						<time>2025-11-03T07:26:54Z</time>
					</trkpt>
					<trkpt lat="44.919080" lon="3.673670">
						<ele>672</ele>
						<time>2025-11-03T07:27:30Z</time>
					</trkpt>
					<trkpt lat="44.918010" lon="3.673320">
						<ele>671</ele>
						<time>2025-11-03T07:28:25Z</time>
					</trkpt>
					<trkpt lat="44.917430" lon="3.673280">
						<ele>669</ele>
						<time>2025-11-03T07:28:54Z</time>
					</trkpt>
					<trkpt lat="44.917310" lon="3.673360">
						<ele>670</ele>
						<time>2025-11-03T07:29:01Z</time>
					</trkpt>
					<trkpt lat="44.916820" lon="3.673370">
						<ele>667</ele>
						<time>2025-11-03T07:29:25Z</time>
					</trkpt>
					<trkpt lat="44.916400" lon="3.673470">
						<ele>668</ele>
						<time>2025-11-03T07:29:47Z</time>
					</trkpt>
					<trkpt lat="44.916120" lon="3.673680">
						<ele>669</ele>
						<time>2025-11-03T07:30:02Z</time>
					</trkpt>
					<trkpt lat="44.915790" lon="3.673690">
						<ele>668</ele>
						<time>2025-11-03T07:30:19Z</time>
					</trkpt>
					<trkpt lat="44.915030" lon="3.674180">
						<ele>666</ele>
						<time>2025-11-03T07:31:01Z</time>
					</trkpt>
					<trkpt lat="44.914820" lon="3.674530">
						<ele>666</ele>
						<time>2025-11-03T07:31:17Z</time>
					</trkpt>
					<trkpt lat="44.914640" lon="3.674690">
						<ele>667</ele>
						<time>2025-11-03T07:31:28Z</time>
					</trkpt>
					<trkpt lat="44.914480" lon="3.674780">
						<ele>667</ele>
						<time>2025-11-03T07:31:36Z</time>
					</trkpt>
					<trkpt lat="44.914370" lon="3.674760">
						<ele>666</ele>
						<time>2025-11-03T07:31:42Z</time>
					</trkpt>
					<trkpt lat="44.913390" lon="3.675530">
						<ele>672</ele>
						<time>2025-11-03T07:32:38Z</time>
					</trkpt>
					<trkpt lat="44.913120" lon="3.675860">
						<ele>677</ele>
						<time>2025-11-03T07:32:56Z</time>
					</trkpt>
					<trkpt lat="44.912990" lon="3.676220">
						<ele>682</ele>
						<time>2025-11-03T07:33:10Z</time>
					</trkpt>
					<trkpt lat="44.912370" lon="3.677300">
						<ele>702</ele>
						<time>2025-11-03T07:33:59Z</time>
					</trkpt>
					<trkpt lat="44.912170" lon="3.677440">
						<ele>706</ele>
						<time>2025-11-03T07:34:11Z</time>
					</trkpt>
					<trkpt lat="44.911820" lon="3.677950">
						<ele>715</ele>
						<time>2025-11-03T07:34:36Z</time>
					</trkpt>
					<trkpt lat="44.911620" lon="3.678330">
						<ele>723</ele>
						<time>2025-11-03T07:34:53Z</time>
					</trkpt>
					<trkpt lat="44.911250" lon="3.678380">
						<ele>726</ele>
						<time>2025-11-03T07:35:11Z</time>
					</trkpt>
					<trkpt lat="44.910250" lon="3.678930">
						<ele>735</ele>
						<time>2025-11-03T07:36:05Z</time>
					</trkpt>
					<trkpt lat="44.909780" lon="3.679120">
						<ele>740</ele>
						<time>2025-11-03T07:36:29Z</time>
					</trkpt>
					<trkpt lat="44.909320" lon="3.679660">
						<ele>749</ele>
						<time>2025-11-03T07:36:59Z</time>
					</trkpt>
					<trkpt lat="44.909130" lon="3.679770">
						<ele>752</ele>
						<time>2025-11-03T07:37:10Z</time>
					</trkpt>
					<trkpt lat="44.909070" lon="3.679370">
						<ele>750</ele>
						<time>2025-11-03T07:37:24Z</time>
					</trkpt>
					<trkpt lat="44.908630" lon="3.679690">
						<ele>758</ele>
						<time>2025-11-03T07:37:49Z</time>
					</trkpt>
					<trkpt lat="44.908000" lon="3.679990">
						<ele>766</ele>
						<time>2025-11-03T07:38:22Z</time>
					</trkpt>
					<trkpt lat="44.907670" lon="3.680260">
						<ele>770</ele>
						<time>2025-11-03T07:38:41Z</time>
					</trkpt>
					<trkpt lat="44.905940" lon="3.680680">
						<ele>769</ele>
						<time>2025-11-03T07:40:09Z</time>
					</trkpt>
					<trkpt lat="44.905320" lon="3.681010">
						<ele>771</ele>
						<time>2025-11-03T07:40:42Z</time>
					</trkpt>
					<trkpt lat="44.905240" lon="3.681370">
						<ele>774</ele>
						<time>2025-11-03T07:40:56Z</time>
					</trkpt>
					<trkpt lat="44.905750" lon="3.681600">
						<ele>782</ele>
						<time>2025-11-03T07:41:22Z</time>
					</trkpt>
					<trkpt lat="44.905850" lon="3.682040">
						<ele>785</ele>
						<time>2025-11-03T07:41:39Z</time>
					</trkpt>
					<trkpt lat="44.905930" lon="3.682030">
						<ele>785</ele>
						<time>2025-11-03T07:41:43Z</time>
					</trkpt>
					<trkpt lat="44.905970" lon="3.682170">
						<ele>785</ele>
						<time>2025-11-03T07:41:48Z</time>
					</trkpt>
					<trkpt lat="44.905930" lon="3.682270">
						<ele>785</ele>
						<time>2025-11-03T07:41:52Z</time>
					</trkpt>
					<trkpt lat="44.905580" lon="3.682510">
						<ele>782</ele>
						<time>2025-11-03T07:42:12Z</time>
					</trkpt>
					<trkpt lat="44.905480" lon="3.682690">
						<ele>781</ele>
						<time>2025-11-03T07:42:20Z</time>
					</trkpt>
					<trkpt lat="44.905290" lon="3.683210">
						<ele>778</ele>
						<time>2025-11-03T07:42:40Z</time>
					</trkpt>
					<trkpt lat="44.905200" lon="3.683780">
						<ele>777</ele>
						<time>2025-11-03T07:43:01Z</time>
					</trkpt>
					<trkpt lat="44.905230" lon="3.683970">
						<ele>777</ele>
						<time>2025-11-03T07:43:08Z</time>
					</trkpt>
					<trkpt lat="44.905290" lon="3.684060">
						<ele>776</ele>
						<time>2025-11-03T07:43:12Z</time>
					</trkpt>
					<trkpt lat="44.905500" lon="3.684230">
						<ele>775</ele>
						<time>2025-11-03T07:43:25Z</time>
					</trkpt>
					<trkpt lat="44.905600" lon="3.684350">
						<ele>774</ele>
						<time>2025-11-03T07:43:31Z</time>
					</trkpt>
					<trkpt lat="44.905580" lon="3.685310">
						<ele>773</ele>
						<time>2025-11-03T07:44:05Z</time>
					</trkpt>
					<trkpt lat="44.905520" lon="3.685880">
						<ele>774</ele>
						<time>2025-11-03T07:44:26Z</time>
					</trkpt>
					<trkpt lat="44.905510" lon="3.686260">
						<ele>775</ele>
						<time>2025-11-03T07:44:39Z</time>
					</trkpt>
					<trkpt lat="44.905570" lon="3.686820">
						<ele>775</ele>
						<time>2025-11-03T07:44:59Z</time>
					</trkpt>
					<trkpt lat="44.905710" lon="3.687730">
						<ele>777</ele>
						<time>2025-11-03T07:45:32Z</time>
					</trkpt>
					<trkpt lat="44.905880" lon="3.688420">
						<ele>779</ele>
						<time>2025-11-03T07:45:58Z</time>
					</trkpt>
					<trkpt lat="44.905890" lon="3.688620">
						<ele>779</ele>
						<time>2025-11-03T07:46:05Z</time>
					</trkpt>
					<trkpt lat="44.905970" lon="3.688900">
						<ele>779</ele>
						<time>2025-11-03T07:46:16Z</time>
					</trkpt>
					<trkpt lat="44.905960" lon="3.689290">
						<ele>779</ele>
						<time>2025-11-03T07:46:30Z</time>
					</trkpt>
					<trkpt lat="44.905840" lon="3.689840">
						<ele>778</ele>
						<time>2025-11-03T07:46:50Z</time>
					</trkpt>
					<trkpt lat="44.905760" lon="3.690030">
						<ele>778</ele>
						<time>2025-11-03T07:46:58Z</time>
					</trkpt>
					<trkpt lat="44.905650" lon="3.690430">
						<ele>782</ele>
						<time>2025-11-03T07:47:13Z</time>
					</trkpt>
					<trkpt lat="44.905630" lon="3.690600">
						<ele>782</ele>
						<time>2025-11-03T07:47:19Z</time>
					</trkpt>
					<trkpt lat="44.905690" lon="3.691030">
						<ele>783</ele>
						<time>2025-11-03T07:47:35Z</time>
					</trkpt>
					<trkpt lat="44.905750" lon="3.691200">
						<ele>783</ele>
						<time>2025-11-03T07:47:42Z</time>
					</trkpt>
					<trkpt lat="44.905910" lon="3.691300">
						<ele>783</ele>
						<time>2025-11-03T07:47:50Z</time>
					</trkpt>
					<trkpt lat="44.906120" lon="3.691270">
						<ele>783</ele>
						<time>2025-11-03T07:48:01Z</time>
					</trkpt>
					<trkpt lat="44.906310" lon="3.691180">
						<ele>783</ele>
						<time>2025-11-03T07:48:11Z</time>
					</trkpt>
					<trkpt lat="44.906540" lon="3.691220">
						<ele>784</ele>
						<time>2025-11-03T07:48:22Z</time>
					</trkpt>
					<trkpt lat="44.906720" lon="3.691350">
						<ele>785</ele>
						<time>2025-11-03T07:48:33Z</time>
					</trkpt>
					<trkpt lat="44.906910" lon="3.691610">
						<ele>787</ele>
						<time>2025-11-03T07:48:46Z</time>
					</trkpt>
					<trkpt lat="44.907080" lon="3.692140">
						<ele>790</ele>
						<time>2025-11-03T07:49:06Z</time>
					</trkpt>
					<trkpt lat="44.907210" lon="3.692290">
						<ele>790</ele>
						<time>2025-11-03T07:49:15Z</time>
					</trkpt>
					<trkpt lat="44.907370" lon="3.692840">
						<ele>794</ele>
						<time>2025-11-03T07:49:36Z</time>
					</trkpt>
					<trkpt lat="44.907470" lon="3.692980">
						<ele>793</ele>
						<time>2025-11-03T07:49:43Z</time>
					</trkpt>
					<trkpt lat="44.907490" lon="3.693100">
						<ele>794</ele>
						<time>2025-11-03T07:49:47Z</time>
					</trkpt>
					<trkpt lat="44.907480" lon="3.693250">
						<ele>796</ele>
						<time>2025-11-03T07:49:53Z</time>
					</trkpt>
					<trkpt lat="44.907540" lon="3.693490">
						<ele>799</ele>
						<time>2025-11-03T07:50:02Z</time>
					</trkpt>
					<trkpt lat="44.907520" lon="3.693540">
						<ele>800</ele>
						<time>2025-11-03T07:50:04Z</time>
					</trkpt>
					<trkpt lat="44.907430" lon="3.693630">
						<ele>803</ele>
						<time>2025-11-03T07:50:09Z</time>
					</trkpt>
					<trkpt lat="44.907160" lon="3.693850">
						<ele>813</ele>
						<time>2025-11-03T07:50:25Z</time>
					</trkpt>
					<trkpt lat="44.907090" lon="3.693950">
						<ele>815</ele>
						<time>2025-11-03T07:50:30Z</time>
					</trkpt>
					<trkpt lat="44.907010" lon="3.694230">
						<ele>821</ele>
						<time>2025-11-03T07:50:41Z</time>
					</trkpt>
					<trkpt lat="44.907040" lon="3.694340">
						<ele>823</ele>
						<time>2025-11-03T07:50:45Z</time>
					</trkpt>
					<trkpt lat="44.907120" lon="3.694460">
						<ele>823</ele>
						<time>2025-11-03T07:50:51Z</time>
					</trkpt>
					<trkpt lat="44.907210" lon="3.694780">
						<ele>826</ele>
						<time>2025-11-03T07:51:03Z</time>
					</trkpt>
					<trkpt lat="44.907260" lon="3.695270">
						<ele>831</ele>
						<time>2025-11-03T07:51:20Z</time>
					</trkpt>
					<trkpt lat="44.907240" lon="3.695410">
						<ele>833</ele>
						<time>2025-11-03T07:51:25Z</time>
					</trkpt>
					<trkpt lat="44.907260" lon="3.695570">
						<ele>834</ele>
						<time>2025-11-03T07:51:31Z</time>
					</trkpt>
					<trkpt lat="44.907230" lon="3.695650">
						<ele>836</ele>
						<time>2025-11-03T07:51:34Z</time>
					</trkpt>
					<trkpt lat="44.907060" lon="3.695830">
						<ele>844</ele>
						<time>2025-11-03T07:51:45Z</time>
					</trkpt>
					<trkpt lat="44.906740" lon="3.696080">
						<ele>856</ele>
						<time>2025-11-03T07:52:03Z</time>
					</trkpt>
					<trkpt lat="44.906700" lon="3.696170">
						<ele>858</ele>
						<time>2025-11-03T07:52:07Z</time>
					</trkpt>
					<trkpt lat="44.906400" lon="3.696520">
						<ele>868</ele>
						<time>2025-11-03T07:52:27Z</time>
					</trkpt>
					<trkpt lat="44.906080" lon="3.696700">
						<ele>879</ele>
						<time>2025-11-03T07:52:44Z</time>
					</trkpt>
					<trkpt lat="44.906010" lon="3.696930">
						<ele>882</ele>
						<time>2025-11-03T07:52:53Z</time>
					</trkpt>
					<trkpt lat="44.906000" lon="3.697090">
						<ele>883</ele>
						<time>2025-11-03T07:52:58Z</time>
					</trkpt>
					<trkpt lat="44.906110" lon="3.697470">
						<ele>884</ele>
						<time>2025-11-03T07:53:13Z</time>
					</trkpt>
					<trkpt lat="44.906440" lon="3.697790">
						<ele>884</ele>
						<time>2025-11-03T07:53:33Z</time>
					</trkpt>
					<trkpt lat="44.906730" lon="3.698120">
						<ele>885</ele>
						<time>2025-11-03T07:53:52Z</time>
					</trkpt>
					<trkpt lat="44.906760" lon="3.698200">
						<ele>886</ele>
						<time>2025-11-03T07:53:55Z</time>
					</trkpt>
					<trkpt lat="44.906920" lon="3.698300">
						<ele>883</ele>
						<time>2025-11-03T07:54:04Z</time>
					</trkpt>
					<trkpt lat="44.907060" lon="3.698520">
						<ele>879</ele>
						<time>2025-11-03T07:54:14Z</time>
					</trkpt>
					<trkpt lat="44.907090" lon="3.698780">
						<ele>878</ele>
						<time>2025-11-03T07:54:23Z</time>
					</trkpt>
					<trkpt lat="44.907050" lon="3.698940">
						<ele>880</ele>
						<time>2025-11-03T07:54:29Z</time>
					</trkpt>
					<trkpt lat="44.907090" lon="3.699100">
						<ele>878</ele>
						<time>2025-11-03T07:54:35Z</time>
					</trkpt>
					<trkpt lat="44.907000" lon="3.699150">
						<ele>882</ele>
						<time>2025-11-03T07:54:40Z</time>
					</trkpt>
					<trkpt lat="44.907030" lon="3.699290">
						<ele>879</ele>
						<time>2025-11-03T07:54:45Z</time>
					</trkpt>
					<trkpt lat="44.906950" lon="3.699310">
						<ele>882</ele>
						<time>2025-11-03T07:54:49Z</time>
					</trkpt>
					<trkpt lat="44.906940" lon="3.699440">
						<ele>880</ele>
						<time>2025-11-03T07:54:54Z</time>
					</trkpt>
					<trkpt lat="44.906710" lon="3.699770">
						<ele>884</ele>
						<time>2025-11-03T07:55:10Z</time>
					</trkpt>
					<trkpt lat="44.906540" lon="3.700080">
						<ele>885</ele>
						<time>2025-11-03T07:55:24Z</time>
					</trkpt>
					<trkpt lat="44.906470" lon="3.700250">
						<ele>885</ele>
						<time>2025-11-03T07:55:31Z</time>
					</trkpt>
					<trkpt lat="44.906420" lon="3.700480">
						<ele>882</ele>
						<time>2025-11-03T07:55:40Z</time>
					</trkpt>
					<trkpt lat="44.906380" lon="3.700530">
						<ele>883</ele>
						<time>2025-11-03T07:55:43Z</time>
					</trkpt>
					<trkpt lat="44.906350" lon="3.700690">
						<ele>881</ele>
						<time>2025-11-03T07:55:48Z</time>
					</trkpt>
					<trkpt lat="44.906210" lon="3.700750">
						<ele>886</ele>
						<time>2025-11-03T07:55:56Z</time>
					</trkpt>
					<trkpt lat="44.906080" lon="3.700880">
						<ele>890</ele>
						<time>2025-11-03T07:56:04Z</time>
					</trkpt>
					<trkpt lat="44.906120" lon="3.701200">
						<ele>891</ele>
						<time>2025-11-03T07:56:15Z</time>
					</trkpt>
					<trkpt lat="44.906320" lon="3.701490">
						<ele>885</ele>
						<time>2025-11-03T07:56:30Z</time>
					</trkpt>
					<trkpt lat="44.906400" lon="3.701700">
						<ele>884</ele>
						<time>2025-11-03T07:56:38Z</time>
					</trkpt>
					<trkpt lat="44.906420" lon="3.702110">
						<ele>887</ele>
						<time>2025-11-03T07:56:53Z</time>
					</trkpt>
					<trkpt lat="44.906410" lon="3.702410">
						<ele>890</ele>
						<time>2025-11-03T07:57:03Z</time>
					</trkpt>
					<trkpt lat="44.906100" lon="3.703050">
						<ele>900</ele>
						<time>2025-11-03T07:57:31Z</time>
					</trkpt>
					<trkpt lat="44.905890" lon="3.703620">
						<ele>908</ele>
						<time>2025-11-03T07:57:53Z</time>
					</trkpt>
					<trkpt lat="44.905850" lon="3.703890">
						<ele>911</ele>
						<time>2025-11-03T07:58:03Z</time>
					</trkpt>
					<trkpt lat="44.905840" lon="3.704350">
						<ele>915</ele>
						<time>2025-11-03T07:58:20Z</time>
					</trkpt>
					<trkpt lat="44.905870" lon="3.704460">
						<ele>915</ele>
						<time>2025-11-03T07:58:24Z</time>
					</trkpt>
					<trkpt lat="44.905990" lon="3.704630">
						<ele>913</ele>
						<time>2025-11-03T07:58:32Z</time>
					</trkpt>
					<trkpt lat="44.906050" lon="3.704970">
						<ele>914</ele>
						<time>2025-11-03T07:58:45Z</time>
					</trkpt>
					<trkpt lat="44.906010" lon="3.705520">
						<ele>912</ele>
						<time>2025-11-03T07:59:04Z</time>
					</trkpt>
					<trkpt lat="44.905980" lon="3.705610">
						<ele>912</ele>
						<time>2025-11-03T07:59:08Z</time>
					</trkpt>
					<trkpt lat="44.905980" lon="3.705870">
						<ele>909</ele>
						<time>2025-11-03T07:59:17Z</time>
					</trkpt>
					<trkpt lat="44.905850" lon="3.706000">
						<ele>910</ele>
						<time>2025-11-03T07:59:25Z</time>
					</trkpt>
					<trkpt lat="44.905690" lon="3.706110">
						<ele>914</ele>
						<time>2025-11-03T07:59:34Z</time>
					</trkpt>
					<trkpt lat="44.905490" lon="3.706330">
						<ele>918</ele>
						<time>2025-11-03T07:59:47Z</time>
					</trkpt>
					<trkpt lat="44.905360" lon="3.706880">
						<ele>914</ele>
						<time>2025-11-03T08:00:07Z</time>
					</trkpt>
					<trkpt lat="44.905300" lon="3.707270">
						<ele>912</ele>
						<time>2025-11-03T08:00:21Z</time>
					</trkpt>
					<trkpt lat="44.905330" lon="3.707480">
						<ele>907</ele>
						<time>2025-11-03T08:00:29Z</time>
					</trkpt>
					<trkpt lat="44.905130" lon="3.707680">
						<ele>915</ele>
						<time>2025-11-03T08:00:41Z</time>
					</trkpt>
					<trkpt lat="44.905030" lon="3.707850">
						<ele>918</ele>
						<time>2025-11-03T08:00:49Z</time>
					</trkpt>
					<trkpt lat="44.904940" lon="3.708180">
						<ele>919</ele>
						<time>2025-11-03T08:01:02Z</time>
					</trkpt>
					<trkpt lat="44.904790" lon="3.708480">
						<ele>920</ele>
						<time>2025-11-03T08:01:15Z</time>
					</trkpt>
					<trkpt lat="44.904730" lon="3.708730">
						<ele>915</ele>
						<time>2025-11-03T08:01:24Z</time>
					</trkpt>
					<trkpt lat="44.904600" lon="3.708850">
						<ele>917</ele>
						<time>2025-11-03T08:01:32Z</time>
					</trkpt>
					<trkpt lat="44.904540" lon="3.708980">
						<ele>916</ele>
						<time>2025-11-03T08:01:37Z</time>
					</trkpt>
					<trkpt lat="44.904400" lon="3.709040">
						<ele>921</ele>
						<time>2025-11-03T08:01:44Z</time>
					</trkpt>
					<trkpt lat="44.904390" lon="3.709190">
						<ele>916</ele>
						<time>2025-11-03T08:01:50Z</time>
					</trkpt>
					<trkpt lat="44.904180" lon="3.709460">
						<ele>917</ele>
						<time>2025-11-03T08:02:04Z</time>
					</trkpt>
					<trkpt lat="44.903930" lon="3.709640">
						<ele>918</ele>
						<time>2025-11-03T08:02:18Z</time>
					</trkpt>
					<trkpt lat="44.903850" lon="3.709750">
						<ele>917</ele>
						<time>2025-11-03T08:02:24Z</time>
					</trkpt>
					<trkpt lat="44.903570" lon="3.709990">
						<ele>914</ele>
						<time>2025-11-03T08:02:40Z</time>
					</trkpt>
					<trkpt lat="44.903310" lon="3.710170">
						<ele>913</ele>
						<time>2025-11-03T08:02:55Z</time>
					</trkpt>
					<trkpt lat="44.903140" lon="3.710270">
						<ele>913</ele>
						<time>2025-11-03T08:03:04Z</time>
					</trkpt>
					<trkpt lat="44.903030" lon="3.710290">
						<ele>915</ele>
						<time>2025-11-03T08:03:09Z</time>
					</trkpt>
					<trkpt lat="44.902710" lon="3.710110">
						<ele>932</ele>
						<time>2025-11-03T08:03:27Z</time>
					</trkpt>
					<trkpt lat="44.902330" lon="3.709970">
						<ele>946</ele>
						<time>2025-11-03T08:03:46Z</time>
					</trkpt>
					<trkpt lat="44.902160" lon="3.709950">
						<ele>950</ele>
						<time>2025-11-03T08:03:55Z</time>
					</trkpt>
					<trkpt lat="44.902020" lon="3.710000">
						<ele>950</ele>
						<time>2025-11-03T08:04:02Z</time>
					</trkpt>
					<trkpt lat="44.901930" lon="3.710080">
						<ele>948</ele>
						<time>2025-11-03T08:04:07Z</time>
					</trkpt>
					<trkpt lat="44.901840" lon="3.710120">
						<ele>949</ele>
						<time>2025-11-03T08:04:12Z</time>
					</trkpt>
					<trkpt lat="44.901640" lon="3.710350">
						<ele>944</ele>
						<time>2025-11-03T08:04:25Z</time>
					</trkpt>
					<trkpt lat="44.901480" lon="3.710490">
						<ele>943</ele>
						<time>2025-11-03T08:04:34Z</time>
					</trkpt>
					<trkpt lat="44.901400" lon="3.710630">
						<ele>940</ele>
						<time>2025-11-03T08:04:41Z</time>
					</trkpt>
					<trkpt lat="44.901230" lon="3.710780">
						<ele>938</ele>
						<time>2025-11-03T08:04:51Z</time>
					</trkpt>
					<trkpt lat="44.900750" lon="3.710770">
						<ele>949</ele>
						<time>2025-11-03T08:05:15Z</time>
					</trkpt>
					<trkpt lat="44.900580" lon="3.710840">
						<ele>949</ele>
						<time>2025-11-03T08:05:24Z</time>
					</trkpt>
					<trkpt lat="44.900410" lon="3.710860">
						<ele>952</ele>
						<time>2025-11-03T08:05:32Z</time>
					</trkpt>
					<trkpt lat="44.900260" lon="3.710840">
						<ele>955</ele>
						<time>2025-11-03T08:05:40Z</time>
					</trkpt>
					<trkpt lat="44.900100" lon="3.710770">
						<ele>959</ele>
						<time>2025-11-03T08:05:48Z</time>
					</trkpt>
					<trkpt lat="44.899900" lon="3.710560">
						<ele>966</ele>
						<time>2025-11-03T08:06:01Z</time>
					</trkpt>
					<trkpt lat="44.899780" lon="3.710510">
						<ele>968</ele>
						<time>2025-11-03T08:06:07Z</time>
					</trkpt>
					<trkpt lat="44.899510" lon="3.710510">
						<ele>969</ele>
						<time>2025-11-03T08:06:20Z</time>
					</trkpt>
					<trkpt lat="44.898850" lon="3.710570">
						<ele>975</ele>
						<time>2025-11-03T08:06:53Z</time>
					</trkpt>
					<trkpt lat="44.898570" lon="3.710550">
						<ele>978</ele>
						<time>2025-11-03T08:07:07Z</time>
					</trkpt>
					<trkpt lat="44.898560" lon="3.710460">
						<ele>979</ele>
						<time>2025-11-03T08:07:11Z</time>
					</trkpt>
					<trkpt lat="44.898700" lon="3.710270">
						<ele>979</ele>
						<time>2025-11-03T08:07:20Z</time>
					</trkpt>
					<trkpt lat="44.898730" lon="3.710140">
						<ele>979</ele>
						<time>2025-11-03T08:07:25Z</time>
					</trkpt>
					<trkpt lat="44.898660" lon="3.710060">
						<ele>981</ele>
						<time>2025-11-03T08:07:30Z</time>
					</trkpt>
					<trkpt lat="44.898600" lon="3.710050">
						<ele>981</ele>
						<time>2025-11-03T08:07:33Z</time>
					</trkpt>
					<trkpt lat="44.898340" lon="3.710100">
						<ele>984</ele>
						<time>2025-11-03T08:07:46Z</time>
					</trkpt>
					<trkpt lat="44.898230" lon="3.710150">
						<ele>985</ele>
						<time>2025-11-03T08:07:52Z</time>
					</trkpt>
					<trkpt lat="44.898150" lon="3.710300">
						<ele>985</ele>
						<time>2025-11-03T08:07:58Z</time>
					</trkpt>
					<trkpt lat="44.898030" lon="3.710450">
						<ele>986</ele>
						<time>2025-11-03T08:08:06Z</time>
					</trkpt>
					<trkpt lat="44.897860" lon="3.710570">
						<ele>988</ele>
						<time>2025-11-03T08:08:16Z</time>
					</trkpt>
					<trkpt lat="44.897580" lon="3.710720">
						<ele>992</ele>
						<time>2025-11-03T08:08:31Z</time>
					</trkpt>
					<trkpt lat="44.897260" lon="3.711090">
						<ele>997</ele>
						<time>2025-11-03T08:08:52Z</time>
					</trkpt>
					<trkpt lat="44.897220" lon="3.711180">
						<ele>997</ele>
						<time>2025-11-03T08:08:55Z</time>
					</trkpt>
					<trkpt lat="44.897040" lon="3.711390">
						<ele>1000</ele>
						<time>2025-11-03T08:09:07Z</time>
					</trkpt>
					<trkpt lat="44.896830" lon="3.711700">
						<ele>1002</ele>
						<time>2025-11-03T08:09:22Z</time>
					</trkpt>
					<trkpt lat="44.896540" lon="3.712010">
						<ele>1004</ele>
						<time>2025-11-03T08:09:40Z</time>
					</trkpt>
					<trkpt lat="44.896490" lon="3.712100">
						<ele>1004</ele>
						<time>2025-11-03T08:09:44Z</time>
					</trkpt>
					<trkpt lat="44.896180" lon="3.712450">
						<ele>1004</ele>
						<time>2025-11-03T08:10:04Z</time>
					</trkpt>
					<trkpt lat="44.895950" lon="3.712660">
						<ele>1005</ele>
						<time>2025-11-03T08:10:18Z</time>
					</trkpt>
					<trkpt lat="44.895760" lon="3.712770">
						<ele>1005</ele>
						<time>2025-11-03T08:10:28Z</time>
					</trkpt>
					<trkpt lat="44.895630" lon="3.712900">
						<ele>1004</ele>
						<time>2025-11-03T08:10:36Z</time>
					</trkpt>
					<trkpt lat="44.895290" lon="3.713020">
						<ele>1004</ele>
						<time>2025-11-03T08:10:54Z</time>
					</trkpt>
					<trkpt lat="44.895200" lon="3.713060">
						<ele>1004</ele>
						<time>2025-11-03T08:10:59Z</time>
					</trkpt>
					<trkpt lat="44.895170" lon="3.713100">
						<ele>1003</ele>
						<time>2025-11-03T08:11:01Z</time>
					</trkpt>
					<trkpt lat="44.895430" lon="3.713470">
						<ele>999</ele>
						<time>2025-11-03T08:11:19Z</time>
					</trkpt>
					<trkpt lat="44.895840" lon="3.713890">
						<ele>993</ele>
						<time>2025-11-03T08:11:44Z</time>
					</trkpt>
					<trkpt lat="44.896210" lon="3.714080">
						<ele>988</ele>
						<time>2025-11-03T08:12:04Z</time>
					</trkpt>
					<trkpt lat="44.896830" lon="3.714250">
						<ele>983</ele>
						<time>2025-11-03T08:12:36Z</time>
					</trkpt>
					<trkpt lat="44.897240" lon="3.715300">
						<ele>978</ele>
						<time>2025-11-03T08:13:18Z</time>
					</trkpt>
					<trkpt lat="44.897430" lon="3.715440">
						<ele>978</ele>
						<time>2025-11-03T08:13:29Z</time>
					</trkpt>
					<trkpt lat="44.897840" lon="3.715070">
						<ele>973</ele>
						<time>2025-11-03T08:13:53Z</time>
					</trkpt>
					<trkpt lat="44.898220" lon="3.715120">
						<ele>969</ele>
						<time>2025-11-03T08:14:12Z</time>
					</trkpt>
					<trkpt lat="44.898480" lon="3.715390">
						<ele>962</ele>
						<time>2025-11-03T08:14:29Z</time>
					</trkpt>
					<trkpt lat="44.898670" lon="3.715730">
						<ele>953</ele>
						<time>2025-11-03T08:14:44Z</time>
					</trkpt>
					<trkpt lat="44.898860" lon="3.715470">
						<ele>950</ele>
						<time>2025-11-03T08:14:57Z</time>
					</trkpt>
					<trkpt lat="44.899050" lon="3.715310">
						<ele>947</ele>
						<time>2025-11-03T08:15:08Z</time>
					</trkpt>
					<trkpt lat="44.899060" lon="3.714980">
						<ele>952</ele>
						<time>2025-11-03T08:15:20Z</time>
					</trkpt>
					<trkpt lat="44.899680" lon="3.714920">
						<ele>936</ele>
						<time>2025-11-03T08:15:51Z</time>
					</trkpt>
					<trkpt lat="44.899610" lon="3.715120">
						<ele>935</ele>
						<time>2025-11-03T08:15:59Z</time>
					</trkpt>
					<trkpt lat="44.899450" lon="3.715830">
						<ele>925</ele>
						<time>2025-11-03T08:16:25Z</time>
					</trkpt>
					<trkpt lat="44.899200" lon="3.716710">
						<ele>909</ele>
						<time>2025-11-03T08:16:59Z</time>
					</trkpt>
					<trkpt lat="44.898970" lon="3.716880">
						<ele>912</ele>
						<time>2025-11-03T08:17:12Z</time>
					</trkpt>
					<trkpt lat="44.898860" lon="3.717060">
						<ele>910</ele>
						<time>2025-11-03T08:17:20Z</time>
					</trkpt>
					<trkpt lat="44.898770" lon="3.717570">
						<ele>896</ele>
						<time>2025-11-03T08:17:39Z</time>
					</trkpt>
					<trkpt lat="44.898600" lon="3.717900">
						<ele>892</ele>
						<time>2025-11-03T08:17:54Z</time>
					</trkpt>
					<trkpt lat="44.898780" lon="3.717830">
						<ele>889</ele>
						<time>2025-11-03T08:18:03Z</time>
					</trkpt>
					<trkpt lat="44.898680" lon="3.718230">
						<ele>880</ele>
						<time>2025-11-03T08:18:18Z</time>
					</trkpt>
					<trkpt lat="44.898520" lon="3.718490">
						<ele>880</ele>
						<time>2025-11-03T08:18:30Z</time>
					</trkpt>
					<trkpt lat="44.898830" lon="3.718430">
						<ele>875</ele>
						<time>2025-11-03T08:18:46Z</time>
					</trkpt>
					<trkpt lat="44.899630" lon="3.717810">
						<ele>870</ele>
						<time>2025-11-03T08:19:31Z</time>
					</trkpt>
					<trkpt lat="44.900280" lon="3.717720">
						<ele>867</ele>
						<time>2025-11-03T08:20:04Z</time>
					</trkpt>
					<trkpt lat="44.900720" lon="3.717420">
						<ele>864</ele>
						<time>2025-11-03T08:20:29Z</time>
					</trkpt>
					<trkpt lat="44.901230" lon="3.717550">
						<ele>877</ele>
						<time>2025-11-03T08:20:54Z</time>
					</trkpt>
					<trkpt lat="44.901580" lon="3.717450">
						<ele>882</ele>
						<time>2025-11-03T08:21:12Z</time>
					</trkpt>
					<trkpt lat="44.901820" lon="3.717350">
						<ele>879</ele>
						<time>2025-11-03T08:21:25Z</time>
					</trkpt>
					<trkpt lat="44.901910" lon="3.717480">
						<ele>882</ele>
						<time>2025-11-03T08:21:31Z</time>
					</trkpt>
					<trkpt lat="44.901920" lon="3.717620">
						<ele>883</ele>
						<time>2025-11-03T08:21:36Z</time>
					</trkpt>
					<trkpt lat="44.901860" lon="3.717810">
						<ele>886</ele>
						<time>2025-11-03T08:21:44Z</time>
					</trkpt>
					<trkpt lat="44.901800" lon="3.718140">
						<ele>890</ele>
						<time>2025-11-03T08:21:56Z</time>
					</trkpt>
					<trkpt lat="44.901870" lon="3.718690">
						<ele>896</ele>
						<time>2025-11-03T08:22:16Z</time>
					</trkpt>
					<trkpt lat="44.901860" lon="3.718800">
						<ele>898</ele>
						<time>2025-11-03T08:22:20Z</time>
					</trkpt>
					<trkpt lat="44.901700" lon="3.718430">
						<ele>896</ele>
						<time>2025-11-03T08:22:35Z</time>
					</trkpt>
					<trkpt lat="44.901870" lon="3.718880">
						<ele>899</ele>
						<time>2025-11-03T08:22:53Z</time>
					</trkpt>
					<trkpt lat="44.902200" lon="3.719430">
						<ele>902</ele>
						<time>2025-11-03T08:23:18Z</time>
					</trkpt>
					<trkpt lat="44.902360" lon="3.720330">
						<ele>905</ele>
						<time>2025-11-03T08:23:51Z</time>
					</trkpt>
					<trkpt lat="44.902460" lon="3.720560">
						<ele>902</ele>
						<time>2025-11-03T08:24:01Z</time>
					</trkpt>
					<trkpt lat="44.902650" lon="3.720660">
						<ele>904</ele>
						<time>2025-11-03T08:24:11Z</time>
					</trkpt>
					<trkpt lat="44.902700" lon="3.720740">
						<ele>905</ele>
						<time>2025-11-03T08:24:15Z</time>
					</trkpt>
					<trkpt lat="44.902660" lon="3.720890">
						<ele>905</ele>
						<time>2025-11-03T08:24:21Z</time>
					</trkpt>
					<trkpt lat="44.902920" lon="3.721350">
						<ele>915</ele>
						<time>2025-11-03T08:24:41Z</time>
					</trkpt>
					<trkpt lat="44.902850" lon="3.721620">
						<ele>918</ele>
						<time>2025-11-03T08:24:52Z</time>
					</trkpt>
					<trkpt lat="44.902890" lon="3.721930">
						<ele>922</ele>
						<time>2025-11-03T08:25:03Z</time>
					</trkpt>
					<trkpt lat="44.902860" lon="3.722170">
						<ele>924</ele>
						<time>2025-11-03T08:25:11Z</time>
					</trkpt>
					<trkpt lat="44.902670" lon="3.722800">
						<ele>928</ele>
						<time>2025-11-03T08:25:36Z</time>
					</trkpt>
					<trkpt lat="44.902670" lon="3.722910">
						<ele>928</ele>
						<time>2025-11-03T08:25:40Z</time>
					</trkpt>
					<trkpt lat="44.902740" lon="3.723260">
						<ele>927</ele>
						<time>2025-11-03T08:25:52Z</time>
					</trkpt>
					<trkpt lat="44.902810" lon="3.723480">
						<ele>928</ele>
						<time>2025-11-03T08:26:01Z</time>
					</trkpt>
					<trkpt lat="44.903060" lon="3.723920">
						<ele>927</ele>
						<time>2025-11-03T08:26:21Z</time>
					</trkpt>
					<trkpt lat="44.903190" lon="3.724090">
						<ele>924</ele>
						<time>2025-11-03T08:26:30Z</time>
					</trkpt>
					<trkpt lat="44.903450" lon="3.724270">
						<ele>925</ele>
						<time>2025-11-03T08:26:44Z</time>
					</trkpt>
					<trkpt lat="44.903590" lon="3.724610">
						<ele>931</ele>
						<time>2025-11-03T08:26:58Z</time>
					</trkpt>
					<trkpt lat="44.903920" lon="3.725080">
						<ele>933</ele>
						<time>2025-11-03T08:27:22Z</time>
					</trkpt>
					<trkpt lat="44.904100" lon="3.725150">
						<ele>934</ele>
						<time>2025-11-03T08:27:31Z</time>
					</trkpt>
					<trkpt lat="44.904110" lon="3.725260">
						<ele>935</ele>
						<time>2025-11-03T08:27:35Z</time>
					</trkpt>
					<trkpt lat="44.904270" lon="3.725650">
						<ele>943</ele>
						<time>2025-11-03T08:27:51Z</time>
					</trkpt>
					<trkpt lat="44.904320" lon="3.725900">
						<ele>947</ele>
						<time>2025-11-03T08:28:00Z</time>
					</trkpt>
					<trkpt lat="44.904330" lon="3.726120">
						<ele>950</ele>
						<time>2025-11-03T08:28:08Z</time>
					</trkpt>
					<trkpt lat="44.904290" lon="3.726250">
						<ele>951</ele>
						<time>2025-11-03T08:28:13Z</time>
					</trkpt>
					<trkpt lat="44.904270" lon="3.726450">
						<ele>954</ele>
						<time>2025-11-03T08:28:20Z</time>
					</trkpt>
					<trkpt lat="44.904290" lon="3.726610">
						<ele>956</ele>
						<time>2025-11-03T08:28:26Z</time>
					</trkpt>
					<trkpt lat="44.904270" lon="3.726830">
						<ele>959</ele>
						<time>2025-11-03T08:28:34Z</time>
					</trkpt>
					<trkpt lat="44.904230" lon="3.727020">
						<ele>961</ele>
						<time>2025-11-03T08:28:41Z</time>
					</trkpt>
					<trkpt lat="44.904170" lon="3.727170">
						<ele>962</ele>
						<time>2025-11-03T08:28:47Z</time>
					</trkpt>
					<trkpt lat="44.904050" lon="3.727290">
						<ele>969</ele>
						<time>2025-11-03T08:28:54Z</time>
					</trkpt>
					<trkpt lat="44.904080" lon="3.727400">
						<ele>970</ele>
						<time>2025-11-03T08:28:59Z</time>
					</trkpt>
					<trkpt lat="44.904080" lon="3.727530">
						<ele>972</ele>
						<time>2025-11-03T08:29:03Z</time>
					</trkpt>
					<trkpt lat="44.903980" lon="3.727750">
						<ele>983</ele>
						<time>2025-11-03T08:29:12Z</time>
					</trkpt>
					<trkpt lat="44.903890" lon="3.727760">
						<ele>987</ele>
						<time>2025-11-03T08:29:17Z</time>
					</trkpt>
					<trkpt lat="44.903680" lon="3.727680">
						<ele>994</ele>
						<time>2025-11-03T08:29:28Z</time>
					</trkpt>
					<trkpt lat="44.903730" lon="3.727260">
						<ele>983</ele>
						<time>2025-11-03T08:29:43Z</time>
					</trkpt>
					<trkpt lat="44.903700" lon="3.726860">
						<ele>976</ele>
						<time>2025-11-03T08:29:57Z</time>
					</trkpt>
					<trkpt lat="44.903730" lon="3.726770">
						<ele>973</ele>
						<time>2025-11-03T08:30:01Z</time>
					</trkpt>
					<trkpt lat="44.903720" lon="3.726710">
						<ele>972</ele>
						<time>2025-11-03T08:30:03Z</time>
					</trkpt>
					<trkpt lat="44.903550" lon="3.726430">
						<ele>971</ele>
						<time>2025-11-03T08:30:16Z</time>
					</trkpt>
					<trkpt lat="44.903470" lon="3.726390">
						<ele>972</ele>
						<time>2025-11-03T08:30:20Z</time>
					</trkpt>
					<trkpt lat="44.903130" lon="3.726640">
						<ele>981</ele>
						<time>2025-11-03T08:30:39Z</time>
					</trkpt>
					<trkpt lat="44.903020" lon="3.727040">
						<ele>989</ele>
						<time>2025-11-03T08:30:55Z</time>
					</trkpt>
					<trkpt lat="44.903030" lon="3.727220">
						<ele>993</ele>
						<time>2025-11-03T08:31:01Z</time>
					</trkpt>
					<trkpt lat="44.903110" lon="3.727430">
						<ele>1000</ele>
						<time>2025-11-03T08:31:09Z</time>
					</trkpt>
					<trkpt lat="44.903060" lon="3.727480">
						<ele>1000</ele>
						<time>2025-11-03T08:31:12Z</time>
					</trkpt>
					<trkpt lat="44.902910" lon="3.727550">
						<ele>998</ele>
						<time>2025-11-03T08:31:20Z</time>
					</trkpt>
					<trkpt lat="44.902890" lon="3.727630">
						<ele>1000</ele>
						<time>2025-11-03T08:31:23Z</time>
					</trkpt>
					<trkpt lat="44.903050" lon="3.727930">
						<ele>1009</ele>
						<time>2025-11-03T08:31:37Z</time>
					</trkpt>
					<trkpt lat="44.903140" lon="3.728250">
						<ele>1017</ele>
						<time>2025-11-03T08:31:49Z</time>
					</trkpt>
					<trkpt lat="44.903440" lon="3.728790">
						<ele>1027</ele>
						<time>2025-11-03T08:32:13Z</time>
					</trkpt>
					<trkpt lat="44.903480" lon="3.728910">
						<ele>1028</ele>
						<time>2025-11-03T08:32:18Z</time>
					</trkpt>
					<trkpt lat="44.903480" lon="3.729230">
						<ele>1034</ele>
						<time>2025-11-03T08:32:29Z</time>
					</trkpt>
					<trkpt lat="44.903440" lon="3.729570">
						<ele>1038</ele>
						<time>2025-11-03T08:32:42Z</time>
					</trkpt>
					<trkpt lat="44.903460" lon="3.730090">
						<ele>1042</ele>
						<time>2025-11-03T08:33:00Z</time>
					</trkpt>
					<trkpt lat="44.903570" lon="3.730550">
						<ele>1046</ele>
						<time>2025-11-03T08:33:17Z</time>
					</trkpt>
					<trkpt lat="44.903630" lon="3.730700">
						<ele>1048</ele>
						<time>2025-11-03T08:33:23Z</time>
					</trkpt>
					<trkpt lat="44.904040" lon="3.731380">
						<ele>1059</ele>
						<time>2025-11-03T08:33:55Z</time>
					</trkpt>
					<trkpt lat="44.904110" lon="3.731590">
						<ele>1062</ele>
						<time>2025-11-03T08:34:03Z</time>
					</trkpt>
					<trkpt lat="44.904150" lon="3.731830">
						<ele>1065</ele>
						<time>2025-11-03T08:34:12Z</time>
					</trkpt>
					<trkpt lat="44.904110" lon="3.732880">
						<ele>1071</ele>
						<time>2025-11-03T08:34:49Z</time>
					</trkpt>
					<trkpt lat="44.904140" lon="3.733560">
						<ele>1075</ele>
						<time>2025-11-03T08:35:13Z</time>
					</trkpt>
					<trkpt lat="44.904120" lon="3.733990">
						<ele>1077</ele>
						<time>2025-11-03T08:35:29Z</time>
					</trkpt>
					<trkpt lat="44.904150" lon="3.734280">
						<ele>1078</ele>
						<time>2025-11-03T08:35:39Z</time>
					</trkpt>
					<trkpt lat="44.904270" lon="3.734790">
						<ele>1077</ele>
						<time>2025-11-03T08:35:58Z</time>
					</trkpt>
					<trkpt lat="44.904220" lon="3.735740">
						<ele>1081</ele>
						<time>2025-11-03T08:36:32Z</time>
					</trkpt>
					<trkpt lat="44.904170" lon="3.735890">
						<ele>1082</ele>
						<time>2025-11-03T08:36:38Z</time>
					</trkpt>
					<trkpt lat="44.904040" lon="3.736070">
						<ele>1085</ele>
						<time>2025-11-03T08:36:47Z</time>
					</trkpt>
					<trkpt lat="44.903920" lon="3.736190">
						<ele>1086</ele>
						<time>2025-11-03T08:36:54Z</time>
					</trkpt>
					<trkpt lat="44.903690" lon="3.736530">
						<ele>1090</ele>
						<time>2025-11-03T08:37:11Z</time>
					</trkpt>
					<trkpt lat="44.903650" lon="3.736700">
						<ele>1092</ele>
						<time>2025-11-03T08:37:17Z</time>
					</trkpt>
					<trkpt lat="44.903610" lon="3.736740">
						<ele>1092</ele>
						<time>2025-11-03T08:37:20Z</time>
					</trkpt>
					<trkpt lat="44.903580" lon="3.736930">
						<ele>1093</ele>
						<time>2025-11-03T08:37:26Z</time>
					</trkpt>
					<trkpt lat="44.903620" lon="3.737250">
						<ele>1095</ele>
						<time>2025-11-03T08:37:38Z</time>
					</trkpt>
					<trkpt lat="44.903540" lon="3.737490">
						<ele>1096</ele>
						<time>2025-11-03T08:37:47Z</time>
					</trkpt>
					<trkpt lat="44.903410" lon="3.737710">
						<ele>1098</ele>
						<time>2025-11-03T08:37:58Z</time>
					</trkpt>
					<trkpt lat="44.903320" lon="3.737770">
						<ele>1099</ele>
						<time>2025-11-03T08:38:03Z</time>
					</trkpt>
					<trkpt lat="44.903290" lon="3.737860">
						<ele>1099</ele>
						<time>2025-11-03T08:38:06Z</time>
					</trkpt>
					<trkpt lat="44.903350" lon="3.737940">
						<ele>1100</ele>
						<time>2025-11-03T08:38:10Z</time>
					</trkpt>
					<trkpt lat="44.903830" lon="3.738170">
						<ele>1100</ele>
						<time>2025-11-03T08:38:36Z</time>
					</trkpt>
					<trkpt lat="44.904220" lon="3.738430">
						<ele>1101</ele>
						<time>2025-11-03T08:38:57Z</time>
					</trkpt>
					<trkpt lat="44.904510" lon="3.738810">
						<ele>1102</ele>
						<time>2025-11-03T08:39:17Z</time>
					</trkpt>
					<trkpt lat="44.905090" lon="3.739490">
						<ele>1105</ele>
						<time>2025-11-03T08:39:55Z</time>
					</trkpt>
					<trkpt lat="44.905150" lon="3.739970">
						<ele>1108</ele>
						<time>2025-11-03T08:40:12Z</time>
					</trkpt>
					<trkpt lat="44.905400" lon="3.740390">
						<ele>1109</ele>
						<time>2025-11-03T08:40:31Z</time>
					</trkpt>
					<trkpt lat="44.906100" lon="3.741360">
						<ele>1116</ele>
						<time>2025-11-03T08:41:20Z</time>
					</trkpt>
					<trkpt lat="44.906830" lon="3.741660">
						<ele>1120</ele>
						<time>2025-11-03T08:41:59Z</time>
					</trkpt>
					<trkpt lat="44.907250" lon="3.742050">
						<ele>1124</ele>
						<time>2025-11-03T08:42:24Z</time>
					</trkpt>
					<trkpt lat="44.907570" lon="3.742270">
						<ele>1126</ele>
						<time>2025-11-03T08:42:42Z</time>
					</trkpt>
					<trkpt lat="44.908020" lon="3.742750">
						<ele>1130</ele>
						<time>2025-11-03T08:43:10Z</time>
					</trkpt>
					<trkpt lat="44.908220" lon="3.743200">
						<ele>1136</ele>
						<time>2025-11-03T08:43:29Z</time>
					</trkpt>
					<trkpt lat="44.908340" lon="3.743630">
						<ele>1142</ele>
						<time>2025-11-03T08:43:45Z</time>
					</trkpt>
					<trkpt lat="44.908630" lon="3.744040">
						<ele>1144</ele>
						<time>2025-11-03T08:44:05Z</time>
					</trkpt>
					<trkpt lat="44.909090" lon="3.744440">
						<ele>1146</ele>
						<time>2025-11-03T08:44:33Z</time>
					</trkpt>
					<trkpt lat="44.909480" lon="3.744940">
						<ele>1147</ele>
						<time>2025-11-03T08:44:59Z</time>
					</trkpt>
					<trkpt lat="44.909740" lon="3.745150">
						<ele>1147</ele>
						<time>2025-11-03T08:45:14Z</time>
					</trkpt>
					<trkpt lat="44.909930" lon="3.745560">
						<ele>1148</ele>
						<time>2025-11-03T08:45:31Z</time>
					</trkpt>
					<trkpt lat="44.910220" lon="3.746360">
						<ele>1152</ele>
						<time>2025-11-03T08:46:03Z</time>
					</trkpt>
					<trkpt lat="44.910410" lon="3.746690">
						<ele>1153</ele>
						<time>2025-11-03T08:46:18Z</time>
					</trkpt>
					<trkpt lat="44.910550" lon="3.747160">
						<ele>1158</ele>
						<time>2025-11-03T08:46:36Z</time>
					</trkpt>
					<trkpt lat="44.910640" lon="3.748300">
						<ele>1168</ele>
						<time>2025-11-03T08:47:17Z</time>
					</trkpt>
					<trkpt lat="44.910290" lon="3.748500">
						<ele>1176</ele>
						<time>2025-11-03T08:47:36Z</time>
					</trkpt>
					<trkpt lat="44.910060" lon="3.748420">
						<ele>1179</ele>
						<time>2025-11-03T08:47:48Z</time>
					</trkpt>
					<trkpt lat="44.910050" lon="3.748850">
						<ele>1181</ele>
						<time>2025-11-03T08:48:03Z</time>
					</trkpt>
					<trkpt lat="44.909970" lon="3.749230">
						<ele>1184</ele>
						<time>2025-11-03T08:48:17Z</time>
					</trkpt>
					<trkpt lat="44.909570" lon="3.750300">
						<ele>1191</ele>
						<time>2025-11-03T08:49:00Z</time>
					</trkpt>
					<trkpt lat="44.909340" lon="3.750800">
						<ele>1195</ele>
						<time>2025-11-03T08:49:21Z</time>
					</trkpt>
					<trkpt lat="44.908570" lon="3.752940">
						<ele>1211</ele>
						<time>2025-11-03T08:50:46Z</time>
					</trkpt>
					<trkpt lat="44.908160" lon="3.753540">
						<ele>1214</ele>
						<time>2025-11-03T08:51:16Z</time>
					</trkpt>
					<trkpt lat="44.908010" lon="3.754560">
						<ele>1221</ele>
						<time>2025-11-03T08:51:52Z</time>
					</trkpt>
					<trkpt lat="44.908110" lon="3.754770">
						<ele>1224</ele>
						<time>2025-11-03T08:52:01Z</time>
					</trkpt>
					<trkpt lat="44.907670" lon="3.755770">
						<ele>1225</ele>
						<time>2025-11-03T08:52:43Z</time>
					</trkpt>
					<trkpt lat="44.907420" lon="3.757440">
						<ele>1232</ele>
						<time>2025-11-03T08:53:44Z</time>
					</trkpt>
					<trkpt lat="44.907230" lon="3.757930">
						<ele>1233</ele>
						<time>2025-11-03T08:54:03Z</time>
					</trkpt>
					<trkpt lat="44.906990" lon="3.758730">
						<ele>1231</ele>
						<time>2025-11-03T08:54:34Z</time>
					</trkpt>
					<trkpt lat="44.906800" lon="3.759100">
						<ele>1229</ele>
						<time>2025-11-03T08:54:50Z</time>
					</trkpt>
					<trkpt lat="44.906650" lon="3.759500">
						<ele>1224</ele>
						<time>2025-11-03T08:55:06Z</time>
					</trkpt>
					<trkpt lat="44.906280" lon="3.760160">
						<ele>1217</ele>
						<time>2025-11-03T08:55:36Z</time>
					</trkpt>
					<trkpt lat="44.905900" lon="3.760490">
						<ele>1213</ele>
						<time>2025-11-03T08:55:59Z</time>
					</trkpt>
					<trkpt lat="44.905560" lon="3.760900">
						<ele>1209</ele>
						<time>2025-11-03T08:56:21Z</time>
					</trkpt>
					<trkpt lat="44.905360" lon="3.761040">
						<ele>1207</ele>
						<time>2025-11-03T08:56:32Z</time>
					</trkpt>
					<trkpt lat="44.905030" lon="3.761460">
						<ele>1204</ele>
						<time>2025-11-03T08:56:54Z</time>
					</trkpt>
					<trkpt lat="44.904900" lon="3.761790">
						<ele>1203</ele>
						<time>2025-11-03T08:57:08Z</time>
					</trkpt>
					<trkpt lat="44.904780" lon="3.762210">
						<ele>1203</ele>
						<time>2025-11-03T08:57:24Z</time>
					</trkpt>
					<trkpt lat="44.904720" lon="3.762520">
						<ele>1203</ele>
						<time>2025-11-03T08:57:35Z</time>
					</trkpt>
					<trkpt lat="44.904720" lon="3.763080">
						<ele>1205</ele>
						<time>2025-11-03T08:57:55Z</time>
					</trkpt>
					<trkpt lat="44.904670" lon="3.763320">
						<ele>1206</ele>
						<time>2025-11-03T08:58:04Z</time>
					</trkpt>
					<trkpt lat="44.904410" lon="3.764200">
						<ele>1209</ele>
						<time>2025-11-03T08:58:38Z</time>
					</trkpt>
					<trkpt lat="44.904160" lon="3.764800">
						<ele>1211</ele>
						<time>2025-11-03T08:59:02Z</time>
					</trkpt>
					<trkpt lat="44.903700" lon="3.765480">
						<ele>1216</ele>
						<time>2025-11-03T08:59:36Z</time>
					</trkpt>
					<trkpt lat="44.903430" lon="3.765660">
						<ele>1217</ele>
						<time>2025-11-03T08:59:51Z</time>
					</trkpt>
					<trkpt lat="44.902950" lon="3.765860">
						<ele>1219</ele>
						<time>2025-11-03T09:00:16Z</time>
					</trkpt>
					<trkpt lat="44.902700" lon="3.765930">
						<ele>1219</ele>
						<time>2025-11-03T09:00:29Z</time>
					</trkpt>
					<trkpt lat="44.902590" lon="3.765990">
						<ele>1220</ele>
						<time>2025-11-03T09:00:34Z</time>
					</trkpt>
					<trkpt lat="44.902500" lon="3.766920">
						<ele>1224</ele>
						<time>2025-11-03T09:01:08Z</time>
					</trkpt>
					<trkpt lat="44.902390" lon="3.767590">
						<ele>1227</ele>
						<time>2025-11-03T09:01:32Z</time>
					</trkpt>
					<trkpt lat="44.901750" lon="3.769780">
						<ele>1239</ele>
						<time>2025-11-03T09:02:56Z</time>
					</trkpt>
					<trkpt lat="44.901460" lon="3.771090">
						<ele>1241</ele>
						<time>2025-11-03T09:03:45Z</time>
					</trkpt>
					<trkpt lat="44.901850" lon="3.770970">
						<ele>1243</ele>
						<time>2025-11-03T09:04:05Z</time>
					</trkpt>
					<trkpt lat="44.902870" lon="3.770970">
						<ele>1245</ele>
						<time>2025-11-03T09:04:56Z</time>
					</trkpt>
					<trkpt lat="44.903180" lon="3.771010">
						<ele>1245</ele>
						<time>2025-11-03T09:05:11Z</time>
					</trkpt>
					<trkpt lat="44.903860" lon="3.771180">
						<ele>1247</ele>
						<time>2025-11-03T09:05:46Z</time>
					</trkpt>
					<trkpt lat="44.904340" lon="3.771240">
						<ele>1247</ele>
						<time>2025-11-03T09:06:10Z</time>
					</trkpt>
					<trkpt lat="44.904740" lon="3.771230">
						<ele>1246</ele>
						<time>2025-11-03T09:06:30Z</time>
					</trkpt>
					<trkpt lat="44.905050" lon="3.771340">
						<ele>1244</ele>
						<time>2025-11-03T09:06:46Z</time>
					</trkpt>
					<trkpt lat="44.905270" lon="3.771340">
						<ele>1244</ele>
						<time>2025-11-03T09:06:57Z</time>
					</trkpt>
					<trkpt lat="44.905660" lon="3.771440">
						<ele>1243</ele>
						<time>2025-11-03T09:07:17Z</time>
					</trkpt>
					<trkpt lat="44.906050" lon="3.771700">
						<ele>1242</ele>
						<time>2025-11-03T09:07:38Z</time>
					</trkpt>
					<trkpt lat="44.906670" lon="3.771950">
						<ele>1241</ele>
						<time>2025-11-03T09:08:11Z</time>
					</trkpt>
					<trkpt lat="44.907180" lon="3.772120">
						<ele>1243</ele>
						<time>2025-11-03T09:08:37Z</time>
					</trkpt>
					<trkpt lat="44.908300" lon="3.772600">
						<ele>1250</ele>
						<time>2025-11-03T09:09:35Z</time>
					</trkpt>
					<trkpt lat="44.908750" lon="3.772720">
						<ele>1252</ele>
						<time>2025-11-03T09:09:58Z</time>
					</trkpt>
					<trkpt lat="44.909120" lon="3.772880">
						<ele>1254</ele>
						<time>2025-11-03T09:10:18Z</time>
					</trkpt>
					<trkpt lat="44.909400" lon="3.773020">
						<ele>1255</ele>
						<time>2025-11-03T09:10:33Z</time>
					</trkpt>
					<trkpt lat="44.909840" lon="3.773310">
						<ele>1257</ele>
						<time>2025-11-03T09:10:57Z</time>
					</trkpt>
					<trkpt lat="44.910110" lon="3.773450">
						<ele>1257</ele>
						<time>2025-11-03T09:11:11Z</time>
					</trkpt>
					<trkpt lat="44.910570" lon="3.773520">
						<ele>1256</ele>
						<time>2025-11-03T09:11:34Z</time>
					</trkpt>
					<trkpt lat="44.911180" lon="3.773820">
						<ele>1255</ele>
						<time>2025-11-03T09:12:07Z</time>
					</trkpt>
					<trkpt lat="44.911490" lon="3.773900">
						<ele>1254</ele>
						<time>2025-11-03T09:12:23Z</time>
					</trkpt>
					<trkpt lat="44.911960" lon="3.774080">
						<ele>1255</ele>
						<time>2025-11-03T09:12:47Z</time>
					</trkpt>
					<trkpt lat="44.913330" lon="3.774710">
						<ele>1253</ele>
						<time>2025-11-03T09:13:59Z</time>
					</trkpt>
					<trkpt lat="44.913760" lon="3.775350">
						<ele>1252</ele>
						<time>2025-11-03T09:14:30Z</time>
					</trkpt>
					<trkpt lat="44.914100" lon="3.776100">
						<ele>1250</ele>
						<time>2025-11-03T09:15:02Z</time>
					</trkpt>
					<trkpt lat="44.914320" lon="3.776760">
						<ele>1252</ele>
						<time>2025-11-03T09:15:28Z</time>
					</trkpt>
					<trkpt lat="44.914450" lon="3.777440">
						<ele>1253</ele>
						<time>2025-11-03T09:15:53Z</time>
					</trkpt>
					<trkpt lat="44.914640" lon="3.778040">
						<ele>1254</ele>
						<time>2025-11-03T09:16:16Z</time>
					</trkpt>
					<trkpt lat="44.914710" lon="3.778420">
						<ele>1255</ele>
						<time>2025-11-03T09:16:30Z</time>
					</trkpt>
					<trkpt lat="44.914090" lon="3.778300">
						<ele>1256</ele>
						<time>2025-11-03T09:17:01Z</time>
					</trkpt>
					<trkpt lat="44.913380" lon="3.778040">
						<ele>1257</ele>
						<time>2025-11-03T09:17:38Z</time>
					</trkpt>
					<trkpt lat="44.912920" lon="3.778080">
						<ele>1260</ele>
						<time>2025-11-03T09:18:01Z</time>
					</trkpt>
					<trkpt lat="44.912350" lon="3.778090">
						<ele>1263</ele>
						<time>2025-11-03T09:18:29Z</time>
					</trkpt>
					<trkpt lat="44.911940" lon="3.778200">
						<ele>1265</ele>
						<time>2025-11-03T09:18:50Z</time>
					</trkpt>
					<trkpt lat="44.911480" lon="3.778410">
						<ele>1267</ele>
						<time>2025-11-03T09:19:15Z</time>
					</trkpt>
					<trkpt lat="44.911340" lon="3.778510">
						<ele>1268</ele>
						<time>2025-11-03T09:19:22Z</time>
					</trkpt>
					<trkpt lat="44.911150" lon="3.779490">
						<ele>1271</ele>
						<time>2025-11-03T09:19:58Z</time>
					</trkpt>
					<trkpt lat="44.910960" lon="3.779800">
						<ele>1273</ele>
						<time>2025-11-03T09:20:13Z</time>
					</trkpt>
					<trkpt lat="44.910730" lon="3.779990">
						<ele>1275</ele>
						<time>2025-11-03T09:20:26Z</time>
					</trkpt>
					<trkpt lat="44.910510" lon="3.780090">
						<ele>1277</ele>
						<time>2025-11-03T09:20:38Z</time>
					</trkpt>
					<trkpt lat="44.909860" lon="3.780310">
						<ele>1283</ele>
						<time>2025-11-03T09:21:11Z</time>
					</trkpt>
					<trkpt lat="44.909740" lon="3.780380">
						<ele>1284</ele>
						<time>2025-11-03T09:21:18Z</time>
					</trkpt>
					<trkpt lat="44.909600" lon="3.780520">
						<ele>1285</ele>
						<time>2025-11-03T09:21:26Z</time>
					</trkpt>
					<trkpt lat="44.909540" lon="3.780710">
						<ele>1286</ele>
						<time>2025-11-03T09:21:34Z</time>
					</trkpt>
					<trkpt lat="44.909530" lon="3.781190">
						<ele>1286</ele>
						<time>2025-11-03T09:21:51Z</time>
					</trkpt>
					<trkpt lat="44.909590" lon="3.781540">
						<ele>1286</ele>
						<time>2025-11-03T09:22:04Z</time>
					</trkpt>
					<trkpt lat="44.909740" lon="3.781960">
						<ele>1283</ele>
						<time>2025-11-03T09:22:20Z</time>
					</trkpt>
					<trkpt lat="44.909710" lon="3.782490">
						<ele>1279</ele>
						<time>2025-11-03T09:22:39Z</time>
					</trkpt>
					<trkpt lat="44.909640" lon="3.782640">
						<ele>1276</ele>
						<time>2025-11-03T09:22:45Z</time>
					</trkpt>
					<trkpt lat="44.909490" lon="3.782560">
						<ele>1275</ele>
						<time>2025-11-03T09:22:53Z</time>
					</trkpt>
					<trkpt lat="44.909260" lon="3.782380">
						<ele>1276</ele>
						<time>2025-11-03T09:23:07Z</time>
					</trkpt>
					<trkpt lat="44.909070" lon="3.782300">
						<ele>1276</ele>
						<time>2025-11-03T09:23:17Z</time>
					</trkpt>
					<trkpt lat="44.908600" lon="3.782270">
						<ele>1277</ele>
						<time>2025-11-03T09:23:40Z</time>
					</trkpt>
					<trkpt lat="44.908100" lon="3.782320">
						<ele>1276</ele>
						<time>2025-11-03T09:24:05Z</time>
					</trkpt>
					<trkpt lat="44.907960" lon="3.782360">
						<ele>1275</ele>
						<time>2025-11-03T09:24:12Z</time>
					</trkpt>
					<trkpt lat="44.907820" lon="3.782440">
						<ele>1274</ele>
						<time>2025-11-03T09:24:20Z</time>
					</trkpt>
					<trkpt lat="44.907620" lon="3.782750">
						<ele>1267</ele>
						<time>2025-11-03T09:24:35Z</time>
					</trkpt>
					<trkpt lat="44.907450" lon="3.783130">
						<ele>1257</ele>
						<time>2025-11-03T09:24:51Z</time>
					</trkpt>
					<trkpt lat="44.907490" lon="3.783330">
						<ele>1253</ele>
						<time>2025-11-03T09:24:58Z</time>
					</trkpt>
					<trkpt lat="44.907580" lon="3.783540">
						<ele>1249</ele>
						<time>2025-11-03T09:25:07Z</time>
					</trkpt>
					<trkpt lat="44.907400" lon="3.783520">
						<ele>1248</ele>
						<time>2025-11-03T09:25:16Z</time>
					</trkpt>
					<trkpt lat="44.907210" lon="3.783330">
						<ele>1251</ele>
						<time>2025-11-03T09:25:27Z</time>
					</trkpt>
					<trkpt lat="44.906850" lon="3.783030">
						<ele>1253</ele>
						<time>2025-11-03T09:25:48Z</time>
					</trkpt>
					<trkpt lat="44.906690" lon="3.782950">
						<ele>1253</ele>
						<time>2025-11-03T09:25:57Z</time>
					</trkpt>
					<trkpt lat="44.906320" lon="3.782930">
						<ele>1257</ele>
						<time>2025-11-03T09:26:15Z</time>
					</trkpt>
					<trkpt lat="44.906090" lon="3.783060">
						<ele>1259</ele>
						<time>2025-11-03T09:26:28Z</time>
					</trkpt>
					<trkpt lat="44.905890" lon="3.783220">
						<ele>1259</ele>
						<time>2025-11-03T09:26:39Z</time>
					</trkpt>
					<trkpt lat="44.905750" lon="3.783470">
						<ele>1259</ele>
						<time>2025-11-03T09:26:51Z</time>
					</trkpt>
					<trkpt lat="44.905450" lon="3.783860">
						<ele>1259</ele>
						<time>2025-11-03T09:27:11Z</time>
					</trkpt>
					<trkpt lat="44.905340" lon="3.784430">
						<ele>1253</ele>
						<time>2025-11-03T09:27:32Z</time>
					</trkpt>
					<trkpt lat="44.905130" lon="3.784960">
						<ele>1252</ele>
						<time>2025-11-03T09:27:53Z</time>
					</trkpt>
					<trkpt lat="44.905060" lon="3.785450">
						<ele>1251</ele>
						<time>2025-11-03T09:28:11Z</time>
					</trkpt>
					<trkpt lat="44.905200" lon="3.786020">
						<ele>1245</ele>
						<time>2025-11-03T09:28:32Z</time>
					</trkpt>
					<trkpt lat="44.905430" lon="3.786430">
						<ele>1237</ele>
						<time>2025-11-03T09:28:51Z</time>
					</trkpt>
					<trkpt lat="44.905760" lon="3.786780">
						<ele>1228</ele>
						<time>2025-11-03T09:29:12Z</time>
					</trkpt>
					<trkpt lat="44.906120" lon="3.786530">
						<ele>1223</ele>
						<time>2025-11-03T09:29:32Z</time>
					</trkpt>
					<trkpt lat="44.906450" lon="3.785990">
						<ele>1220</ele>
						<time>2025-11-03T09:29:57Z</time>
					</trkpt>
					<trkpt lat="44.906750" lon="3.785960">
						<ele>1214</ele>
						<time>2025-11-03T09:30:12Z</time>
					</trkpt>
					<trkpt lat="44.906910" lon="3.786110">
						<ele>1213</ele>
						<time>2025-11-03T09:30:22Z</time>
					</trkpt>
					<trkpt lat="44.906580" lon="3.786560">
						<ele>1215</ele>
						<time>2025-11-03T09:30:45Z</time>
					</trkpt>
					<trkpt lat="44.906340" lon="3.786950">
						<ele>1217</ele>
						<time>2025-11-03T09:31:03Z</time>
					</trkpt>
					<trkpt lat="44.906130" lon="3.787400">
						<ele>1217</ele>
						<time>2025-11-03T09:31:22Z</time>
					</trkpt>
					<trkpt lat="44.905960" lon="3.788130">
						<ele>1218</ele>
						<time>2025-11-03T09:31:49Z</time>
					</trkpt>
					<trkpt lat="44.905910" lon="3.788730">
						<ele>1217</ele>
						<time>2025-11-03T09:32:11Z</time>
					</trkpt>
					<trkpt lat="44.905830" lon="3.789290">
						<ele>1217</ele>
						<time>2025-11-03T09:32:31Z</time>
					</trkpt>
					<trkpt lat="44.905840" lon="3.789660">
						<ele>1216</ele>
						<time>2025-11-03T09:32:44Z</time>
					</trkpt>
					<trkpt lat="44.905820" lon="3.790000">
						<ele>1216</ele>
						<time>2025-11-03T09:32:56Z</time>
					</trkpt>
					<trkpt lat="44.905880" lon="3.791580">
						<ele>1217</ele>
						<time>2025-11-03T09:33:52Z</time>
					</trkpt>
					<trkpt lat="44.905950" lon="3.791960">
						<ele>1217</ele>
						<time>2025-11-03T09:34:06Z</time>
					</trkpt>
					<trkpt lat="44.906140" lon="3.792320">
						<ele>1217</ele>
						<time>2025-11-03T09:34:22Z</time>
					</trkpt>
					<trkpt lat="44.906250" lon="3.792810">
						<ele>1218</ele>
						<time>2025-11-03T09:34:40Z</time>
					</trkpt>
					<trkpt lat="44.906640" lon="3.793920">
						<ele>1218</ele>
						<time>2025-11-03T09:35:24Z</time>
					</trkpt>
					<trkpt lat="44.906830" lon="3.794250">
						<ele>1218</ele>
						<time>2025-11-03T09:35:39Z</time>
					</trkpt>
					<trkpt lat="44.907080" lon="3.794550">
						<ele>1218</ele>
						<time>2025-11-03T09:35:56Z</time>
					</trkpt>
					<trkpt lat="44.908200" lon="3.795080">
						<ele>1215</ele>
						<time>2025-11-03T09:36:55Z</time>
					</trkpt>
					<trkpt lat="44.908870" lon="3.795300">
						<ele>1218</ele>
						<time>2025-11-03T09:37:29Z</time>
					</trkpt>
					<trkpt lat="44.909160" lon="3.795270">
						<ele>1217</ele>
						<time>2025-11-03T09:37:44Z</time>
					</trkpt>
					<trkpt lat="44.909230" lon="3.795360">
						<ele>1218</ele>
						<time>2025-11-03T09:37:49Z</time>
					</trkpt>
					<trkpt lat="44.909420" lon="3.795410">
						<ele>1219</ele>
						<time>2025-11-03T09:37:58Z</time>
					</trkpt>
					<trkpt lat="44.909490" lon="3.795350">
						<ele>1218</ele>
						<time>2025-11-03T09:38:02Z</time>
					</trkpt>
					<trkpt lat="44.909660" lon="3.795320">
						<ele>1218</ele>
						<time>2025-11-03T09:38:11Z</time>
					</trkpt>
					<trkpt lat="44.909750" lon="3.795690">
						<ele>1222</ele>
						<time>2025-11-03T09:38:25Z</time>
					</trkpt>
					<trkpt lat="44.909880" lon="3.796680">
						<ele>1230</ele>
						<time>2025-11-03T09:39:00Z</time>
					</trkpt>
					<trkpt lat="44.910010" lon="3.797140">
						<ele>1234</ele>
						<time>2025-11-03T09:39:18Z</time>
					</trkpt>
					<trkpt lat="44.910040" lon="3.797600">
						<ele>1236</ele>
						<time>2025-11-03T09:39:34Z</time>
					</trkpt>
					<trkpt lat="44.910020" lon="3.797850">
						<ele>1235</ele>
						<time>2025-11-03T09:39:43Z</time>
					</trkpt>
					<trkpt lat="44.910040" lon="3.797900">
						<ele>1236</ele>
						<time>2025-11-03T09:39:45Z</time>
					</trkpt>
					<trkpt lat="44.910120" lon="3.797950">
						<ele>1236</ele>
						<time>2025-11-03T09:39:50Z</time>
					</trkpt>
					<trkpt lat="44.910360" lon="3.797880">
						<ele>1240</ele>
						<time>2025-11-03T09:40:02Z</time>
					</trkpt>
					<trkpt lat="44.910620" lon="3.797680">
						<ele>1244</ele>
						<time>2025-11-03T09:40:17Z</time>
					</trkpt>
					<trkpt lat="44.910840" lon="3.797570">
						<ele>1248</ele>
						<time>2025-11-03T09:40:28Z</time>
					</trkpt>
					<trkpt lat="44.911040" lon="3.797350">
						<ele>1247</ele>
						<time>2025-11-03T09:40:41Z</time>
					</trkpt>
					<trkpt lat="44.911160" lon="3.797260">
						<ele>1246</ele>
						<time>2025-11-03T09:40:48Z</time>
					</trkpt>
					<trkpt lat="44.911740" lon="3.796600">
						<ele>1246</ele>
						<time>2025-11-03T09:41:25Z</time>
					</trkpt>
					<trkpt lat="44.912240" lon="3.795940">
						<ele>1244</ele>
						<time>2025-11-03T09:41:59Z</time>
					</trkpt>
					<trkpt lat="44.912440" lon="3.795530">
						<ele>1244</ele>
						<time>2025-11-03T09:42:17Z</time>
					</trkpt>
					<trkpt lat="44.912610" lon="3.795260">
						<ele>1244</ele>
						<time>2025-11-03T09:42:30Z</time>
					</trkpt>
					<trkpt lat="44.912810" lon="3.794530">
						<ele>1242</ele>
						<time>2025-11-03T09:42:58Z</time>
					</trkpt>
					<trkpt lat="44.912870" lon="3.794440">
						<ele>1242</ele>
						<time>2025-11-03T09:43:02Z</time>
					</trkpt>
					<trkpt lat="44.912970" lon="3.794190">
						<ele>1243</ele>
						<time>2025-11-03T09:43:12Z</time>
					</trkpt>
					<trkpt lat="44.913050" lon="3.793910">
						<ele>1243</ele>
						<time>2025-11-03T09:43:23Z</time>
					</trkpt>
					<trkpt lat="44.913360" lon="3.792560">
						<ele>1242</ele>
						<time>2025-11-03T09:44:13Z</time>
					</trkpt>
					<trkpt lat="44.913500" lon="3.792070">
						<ele>1240</ele>
						<time>2025-11-03T09:44:32Z</time>
					</trkpt>
					<trkpt lat="44.913550" lon="3.791840">
						<ele>1240</ele>
						<time>2025-11-03T09:44:40Z</time>
					</trkpt>
					<trkpt lat="44.913570" lon="3.791550">
						<ele>1239</ele>
						<time>2025-11-03T09:44:51Z</time>
					</trkpt>
					<trkpt lat="44.913640" lon="3.791380">
						<ele>1239</ele>
						<time>2025-11-03T09:44:58Z</time>
					</trkpt>
					<trkpt lat="44.913710" lon="3.791080">
						<ele>1238</ele>
						<time>2025-11-03T09:45:09Z</time>
					</trkpt>
					<trkpt lat="44.913810" lon="3.790400">
						<ele>1238</ele>
						<time>2025-11-03T09:45:34Z</time>
					</trkpt>
					<trkpt lat="44.913870" lon="3.789790">
						<ele>1238</ele>
						<time>2025-11-03T09:45:55Z</time>
					</trkpt>
					<trkpt lat="44.913910" lon="3.789700">
						<ele>1238</ele>
						<time>2025-11-03T09:45:59Z</time>
					</trkpt>
					<trkpt lat="44.913970" lon="3.789640">
						<ele>1239</ele>
						<time>2025-11-03T09:46:03Z</time>
					</trkpt>
					<trkpt lat="44.914100" lon="3.789660">
						<ele>1239</ele>
						<time>2025-11-03T09:46:09Z</time>
					</trkpt>
					<trkpt lat="44.914140" lon="3.789620">
						<ele>1239</ele>
						<time>2025-11-03T09:46:12Z</time>
					</trkpt>
					<trkpt lat="44.915010" lon="3.788310">
						<ele>1232</ele>
						<time>2025-11-03T09:47:15Z</time>
					</trkpt>
					<trkpt lat="44.915220" lon="3.788100">
						<ele>1230</ele>
						<time>2025-11-03T09:47:28Z</time>
					</trkpt>
					<trkpt lat="44.915450" lon="3.787790">
						<ele>1227</ele>
						<time>2025-11-03T09:47:44Z</time>
					</trkpt>
					<trkpt lat="44.915720" lon="3.787620">
						<ele>1222</ele>
						<time>2025-11-03T09:47:59Z</time>
					</trkpt>
					<trkpt lat="44.916010" lon="3.787680">
						<ele>1218</ele>
						<time>2025-11-03T09:48:14Z</time>
					</trkpt>
					<trkpt lat="44.916300" lon="3.787620">
						<ele>1214</ele>
						<time>2025-11-03T09:48:28Z</time>
					</trkpt>
					<trkpt lat="44.916500" lon="3.787700">
						<ele>1211</ele>
						<time>2025-11-03T09:48:39Z</time>
					</trkpt>
					<trkpt lat="44.916810" lon="3.787700">
						<ele>1207</ele>
						<time>2025-11-03T09:48:54Z</time>
					</trkpt>
					<trkpt lat="44.917250" lon="3.787770">
						<ele>1200</ele>
						<time>2025-11-03T09:49:16Z</time>
					</trkpt>
					<trkpt lat="44.917820" lon="3.787760">
						<ele>1193</ele>
						<time>2025-11-03T09:49:45Z</time>
					</trkpt>
					<trkpt lat="44.918160" lon="3.787790">
						<ele>1189</ele>
						<time>2025-11-03T09:50:02Z</time>
					</trkpt>
					<trkpt lat="44.919730" lon="3.787720">
						<ele>1181</ele>
						<time>2025-11-03T09:51:21Z</time>
					</trkpt>
					<trkpt lat="44.920700" lon="3.787730">
						<ele>1177</ele>
						<time>2025-11-03T09:52:09Z</time>
					</trkpt>
					<trkpt lat="44.921260" lon="3.787670">
						<ele>1177</ele>
						<time>2025-11-03T09:52:37Z</time>
					</trkpt>
					<trkpt lat="44.921550" lon="3.787580">
						<ele>1177</ele>
						<time>2025-11-03T09:52:52Z</time>
					</trkpt>
					<trkpt lat="44.921660" lon="3.787600">
						<ele>1177</ele>
						<time>2025-11-03T09:52:58Z</time>
					</trkpt>
					<trkpt lat="44.922030" lon="3.787530">
						<ele>1178</ele>
						<time>2025-11-03T09:53:16Z</time>
					</trkpt>
					<trkpt lat="44.922040" lon="3.786910">
						<ele>1179</ele>
						<time>2025-11-03T09:53:38Z</time>
					</trkpt>
					<trkpt lat="44.922010" lon="3.786270">
						<ele>1180</ele>
						<time>2025-11-03T09:54:01Z</time>
					</trkpt>
					<trkpt lat="44.921890" lon="3.785350">
						<ele>1182</ele>
						<time>2025-11-03T09:54:34Z</time>
					</trkpt>
					<trkpt lat="44.921670" lon="3.784490">
						<ele>1185</ele>
						<time>2025-11-03T09:55:07Z</time>
					</trkpt>
					<trkpt lat="44.921580" lon="3.784270">
						<ele>1186</ele>
						<time>2025-11-03T09:55:16Z</time>
					</trkpt>
					<trkpt lat="44.921530" lon="3.783910">
						<ele>1187</ele>
						<time>2025-11-03T09:55:29Z</time>
					</trkpt>
					<trkpt lat="44.921420" lon="3.783690">
						<ele>1187</ele>
						<time>2025-11-03T09:55:38Z</time>
					</trkpt>
					<trkpt lat="44.921270" lon="3.783280">
						<ele>1189</ele>
						<time>2025-11-03T09:55:55Z</time>
					</trkpt>
					<trkpt lat="44.921130" lon="3.782680">
						<ele>1191</ele>
						<time>2025-11-03T09:56:17Z</time>
					</trkpt>
					<trkpt lat="44.920900" lon="3.782050">
						<ele>1192</ele>
						<time>2025-11-03T09:56:42Z</time>
					</trkpt>
					<trkpt lat="44.920710" lon="3.781630">
						<ele>1193</ele>
						<time>2025-11-03T09:57:00Z</time>
					</trkpt>
					<trkpt lat="44.920620" lon="3.781210">
						<ele>1195</ele>
						<time>2025-11-03T09:57:15Z</time>
					</trkpt>
					<trkpt lat="44.920530" lon="3.780970">
						<ele>1196</ele>
						<time>2025-11-03T09:57:25Z</time>
					</trkpt>
					<trkpt lat="44.920480" lon="3.780630">
						<ele>1198</ele>
						<time>2025-11-03T09:57:37Z</time>
					</trkpt>
					<trkpt lat="44.920410" lon="3.780450">
						<ele>1200</ele>
						<time>2025-11-03T09:57:44Z</time>
					</trkpt>
					<trkpt lat="44.920340" lon="3.779870">
						<ele>1204</ele>
						<time>2025-11-03T09:58:05Z</time>
					</trkpt>
					<trkpt lat="44.920270" lon="3.779580">
						<ele>1207</ele>
						<time>2025-11-03T09:58:16Z</time>
					</trkpt>
					<trkpt lat="44.920130" lon="3.779250">
						<ele>1209</ele>
						<time>2025-11-03T09:58:30Z</time>
					</trkpt>
					<trkpt lat="44.919920" lon="3.778880">
						<ele>1213</ele>
						<time>2025-11-03T09:58:47Z</time>
					</trkpt>
					<trkpt lat="44.919820" lon="3.778610">
						<ele>1215</ele>
						<time>2025-11-03T09:58:57Z</time>
					</trkpt>
					<trkpt lat="44.919850" lon="3.778250">
						<ele>1217</ele>
						<time>2025-11-03T09:59:10Z</time>
					</trkpt>
					<trkpt lat="44.919990" lon="3.778190">
						<ele>1215</ele>
						<time>2025-11-03T09:59:18Z</time>
					</trkpt>
					<trkpt lat="44.920120" lon="3.778190">
						<ele>1216</ele>
						<time>2025-11-03T09:59:24Z</time>
					</trkpt>
					<trkpt lat="44.920370" lon="3.778290">
						<ele>1218</ele>
						<time>2025-11-03T09:59:37Z</time>
					</trkpt>
					<trkpt lat="44.920610" lon="3.778350">
						<ele>1219</ele>
						<time>2025-11-03T09:59:49Z</time>
					</trkpt>
					<trkpt lat="44.922260" lon="3.778900">
						<ele>1224</ele>
						<time>2025-11-03T10:01:14Z</time>
					</trkpt>
					<trkpt lat="44.922630" lon="3.779010">
						<ele>1223</ele>
						<time>2025-11-03T10:01:33Z</time>
					</trkpt>
					<trkpt lat="44.922850" lon="3.779050">
						<ele>1223</ele>
						<time>2025-11-03T10:01:44Z</time>
					</trkpt>
					<trkpt lat="44.923130" lon="3.779270">
						<ele>1220</ele>
						<time>2025-11-03T10:02:00Z</time>
					</trkpt>
					<trkpt lat="44.923360" lon="3.779400">
						<ele>1220</ele>
						<time>2025-11-03T10:02:13Z</time>
					</trkpt>
					<trkpt lat="44.923960" lon="3.779560">
						<ele>1222</ele>
						<time>2025-11-03T10:02:43Z</time>
					</trkpt>
					<trkpt lat="44.924260" lon="3.779680">
						<ele>1222</ele>
						<time>2025-11-03T10:02:59Z</time>
					</trkpt>
					<trkpt lat="44.924350" lon="3.779600">
						<ele>1224</ele>
						<time>2025-11-03T10:03:04Z</time>
					</trkpt>
					<trkpt lat="44.924440" lon="3.778930">
						<ele>1233</ele>
						<time>2025-11-03T10:03:28Z</time>
					</trkpt>
					<trkpt lat="44.924620" lon="3.778450">
						<ele>1239</ele>
						<time>2025-11-03T10:03:47Z</time>
					</trkpt>
					<trkpt lat="44.924680" lon="3.778030">
						<ele>1244</ele>
						<time>2025-11-03T10:04:03Z</time>
					</trkpt>
					<trkpt lat="44.925020" lon="3.776320">
						<ele>1265</ele>
						<time>2025-11-03T10:05:06Z</time>
					</trkpt>
					<trkpt lat="44.925150" lon="3.775860">
						<ele>1271</ele>
						<time>2025-11-03T10:05:23Z</time>
					</trkpt>
					<trkpt lat="44.925440" lon="3.774610">
						<ele>1291</ele>
						<time>2025-11-03T10:06:10Z</time>
					</trkpt>
					<trkpt lat="44.925660" lon="3.773830">
						<ele>1299</ele>
						<time>2025-11-03T10:06:39Z</time>
					</trkpt>
					<trkpt lat="44.925720" lon="3.773350">
						<ele>1305</ele>
						<time>2025-11-03T10:06:57Z</time>
					</trkpt>
					<trkpt lat="44.925830" lon="3.773040">
						<ele>1309</ele>
						<time>2025-11-03T10:07:09Z</time>
					</trkpt>
					<trkpt lat="44.925920" lon="3.772560">
						<ele>1318</ele>
						<time>2025-11-03T10:07:27Z</time>
					</trkpt>
					<trkpt lat="44.926060" lon="3.772120">
						<ele>1327</ele>
						<time>2025-11-03T10:07:44Z</time>
					</trkpt>
					<trkpt lat="44.926120" lon="3.771630">
						<ele>1339</ele>
						<time>2025-11-03T10:08:01Z</time>
					</trkpt>
					<trkpt lat="44.926270" lon="3.771320">
						<ele>1346</ele>
						<time>2025-11-03T10:08:15Z</time>
					</trkpt>
					<trkpt lat="44.926350" lon="3.771020">
						<ele>1354</ele>
						<time>2025-11-03T10:08:26Z</time>
					</trkpt>
					<trkpt lat="44.926530" lon="3.770870">
						<ele>1359</ele>
						<time>2025-11-03T10:08:36Z</time>
					</trkpt>
					<trkpt lat="44.927490" lon="3.771020">
						<ele>1356</ele>
						<time>2025-11-03T10:09:25Z</time>
					</trkpt>
					<trkpt lat="44.927670" lon="3.770970">
						<ele>1356</ele>
						<time>2025-11-03T10:09:34Z</time>
					</trkpt>
					<trkpt lat="44.927860" lon="3.770870">
						<ele>1358</ele>
						<time>2025-11-03T10:09:44Z</time>
					</trkpt>
					<trkpt lat="44.928330" lon="3.770900">
						<ele>1353</ele>
						<time>2025-11-03T10:10:08Z</time>
					</trkpt>
					<trkpt lat="44.928460" lon="3.770850">
						<ele>1352</ele>
						<time>2025-11-03T10:10:14Z</time>
					</trkpt>
					<trkpt lat="44.928640" lon="3.770700">
						<ele>1351</ele>
						<time>2025-11-03T10:10:25Z</time>
					</trkpt>
					<trkpt lat="44.929070" lon="3.770470">
						<ele>1345</ele>
						<time>2025-11-03T10:10:48Z</time>
					</trkpt>
					<trkpt lat="44.929230" lon="3.770310">
						<ele>1344</ele>
						<time>2025-11-03T10:10:58Z</time>
					</trkpt>
					<trkpt lat="44.929350" lon="3.769960">
						<ele>1346</ele>
						<time>2025-11-03T10:11:11Z</time>
					</trkpt>
					<trkpt lat="44.929460" lon="3.769730">
						<ele>1343</ele>
						<time>2025-11-03T10:11:21Z</time>
					</trkpt>
					<trkpt lat="44.929530" lon="3.769210">
						<ele>1341</ele>
						<time>2025-11-03T10:11:40Z</time>
					</trkpt>
					<trkpt lat="44.929470" lon="3.768870">
						<ele>1342</ele>
						<time>2025-11-03T10:11:52Z</time>
					</trkpt>
					<trkpt lat="44.929420" lon="3.767900">
						<ele>1339</ele>
						<time>2025-11-03T10:12:27Z</time>
					</trkpt>
					<trkpt lat="44.929420" lon="3.767590">
						<ele>1338</ele>
						<time>2025-11-03T10:12:38Z</time>
					</trkpt>
					<trkpt lat="44.929490" lon="3.767080">
						<ele>1333</ele>
						<time>2025-11-03T10:12:56Z</time>
					</trkpt>
					<trkpt lat="44.929590" lon="3.766720">
						<ele>1329</ele>
						<time>2025-11-03T10:13:10Z</time>
					</trkpt>
					<trkpt lat="44.929810" lon="3.766250">
						<ele>1323</ele>
						<time>2025-11-03T10:13:30Z</time>
					</trkpt>
					<trkpt lat="44.929920" lon="3.766100">
						<ele>1320</ele>
						<time>2025-11-03T10:13:38Z</time>
					</trkpt>
					<trkpt lat="44.930410" lon="3.765700">
						<ele>1315</ele>
						<time>2025-11-03T10:14:06Z</time>
					</trkpt>
					<trkpt lat="44.930790" lon="3.765720">
						<ele>1314</ele>
						<time>2025-11-03T10:14:25Z</time>
					</trkpt>
					<trkpt lat="44.931580" lon="3.765570">
						<ele>1309</ele>
						<time>2025-11-03T10:15:05Z</time>
					</trkpt>
					<trkpt lat="44.931390" lon="3.764840">
						<ele>1311</ele>
						<time>2025-11-03T10:15:32Z</time>
					</trkpt>
					<trkpt lat="44.931180" lon="3.763380">
						<ele>1318</ele>
						<time>2025-11-03T10:16:25Z</time>
					</trkpt>
					<trkpt lat="44.931040" lon="3.762930">
						<ele>1317</ele>
						<time>2025-11-03T10:16:43Z</time>
					</trkpt>
					<trkpt lat="44.930750" lon="3.761700">
						<ele>1308</ele>
						<time>2025-11-03T10:17:29Z</time>
					</trkpt>
					<trkpt lat="44.930520" lon="3.760430">
						<ele>1298</ele>
						<time>2025-11-03T10:18:15Z</time>
					</trkpt>
					<trkpt lat="44.930330" lon="3.760240">
						<ele>1296</ele>
						<time>2025-11-03T10:18:27Z</time>
					</trkpt>
					<trkpt lat="44.929960" lon="3.760500">
						<ele>1298</ele>
						<time>2025-11-03T10:18:47Z</time>
					</trkpt>
					<trkpt lat="44.929250" lon="3.760760">
						<ele>1299</ele>
						<time>2025-11-03T10:19:24Z</time>
					</trkpt>
					<trkpt lat="44.928900" lon="3.760800">
						<ele>1299</ele>
						<time>2025-11-03T10:19:42Z</time>
					</trkpt>
					<trkpt lat="44.928530" lon="3.760950">
						<ele>1300</ele>
						<time>2025-11-03T10:20:01Z</time>
					</trkpt>
					<trkpt lat="44.928270" lon="3.759940">
						<ele>1296</ele>
						<time>2025-11-03T10:20:39Z</time>
					</trkpt>
					<trkpt lat="44.927830" lon="3.758440">
						<ele>1296</ele>
						<time>2025-11-03T10:21:36Z</time>
					</trkpt>
					<trkpt lat="44.927170" lon="3.755930">
						<ele>1308</ele>
						<time>2025-11-03T10:23:11Z</time>
					</trkpt>
					<trkpt lat="44.926980" lon="3.755490">
						<ele>1311</ele>
						<time>2025-11-03T10:23:30Z</time>
					</trkpt>
					<trkpt lat="44.926840" lon="3.754750">
						<ele>1316</ele>
						<time>2025-11-03T10:23:57Z</time>
					</trkpt>
					<trkpt lat="44.926640" lon="3.754350">
						<ele>1320</ele>
						<time>2025-11-03T10:24:14Z</time>
					</trkpt>
					<trkpt lat="44.926410" lon="3.753600">
						<ele>1321</ele>
						<time>2025-11-03T10:24:43Z</time>
					</trkpt>
					<trkpt lat="44.926150" lon="3.752910">
						<ele>1318</ele>
						<time>2025-11-03T10:25:11Z</time>
					</trkpt>
					<trkpt lat="44.925960" lon="3.752290">
						<ele>1312</ele>
						<time>2025-11-03T10:25:35Z</time>
					</trkpt>
					<trkpt lat="44.925520" lon="3.751150">
						<ele>1298</ele>
						<time>2025-11-03T10:26:21Z</time>
					</trkpt>
					<trkpt lat="44.925200" lon="3.750030">
						<ele>1286</ele>
						<time>2025-11-03T10:27:03Z</time>
					</trkpt>
					<trkpt lat="44.924940" lon="3.749480">
						<ele>1277</ele>
						<time>2025-11-03T10:27:27Z</time>
					</trkpt>
					<trkpt lat="44.924570" lon="3.749040">
						<ele>1266</ele>
						<time>2025-11-03T10:27:51Z</time>
					</trkpt>
					<trkpt lat="44.924230" lon="3.748690">
						<ele>1258</ele>
						<time>2025-11-03T10:28:12Z</time>
					</trkpt>
					<trkpt lat="44.924010" lon="3.748240">
						<ele>1250</ele>
						<time>2025-11-03T10:28:31Z</time>
					</trkpt>
					<trkpt lat="44.923970" lon="3.747570">
						<ele>1241</ele>
						<time>2025-11-03T10:28:55Z</time>
					</trkpt>
					<trkpt lat="44.923970" lon="3.746880">
						<ele>1234</ele>
						<time>2025-11-03T10:29:20Z</time>
					</trkpt>
					<trkpt lat="44.924180" lon="3.745710">
						<ele>1227</ele>
						<time>2025-11-03T10:30:03Z</time>
					</trkpt>
					<trkpt lat="44.923990" lon="3.745120">
						<ele>1218</ele>
						<time>2025-11-03T10:30:25Z</time>
					</trkpt>
					<trkpt lat="44.923660" lon="3.744800">
						<ele>1209</ele>
						<time>2025-11-03T10:30:46Z</time>
					</trkpt>
					<trkpt lat="44.923680" lon="3.744520">
						<ele>1208</ele>
						<time>2025-11-03T10:30:55Z</time>
					</trkpt>
					<trkpt lat="44.923610" lon="3.744120">
						<ele>1205</ele>
						<time>2025-11-03T10:31:10Z</time>
					</trkpt>
					<trkpt lat="44.923270" lon="3.744080">
						<ele>1200</ele>
						<time>2025-11-03T10:31:27Z</time>
					</trkpt>
					<trkpt lat="44.922900" lon="3.743940">
						<ele>1193</ele>
						<time>2025-11-03T10:31:46Z</time>
					</trkpt>
					<trkpt lat="44.922650" lon="3.743570">
						<ele>1187</ele>
						<time>2025-11-03T10:32:04Z</time>
					</trkpt>
					<trkpt lat="44.922370" lon="3.743260">
						<ele>1183</ele>
						<time>2025-11-03T10:32:22Z</time>
					</trkpt>
					<trkpt lat="44.922110" lon="3.742840">
						<ele>1178</ele>
						<time>2025-11-03T10:32:42Z</time>
					</trkpt>
					<trkpt lat="44.921750" lon="3.742470">
						<ele>1172</ele>
						<time>2025-11-03T10:33:04Z</time>
					</trkpt>
					<trkpt lat="44.921510" lon="3.742050">
						<ele>1167</ele>
						<time>2025-11-03T10:33:23Z</time>
					</trkpt>
					<trkpt lat="44.921360" lon="3.741960">
						<ele>1166</ele>
						<time>2025-11-03T10:33:32Z</time>
					</trkpt>
					<trkpt lat="44.921700" lon="3.741310">
						<ele>1165</ele>
						<time>2025-11-03T10:34:00Z</time>
					</trkpt>
					<trkpt lat="44.921700" lon="3.740780">
						<ele>1163</ele>
						<time>2025-11-03T10:34:19Z</time>
					</trkpt>
					<trkpt lat="44.921790" lon="3.740140">
						<ele>1162</ele>
						<time>2025-11-03T10:34:42Z</time>
					</trkpt>
					<trkpt lat="44.922000" lon="3.739530">
						<ele>1161</ele>
						<time>2025-11-03T10:35:06Z</time>
					</trkpt>
					<trkpt lat="44.922700" lon="3.737970">
						<ele>1156</ele>
						<time>2025-11-03T10:36:12Z</time>
					</trkpt>
					<trkpt lat="44.922730" lon="3.737560">
						<ele>1155</ele>
						<time>2025-11-03T10:36:26Z</time>
					</trkpt>
					<trkpt lat="44.922550" lon="3.737160">
						<ele>1153</ele>
						<time>2025-11-03T10:36:43Z</time>
					</trkpt>
					<trkpt lat="44.922380" lon="3.736860">
						<ele>1150</ele>
						<time>2025-11-03T10:36:57Z</time>
					</trkpt>
					<trkpt lat="44.922290" lon="3.736480">
						<ele>1149</ele>
						<time>2025-11-03T10:37:11Z</time>
					</trkpt>
					<trkpt lat="44.922420" lon="3.736190">
						<ele>1148</ele>
						<time>2025-11-03T10:37:23Z</time>
					</trkpt>
					<trkpt lat="44.922900" lon="3.735590">
						<ele>1148</ele>
						<time>2025-11-03T10:37:55Z</time>
					</trkpt>
					<trkpt lat="44.923080" lon="3.735470">
						<ele>1149</ele>
						<time>2025-11-03T10:38:05Z</time>
					</trkpt>
					<trkpt lat="44.923600" lon="3.735210">
						<ele>1149</ele>
						<time>2025-11-03T10:38:33Z</time>
					</trkpt>
					<trkpt lat="44.924130" lon="3.734890">
						<ele>1148</ele>
						<time>2025-11-03T10:39:01Z</time>
					</trkpt>
					<trkpt lat="44.924530" lon="3.734190">
						<ele>1146</ele>
						<time>2025-11-03T10:39:33Z</time>
					</trkpt>
					<trkpt lat="44.924810" lon="3.733760">
						<ele>1148</ele>
						<time>2025-11-03T10:39:54Z</time>
					</trkpt>
					<trkpt lat="44.925040" lon="3.733590">
						<ele>1149</ele>
						<time>2025-11-03T10:40:07Z</time>
					</trkpt>
					<trkpt lat="44.925300" lon="3.733730">
						<ele>1150</ele>
						<time>2025-11-03T10:40:21Z</time>
					</trkpt>
					<trkpt lat="44.925630" lon="3.733660">
						<ele>1151</ele>
						<time>2025-11-03T10:40:38Z</time>
					</trkpt>
					<trkpt lat="44.926020" lon="3.733620">
						<ele>1152</ele>
						<time>2025-11-03T10:40:57Z</time>
					</trkpt>
					<trkpt lat="44.926330" lon="3.733480">
						<ele>1153</ele>
						<time>2025-11-03T10:41:14Z</time>
					</trkpt>
					<trkpt lat="44.926730" lon="3.733460">
						<ele>1154</ele>
						<time>2025-11-03T10:41:34Z</time>
					</trkpt>
					<trkpt lat="44.927140" lon="3.733590">
						<ele>1156</ele>
						<time>2025-11-03T10:41:55Z</time>
					</trkpt>
					<trkpt lat="44.927480" lon="3.733870">
						<ele>1158</ele>
						<time>2025-11-03T10:42:14Z</time>
					</trkpt>
					<trkpt lat="44.928510" lon="3.734220">
						<ele>1165</ele>
						<time>2025-11-03T10:43:07Z</time>
					</trkpt>
					<trkpt lat="44.928770" lon="3.734580">
						<ele>1167</ele>
						<time>2025-11-03T10:43:25Z</time>
					</trkpt>
					<trkpt lat="44.929110" lon="3.734610">
						<ele>1169</ele>
						<time>2025-11-03T10:43:43Z</time>
					</trkpt>
					<trkpt lat="44.929500" lon="3.734910">
						<ele>1172</ele>
						<time>2025-11-03T10:44:05Z</time>
					</trkpt>
					<trkpt lat="44.929780" lon="3.735270">
						<ele>1174</ele>
						<time>2025-11-03T10:44:24Z</time>
					</trkpt>
					<trkpt lat="44.930040" lon="3.735660">
						<ele>1175</ele>
						<time>2025-11-03T10:44:43Z</time>
					</trkpt>
					<trkpt lat="44.930430" lon="3.736650">
						<ele>1179</ele>
						<time>2025-11-03T10:45:23Z</time>
					</trkpt>
					<trkpt lat="44.930660" lon="3.737070">
						<ele>1182</ele>
						<time>2025-11-03T10:45:42Z</time>
					</trkpt>
					<trkpt lat="44.930880" lon="3.737550">
						<ele>1185</ele>
						<time>2025-11-03T10:46:02Z</time>
					</trkpt>
					<trkpt lat="44.931190" lon="3.738080">
						<ele>1185</ele>
						<time>2025-11-03T10:46:26Z</time>
					</trkpt>
					<trkpt lat="44.931540" lon="3.738380">
						<ele>1187</ele>
						<time>2025-11-03T10:46:47Z</time>
					</trkpt>
					<trkpt lat="44.933960" lon="3.740060">
						<ele>1203</ele>
						<time>2025-11-03T10:49:02Z</time>
					</trkpt>
					<trkpt lat="44.934470" lon="3.740220">
						<ele>1205</ele>
						<time>2025-11-03T10:49:28Z</time>
					</trkpt>
					<trkpt lat="44.935590" lon="3.740910">
						<ele>1209</ele>
						<time>2025-11-03T10:50:29Z</time>
					</trkpt>
					<trkpt lat="44.935750" lon="3.741180">
						<ele>1210</ele>
						<time>2025-11-03T10:50:41Z</time>
					</trkpt>
					<trkpt lat="44.936320" lon="3.742610">
						<ele>1215</ele>
						<time>2025-11-03T10:51:40Z</time>
					</trkpt>
					<trkpt lat="44.936610" lon="3.743120">
						<ele>1217</ele>
						<time>2025-11-03T10:52:03Z</time>
					</trkpt>
					<trkpt lat="44.936920" lon="3.743760">
						<ele>1218</ele>
						<time>2025-11-03T10:52:30Z</time>
					</trkpt>
					<trkpt lat="44.937120" lon="3.744560">
						<ele>1220</ele>
						<time>2025-11-03T10:53:00Z</time>
					</trkpt>
					<trkpt lat="44.937360" lon="3.745190">
						<ele>1224</ele>
						<time>2025-11-03T10:53:26Z</time>
					</trkpt>
					<trkpt lat="44.937670" lon="3.746290">
						<ele>1228</ele>
						<time>2025-11-03T10:54:08Z</time>
					</trkpt>
					<trkpt lat="44.937620" lon="3.746860">
						<ele>1230</ele>
						<time>2025-11-03T10:54:28Z</time>
					</trkpt>
					<trkpt lat="44.936970" lon="3.749210">
						<ele>1238</ele>
						<time>2025-11-03T10:55:57Z</time>
					</trkpt>
					<trkpt lat="44.937040" lon="3.749760">
						<ele>1240</ele>
						<time>2025-11-03T10:56:17Z</time>
					</trkpt>
					<trkpt lat="44.937250" lon="3.750660">
						<ele>1244</ele>
						<time>2025-11-03T10:56:51Z</time>
					</trkpt>
					<trkpt lat="44.937580" lon="3.752450">
						<ele>1251</ele>
						<time>2025-11-03T10:57:56Z</time>
					</trkpt>
					<trkpt lat="44.937740" lon="3.753760">
						<ele>1260</ele>
						<time>2025-11-03T10:58:43Z</time>
					</trkpt>
					<trkpt lat="44.937920" lon="3.754710">
						<ele>1266</ele>
						<time>2025-11-03T10:59:18Z</time>
					</trkpt>
					<trkpt lat="44.938060" lon="3.755720">
						<ele>1274</ele>
						<time>2025-11-03T10:59:55Z</time>
					</trkpt>
					<trkpt lat="44.938260" lon="3.756270">
						<ele>1279</ele>
						<time>2025-11-03T11:00:16Z</time>
					</trkpt>
					<trkpt lat="44.938390" lon="3.757240">
						<ele>1290</ele>
						<time>2025-11-03T11:00:51Z</time>
					</trkpt>
					<trkpt lat="44.938560" lon="3.757600">
						<ele>1294</ele>
						<time>2025-11-03T11:01:07Z</time>
					</trkpt>
					<trkpt lat="44.939110" lon="3.757460">
						<ele>1292</ele>
						<time>2025-11-03T11:01:35Z</time>
					</trkpt>
					<trkpt lat="44.939300" lon="3.757390">
						<ele>1291</ele>
						<time>2025-11-03T11:01:45Z</time>
					</trkpt>
					<trkpt lat="44.939540" lon="3.757340">
						<ele>1290</ele>
						<time>2025-11-03T11:01:57Z</time>
					</trkpt>
					<trkpt lat="44.939610" lon="3.757350">
						<ele>1290</ele>
						<time>2025-11-03T11:02:00Z</time>
					</trkpt>
					<trkpt lat="44.939690" lon="3.757900">
						<ele>1296</ele>
						<time>2025-11-03T11:02:20Z</time>
					</trkpt>
					<trkpt lat="44.939690" lon="3.758490">
						<ele>1302</ele>
						<time>2025-11-03T11:02:41Z</time>
					</trkpt>
					<trkpt lat="44.939600" lon="3.759170">
						<ele>1309</ele>
						<time>2025-11-03T11:03:06Z</time>
					</trkpt>
					<trkpt lat="44.939690" lon="3.760030">
						<ele>1325</ele>
						<time>2025-11-03T11:03:36Z</time>
					</trkpt>
					<trkpt lat="44.939680" lon="3.760180">
						<ele>1328</ele>
						<time>2025-11-03T11:03:42Z</time>
					</trkpt>
					<trkpt lat="44.939720" lon="3.760710">
						<ele>1336</ele>
						<time>2025-11-03T11:04:01Z</time>
					</trkpt>
					<trkpt lat="44.939690" lon="3.761490">
						<ele>1346</ele>
						<time>2025-11-03T11:04:28Z</time>
					</trkpt>
					<trkpt lat="44.939640" lon="3.761790">
						<ele>1351</ele>
						<time>2025-11-03T11:04:39Z</time>
					</trkpt>
					<trkpt lat="44.939660" lon="3.762010">
						<ele>1355</ele>
						<time>2025-11-03T11:04:47Z</time>
					</trkpt>
					<trkpt lat="44.939630" lon="3.762180">
						<ele>1359</ele>
						<time>2025-11-03T11:04:53Z</time>
					</trkpt>
					<trkpt lat="44.939640" lon="3.762970">
						<ele>1378</ele>
						<time>2025-11-03T11:05:21Z</time>
					</trkpt>
					<trkpt lat="44.939570" lon="3.763440">
						<ele>1391</ele>
						<time>2025-11-03T11:05:38Z</time>
					</trkpt>
					<trkpt lat="44.939530" lon="3.764000">
						<ele>1408</ele>
						<time>2025-11-03T11:05:58Z</time>
					</trkpt>
					<trkpt lat="44.939370" lon="3.764040">
						<ele>1410</ele>
						<time>2025-11-03T11:06:06Z</time>
					</trkpt>
					<trkpt lat="44.939330" lon="3.764110">
						<ele>1412</ele>
						<time>2025-11-03T11:06:09Z</time>
					</trkpt>
					<trkpt lat="44.939310" lon="3.764230">
						<ele>1414</ele>
						<time>2025-11-03T11:06:14Z</time>
					</trkpt>
					<trkpt lat="44.939340" lon="3.764320">
						<ele>1415</ele>
						<time>2025-11-03T11:06:17Z</time>
					</trkpt>
					<trkpt lat="44.939430" lon="3.764370">
						<ele>1416</ele>
						<time>2025-11-03T11:06:22Z</time>
					</trkpt>
					<trkpt lat="44.939510" lon="3.764490">
						<ele>1418</ele>
						<time>2025-11-03T11:06:28Z</time>
					</trkpt>
					<trkpt lat="44.939890" lon="3.764810">
						<ele>1428</ele>
						<time>2025-11-03T11:06:50Z</time>
					</trkpt>
					<trkpt lat="44.940130" lon="3.764830">
						<ele>1426</ele>
						<time>2025-11-03T11:07:02Z</time>
					</trkpt>
					<trkpt lat="44.940490" lon="3.765180">
						<ele>1421</ele>
						<time>2025-11-03T11:07:24Z</time>
					</trkpt>
					<trkpt lat="44.940890" lon="3.765360">
						<ele>1413</ele>
						<time>2025-11-03T11:07:45Z</time>
					</trkpt>
					<trkpt lat="44.941250" lon="3.764930">
						<ele>1406</ele>
						<time>2025-11-03T11:08:09Z</time>
					</trkpt>
					<trkpt lat="44.942700" lon="3.765010">
						<ele>1383</ele>
						<time>2025-11-03T11:09:21Z</time>
					</trkpt>
					<trkpt lat="44.942910" lon="3.765310">
						<ele>1382</ele>
						<time>2025-11-03T11:09:36Z</time>
					</trkpt>
					<trkpt lat="44.943020" lon="3.764970">
						<ele>1379</ele>
						<time>2025-11-03T11:09:49Z</time>
					</trkpt>
					<trkpt lat="44.943960" lon="3.764650">
						<ele>1366</ele>
						<time>2025-11-03T11:10:38Z</time>
					</trkpt>
					<trkpt lat="44.944190" lon="3.764420">
						<ele>1363</ele>
						<time>2025-11-03T11:10:52Z</time>
					</trkpt>
					<trkpt lat="44.944850" lon="3.764420">
						<ele>1366</ele>
						<time>2025-11-03T11:11:25Z</time>
					</trkpt>
					<trkpt lat="44.945660" lon="3.763900">
						<ele>1366</ele>
						<time>2025-11-03T11:12:09Z</time>
					</trkpt>
					<trkpt lat="44.946080" lon="3.763970">
						<ele>1368</ele>
						<time>2025-11-03T11:12:31Z</time>
					</trkpt>
					<trkpt lat="44.947530" lon="3.763320">
						<ele>1360</ele>
						<time>2025-11-03T11:13:47Z</time>
					</trkpt>
					<trkpt lat="44.947570" lon="3.763200">
						<ele>1359</ele>
						<time>2025-11-03T11:13:51Z</time>
					</trkpt>
					<trkpt lat="44.948260" lon="3.762230">
						<ele>1352</ele>
						<time>2025-11-03T11:14:40Z</time>
					</trkpt>
					<trkpt lat="44.948690" lon="3.761990">
						<ele>1349</ele>
						<time>2025-11-03T11:15:03Z</time>
					</trkpt>
					<trkpt lat="44.950050" lon="3.760580">
						<ele>1347</ele>
						<time>2025-11-03T11:16:28Z</time>
					</trkpt>
					<trkpt lat="44.951130" lon="3.759630">
						<ele>1350</ele>
						<time>2025-11-03T11:17:31Z</time>
					</trkpt>
					<trkpt lat="44.951760" lon="3.759290">
						<ele>1349</ele>
						<time>2025-11-03T11:18:05Z</time>
					</trkpt>
					<trkpt lat="44.952140" lon="3.758490">
						<ele>1340</ele>
						<time>2025-11-03T11:18:39Z</time>
					</trkpt>
					<trkpt lat="44.952210" lon="3.758470">
						<ele>1340</ele>
						<time>2025-11-03T11:18:43Z</time>
					</trkpt>
					<trkpt lat="44.952480" lon="3.758220">
						<ele>1337</ele>
						<time>2025-11-03T11:18:59Z</time>
					</trkpt>
					<trkpt lat="44.952610" lon="3.757890">
						<ele>1333</ele>
						<time>2025-11-03T11:19:12Z</time>
					</trkpt>
					<trkpt lat="44.953190" lon="3.757710">
						<ele>1329</ele>
						<time>2025-11-03T11:19:42Z</time>
					</trkpt>
					<trkpt lat="44.953350" lon="3.758570">
						<ele>1333</ele>
						<time>2025-11-03T11:20:14Z</time>
					</trkpt>
					<trkpt lat="44.953400" lon="3.758570">
						<ele>1333</ele>
						<time>2025-11-03T11:20:16Z</time>
					</trkpt>
					<trkpt lat="44.954140" lon="3.757550">
						<ele>1322</ele>
						<time>2025-11-03T11:21:08Z</time>
					</trkpt>
					<trkpt lat="44.954290" lon="3.757440">
						<ele>1321</ele>
						<time>2025-11-03T11:21:16Z</time>
					</trkpt>
					<trkpt lat="44.955050" lon="3.757410">
						<ele>1317</ele>
						<time>2025-11-03T11:21:54Z</time>
					</trkpt>
					<trkpt lat="44.955450" lon="3.757180">
						<ele>1316</ele>
						<time>2025-11-03T11:22:16Z</time>
					</trkpt>
					<trkpt lat="44.955850" lon="3.757100">
						<ele>1317</ele>
						<time>2025-11-03T11:22:36Z</time>
					</trkpt>
					<trkpt lat="44.956110" lon="3.756940">
						<ele>1318</ele>
						<time>2025-11-03T11:22:50Z</time>
					</trkpt>
					<trkpt lat="44.956320" lon="3.756850">
						<ele>1319</ele>
						<time>2025-11-03T11:23:01Z</time>
					</trkpt>
					<trkpt lat="44.956490" lon="3.756590">
						<ele>1324</ele>
						<time>2025-11-03T11:23:14Z</time>
					</trkpt>
					<trkpt lat="44.956480" lon="3.756070">
						<ele>1326</ele>
						<time>2025-11-03T11:23:32Z</time>
					</trkpt>
					<trkpt lat="44.956730" lon="3.756190">
						<ele>1325</ele>
						<time>2025-11-03T11:23:45Z</time>
					</trkpt>
					<trkpt lat="44.957050" lon="3.755810">
						<ele>1325</ele>
						<time>2025-11-03T11:24:06Z</time>
					</trkpt>
					<trkpt lat="44.957700" lon="3.755480">
						<ele>1319</ele>
						<time>2025-11-03T11:24:41Z</time>
					</trkpt>
					<trkpt lat="44.957910" lon="3.755430">
						<ele>1317</ele>
						<time>2025-11-03T11:24:52Z</time>
					</trkpt>
					<trkpt lat="44.958090" lon="3.755300">
						<ele>1317</ele>
						<time>2025-11-03T11:25:02Z</time>
					</trkpt>
					<trkpt lat="44.958310" lon="3.755200">
						<ele>1316</ele>
						<time>2025-11-03T11:25:13Z</time>
					</trkpt>
					<trkpt lat="44.958670" lon="3.755100">
						<ele>1314</ele>
						<time>2025-11-03T11:25:32Z</time>
					</trkpt>
					<trkpt lat="44.958950" lon="3.754860">
						<ele>1314</ele>
						<time>2025-11-03T11:25:48Z</time>
					</trkpt>
					<trkpt lat="44.959220" lon="3.754760">
						<ele>1313</ele>
						<time>2025-11-03T11:26:02Z</time>
					</trkpt>
					<trkpt lat="44.959430" lon="3.754780">
						<ele>1310</ele>
						<time>2025-11-03T11:26:13Z</time>
					</trkpt>
					<trkpt lat="44.959640" lon="3.754910">
						<ele>1306</ele>
						<time>2025-11-03T11:26:24Z</time>
					</trkpt>
					<trkpt lat="44.959900" lon="3.754610">
						<ele>1304</ele>
						<time>2025-11-03T11:26:41Z</time>
					</trkpt>
					<trkpt lat="44.959950" lon="3.754500">
						<ele>1304</ele>
						<time>2025-11-03T11:26:45Z</time>
					</trkpt>
					<trkpt lat="44.960060" lon="3.754430">
						<ele>1303</ele>
						<time>2025-11-03T11:26:51Z</time>
					</trkpt>
					<trkpt lat="44.960160" lon="3.754240">
						<ele>1303</ele>
						<time>2025-11-03T11:27:00Z</time>
					</trkpt>
					<trkpt lat="44.960260" lon="3.754160">
						<ele>1302</ele>
						<time>2025-11-03T11:27:06Z</time>
					</trkpt>
					<trkpt lat="44.960340" lon="3.754040">
						<ele>1301</ele>
						<time>2025-11-03T11:27:11Z</time>
					</trkpt>
					<trkpt lat="44.960390" lon="3.753920">
						<ele>1300</ele>
						<time>2025-11-03T11:27:16Z</time>
					</trkpt>
					<trkpt lat="44.960780" lon="3.753740">
						<ele>1295</ele>
						<time>2025-11-03T11:27:37Z</time>
					</trkpt>
					<trkpt lat="44.961200" lon="3.753420">
						<ele>1296</ele>
						<time>2025-11-03T11:28:01Z</time>
					</trkpt>
					<trkpt lat="44.961630" lon="3.753210">
						<ele>1298</ele>
						<time>2025-11-03T11:28:24Z</time>
					</trkpt>
					<trkpt lat="44.961730" lon="3.753190">
						<ele>1299</ele>
						<time>2025-11-03T11:28:29Z</time>
					</trkpt>
					<trkpt lat="44.961800" lon="3.753220">
						<ele>1299</ele>
						<time>2025-11-03T11:28:32Z</time>
					</trkpt>
					<trkpt lat="44.961820" lon="3.753280">
						<ele>1299</ele>
						<time>2025-11-03T11:28:35Z</time>
					</trkpt>
					<trkpt lat="44.961810" lon="3.753370">
						<ele>1298</ele>
						<time>2025-11-03T11:28:38Z</time>
					</trkpt>
					<trkpt lat="44.961900" lon="3.753380">
						<ele>1299</ele>
						<time>2025-11-03T11:28:42Z</time>
					</trkpt>
					<trkpt lat="44.962110" lon="3.753340">
						<ele>1301</ele>
						<time>2025-11-03T11:28:53Z</time>
					</trkpt>
					<trkpt lat="44.962270" lon="3.753250">
						<ele>1302</ele>
						<time>2025-11-03T11:29:02Z</time>
					</trkpt>
					<trkpt lat="44.962420" lon="3.753270">
						<ele>1303</ele>
						<time>2025-11-03T11:29:09Z</time>
					</trkpt>
					<trkpt lat="44.962520" lon="3.753430">
						<ele>1301</ele>
						<time>2025-11-03T11:29:17Z</time>
					</trkpt>
					<trkpt lat="44.963030" lon="3.753440">
						<ele>1301</ele>
						<time>2025-11-03T11:29:42Z</time>
					</trkpt>
					<trkpt lat="44.963250" lon="3.753490">
						<ele>1300</ele>
						<time>2025-11-03T11:29:53Z</time>
					</trkpt>
					<trkpt lat="44.963360" lon="3.753560">
						<ele>1298</ele>
						<time>2025-11-03T11:29:59Z</time>
					</trkpt>
					<trkpt lat="44.963510" lon="3.753550">
						<ele>1298</ele>
						<time>2025-11-03T11:30:07Z</time>
					</trkpt>
					<trkpt lat="44.963730" lon="3.753620">
						<ele>1296</ele>
						<time>2025-11-03T11:30:18Z</time>
					</trkpt>
					<trkpt lat="44.963870" lon="3.753700">
						<ele>1294</ele>
						<time>2025-11-03T11:30:26Z</time>
					</trkpt>
					<trkpt lat="44.964000" lon="3.753920">
						<ele>1289</ele>
						<time>2025-11-03T11:30:36Z</time>
					</trkpt>
					<trkpt lat="44.964210" lon="3.754140">
						<ele>1283</ele>
						<time>2025-11-03T11:30:49Z</time>
					</trkpt>
					<trkpt lat="44.964920" lon="3.754720">
						<ele>1261</ele>
						<time>2025-11-03T11:31:30Z</time>
					</trkpt>
					<trkpt lat="44.965150" lon="3.754950">
						<ele>1253</ele>
						<time>2025-11-03T11:31:44Z</time>
					</trkpt>
					<trkpt lat="44.965500" lon="3.755230">
						<ele>1242</ele>
						<time>2025-11-03T11:32:04Z</time>
					</trkpt>
					<trkpt lat="44.965620" lon="3.755420">
						<ele>1237</ele>
						<time>2025-11-03T11:32:13Z</time>
					</trkpt>
					<trkpt lat="44.966000" lon="3.755740">
						<ele>1228</ele>
						<time>2025-11-03T11:32:35Z</time>
					</trkpt>
					<trkpt lat="44.966230" lon="3.755980">
						<ele>1222</ele>
						<time>2025-11-03T11:32:50Z</time>
					</trkpt>
					<trkpt lat="44.966470" lon="3.756160">
						<ele>1217</ele>
						<time>2025-11-03T11:33:03Z</time>
					</trkpt>
					<trkpt lat="44.966580" lon="3.756310">
						<ele>1215</ele>
						<time>2025-11-03T11:33:11Z</time>
					</trkpt>
					<trkpt lat="44.966760" lon="3.756490">
						<ele>1212</ele>
						<time>2025-11-03T11:33:22Z</time>
					</trkpt>
					<trkpt lat="44.967010" lon="3.756620">
						<ele>1210</ele>
						<time>2025-11-03T11:33:35Z</time>
					</trkpt>
					<trkpt lat="44.967260" lon="3.757030">
						<ele>1208</ele>
						<time>2025-11-03T11:33:54Z</time>
					</trkpt>
					<trkpt lat="44.967300" lon="3.757230">
						<ele>1207</ele>
						<time>2025-11-03T11:34:02Z</time>
					</trkpt>
					<trkpt lat="44.967800" lon="3.758170">
						<ele>1202</ele>
						<time>2025-11-03T11:34:43Z</time>
					</trkpt>
					<trkpt lat="44.967880" lon="3.758210">
						<ele>1202</ele>
						<time>2025-11-03T11:34:48Z</time>
					</trkpt>
					<trkpt lat="44.968090" lon="3.758130">
						<ele>1201</ele>
						<time>2025-11-03T11:34:59Z</time>
					</trkpt>
					<trkpt lat="44.968810" lon="3.758000">
						<ele>1200</ele>
						<time>2025-11-03T11:35:35Z</time>
					</trkpt>
					<trkpt lat="44.969010" lon="3.757930">
						<ele>1200</ele>
						<time>2025-11-03T11:35:45Z</time>
					</trkpt>
					<trkpt lat="44.969080" lon="3.757840">
						<ele>1200</ele>
						<time>2025-11-03T11:35:50Z</time>
					</trkpt>
					<trkpt lat="44.969410" lon="3.757750">
						<ele>1198</ele>
						<time>2025-11-03T11:36:07Z</time>
					</trkpt>
					<trkpt lat="44.969730" lon="3.757730">
						<ele>1196</ele>
						<time>2025-11-03T11:36:23Z</time>
					</trkpt>
					<trkpt lat="44.970200" lon="3.757640">
						<ele>1193</ele>
						<time>2025-11-03T11:36:47Z</time>
					</trkpt>
					<trkpt lat="44.970500" lon="3.757520">
						<ele>1191</ele>
						<time>2025-11-03T11:37:02Z</time>
					</trkpt>
					<trkpt lat="44.970620" lon="3.757520">
						<ele>1190</ele>
						<time>2025-11-03T11:37:08Z</time>
					</trkpt>
					<trkpt lat="44.970790" lon="3.757560">
						<ele>1189</ele>
						<time>2025-11-03T11:37:17Z</time>
					</trkpt>
					<trkpt lat="44.970950" lon="3.757450">
						<ele>1187</ele>
						<time>2025-11-03T11:37:26Z</time>
					</trkpt>
					<trkpt lat="44.971150" lon="3.757190">
						<ele>1183</ele>
						<time>2025-11-03T11:37:39Z</time>
					</trkpt>
					<trkpt lat="44.971290" lon="3.757060">
						<ele>1181</ele>
						<time>2025-11-03T11:37:48Z</time>
					</trkpt>
					<trkpt lat="44.971290" lon="3.757000">
						<ele>1181</ele>
						<time>2025-11-03T11:37:50Z</time>
					</trkpt>
					<trkpt lat="44.971370" lon="3.756850">
						<ele>1179</ele>
						<time>2025-11-03T11:37:56Z</time>
					</trkpt>
					<trkpt lat="44.971510" lon="3.756920">
						<ele>1178</ele>
						<time>2025-11-03T11:38:04Z</time>
					</trkpt>
					<trkpt lat="44.971890" lon="3.757490">
						<ele>1171</ele>
						<time>2025-11-03T11:38:32Z</time>
					</trkpt>
					<trkpt lat="44.971970" lon="3.757710">
						<ele>1166</ele>
						<time>2025-11-03T11:38:40Z</time>
					</trkpt>
					<trkpt lat="44.972080" lon="3.757910">
						<ele>1160</ele>
						<time>2025-11-03T11:38:49Z</time>
					</trkpt>
					<trkpt lat="44.971920" lon="3.758570">
						<ele>1157</ele>
						<time>2025-11-03T11:39:14Z</time>
					</trkpt>
					<trkpt lat="44.971930" lon="3.758750">
						<ele>1155</ele>
						<time>2025-11-03T11:39:20Z</time>
					</trkpt>
					<trkpt lat="44.972160" lon="3.759330">
						<ele>1144</ele>
						<time>2025-11-03T11:39:44Z</time>
					</trkpt>
					<trkpt lat="44.972280" lon="3.759470">
						<ele>1141</ele>
						<time>2025-11-03T11:39:52Z</time>
					</trkpt>
					<trkpt lat="44.972400" lon="3.759700">
						<ele>1137</ele>
						<time>2025-11-03T11:40:02Z</time>
					</trkpt>
					<trkpt lat="44.972500" lon="3.759830">
						<ele>1134</ele>
						<time>2025-11-03T11:40:09Z</time>
					</trkpt>
					<trkpt lat="44.972580" lon="3.759920">
						<ele>1132</ele>
						<time>2025-11-03T11:40:14Z</time>
					</trkpt>
					<trkpt lat="44.972750" lon="3.760010">
						<ele>1129</ele>
						<time>2025-11-03T11:40:23Z</time>
					</trkpt>
					<trkpt lat="44.972960" lon="3.760340">
						<ele>1121</ele>
						<time>2025-11-03T11:40:39Z</time>
					</trkpt>
					<trkpt lat="44.973150" lon="3.760490">
						<ele>1117</ele>
						<time>2025-11-03T11:40:49Z</time>
					</trkpt>
					<trkpt lat="44.973430" lon="3.760520">
						<ele>1112</ele>
						<time>2025-11-03T11:41:04Z</time>
					</trkpt>
					<trkpt lat="44.973510" lon="3.760570">
						<ele>1111</ele>
						<time>2025-11-03T11:41:08Z</time>
					</trkpt>
					<trkpt lat="44.973860" lon="3.761090">
						<ele>1105</ele>
						<time>2025-11-03T11:41:33Z</time>
					</trkpt>
					<trkpt lat="44.974120" lon="3.761540">
						<ele>1104</ele>
						<time>2025-11-03T11:41:54Z</time>
					</trkpt>
					<trkpt lat="44.974450" lon="3.761940">
						<ele>1102</ele>
						<time>2025-11-03T11:42:16Z</time>
					</trkpt>
					<trkpt lat="44.974900" lon="3.762710">
						<ele>1102</ele>
						<time>2025-11-03T11:42:51Z</time>
					</trkpt>
					<trkpt lat="44.975070" lon="3.762930">
						<ele>1102</ele>
						<time>2025-11-03T11:43:03Z</time>
					</trkpt>
					<trkpt lat="44.975130" lon="3.763250">
						<ele>1102</ele>
						<time>2025-11-03T11:43:14Z</time>
					</trkpt>
					<trkpt lat="44.975140" lon="3.763480">
						<ele>1101</ele>
						<time>2025-11-03T11:43:22Z</time>
					</trkpt>
					<trkpt lat="44.975100" lon="3.763840">
						<ele>1100</ele>
						<time>2025-11-03T11:43:35Z</time>
					</trkpt>
					<trkpt lat="44.975210" lon="3.764130">
						<ele>1098</ele>
						<time>2025-11-03T11:43:47Z</time>
					</trkpt>
					<trkpt lat="44.975320" lon="3.764270">
						<ele>1097</ele>
						<time>2025-11-03T11:43:54Z</time>
					</trkpt>
					<trkpt lat="44.975430" lon="3.764350">
						<ele>1095</ele>
						<time>2025-11-03T11:44:01Z</time>
					</trkpt>
					<trkpt lat="44.975580" lon="3.764390">
						<ele>1093</ele>
						<time>2025-11-03T11:44:08Z</time>
					</trkpt>
					<trkpt lat="44.975760" lon="3.764580">
						<ele>1090</ele>
						<time>2025-11-03T11:44:19Z</time>
					</trkpt>
					<trkpt lat="44.975820" lon="3.764710">
						<ele>1089</ele>
						<time>2025-11-03T11:44:25Z</time>
					</trkpt>
					<trkpt lat="44.976050" lon="3.764940">
						<ele>1082</ele>
						<time>2025-11-03T11:44:39Z</time>
					</trkpt>
					<trkpt lat="44.976210" lon="3.765060">
						<ele>1077</ele>
						<time>2025-11-03T11:44:48Z</time>
					</trkpt>
					<trkpt lat="44.976350" lon="3.765110">
						<ele>1074</ele>
						<time>2025-11-03T11:44:55Z</time>
					</trkpt>
					<trkpt lat="44.976550" lon="3.765010">
						<ele>1070</ele>
						<time>2025-11-03T11:45:06Z</time>
					</trkpt>
					<trkpt lat="44.976880" lon="3.765150">
						<ele>1065</ele>
						<time>2025-11-03T11:45:23Z</time>
					</trkpt>
					<trkpt lat="44.977280" lon="3.765550">
						<ele>1059</ele>
						<time>2025-11-03T11:45:48Z</time>
					</trkpt>
					<trkpt lat="44.977480" lon="3.765700">
						<ele>1055</ele>
						<time>2025-11-03T11:45:59Z</time>
					</trkpt>
					<trkpt lat="44.977670" lon="3.765800">
						<ele>1053</ele>
						<time>2025-11-03T11:46:09Z</time>
					</trkpt>
					<trkpt lat="44.978220" lon="3.766540">
						<ele>1044</ele>
						<time>2025-11-03T11:46:47Z</time>
					</trkpt>
					<trkpt lat="44.978720" lon="3.767010">
						<ele>1037</ele>
						<time>2025-11-03T11:47:17Z</time>
					</trkpt>
					<trkpt lat="44.979030" lon="3.767260">
						<ele>1033</ele>
						<time>2025-11-03T11:47:35Z</time>
					</trkpt>
					<trkpt lat="44.979330" lon="3.767750">
						<ele>1029</ele>
						<time>2025-11-03T11:47:58Z</time>
					</trkpt>
					<trkpt lat="44.980800" lon="3.769810">
						<ele>1020</ele>
						<time>2025-11-03T11:49:42Z</time>
					</trkpt>
					<trkpt lat="44.980940" lon="3.770130">
						<ele>1018</ele>
						<time>2025-11-03T11:49:55Z</time>
					</trkpt>
					<trkpt lat="44.981260" lon="3.770550">
						<ele>1017</ele>
						<time>2025-11-03T11:50:17Z</time>
					</trkpt>
					<trkpt lat="44.981580" lon="3.771080">
						<ele>1015</ele>
						<time>2025-11-03T11:50:41Z</time>
					</trkpt>
					<trkpt lat="44.981710" lon="3.771250">
						<ele>1015</ele>
						<time>2025-11-03T11:50:50Z</time>
					</trkpt>
					<trkpt lat="44.981740" lon="3.771380">
						<ele>1015</ele>
						<time>2025-11-03T11:50:55Z</time>
					</trkpt>
					<trkpt lat="44.981700" lon="3.772220">
						<ele>1011</ele>
						<time>2025-11-03T11:51:25Z</time>
					</trkpt>
					<trkpt lat="44.981770" lon="3.772660">
						<ele>1010</ele>
						<time>2025-11-03T11:51:41Z</time>
					</trkpt>
					<trkpt lat="44.981790" lon="3.773200">
						<ele>1009</ele>
						<time>2025-11-03T11:52:00Z</time>
					</trkpt>
					<trkpt lat="44.981760" lon="3.774050">
						<ele>1009</ele>
						<time>2025-11-03T11:52:30Z</time>
					</trkpt>
					<trkpt lat="44.981920" lon="3.774730">
						<ele>1009</ele>
						<time>2025-11-03T11:52:56Z</time>
					</trkpt>
					<trkpt lat="44.981940" lon="3.775160">
						<ele>1008</ele>
						<time>2025-11-03T11:53:11Z</time>
					</trkpt>
					<trkpt lat="44.982140" lon="3.775580">
						<ele>1007</ele>
						<time>2025-11-03T11:53:29Z</time>
					</trkpt>
					<trkpt lat="44.982190" lon="3.775910">
						<ele>1006</ele>
						<time>2025-11-03T11:53:41Z</time>
					</trkpt>
					<trkpt lat="44.982160" lon="3.776580">
						<ele>1004</ele>
						<time>2025-11-03T11:54:04Z</time>
					</trkpt>
					<trkpt lat="44.982330" lon="3.777200">
						<ele>1003</ele>
						<time>2025-11-03T11:54:28Z</time>
					</trkpt>
					<trkpt lat="44.982440" lon="3.777850">
						<ele>1002</ele>
						<time>2025-11-03T11:54:52Z</time>
					</trkpt>
					<trkpt lat="44.982430" lon="3.778300">
						<ele>1000</ele>
						<time>2025-11-03T11:55:08Z</time>
					</trkpt>
					<trkpt lat="44.982620" lon="3.779210">
						<ele>999</ele>
						<time>2025-11-03T11:55:41Z</time>
					</trkpt>
					<trkpt lat="44.982660" lon="3.779570">
						<ele>998</ele>
						<time>2025-11-03T11:55:54Z</time>
					</trkpt>
					<trkpt lat="44.982870" lon="3.780370">
						<ele>996</ele>
						<time>2025-11-03T11:56:24Z</time>
					</trkpt>
					<trkpt lat="44.983030" lon="3.780800">
						<ele>995</ele>
						<time>2025-11-03T11:56:41Z</time>
					</trkpt>
					<trkpt lat="44.983410" lon="3.782430">
						<ele>991</ele>
						<time>2025-11-03T11:57:42Z</time>
					</trkpt>
					<trkpt lat="44.983460" lon="3.782910">
						<ele>990</ele>
						<time>2025-11-03T11:57:59Z</time>
					</trkpt>
					<trkpt lat="44.983860" lon="3.783870">
						<ele>989</ele>
						<time>2025-11-03T11:58:39Z</time>
					</trkpt>
					<trkpt lat="44.984130" lon="3.784310">
						<ele>988</ele>
						<time>2025-11-03T11:58:59Z</time>
					</trkpt>
					<trkpt lat="44.984350" lon="3.784610">
						<ele>988</ele>
						<time>2025-11-03T11:59:15Z</time>
					</trkpt>
					<trkpt lat="44.984620" lon="3.785240">
						<ele>987</ele>
						<time>2025-11-03T11:59:41Z</time>
					</trkpt>
					<trkpt lat="44.984760" lon="3.785720">
						<ele>985</ele>
						<time>2025-11-03T11:59:59Z</time>
					</trkpt>
					<trkpt lat="44.985140" lon="3.786120">
						<ele>984</ele>
						<time>2025-11-03T12:00:23Z</time>
					</trkpt>
					<trkpt lat="44.985290" lon="3.786380">
						<ele>983</ele>
						<time>2025-11-03T12:00:35Z</time>
					</trkpt>
					<trkpt lat="44.985440" lon="3.786930">
						<ele>982</ele>
						<time>2025-11-03T12:00:56Z</time>
					</trkpt>
					<trkpt lat="44.985710" lon="3.787260">
						<ele>981</ele>
						<time>2025-11-03T12:01:13Z</time>
					</trkpt>
					<trkpt lat="44.985470" lon="3.788290">
						<ele>979</ele>
						<time>2025-11-03T12:01:52Z</time>
					</trkpt>
					<trkpt lat="44.985420" lon="3.788710">
						<ele>977</ele>
						<time>2025-11-03T12:02:07Z</time>
					</trkpt>
					<trkpt lat="44.985570" lon="3.789250">
						<ele>975</ele>
						<time>2025-11-03T12:02:27Z</time>
					</trkpt>
					<trkpt lat="44.985580" lon="3.789680">
						<ele>974</ele>
						<time>2025-11-03T12:02:43Z</time>
					</trkpt>
					<trkpt lat="44.985710" lon="3.790080">
						<ele>972</ele>
						<time>2025-11-03T12:02:58Z</time>
					</trkpt>
					<trkpt lat="44.985750" lon="3.790450">
						<ele>970</ele>
						<time>2025-11-03T12:03:11Z</time>
					</trkpt>
					<trkpt lat="44.985940" lon="3.790930">
						<ele>968</ele>
						<time>2025-11-03T12:03:31Z</time>
					</trkpt>
					<trkpt lat="44.986370" lon="3.791870">
						<ele>966</ele>
						<time>2025-11-03T12:04:11Z</time>
					</trkpt>
					<trkpt lat="44.986590" lon="3.792150">
						<ele>966</ele>
						<time>2025-11-03T12:04:25Z</time>
					</trkpt>
					<trkpt lat="44.986720" lon="3.792380">
						<ele>965</ele>
						<time>2025-11-03T12:04:36Z</time>
					</trkpt>
					<trkpt lat="44.987280" lon="3.792920">
						<ele>961</ele>
						<time>2025-11-03T12:05:10Z</time>
					</trkpt>
					<trkpt lat="44.987430" lon="3.792990">
						<ele>961</ele>
						<time>2025-11-03T12:05:18Z</time>
					</trkpt>
					<trkpt lat="44.987790" lon="3.793040">
						<ele>961</ele>
						<time>2025-11-03T12:05:36Z</time>
					</trkpt>
					<trkpt lat="44.988060" lon="3.793050">
						<ele>962</ele>
						<time>2025-11-03T12:05:49Z</time>
					</trkpt>
					<trkpt lat="44.988170" lon="3.793010">
						<ele>962</ele>
						<time>2025-11-03T12:05:55Z</time>
					</trkpt>
					<trkpt lat="44.988270" lon="3.793090">
						<ele>962</ele>
						<time>2025-11-03T12:06:01Z</time>
					</trkpt>
					<trkpt lat="44.988440" lon="3.793730">
						<ele>959</ele>
						<time>2025-11-03T12:06:25Z</time>
					</trkpt>
					<trkpt lat="44.988720" lon="3.794370">
						<ele>957</ele>
						<time>2025-11-03T12:06:52Z</time>
					</trkpt>
					<trkpt lat="44.988980" lon="3.795120">
						<ele>955</ele>
						<time>2025-11-03T12:07:21Z</time>
					</trkpt>
					<trkpt lat="44.989170" lon="3.795710">
						<ele>953</ele>
						<time>2025-11-03T12:07:44Z</time>
					</trkpt>
					<trkpt lat="44.989220" lon="3.796020">
						<ele>952</ele>
						<time>2025-11-03T12:07:55Z</time>
					</trkpt>
					<trkpt lat="44.989290" lon="3.796170">
						<ele>951</ele>
						<time>2025-11-03T12:08:02Z</time>
					</trkpt>
					<trkpt lat="44.989400" lon="3.796530">
						<ele>951</ele>
						<time>2025-11-03T12:08:16Z</time>
					</trkpt>
					<trkpt lat="44.989500" lon="3.796710">
						<ele>951</ele>
						<time>2025-11-03T12:08:24Z</time>
					</trkpt>
					<trkpt lat="44.989650" lon="3.796900">
						<ele>951</ele>
						<time>2025-11-03T12:08:34Z</time>
					</trkpt>
					<trkpt lat="44.989890" lon="3.797700">
						<ele>950</ele>
						<time>2025-11-03T12:09:04Z</time>
					</trkpt>
					<trkpt lat="44.990000" lon="3.798100">
						<ele>950</ele>
						<time>2025-11-03T12:09:20Z</time>
					</trkpt>
					<trkpt lat="44.990000" lon="3.798430">
						<ele>950</ele>
						<time>2025-11-03T12:09:31Z</time>
					</trkpt>
					<trkpt lat="44.990270" lon="3.800150">
						<ele>946</ele>
						<time>2025-11-03T12:10:34Z</time>
					</trkpt>
					<trkpt lat="44.990330" lon="3.800400">
						<ele>945</ele>
						<time>2025-11-03T12:10:43Z</time>
					</trkpt>
					<trkpt lat="44.990470" lon="3.800480">
						<ele>945</ele>
						<time>2025-11-03T12:10:51Z</time>
					</trkpt>
					<trkpt lat="44.990630" lon="3.800670">
						<ele>944</ele>
						<time>2025-11-03T12:11:01Z</time>
					</trkpt>
					<trkpt lat="44.990720" lon="3.800870">
						<ele>944</ele>
						<time>2025-11-03T12:11:09Z</time>
					</trkpt>
					<trkpt lat="44.990910" lon="3.800720">
						<ele>944</ele>
						<time>2025-11-03T12:11:20Z</time>
					</trkpt>
					<trkpt lat="44.991070" lon="3.800700">
						<ele>943</ele>
						<time>2025-11-03T12:11:28Z</time>
					</trkpt>
					<trkpt lat="44.991710" lon="3.800770">
						<ele>939</ele>
						<time>2025-11-03T12:12:00Z</time>
					</trkpt>
					<trkpt lat="44.992040" lon="3.800630">
						<ele>937</ele>
						<time>2025-11-03T12:12:18Z</time>
					</trkpt>
					<trkpt lat="44.992180" lon="3.800390">
						<ele>936</ele>
						<time>2025-11-03T12:12:29Z</time>
					</trkpt>
					<trkpt lat="44.992310" lon="3.800040">
						<ele>935</ele>
						<time>2025-11-03T12:12:43Z</time>
					</trkpt>
					<trkpt lat="44.992470" lon="3.800180">
						<ele>934</ele>
						<time>2025-11-03T12:12:52Z</time>
					</trkpt>
					<trkpt lat="44.993160" lon="3.801090">
						<ele>931</ele>
						<time>2025-11-03T12:13:39Z</time>
					</trkpt>
					<trkpt lat="44.993390" lon="3.801320">
						<ele>931</ele>
						<time>2025-11-03T12:13:53Z</time>
					</trkpt>
					<trkpt lat="44.993840" lon="3.801660">
						<ele>930</ele>
						<time>2025-11-03T12:14:19Z</time>
					</trkpt>
					<trkpt lat="44.993690" lon="3.802180">
						<ele>930</ele>
						<time>2025-11-03T12:14:39Z</time>
					</trkpt>
					<trkpt lat="44.993710" lon="3.802570">
						<ele>930</ele>
						<time>2025-11-03T12:14:53Z</time>
					</trkpt>
					<trkpt lat="44.993610" lon="3.804060">
						<ele>930</ele>
						<time>2025-11-03T12:15:46Z</time>
					</trkpt>
					<trkpt lat="44.993710" lon="3.806160">
						<ele>928</ele>
						<time>2025-11-03T12:17:00Z</time>
					</trkpt>
					<trkpt lat="44.993680" lon="3.806400">
						<ele>928</ele>
						<time>2025-11-03T12:17:09Z</time>
					</trkpt>
					<trkpt lat="44.993680" lon="3.806650">
						<ele>928</ele>
						<time>2025-11-03T12:17:18Z</time>
					</trkpt>
					<trkpt lat="44.993660" lon="3.806750">
						<ele>928</ele>
						<time>2025-11-03T12:17:21Z</time>
					</trkpt>
					<trkpt lat="44.993550" lon="3.806810">
						<ele>928</ele>
						<time>2025-11-03T12:17:27Z</time>
					</trkpt>
					<trkpt lat="44.993170" lon="3.806870">
						<ele>929</ele>
						<time>2025-11-03T12:17:46Z</time>
					</trkpt>
					<trkpt lat="44.992990" lon="3.806870">
						<ele>929</ele>
						<time>2025-11-03T12:17:55Z</time>
					</trkpt>
					<trkpt lat="44.993090" lon="3.808350">
						<ele>928</ele>
						<time>2025-11-03T12:18:48Z</time>
					</trkpt>
					<trkpt lat="44.993430" lon="3.809280">
						<ele>927</ele>
						<time>2025-11-03T12:19:25Z</time>
					</trkpt>
					<trkpt lat="44.993790" lon="3.810900">
						<ele>928</ele>
						<time>2025-11-03T12:20:25Z</time>
					</trkpt>
					<trkpt lat="44.994060" lon="3.811630">
						<ele>928</ele>
						<time>2025-11-03T12:20:54Z</time>
					</trkpt>
					<trkpt lat="44.994340" lon="3.812090">
						<ele>926</ele>
						<time>2025-11-03T12:21:16Z</time>
					</trkpt>
					<trkpt lat="44.995120" lon="3.812770">
						<ele>922</ele>
						<time>2025-11-03T12:22:02Z</time>
					</trkpt>
					<trkpt lat="44.995270" lon="3.813330">
						<ele>917</ele>
						<time>2025-11-03T12:22:23Z</time>
					</trkpt>
					<trkpt lat="44.995530" lon="3.813910">
						<ele>914</ele>
						<time>2025-11-03T12:22:47Z</time>
					</trkpt>
					<trkpt lat="44.995750" lon="3.814270">
						<ele>912</ele>
						<time>2025-11-03T12:23:04Z</time>
					</trkpt>
					<trkpt lat="44.995850" lon="3.814820">
						<ele>909</ele>
						<time>2025-11-03T12:23:24Z</time>
					</trkpt>
					<trkpt lat="44.995920" lon="3.815440">
						<ele>906</ele>
						<time>2025-11-03T12:23:46Z</time>
					</trkpt>
					<trkpt lat="44.996240" lon="3.816210">
						<ele>903</ele>
						<time>2025-11-03T12:24:18Z</time>
					</trkpt>
					<trkpt lat="44.996440" lon="3.816510">
						<ele>903</ele>
						<time>2025-11-03T12:24:32Z</time>
					</trkpt>
					<trkpt lat="44.996740" lon="3.816760">
						<ele>903</ele>
						<time>2025-11-03T12:24:50Z</time>
					</trkpt>
					<trkpt lat="44.996950" lon="3.816840">
						<ele>903</ele>
						<time>2025-11-03T12:25:01Z</time>
					</trkpt>
					<trkpt lat="44.997090" lon="3.817110">
						<ele>903</ele>
						<time>2025-11-03T12:25:13Z</time>
					</trkpt>
					<trkpt lat="44.997100" lon="3.817730">
						<ele>904</ele>
						<time>2025-11-03T12:25:35Z</time>
					</trkpt>
					<trkpt lat="44.997010" lon="3.817890">
						<ele>905</ele>
						<time>2025-11-03T12:25:42Z</time>
					</trkpt>
					<trkpt lat="44.996490" lon="3.818250">
						<ele>909</ele>
						<time>2025-11-03T12:26:11Z</time>
					</trkpt>
					<trkpt lat="44.996350" lon="3.818740">
						<ele>911</ele>
						<time>2025-11-03T12:26:29Z</time>
					</trkpt>
					<trkpt lat="44.996360" lon="3.819270">
						<ele>913</ele>
						<time>2025-11-03T12:26:48Z</time>
					</trkpt>
					<trkpt lat="44.996540" lon="3.819530">
						<ele>913</ele>
						<time>2025-11-03T12:27:01Z</time>
					</trkpt>
					<trkpt lat="44.997300" lon="3.820020">
						<ele>914</ele>
						<time>2025-11-03T12:27:43Z</time>
					</trkpt>
					<trkpt lat="44.997380" lon="3.820010">
						<ele>914</ele>
						<time>2025-11-03T12:27:47Z</time>
					</trkpt>
					<trkpt lat="44.997470" lon="3.820050">
						<ele>914</ele>
						<time>2025-11-03T12:27:52Z</time>
					</trkpt>
					<trkpt lat="44.997680" lon="3.819990">
						<ele>913</ele>
						<time>2025-11-03T12:28:02Z</time>
					</trkpt>
					<trkpt lat="44.997730" lon="3.820110">
						<ele>913</ele>
						<time>2025-11-03T12:28:07Z</time>
					</trkpt>
					<trkpt lat="44.997770" lon="3.820370">
						<ele>912</ele>
						<time>2025-11-03T12:28:17Z</time>
					</trkpt>
					<trkpt lat="44.997780" lon="3.820650">
						<ele>912</ele>
						<time>2025-11-03T12:28:27Z</time>
					</trkpt>
					<trkpt lat="44.997590" lon="3.820840">
						<ele>913</ele>
						<time>2025-11-03T12:28:38Z</time>
					</trkpt>
					<trkpt lat="44.997530" lon="3.821010">
						<ele>913</ele>
						<time>2025-11-03T12:28:45Z</time>
					</trkpt>
					<trkpt lat="44.997550" lon="3.821130">
						<ele>913</ele>
						<time>2025-11-03T12:28:49Z</time>
					</trkpt>
					<trkpt lat="44.997740" lon="3.821180">
						<ele>912</ele>
						<time>2025-11-03T12:28:59Z</time>
					</trkpt>
					<trkpt lat="44.997790" lon="3.821180">
						<ele>912</ele>
						<time>2025-11-03T12:29:02Z</time>
					</trkpt>
					<trkpt lat="44.997830" lon="3.821120">
						<ele>912</ele>
						<time>2025-11-03T12:29:04Z</time>
					</trkpt>
					<trkpt lat="44.997900" lon="3.820540">
						<ele>912</ele>
						<time>2025-11-03T12:29:25Z</time>
					</trkpt>
					<trkpt lat="44.997950" lon="3.820460">
						<ele>912</ele>
						<time>2025-11-03T12:29:29Z</time>
					</trkpt>
					<trkpt lat="44.998030" lon="3.820410">
						<ele>911</ele>
						<time>2025-11-03T12:29:33Z</time>
					</trkpt>
					<trkpt lat="44.998350" lon="3.820300">
						<ele>910</ele>
						<time>2025-11-03T12:29:50Z</time>
					</trkpt>
					<trkpt lat="44.999070" lon="3.820330">
						<ele>909</ele>
						<time>2025-11-03T12:30:26Z</time>
					</trkpt>
					<trkpt lat="44.999670" lon="3.820240">
						<ele>907</ele>
						<time>2025-11-03T12:30:56Z</time>
					</trkpt>
					<trkpt lat="44.999940" lon="3.820110">
						<ele>906</ele>
						<time>2025-11-03T12:31:10Z</time>
					</trkpt>
					<trkpt lat="45.000240" lon="3.820030">
						<ele>905</ele>
						<time>2025-11-03T12:31:26Z</time>
					</trkpt>
					<trkpt lat="45.000540" lon="3.819810">
						<ele>902</ele>
						<time>2025-11-03T12:31:43Z</time>
					</trkpt>
					<trkpt lat="45.001090" lon="3.820050">
						<ele>901</ele>
						<time>2025-11-03T12:32:11Z</time>
					</trkpt>
					<trkpt lat="45.002310" lon="3.820340">
						<ele>892</ele>
						<time>2025-11-03T12:33:13Z</time>
					</trkpt>
					<trkpt lat="45.002980" lon="3.820680">
						<ele>889</ele>
						<time>2025-11-03T12:33:49Z</time>
					</trkpt>
					<trkpt lat="45.003510" lon="3.821190">
						<ele>887</ele>
						<time>2025-11-03T12:34:21Z</time>
					</trkpt>
					<trkpt lat="45.003930" lon="3.821550">
						<ele>883</ele>
						<time>2025-11-03T12:34:46Z</time>
					</trkpt>
					<trkpt lat="45.004160" lon="3.821630">
						<ele>880</ele>
						<time>2025-11-03T12:34:57Z</time>
					</trkpt>
					<trkpt lat="45.004270" lon="3.821560">
						<ele>881</ele>
						<time>2025-11-03T12:35:03Z</time>
					</trkpt>
					<trkpt lat="45.004450" lon="3.821730">
						<ele>881</ele>
						<time>2025-11-03T12:35:14Z</time>
					</trkpt>
					<trkpt lat="45.004590" lon="3.822000">
						<ele>882</ele>
						<time>2025-11-03T12:35:26Z</time>
					</trkpt>
					<trkpt lat="45.004760" lon="3.822420">
						<ele>881</ele>
						<time>2025-11-03T12:35:43Z</time>
					</trkpt>
					<trkpt lat="45.005230" lon="3.822890">
						<ele>883</ele>
						<time>2025-11-03T12:36:12Z</time>
					</trkpt>
					<trkpt lat="45.005440" lon="3.823150">
						<ele>885</ele>
						<time>2025-11-03T12:36:26Z</time>
					</trkpt>
					<trkpt lat="45.005600" lon="3.823440">
						<ele>886</ele>
						<time>2025-11-03T12:36:39Z</time>
					</trkpt>
					<trkpt lat="45.006910" lon="3.824080">
						<ele>889</ele>
						<time>2025-11-03T12:37:48Z</time>
					</trkpt>
					<trkpt lat="45.007150" lon="3.824220">
						<ele>886</ele>
						<time>2025-11-03T12:38:01Z</time>
					</trkpt>
					<trkpt lat="45.007370" lon="3.824360">
						<ele>882</ele>
						<time>2025-11-03T12:38:13Z</time>
					</trkpt>
					<trkpt lat="45.007470" lon="3.824550">
						<ele>878</ele>
						<time>2025-11-03T12:38:22Z</time>
					</trkpt>
					<trkpt lat="45.008070" lon="3.824640">
						<ele>876</ele>
						<time>2025-11-03T12:38:52Z</time>
					</trkpt>
					<trkpt lat="45.008480" lon="3.824790">
						<ele>874</ele>
						<time>2025-11-03T12:39:13Z</time>
					</trkpt>
					<trkpt lat="45.008930" lon="3.824980">
						<ele>874</ele>
						<time>2025-11-03T12:39:37Z</time>
					</trkpt>
					<trkpt lat="45.009300" lon="3.825330">
						<ele>871</ele>
						<time>2025-11-03T12:39:59Z</time>
					</trkpt>
					<trkpt lat="45.010030" lon="3.825580">
						<ele>872</ele>
						<time>2025-11-03T12:40:37Z</time>
					</trkpt>
					<trkpt lat="45.010440" lon="3.825560">
						<ele>875</ele>
						<time>2025-11-03T12:40:57Z</time>
					</trkpt>
					<trkpt lat="45.011000" lon="3.825630">
						<ele>878</ele>
						<time>2025-11-03T12:41:25Z</time>
					</trkpt>
					<trkpt lat="45.011360" lon="3.825790">
						<ele>878</ele>
						<time>2025-11-03T12:41:44Z</time>
					</trkpt>
					<trkpt lat="45.012090" lon="3.825970">
						<ele>880</ele>
						<time>2025-11-03T12:42:21Z</time>
					</trkpt>
					<trkpt lat="45.012320" lon="3.827120">
						<ele>873</ele>
						<time>2025-11-03T12:43:04Z</time>
					</trkpt>
					<trkpt lat="45.012870" lon="3.827580">
						<ele>874</ele>
						<time>2025-11-03T12:43:35Z</time>
					</trkpt>
					<trkpt lat="45.012900" lon="3.828090">
						<ele>868</ele>
						<time>2025-11-03T12:43:54Z</time>
					</trkpt>
					<trkpt lat="45.013040" lon="3.828120">
						<ele>871</ele>
						<time>2025-11-03T12:44:01Z</time>
					</trkpt>
					<trkpt lat="45.013170" lon="3.828420">
						<ele>871</ele>
						<time>2025-11-03T12:44:13Z</time>
					</trkpt>
					<trkpt lat="45.013250" lon="3.829270">
						<ele>869</ele>
						<time>2025-11-03T12:44:43Z</time>
					</trkpt>
					<trkpt lat="45.013230" lon="3.830570">
						<ele>868</ele>
						<time>2025-11-03T12:45:29Z</time>
					</trkpt>
					<trkpt lat="45.013700" lon="3.831530">
						<ele>866</ele>
						<time>2025-11-03T12:46:11Z</time>
					</trkpt>
					<trkpt lat="45.014330" lon="3.831780">
						<ele>868</ele>
						<time>2025-11-03T12:46:44Z</time>
					</trkpt>
					<trkpt lat="45.015130" lon="3.832380">
						<ele>868</ele>
						<time>2025-11-03T12:47:29Z</time>
					</trkpt>
					<trkpt lat="45.015540" lon="3.833690">
						<ele>864</ele>
						<time>2025-11-03T12:48:20Z</time>
					</trkpt>
					<trkpt lat="45.015220" lon="3.834930">
						<ele>855</ele>
						<time>2025-11-03T12:49:06Z</time>
					</trkpt>
					<trkpt lat="45.016130" lon="3.835850">
						<ele>861</ele>
						<time>2025-11-03T12:50:02Z</time>
					</trkpt>
					<trkpt lat="45.016390" lon="3.837430">
						<ele>855</ele>
						<time>2025-11-03T12:51:00Z</time>
					</trkpt>
					<trkpt lat="45.016110" lon="3.837860">
						<ele>842</ele>
						<time>2025-11-03T12:51:20Z</time>
					</trkpt>
					<trkpt lat="45.015730" lon="3.838380">
						<ele>829</ele>
						<time>2025-11-03T12:51:47Z</time>
					</trkpt>
					<trkpt lat="45.015910" lon="3.838430">
						<ele>832</ele>
						<time>2025-11-03T12:51:56Z</time>
					</trkpt>
					<trkpt lat="45.016320" lon="3.838470">
						<ele>836</ele>
						<time>2025-11-03T12:52:16Z</time>
					</trkpt>
					<trkpt lat="45.016430" lon="3.838610">
						<ele>833</ele>
						<time>2025-11-03T12:52:24Z</time>
					</trkpt>
					<trkpt lat="45.016630" lon="3.838690">
						<ele>832</ele>
						<time>2025-11-03T12:52:34Z</time>
					</trkpt>
					<trkpt lat="45.016470" lon="3.838860">
						<ele>826</ele>
						<time>2025-11-03T12:52:44Z</time>
					</trkpt>
					<trkpt lat="45.016330" lon="3.839110">
						<ele>818</ele>
						<time>2025-11-03T12:52:56Z</time>
					</trkpt>
					<trkpt lat="45.016450" lon="3.839140">
						<ele>818</ele>
						<time>2025-11-03T12:53:02Z</time>
					</trkpt>
					<trkpt lat="45.016770" lon="3.839120">
						<ele>820</ele>
						<time>2025-11-03T12:53:18Z</time>
					</trkpt>
					<trkpt lat="45.016830" lon="3.839170">
						<ele>819</ele>
						<time>2025-11-03T12:53:21Z</time>
					</trkpt>
					<trkpt lat="45.016250" lon="3.839670">
						<ele>802</ele>
						<time>2025-11-03T12:53:55Z</time>
					</trkpt>
					<trkpt lat="45.015450" lon="3.839320">
						<ele>805</ele>
						<time>2025-11-03T12:54:37Z</time>
					</trkpt>
					<trkpt lat="45.015160" lon="3.839220">
						<ele>801</ele>
						<time>2025-11-03T12:54:52Z</time>
					</trkpt>
					<trkpt lat="45.014590" lon="3.839630">
						<ele>809</ele>
						<time>2025-11-03T12:55:24Z</time>
					</trkpt>
					<trkpt lat="45.014180" lon="3.839670">
						<ele>816</ele>
						<time>2025-11-03T12:55:45Z</time>
					</trkpt>
					<trkpt lat="45.013690" lon="3.839660">
						<ele>818</ele>
						<time>2025-11-03T12:56:09Z</time>
					</trkpt>
					<trkpt lat="45.013390" lon="3.839700">
						<ele>820</ele>
						<time>2025-11-03T12:56:24Z</time>
					</trkpt>
					<trkpt lat="45.012960" lon="3.839720">
						<ele>822</ele>
						<time>2025-11-03T12:56:46Z</time>
					</trkpt>
					<trkpt lat="45.012840" lon="3.839820">
						<ele>824</ele>
						<time>2025-11-03T12:56:53Z</time>
					</trkpt>
					<trkpt lat="45.012690" lon="3.839790">
						<ele>825</ele>
						<time>2025-11-03T12:57:00Z</time>
					</trkpt>
					<trkpt lat="45.012550" lon="3.839720">
						<ele>825</ele>
						<time>2025-11-03T12:57:08Z</time>
					</trkpt>
					<trkpt lat="45.012230" lon="3.839500">
						<ele>825</ele>
						<time>2025-11-03T12:57:25Z</time>
					</trkpt>
					<trkpt lat="45.012080" lon="3.839460">
						<ele>826</ele>
						<time>2025-11-03T12:57:33Z</time>
					</trkpt>
					<trkpt lat="45.011980" lon="3.839500">
						<ele>828</ele>
						<time>2025-11-03T12:57:38Z</time>
					</trkpt>
					<trkpt lat="45.011920" lon="3.839570">
						<ele>829</ele>
						<time>2025-11-03T12:57:42Z</time>
					</trkpt>
					<trkpt lat="45.011690" lon="3.840150">
						<ele>840</ele>
						<time>2025-11-03T12:58:06Z</time>
					</trkpt>
					<trkpt lat="45.011640" lon="3.840200">
						<ele>842</ele>
						<time>2025-11-03T12:58:09Z</time>
					</trkpt>
					<trkpt lat="45.011540" lon="3.840210">
						<ele>844</ele>
						<time>2025-11-03T12:58:14Z</time>
					</trkpt>
					<trkpt lat="45.011290" lon="3.840110">
						<ele>847</ele>
						<time>2025-11-03T12:58:27Z</time>
					</trkpt>
					<trkpt lat="45.011030" lon="3.840040">
						<ele>852</ele>
						<time>2025-11-03T12:58:40Z</time>
					</trkpt>
					<trkpt lat="45.010900" lon="3.840030">
						<ele>854</ele>
						<time>2025-11-03T12:58:47Z</time>
					</trkpt>
					<trkpt lat="45.010860" lon="3.840100">
						<ele>856</ele>
						<time>2025-11-03T12:58:50Z</time>
					</trkpt>
					<trkpt lat="45.011000" lon="3.840540">
						<ele>862</ele>
						<time>2025-11-03T12:59:07Z</time>
					</trkpt>
					<trkpt lat="45.011410" lon="3.841310">
						<ele>866</ele>
						<time>2025-11-03T12:59:41Z</time>
					</trkpt>
					<trkpt lat="45.011450" lon="3.841430">
						<ele>867</ele>
						<time>2025-11-03T12:59:46Z</time>
					</trkpt>
					<trkpt lat="45.011460" lon="3.841680">
						<ele>871</ele>
						<time>2025-11-03T12:59:54Z</time>
					</trkpt>
					<trkpt lat="45.011340" lon="3.841940">
						<ele>873</ele>
						<time>2025-11-03T13:00:05Z</time>
					</trkpt>
					<trkpt lat="45.011350" lon="3.842030">
						<ele>874</ele>
						<time>2025-11-03T13:00:09Z</time>
					</trkpt>
					<trkpt lat="45.011420" lon="3.842150">
						<ele>873</ele>
						<time>2025-11-03T13:00:14Z</time>
					</trkpt>
					<trkpt lat="45.011530" lon="3.842440">
						<ele>873</ele>
						<time>2025-11-03T13:00:26Z</time>
					</trkpt>
					<trkpt lat="45.011630" lon="3.842600">
						<ele>873</ele>
						<time>2025-11-03T13:00:33Z</time>
					</trkpt>
					<trkpt lat="45.011640" lon="3.842840">
						<ele>874</ele>
						<time>2025-11-03T13:00:42Z</time>
					</trkpt>
					<trkpt lat="45.011600" lon="3.843420">
						<ele>876</ele>
						<time>2025-11-03T13:01:03Z</time>
					</trkpt>
					<trkpt lat="45.011620" lon="3.843640">
						<ele>876</ele>
						<time>2025-11-03T13:01:10Z</time>
					</trkpt>
					<trkpt lat="45.011590" lon="3.843780">
						<ele>877</ele>
						<time>2025-11-03T13:01:16Z</time>
					</trkpt>
					<trkpt lat="45.011230" lon="3.844880">
						<ele>884</ele>
						<time>2025-11-03T13:01:58Z</time>
					</trkpt>
					<trkpt lat="45.011110" lon="3.845040">
						<ele>886</ele>
						<time>2025-11-03T13:02:07Z</time>
					</trkpt>
					<trkpt lat="45.011070" lon="3.845240">
						<ele>887</ele>
						<time>2025-11-03T13:02:14Z</time>
					</trkpt>
					<trkpt lat="45.011040" lon="3.845780">
						<ele>890</ele>
						<time>2025-11-03T13:02:33Z</time>
					</trkpt>
					<trkpt lat="45.011100" lon="3.846290">
						<ele>890</ele>
						<time>2025-11-03T13:02:51Z</time>
					</trkpt>
					<trkpt lat="45.011060" lon="3.846620">
						<ele>891</ele>
						<time>2025-11-03T13:03:03Z</time>
					</trkpt>
					<trkpt lat="45.011000" lon="3.846740">
						<ele>892</ele>
						<time>2025-11-03T13:03:09Z</time>
					</trkpt>
					<trkpt lat="45.010540" lon="3.847080">
						<ele>896</ele>
						<time>2025-11-03T13:03:35Z</time>
					</trkpt>
					<trkpt lat="45.010440" lon="3.847140">
						<ele>897</ele>
						<time>2025-11-03T13:03:40Z</time>
					</trkpt>
					<trkpt lat="45.010350" lon="3.847160">
						<ele>898</ele>
						<time>2025-11-03T13:03:45Z</time>
					</trkpt>
					<trkpt lat="45.010040" lon="3.847380">
						<ele>900</ele>
						<time>2025-11-03T13:04:02Z</time>
					</trkpt>
					<trkpt lat="45.009930" lon="3.847410">
						<ele>901</ele>
						<time>2025-11-03T13:04:07Z</time>
					</trkpt>
					<trkpt lat="45.009820" lon="3.847380">
						<ele>902</ele>
						<time>2025-11-03T13:04:13Z</time>
					</trkpt>
					<trkpt lat="45.009410" lon="3.847140">
						<ele>905</ele>
						<time>2025-11-03T13:04:35Z</time>
					</trkpt>
					<trkpt lat="45.009290" lon="3.847100">
						<ele>906</ele>
						<time>2025-11-03T13:04:41Z</time>
					</trkpt>
					<trkpt lat="45.009130" lon="3.846880">
						<ele>907</ele>
						<time>2025-11-03T13:04:53Z</time>
					</trkpt>
					<trkpt lat="45.009000" lon="3.846850">
						<ele>907</ele>
						<time>2025-11-03T13:04:59Z</time>
					</trkpt>
					<trkpt lat="45.008840" lon="3.846710">
						<ele>907</ele>
						<time>2025-11-03T13:05:09Z</time>
					</trkpt>
					<trkpt lat="45.008290" lon="3.846390">
						<ele>906</ele>
						<time>2025-11-03T13:05:38Z</time>
					</trkpt>
					<trkpt lat="45.008170" lon="3.846260">
						<ele>906</ele>
						<time>2025-11-03T13:05:46Z</time>
					</trkpt>
					<trkpt lat="45.007910" lon="3.846170">
						<ele>906</ele>
						<time>2025-11-03T13:05:59Z</time>
					</trkpt>
					<trkpt lat="45.007860" lon="3.846210">
						<ele>906</ele>
						<time>2025-11-03T13:06:02Z</time>
					</trkpt>
					<trkpt lat="45.007770" lon="3.846360">
						<ele>906</ele>
						<time>2025-11-03T13:06:09Z</time>
					</trkpt>
					<trkpt lat="45.007480" lon="3.846970">
						<ele>908</ele>
						<time>2025-11-03T13:06:35Z</time>
					</trkpt>
					<trkpt lat="45.007260" lon="3.847170">
						<ele>909</ele>
						<time>2025-11-03T13:06:48Z</time>
					</trkpt>
					<trkpt lat="45.006920" lon="3.847360">
						<ele>909</ele>
						<time>2025-11-03T13:07:07Z</time>
					</trkpt>
					<trkpt lat="45.006820" lon="3.847460">
						<ele>909</ele>
						<time>2025-11-03T13:07:13Z</time>
					</trkpt>
					<trkpt lat="45.006690" lon="3.847530">
						<ele>909</ele>
						<time>2025-11-03T13:07:20Z</time>
					</trkpt>
					<trkpt lat="45.006110" lon="3.848070">
						<ele>911</ele>
						<time>2025-11-03T13:07:54Z</time>
					</trkpt>
					<trkpt lat="45.005950" lon="3.848130">
						<ele>911</ele>
						<time>2025-11-03T13:08:03Z</time>
					</trkpt>
					<trkpt lat="45.005860" lon="3.848200">
						<ele>911</ele>
						<time>2025-11-03T13:08:08Z</time>
					</trkpt>
					<trkpt lat="45.005030" lon="3.848330">
						<ele>907</ele>
						<time>2025-11-03T13:08:50Z</time>
					</trkpt>
					<trkpt lat="45.004720" lon="3.848540">
						<ele>906</ele>
						<time>2025-11-03T13:09:07Z</time>
					</trkpt>
					<trkpt lat="45.004590" lon="3.848600">
						<ele>905</ele>
						<time>2025-11-03T13:09:14Z</time>
					</trkpt>
					<trkpt lat="45.004500" lon="3.848730">
						<ele>905</ele>
						<time>2025-11-03T13:09:20Z</time>
					</trkpt>
					<trkpt lat="45.004360" lon="3.848780">
						<ele>904</ele>
						<time>2025-11-03T13:09:27Z</time>
					</trkpt>
					<trkpt lat="45.004040" lon="3.849010">
						<ele>903</ele>
						<time>2025-11-03T13:09:45Z</time>
					</trkpt>
					<trkpt lat="45.003970" lon="3.849100">
						<ele>903</ele>
						<time>2025-11-03T13:09:50Z</time>
					</trkpt>
					<trkpt lat="45.003730" lon="3.849560">
						<ele>903</ele>
						<time>2025-11-03T13:10:10Z</time>
					</trkpt>
					<trkpt lat="45.003580" lon="3.850020">
						<ele>902</ele>
						<time>2025-11-03T13:10:28Z</time>
					</trkpt>
					<trkpt lat="45.003460" lon="3.850290">
						<ele>902</ele>
						<time>2025-11-03T13:10:39Z</time>
					</trkpt>
					<trkpt lat="45.003300" lon="3.850490">
						<ele>901</ele>
						<time>2025-11-03T13:10:50Z</time>
					</trkpt>
					<trkpt lat="45.002540" lon="3.851250">
						<ele>896</ele>
						<time>2025-11-03T13:11:37Z</time>
					</trkpt>
					<trkpt lat="45.002280" lon="3.851590">
						<ele>893</ele>
						<time>2025-11-03T13:11:54Z</time>
					</trkpt>
					<trkpt lat="45.002270" lon="3.851720">
						<ele>893</ele>
						<time>2025-11-03T13:11:59Z</time>
					</trkpt>
					<trkpt lat="45.002360" lon="3.851830">
						<ele>893</ele>
						<time>2025-11-03T13:12:05Z</time>
					</trkpt>
					<trkpt lat="45.002480" lon="3.851870">
						<ele>893</ele>
						<time>2025-11-03T13:12:11Z</time>
					</trkpt>
					<trkpt lat="45.002840" lon="3.851840">
						<ele>896</ele>
						<time>2025-11-03T13:12:29Z</time>
					</trkpt>
					<trkpt lat="45.003220" lon="3.851890">
						<ele>898</ele>
						<time>2025-11-03T13:12:48Z</time>
					</trkpt>
					<trkpt lat="45.003560" lon="3.851810">
						<ele>900</ele>
						<time>2025-11-03T13:13:06Z</time>
					</trkpt>
					<trkpt lat="45.003690" lon="3.851920">
						<ele>901</ele>
						<time>2025-11-03T13:13:13Z</time>
					</trkpt>
					<trkpt lat="45.003810" lon="3.851970">
						<ele>902</ele>
						<time>2025-11-03T13:13:19Z</time>
					</trkpt>
					<trkpt lat="45.004220" lon="3.851910">
						<ele>906</ele>
						<time>2025-11-03T13:13:40Z</time>
					</trkpt>
					<trkpt lat="45.004430" lon="3.851780">
						<ele>909</ele>
						<time>2025-11-03T13:13:52Z</time>
					</trkpt>
					<trkpt lat="45.004560" lon="3.851790">
						<ele>911</ele>
						<time>2025-11-03T13:13:58Z</time>
					</trkpt>
					<trkpt lat="45.004630" lon="3.851830">
						<ele>912</ele>
						<time>2025-11-03T13:14:02Z</time>
					</trkpt>
					<trkpt lat="45.004660" lon="3.851880">
						<ele>913</ele>
						<time>2025-11-03T13:14:04Z</time>
					</trkpt>
					<trkpt lat="45.004690" lon="3.852020">
						<ele>913</ele>
						<time>2025-11-03T13:14:09Z</time>
					</trkpt>
					<trkpt lat="45.004620" lon="3.852200">
						<ele>911</ele>
						<time>2025-11-03T13:14:17Z</time>
					</trkpt>
					<trkpt lat="45.004730" lon="3.852440">
						<ele>913</ele>
						<time>2025-11-03T13:14:27Z</time>
					</trkpt>
					<trkpt lat="45.004830" lon="3.852450">
						<ele>915</ele>
						<time>2025-11-03T13:14:32Z</time>
					</trkpt>
					<trkpt lat="45.005140" lon="3.852610">
						<ele>921</ele>
						<time>2025-11-03T13:14:48Z</time>
					</trkpt>
					<trkpt lat="45.005400" lon="3.852840">
						<ele>927</ele>
						<time>2025-11-03T13:15:04Z</time>
					</trkpt>
					<trkpt lat="45.005570" lon="3.852870">
						<ele>931</ele>
						<time>2025-11-03T13:15:12Z</time>
					</trkpt>
					<trkpt lat="45.005630" lon="3.852850">
						<ele>932</ele>
						<time>2025-11-03T13:15:15Z</time>
					</trkpt>
					<trkpt lat="45.005760" lon="3.852960">
						<ele>935</ele>
						<time>2025-11-03T13:15:23Z</time>
					</trkpt>
					<trkpt lat="45.005890" lon="3.853010">
						<ele>938</ele>
						<time>2025-11-03T13:15:30Z</time>
					</trkpt>
					<trkpt lat="45.006100" lon="3.853030">
						<ele>942</ele>
						<time>2025-11-03T13:15:40Z</time>
					</trkpt>
					<trkpt lat="45.006160" lon="3.853010">
						<ele>944</ele>
						<time>2025-11-03T13:15:43Z</time>
					</trkpt>
					<trkpt lat="45.006390" lon="3.853020">
						<ele>948</ele>
						<time>2025-11-03T13:15:55Z</time>
					</trkpt>
					<trkpt lat="45.006370" lon="3.853110">
						<ele>948</ele>
						<time>2025-11-03T13:15:58Z</time>
					</trkpt>
					<trkpt lat="45.006210" lon="3.853340">
						<ele>946</ele>
						<time>2025-11-03T13:16:09Z</time>
					</trkpt>
					<trkpt lat="45.005890" lon="3.854740">
						<ele>933</ele>
						<time>2025-11-03T13:17:02Z</time>
					</trkpt>
					<trkpt lat="45.005810" lon="3.855380">
						<ele>927</ele>
						<time>2025-11-03T13:17:24Z</time>
					</trkpt>
					<trkpt lat="45.005760" lon="3.856050">
						<ele>920</ele>
						<time>2025-11-03T13:17:48Z</time>
					</trkpt>
					<trkpt lat="45.005800" lon="3.856260">
						<ele>917</ele>
						<time>2025-11-03T13:17:56Z</time>
					</trkpt>
					<trkpt lat="45.005930" lon="3.856530">
						<ele>915</ele>
						<time>2025-11-03T13:18:08Z</time>
					</trkpt>
					<trkpt lat="45.006190" lon="3.856700">
						<ele>913</ele>
						<time>2025-11-03T13:18:22Z</time>
					</trkpt>
					<trkpt lat="45.006590" lon="3.857090">
						<ele>909</ele>
						<time>2025-11-03T13:18:46Z</time>
					</trkpt>
					<trkpt lat="45.006860" lon="3.857250">
						<ele>907</ele>
						<time>2025-11-03T13:19:01Z</time>
					</trkpt>
					<trkpt lat="45.007300" lon="3.857610">
						<ele>903</ele>
						<time>2025-11-03T13:19:26Z</time>
					</trkpt>
					<trkpt lat="45.008210" lon="3.858120">
						<ele>895</ele>
						<time>2025-11-03T13:20:15Z</time>
					</trkpt>
					<trkpt lat="45.008400" lon="3.858190">
						<ele>895</ele>
						<time>2025-11-03T13:20:25Z</time>
					</trkpt>
					<trkpt lat="45.008700" lon="3.858190">
						<ele>895</ele>
						<time>2025-11-03T13:20:40Z</time>
					</trkpt>
					<trkpt lat="45.008930" lon="3.858260">
						<ele>895</ele>
						<time>2025-11-03T13:20:52Z</time>
					</trkpt>
					<trkpt lat="45.009030" lon="3.858340">
						<ele>894</ele>
						<time>2025-11-03T13:20:58Z</time>
					</trkpt>
					<trkpt lat="45.009210" lon="3.858430">
						<ele>892</ele>
						<time>2025-11-03T13:21:07Z</time>
					</trkpt>
					<trkpt lat="45.009620" lon="3.858540">
						<ele>888</ele>
						<time>2025-11-03T13:21:28Z</time>
					</trkpt>
					<trkpt lat="45.010320" lon="3.858470">
						<ele>883</ele>
						<time>2025-11-03T13:22:03Z</time>
					</trkpt>
					<trkpt lat="45.010520" lon="3.858420">
						<ele>882</ele>
						<time>2025-11-03T13:22:13Z</time>
					</trkpt>
					<trkpt lat="45.010990" lon="3.858160">
						<ele>880</ele>
						<time>2025-11-03T13:22:39Z</time>
					</trkpt>
					<trkpt lat="45.011190" lon="3.858010">
						<ele>878</ele>
						<time>2025-11-03T13:22:50Z</time>
					</trkpt>
					<trkpt lat="45.011250" lon="3.857920">
						<ele>878</ele>
						<time>2025-11-03T13:22:54Z</time>
					</trkpt>
					<trkpt lat="45.011300" lon="3.857640">
						<ele>880</ele>
						<time>2025-11-03T13:23:05Z</time>
					</trkpt>
					<trkpt lat="45.011330" lon="3.857260">
						<ele>885</ele>
						<time>2025-11-03T13:23:18Z</time>
					</trkpt>
					<trkpt lat="45.011390" lon="3.856990">
						<ele>888</ele>
						<time>2025-11-03T13:23:28Z</time>
					</trkpt>
					<trkpt lat="45.011610" lon="3.856690">
						<ele>884</ele>
						<time>2025-11-03T13:23:43Z</time>
					</trkpt>
					<trkpt lat="45.011840" lon="3.856450">
						<ele>882</ele>
						<time>2025-11-03T13:23:58Z</time>
					</trkpt>
					<trkpt lat="45.012280" lon="3.856140">
						<ele>877</ele>
						<time>2025-11-03T13:24:22Z</time>
					</trkpt>
					<trkpt lat="45.012380" lon="3.856050">
						<ele>875</ele>
						<time>2025-11-03T13:24:28Z</time>
					</trkpt>
					<trkpt lat="45.012480" lon="3.855910">
						<ele>874</ele>
						<time>2025-11-03T13:24:35Z</time>
					</trkpt>
					<trkpt lat="45.012550" lon="3.855900">
						<ele>873</ele>
						<time>2025-11-03T13:24:39Z</time>
					</trkpt>
					<trkpt lat="45.013070" lon="3.855540">
						<ele>865</ele>
						<time>2025-11-03T13:25:08Z</time>
					</trkpt>
					<trkpt lat="45.013430" lon="3.855250">
						<ele>859</ele>
						<time>2025-11-03T13:25:28Z</time>
					</trkpt>
					<trkpt lat="45.014140" lon="3.854950">
						<ele>850</ele>
						<time>2025-11-03T13:26:06Z</time>
					</trkpt>
					<trkpt lat="45.014370" lon="3.854810">
						<ele>849</ele>
						<time>2025-11-03T13:26:18Z</time>
					</trkpt>
					<trkpt lat="45.014460" lon="3.854780">
						<ele>849</ele>
						<time>2025-11-03T13:26:23Z</time>
					</trkpt>
					<trkpt lat="45.014590" lon="3.854850">
						<ele>848</ele>
						<time>2025-11-03T13:26:30Z</time>
					</trkpt>
					<trkpt lat="45.014730" lon="3.854890">
						<ele>847</ele>
						<time>2025-11-03T13:26:37Z</time>
					</trkpt>
					<trkpt lat="45.014740" lon="3.854530">
						<ele>848</ele>
						<time>2025-11-03T13:26:50Z</time>
					</trkpt>
					<trkpt lat="45.014690" lon="3.854420">
						<ele>849</ele>
						<time>2025-11-03T13:26:54Z</time>
					</trkpt>
					<trkpt lat="45.014630" lon="3.853880">
						<ele>850</ele>
						<time>2025-11-03T13:27:14Z</time>
					</trkpt>
					<trkpt lat="45.014580" lon="3.853090">
						<ele>850</ele>
						<time>2025-11-03T13:27:42Z</time>
					</trkpt>
					<trkpt lat="45.014470" lon="3.852370">
						<ele>851</ele>
						<time>2025-11-03T13:28:08Z</time>
					</trkpt>
					<trkpt lat="45.014430" lon="3.852140">
						<ele>851</ele>
						<time>2025-11-03T13:28:16Z</time>
					</trkpt>
					<trkpt lat="45.014260" lon="3.851500">
						<ele>853</ele>
						<time>2025-11-03T13:28:40Z</time>
					</trkpt>
					<trkpt lat="45.014170" lon="3.851280">
						<ele>854</ele>
						<time>2025-11-03T13:28:49Z</time>
					</trkpt>
					<trkpt lat="45.014040" lon="3.850690">
						<ele>855</ele>
						<time>2025-11-03T13:29:11Z</time>
					</trkpt>
					<trkpt lat="45.014030" lon="3.850410">
						<ele>854</ele>
						<time>2025-11-03T13:29:21Z</time>
					</trkpt>
					<trkpt lat="45.013980" lon="3.850270">
						<ele>854</ele>
						<time>2025-11-03T13:29:27Z</time>
					</trkpt>
					<trkpt lat="45.013790" lon="3.850270">
						<ele>856</ele>
						<time>2025-11-03T13:29:36Z</time>
					</trkpt>
					<trkpt lat="45.013690" lon="3.850330">
						<ele>857</ele>
						<time>2025-11-03T13:29:41Z</time>
					</trkpt>
					<trkpt lat="45.013550" lon="3.850330">
						<ele>859</ele>
						<time>2025-11-03T13:29:49Z</time>
					</trkpt>
					<trkpt lat="45.013400" lon="3.850380">
						<ele>860</ele>
						<time>2025-11-03T13:29:56Z</time>
					</trkpt>
					<trkpt lat="45.013180" lon="3.850220">
						<ele>863</ele>
						<time>2025-11-03T13:30:09Z</time>
					</trkpt>
					<trkpt lat="45.013120" lon="3.850100">
						<ele>864</ele>
						<time>2025-11-03T13:30:14Z</time>
					</trkpt>
					<trkpt lat="45.013130" lon="3.849840">
						<ele>864</ele>
						<time>2025-11-03T13:30:23Z</time>
					</trkpt>
					<trkpt lat="45.013160" lon="3.849750">
						<ele>863</ele>
						<time>2025-11-03T13:30:27Z</time>
					</trkpt>
					<trkpt lat="45.013070" lon="3.849470">
						<ele>864</ele>
						<time>2025-11-03T13:30:37Z</time>
					</trkpt>
					<trkpt lat="45.013070" lon="3.849410">
						<ele>864</ele>
						<time>2025-11-03T13:30:40Z</time>
					</trkpt>
					<trkpt lat="45.013160" lon="3.849350">
						<ele>863</ele>
						<time>2025-11-03T13:30:45Z</time>
					</trkpt>
					<trkpt lat="45.013820" lon="3.849120">
						<ele>856</ele>
						<time>2025-11-03T13:31:19Z</time>
					</trkpt>
					<trkpt lat="45.014820" lon="3.848880">
						<ele>851</ele>
						<time>2025-11-03T13:32:09Z</time>
					</trkpt>
					<trkpt lat="45.014950" lon="3.848880">
						<ele>850</ele>
						<time>2025-11-03T13:32:16Z</time>
					</trkpt>
					<trkpt lat="45.015010" lon="3.848910">
						<ele>850</ele>
						<time>2025-11-03T13:32:19Z</time>
					</trkpt>
					<trkpt lat="45.015520" lon="3.849820">
						<ele>847</ele>
						<time>2025-11-03T13:33:00Z</time>
					</trkpt>
					<trkpt lat="45.015810" lon="3.850190">
						<ele>846</ele>
						<time>2025-11-03T13:33:20Z</time>
					</trkpt>
					<trkpt lat="45.016520" lon="3.850350">
						<ele>844</ele>
						<time>2025-11-03T13:33:56Z</time>
					</trkpt>
					<trkpt lat="45.016880" lon="3.850310">
						<ele>840</ele>
						<time>2025-11-03T13:34:14Z</time>
					</trkpt>
					<trkpt lat="45.017100" lon="3.850230">
						<ele>837</ele>
						<time>2025-11-03T13:34:25Z</time>
					</trkpt>
					<trkpt lat="45.017350" lon="3.849930">
						<ele>831</ele>
						<time>2025-11-03T13:34:41Z</time>
					</trkpt>
					<trkpt lat="45.017370" lon="3.849890">
						<ele>831</ele>
						<time>2025-11-03T13:34:43Z</time>
					</trkpt>
					<trkpt lat="45.017360" lon="3.849520">
						<ele>830</ele>
						<time>2025-11-03T13:34:56Z</time>
					</trkpt>
					<trkpt lat="45.017290" lon="3.849310">
						<ele>830</ele>
						<time>2025-11-03T13:35:04Z</time>
					</trkpt>
					<trkpt lat="45.017300" lon="3.849200">
						<ele>829</ele>
						<time>2025-11-03T13:35:08Z</time>
					</trkpt>
					<trkpt lat="45.017320" lon="3.849120">
						<ele>829</ele>
						<time>2025-11-03T13:35:11Z</time>
					</trkpt>
					<trkpt lat="45.017430" lon="3.849140">
						<ele>827</ele>
						<time>2025-11-03T13:35:17Z</time>
					</trkpt>
					<trkpt lat="45.017460" lon="3.849160">
						<ele>826</ele>
						<time>2025-11-03T13:35:19Z</time>
					</trkpt>
					<trkpt lat="45.017810" lon="3.849870">
						<ele>819</ele>
						<time>2025-11-03T13:35:49Z</time>
					</trkpt>
					<trkpt lat="45.018000" lon="3.850060">
						<ele>814</ele>
						<time>2025-11-03T13:36:01Z</time>
					</trkpt>
					<trkpt lat="45.018020" lon="3.850220">
						<ele>814</ele>
						<time>2025-11-03T13:36:07Z</time>
					</trkpt>
					<trkpt lat="45.018140" lon="3.850270">
						<ele>810</ele>
						<time>2025-11-03T13:36:13Z</time>
					</trkpt>
					<trkpt lat="45.018260" lon="3.850380">
						<ele>807</ele>
						<time>2025-11-03T13:36:20Z</time>
					</trkpt>
					<trkpt lat="45.018370" lon="3.850690">
						<ele>805</ele>
						<time>2025-11-03T13:36:32Z</time>
					</trkpt>
					<trkpt lat="45.018550" lon="3.850800">
						<ele>800</ele>
						<time>2025-11-03T13:36:42Z</time>
					</trkpt>
					<trkpt lat="45.018640" lon="3.850890">
						<ele>799</ele>
						<time>2025-11-03T13:36:48Z</time>
					</trkpt>
					<trkpt lat="45.018700" lon="3.851030">
						<ele>799</ele>
						<time>2025-11-03T13:36:53Z</time>
					</trkpt>
					<trkpt lat="45.018790" lon="3.851140">
						<ele>798</ele>
						<time>2025-11-03T13:36:59Z</time>
					</trkpt>
					<trkpt lat="45.019000" lon="3.851230">
						<ele>792</ele>
						<time>2025-11-03T13:37:10Z</time>
					</trkpt>
					<trkpt lat="45.019410" lon="3.851340">
						<ele>780</ele>
						<time>2025-11-03T13:37:31Z</time>
					</trkpt>
					<trkpt lat="45.019510" lon="3.851360">
						<ele>777</ele>
						<time>2025-11-03T13:37:36Z</time>
					</trkpt>
					<trkpt lat="45.019670" lon="3.851350">
						<ele>773</ele>
						<time>2025-11-03T13:37:44Z</time>
					</trkpt>
					<trkpt lat="45.019600" lon="3.851450">
						<ele>775</ele>
						<time>2025-11-03T13:37:49Z</time>
					</trkpt>
					<trkpt lat="45.019490" lon="3.851760">
						<ele>779</ele>
						<time>2025-11-03T13:38:02Z</time>
					</trkpt>
					<trkpt lat="45.019530" lon="3.852080">
						<ele>780</ele>
						<time>2025-11-03T13:38:13Z</time>
					</trkpt>
					<trkpt lat="45.019950" lon="3.853040">
						<ele>767</ele>
						<time>2025-11-03T13:38:53Z</time>
					</trkpt>
					<trkpt lat="45.019940" lon="3.852830">
						<ele>766</ele>
						<time>2025-11-03T13:39:00Z</time>
					</trkpt>
					<trkpt lat="45.020260" lon="3.852600">
						<ele>755</ele>
						<time>2025-11-03T13:39:18Z</time>
					</trkpt>
					<trkpt lat="45.020220" lon="3.852460">
						<ele>756</ele>
						<time>2025-11-03T13:39:24Z</time>
					</trkpt>
					<trkpt lat="45.020240" lon="3.852300">
						<ele>756</ele>
						<time>2025-11-03T13:39:29Z</time>
					</trkpt>
					<trkpt lat="45.020300" lon="3.852280">
						<ele>755</ele>
						<time>2025-11-03T13:39:33Z</time>
					</trkpt>
					<trkpt lat="45.020530" lon="3.852320">
						<ele>750</ele>
						<time>2025-11-03T13:39:44Z</time>
					</trkpt>
					<trkpt lat="45.020630" lon="3.852360">
						<ele>748</ele>
						<time>2025-11-03T13:39:49Z</time>
					</trkpt>
					<trkpt lat="45.020680" lon="3.852260">
						<ele>747</ele>
						<time>2025-11-03T13:39:54Z</time>
					</trkpt>
					<trkpt lat="45.020850" lon="3.852220">
						<ele>744</ele>
						<time>2025-11-03T13:40:02Z</time>
					</trkpt>
					<trkpt lat="45.021000" lon="3.852230">
						<ele>746</ele>
						<time>2025-11-03T13:40:10Z</time>
					</trkpt>
					<trkpt lat="45.021180" lon="3.852370">
						<ele>747</ele>
						<time>2025-11-03T13:40:20Z</time>
					</trkpt>
					<trkpt lat="45.021320" lon="3.852520">
						<ele>747</ele>
						<time>2025-11-03T13:40:29Z</time>
					</trkpt>
					<trkpt lat="45.021530" lon="3.852810">
						<ele>745</ele>
						<time>2025-11-03T13:40:44Z</time>
					</trkpt>
					<trkpt lat="45.021730" lon="3.852960">
						<ele>745</ele>
						<time>2025-11-03T13:40:55Z</time>
					</trkpt>
					<trkpt lat="45.021710" lon="3.853010">
						<ele>744</ele>
						<time>2025-11-03T13:40:57Z</time>
					</trkpt>
					<trkpt lat="45.021830" lon="3.853060">
						<ele>745</ele>
						<time>2025-11-03T13:41:03Z</time>
					</trkpt>
					<trkpt lat="45.021950" lon="3.853270">
						<ele>743</ele>
						<time>2025-11-03T13:41:13Z</time>
					</trkpt>
					<trkpt lat="45.022230" lon="3.853440">
						<ele>745</ele>
						<time>2025-11-03T13:41:28Z</time>
					</trkpt>
					<trkpt lat="45.022330" lon="3.853690">
						<ele>744</ele>
						<time>2025-11-03T13:41:38Z</time>
					</trkpt>
					<trkpt lat="45.022360" lon="3.854030">
						<ele>742</ele>
						<time>2025-11-03T13:41:50Z</time>
					</trkpt>
					<trkpt lat="45.022590" lon="3.854630">
						<ele>739</ele>
						<time>2025-11-03T13:42:14Z</time>
					</trkpt>
					<trkpt lat="45.022620" lon="3.854940">
						<ele>737</ele>
						<time>2025-11-03T13:42:25Z</time>
					</trkpt>
					<trkpt lat="45.022660" lon="3.855020">
						<ele>737</ele>
						<time>2025-11-03T13:42:29Z</time>
					</trkpt>
					<trkpt lat="45.022980" lon="3.855060">
						<ele>741</ele>
						<time>2025-11-03T13:42:45Z</time>
					</trkpt>
					<trkpt lat="45.023200" lon="3.855220">
						<ele>743</ele>
						<time>2025-11-03T13:42:57Z</time>
					</trkpt>
					<trkpt lat="45.023340" lon="3.855110">
						<ele>745</ele>
						<time>2025-11-03T13:43:05Z</time>
					</trkpt>
					<trkpt lat="45.023420" lon="3.854990">
						<ele>747</ele>
						<time>2025-11-03T13:43:11Z</time>
					</trkpt>
					<trkpt lat="45.023700" lon="3.854830">
						<ele>750</ele>
						<time>2025-11-03T13:43:26Z</time>
					</trkpt>
					<trkpt lat="45.023810" lon="3.854670">
						<ele>752</ele>
						<time>2025-11-03T13:43:34Z</time>
					</trkpt>
					<trkpt lat="45.023960" lon="3.854520">
						<ele>755</ele>
						<time>2025-11-03T13:43:43Z</time>
					</trkpt>
					<trkpt lat="45.023920" lon="3.854120">
						<ele>758</ele>
						<time>2025-11-03T13:43:58Z</time>
					</trkpt>
					<trkpt lat="45.023980" lon="3.853620">
						<ele>764</ele>
						<time>2025-11-03T13:44:16Z</time>
					</trkpt>
					<trkpt lat="45.023970" lon="3.853430">
						<ele>766</ele>
						<time>2025-11-03T13:44:22Z</time>
					</trkpt>
					<trkpt lat="45.023890" lon="3.853260">
						<ele>768</ele>
						<time>2025-11-03T13:44:30Z</time>
					</trkpt>
					<trkpt lat="45.023400" lon="3.852810">
						<ele>769</ele>
						<time>2025-11-03T13:44:59Z</time>
					</trkpt>
					<trkpt lat="45.023350" lon="3.852710">
						<ele>770</ele>
						<time>2025-11-03T13:45:03Z</time>
					</trkpt>
					<trkpt lat="45.023180" lon="3.852610">
						<ele>769</ele>
						<time>2025-11-03T13:45:12Z</time>
					</trkpt>
					<trkpt lat="45.023210" lon="3.852530">
						<ele>771</ele>
						<time>2025-11-03T13:45:16Z</time>
					</trkpt>
					<trkpt lat="45.023340" lon="3.852420">
						<ele>775</ele>
						<time>2025-11-03T13:45:23Z</time>
					</trkpt>
					<trkpt lat="45.023490" lon="3.852400">
						<ele>777</ele>
						<time>2025-11-03T13:45:31Z</time>
					</trkpt>
					<trkpt lat="45.023530" lon="3.852200">
						<ele>782</ele>
						<time>2025-11-03T13:45:38Z</time>
					</trkpt>
					<trkpt lat="45.023580" lon="3.852140">
						<ele>784</ele>
						<time>2025-11-03T13:45:41Z</time>
					</trkpt>
					<trkpt lat="45.023580" lon="3.852000">
						<ele>787</ele>
						<time>2025-11-03T13:45:46Z</time>
					</trkpt>
					<trkpt lat="45.023550" lon="3.851960">
						<ele>787</ele>
						<time>2025-11-03T13:45:48Z</time>
					</trkpt>
					<trkpt lat="45.023270" lon="3.851790">
						<ele>786</ele>
						<time>2025-11-03T13:46:04Z</time>
					</trkpt>
					<trkpt lat="45.023250" lon="3.851680">
						<ele>788</ele>
						<time>2025-11-03T13:46:08Z</time>
					</trkpt>
					<trkpt lat="45.023300" lon="3.851670">
						<ele>789</ele>
						<time>2025-11-03T13:46:10Z</time>
					</trkpt>
					<trkpt lat="45.023290" lon="3.851570">
						<ele>791</ele>
						<time>2025-11-03T13:46:14Z</time>
					</trkpt>
					<trkpt lat="45.023320" lon="3.851530">
						<ele>792</ele>
						<time>2025-11-03T13:46:16Z</time>
					</trkpt>
					<trkpt lat="45.023370" lon="3.851550">
						<ele>793</ele>
						<time>2025-11-03T13:46:18Z</time>
					</trkpt>
					<trkpt lat="45.023430" lon="3.851490">
						<ele>795</ele>
						<time>2025-11-03T13:46:22Z</time>
					</trkpt>
					<trkpt lat="45.023680" lon="3.851450">
						<ele>800</ele>
						<time>2025-11-03T13:46:35Z</time>
					</trkpt>
					<trkpt lat="45.023820" lon="3.851480">
						<ele>802</ele>
						<time>2025-11-03T13:46:42Z</time>
					</trkpt>
					<trkpt lat="45.023860" lon="3.851520">
						<ele>802</ele>
						<time>2025-11-03T13:46:44Z</time>
					</trkpt>
					<trkpt lat="45.023900" lon="3.851490">
						<ele>803</ele>
						<time>2025-11-03T13:46:46Z</time>
					</trkpt>
					<trkpt lat="45.023960" lon="3.851490">
						<ele>805</ele>
						<time>2025-11-03T13:46:49Z</time>
					</trkpt>
					<trkpt lat="45.024060" lon="3.851540">
						<ele>805</ele>
						<time>2025-11-03T13:46:55Z</time>
					</trkpt>
					<trkpt lat="45.024150" lon="3.851550">
						<ele>807</ele>
						<time>2025-11-03T13:46:59Z</time>
					</trkpt>
					<trkpt lat="45.024240" lon="3.851610">
						<ele>807</ele>
						<time>2025-11-03T13:47:04Z</time>
					</trkpt>
					<trkpt lat="45.024300" lon="3.851620">
						<ele>808</ele>
						<time>2025-11-03T13:47:07Z</time>
					</trkpt>
					<trkpt lat="45.024360" lon="3.851580">
						<ele>810</ele>
						<time>2025-11-03T13:47:11Z</time>
					</trkpt>
					<trkpt lat="45.024510" lon="3.851640">
						<ele>811</ele>
						<time>2025-11-03T13:47:18Z</time>
					</trkpt>
					<trkpt lat="45.024670" lon="3.851650">
						<ele>814</ele>
						<time>2025-11-03T13:47:26Z</time>
					</trkpt>
					<trkpt lat="45.024780" lon="3.851730">
						<ele>814</ele>
						<time>2025-11-03T13:47:33Z</time>
					</trkpt>
					<trkpt lat="45.025150" lon="3.852140">
						<ele>812</ele>
						<time>2025-11-03T13:47:56Z</time>
					</trkpt>
					<trkpt lat="45.025250" lon="3.852390">
						<ele>809</ele>
						<time>2025-11-03T13:48:06Z</time>
					</trkpt>
					<trkpt lat="45.025250" lon="3.852530">
						<ele>806</ele>
						<time>2025-11-03T13:48:11Z</time>
					</trkpt>
					<trkpt lat="45.025300" lon="3.852700">
						<ele>805</ele>
						<time>2025-11-03T13:48:18Z</time>
					</trkpt>
					<trkpt lat="45.025320" lon="3.853030">
						<ele>800</ele>
						<time>2025-11-03T13:48:30Z</time>
					</trkpt>
					<trkpt lat="45.025280" lon="3.853090">
						<ele>798</ele>
						<time>2025-11-03T13:48:32Z</time>
					</trkpt>
					<trkpt lat="45.025020" lon="3.852950">
						<ele>793</ele>
						<time>2025-11-03T13:48:46Z</time>
					</trkpt>
					<trkpt lat="45.024890" lon="3.852940">
						<ele>790</ele>
						<time>2025-11-03T13:48:53Z</time>
					</trkpt>
					<trkpt lat="45.024750" lon="3.852970">
						<ele>787</ele>
						<time>2025-11-03T13:49:00Z</time>
					</trkpt>
					<trkpt lat="45.024660" lon="3.853020">
						<ele>785</ele>
						<time>2025-11-03T13:49:05Z</time>
					</trkpt>
					<trkpt lat="45.024670" lon="3.853160">
						<ele>782</ele>
						<time>2025-11-03T13:49:10Z</time>
					</trkpt>
					<trkpt lat="45.024770" lon="3.853370">
						<ele>781</ele>
						<time>2025-11-03T13:49:19Z</time>
					</trkpt>
					<trkpt lat="45.024920" lon="3.853410">
						<ele>784</ele>
						<time>2025-11-03T13:49:26Z</time>
					</trkpt>
					<trkpt lat="45.025140" lon="3.853590">
						<ele>787</ele>
						<time>2025-11-03T13:49:39Z</time>
					</trkpt>
					<trkpt lat="45.025210" lon="3.853760">
						<ele>788</ele>
						<time>2025-11-03T13:49:46Z</time>
					</trkpt>
					<trkpt lat="45.025280" lon="3.853860">
						<ele>789</ele>
						<time>2025-11-03T13:49:51Z</time>
					</trkpt>
					<trkpt lat="45.025270" lon="3.854250">
						<ele>785</ele>
						<time>2025-11-03T13:50:05Z</time>
					</trkpt>
					<trkpt lat="45.025350" lon="3.854560">
						<ele>785</ele>
						<time>2025-11-03T13:50:16Z</time>
					</trkpt>
					<trkpt lat="45.025420" lon="3.854700">
						<ele>787</ele>
						<time>2025-11-03T13:50:23Z</time>
					</trkpt>
					<trkpt lat="45.025490" lon="3.855460">
						<ele>784</ele>
						<time>2025-11-03T13:50:50Z</time>
					</trkpt>
					<trkpt lat="45.025530" lon="3.855550">
						<ele>785</ele>
						<time>2025-11-03T13:50:53Z</time>
					</trkpt>
					<trkpt lat="45.025590" lon="3.855580">
						<ele>787</ele>
						<time>2025-11-03T13:50:57Z</time>
					</trkpt>
					<trkpt lat="45.025650" lon="3.855550">
						<ele>789</ele>
						<time>2025-11-03T13:51:00Z</time>
					</trkpt>
					<trkpt lat="45.025890" lon="3.855600">
						<ele>795</ele>
						<time>2025-11-03T13:51:12Z</time>
					</trkpt>
					<trkpt lat="45.025970" lon="3.855730">
						<ele>796</ele>
						<time>2025-11-03T13:51:18Z</time>
					</trkpt>
					<trkpt lat="45.026070" lon="3.856210">
						<ele>795</ele>
						<time>2025-11-03T13:51:36Z</time>
					</trkpt>
					<trkpt lat="45.026130" lon="3.856320">
						<ele>795</ele>
						<time>2025-11-03T13:51:41Z</time>
					</trkpt>
					<trkpt lat="45.026240" lon="3.856700">
						<ele>795</ele>
						<time>2025-11-03T13:51:55Z</time>
					</trkpt>
					<trkpt lat="45.026290" lon="3.856770">
						<ele>795</ele>
						<time>2025-11-03T13:51:59Z</time>
					</trkpt>
					<trkpt lat="45.026310" lon="3.856870">
						<ele>795</ele>
						<time>2025-11-03T13:52:02Z</time>
					</trkpt>
					<trkpt lat="45.026270" lon="3.856970">
						<ele>793</ele>
						<time>2025-11-03T13:52:06Z</time>
					</trkpt>
					<trkpt lat="45.026260" lon="3.857150">
						<ele>791</ele>
						<time>2025-11-03T13:52:13Z</time>
					</trkpt>
					<trkpt lat="45.026200" lon="3.857210">
						<ele>789</ele>
						<time>2025-11-03T13:52:16Z</time>
					</trkpt>
					<trkpt lat="45.026180" lon="3.857290">
						<ele>788</ele>
						<time>2025-11-03T13:52:19Z</time>
					</trkpt>
					<trkpt lat="45.026170" lon="3.857740">
						<ele>785</ele>
						<time>2025-11-03T13:52:35Z</time>
					</trkpt>
					<trkpt lat="45.026120" lon="3.857850">
						<ele>783</ele>
						<time>2025-11-03T13:52:40Z</time>
					</trkpt>
					<trkpt lat="45.026110" lon="3.857960">
						<ele>782</ele>
						<time>2025-11-03T13:52:44Z</time>
					</trkpt>
					<trkpt lat="45.026150" lon="3.858360">
						<ele>780</ele>
						<time>2025-11-03T13:52:58Z</time>
					</trkpt>
					<trkpt lat="45.026260" lon="3.858870">
						<ele>779</ele>
						<time>2025-11-03T13:53:17Z</time>
					</trkpt>
					<trkpt lat="45.026600" lon="3.859140">
						<ele>783</ele>
						<time>2025-11-03T13:53:37Z</time>
					</trkpt>
					<trkpt lat="45.026670" lon="3.859130">
						<ele>784</ele>
						<time>2025-11-03T13:53:40Z</time>
					</trkpt>
					<trkpt lat="45.027210" lon="3.858900">
						<ele>787</ele>
						<time>2025-11-03T13:54:08Z</time>
					</trkpt>
					<trkpt lat="45.027810" lon="3.859070">
						<ele>786</ele>
						<time>2025-11-03T13:54:39Z</time>
					</trkpt>
					<trkpt lat="45.028300" lon="3.858820">
						<ele>788</ele>
						<time>2025-11-03T13:55:05Z</time>
					</trkpt>
					<trkpt lat="45.028500" lon="3.858830">
						<ele>788</ele>
						<time>2025-11-03T13:55:15Z</time>
					</trkpt>
					<trkpt lat="45.028620" lon="3.858880">
						<ele>788</ele>
						<time>2025-11-03T13:55:21Z</time>
					</trkpt>
					<trkpt lat="45.028770" lon="3.859460">
						<ele>784</ele>
						<time>2025-11-03T13:55:43Z</time>
					</trkpt>
					<trkpt lat="45.029150" lon="3.860600">
						<ele>777</ele>
						<time>2025-11-03T13:56:28Z</time>
					</trkpt>
					<trkpt lat="45.029730" lon="3.862020">
						<ele>771</ele>
						<time>2025-11-03T13:57:26Z</time>
					</trkpt>
					<trkpt lat="45.030060" lon="3.862900">
						<ele>768</ele>
						<time>2025-11-03T13:58:01Z</time>
					</trkpt>
					<trkpt lat="45.030800" lon="3.863970">
						<ele>765</ele>
						<time>2025-11-03T13:58:54Z</time>
					</trkpt>
					<trkpt lat="45.031150" lon="3.864570">
						<ele>762</ele>
						<time>2025-11-03T13:59:21Z</time>
					</trkpt>
					<trkpt lat="45.031720" lon="3.865200">
						<ele>759</ele>
						<time>2025-11-03T13:59:58Z</time>
					</trkpt>
					<trkpt lat="45.032660" lon="3.866660">
						<ele>757</ele>
						<time>2025-11-03T14:01:07Z</time>
					</trkpt>
					<trkpt lat="45.032790" lon="3.866740">
						<ele>757</ele>
						<time>2025-11-03T14:01:15Z</time>
					</trkpt>
					<trkpt lat="45.033010" lon="3.866810">
						<ele>757</ele>
						<time>2025-11-03T14:01:26Z</time>
					</trkpt>
					<trkpt lat="45.033170" lon="3.866960">
						<ele>757</ele>
						<time>2025-11-03T14:01:35Z</time>
					</trkpt>
					<trkpt lat="45.033530" lon="3.867130">
						<ele>759</ele>
						<time>2025-11-03T14:01:54Z</time>
					</trkpt>
					<trkpt lat="45.033970" lon="3.867440">
						<ele>761</ele>
						<time>2025-11-03T14:02:19Z</time>
					</trkpt>
					<trkpt lat="45.034200" lon="3.867520">
						<ele>761</ele>
						<time>2025-11-03T14:02:31Z</time>
					</trkpt>
					<trkpt lat="45.034660" lon="3.867810">
						<ele>763</ele>
						<time>2025-11-03T14:02:56Z</time>
					</trkpt>
					<trkpt lat="45.034850" lon="3.867900">
						<ele>763</ele>
						<time>2025-11-03T14:03:06Z</time>
					</trkpt>
					<trkpt lat="45.035380" lon="3.868340">
						<ele>764</ele>
						<time>2025-11-03T14:03:37Z</time>
					</trkpt>
					<trkpt lat="45.035740" lon="3.868730">
						<ele>765</ele>
						<time>2025-11-03T14:04:00Z</time>
					</trkpt>
					<trkpt lat="45.035950" lon="3.868810">
						<ele>765</ele>
						<time>2025-11-03T14:04:10Z</time>
					</trkpt>
					<trkpt lat="45.036860" lon="3.869580">
						<ele>767</ele>
						<time>2025-11-03T14:05:04Z</time>
					</trkpt>
					<trkpt lat="45.037370" lon="3.870150">
						<ele>766</ele>
						<time>2025-11-03T14:05:36Z</time>
					</trkpt>
					<trkpt lat="45.037570" lon="3.870580">
						<ele>766</ele>
						<time>2025-11-03T14:05:54Z</time>
					</trkpt>
					<trkpt lat="45.037700" lon="3.870690">
						<ele>765</ele>
						<time>2025-11-03T14:06:02Z</time>
					</trkpt>
					<trkpt lat="45.037890" lon="3.870550">
						<ele>764</ele>
						<time>2025-11-03T14:06:13Z</time>
					</trkpt>
					<trkpt lat="45.038050" lon="3.870380">
						<ele>764</ele>
						<time>2025-11-03T14:06:23Z</time>
					</trkpt>
					<trkpt lat="45.038680" lon="3.869910">
						<ele>759</ele>
						<time>2025-11-03T14:06:58Z</time>
					</trkpt>
					<trkpt lat="45.038910" lon="3.869850">
						<ele>756</ele>
						<time>2025-11-03T14:07:10Z</time>
					</trkpt>
					<trkpt lat="45.039040" lon="3.869730">
						<ele>756</ele>
						<time>2025-11-03T14:07:18Z</time>
					</trkpt>
					<trkpt lat="45.039260" lon="3.869580">
						<ele>754</ele>
						<time>2025-11-03T14:07:30Z</time>
					</trkpt>
					<trkpt lat="45.039480" lon="3.869520">
						<ele>749</ele>
						<time>2025-11-03T14:07:41Z</time>
					</trkpt>
					<trkpt lat="45.039500" lon="3.869610">
						<ele>746</ele>
						<time>2025-11-03T14:07:44Z</time>
					</trkpt>
					<trkpt lat="45.039440" lon="3.869700">
						<ele>747</ele>
						<time>2025-11-03T14:07:49Z</time>
					</trkpt>
					<trkpt lat="45.039460" lon="3.869900">
						<ele>743</ele>
						<time>2025-11-03T14:07:56Z</time>
					</trkpt>
					<trkpt lat="45.039360" lon="3.870080">
						<ele>743</ele>
						<time>2025-11-03T14:08:04Z</time>
					</trkpt>
					<trkpt lat="45.039230" lon="3.870240">
						<ele>744</ele>
						<time>2025-11-03T14:08:13Z</time>
					</trkpt>
					<trkpt lat="45.039190" lon="3.870360">
						<ele>743</ele>
						<time>2025-11-03T14:08:17Z</time>
					</trkpt>
					<trkpt lat="45.039220" lon="3.870970">
						<ele>735</ele>
						<time>2025-11-03T14:08:39Z</time>
					</trkpt>
					<trkpt lat="45.039190" lon="3.871000">
						<ele>736</ele>
						<time>2025-11-03T14:08:41Z</time>
					</trkpt>
					<trkpt lat="45.039180" lon="3.871070">
						<ele>737</ele>
						<time>2025-11-03T14:08:43Z</time>
					</trkpt>
					<trkpt lat="45.039200" lon="3.871140">
						<ele>737</ele>
						<time>2025-11-03T14:08:46Z</time>
					</trkpt>
					<trkpt lat="45.039530" lon="3.871340">
						<ele>731</ele>
						<time>2025-11-03T14:09:04Z</time>
					</trkpt>
					<trkpt lat="45.039620" lon="3.871490">
						<ele>730</ele>
						<time>2025-11-03T14:09:11Z</time>
					</trkpt>
					<trkpt lat="45.039690" lon="3.871560">
						<ele>729</ele>
						<time>2025-11-03T14:09:15Z</time>
					</trkpt>
					<trkpt lat="45.039750" lon="3.871700">
						<ele>728</ele>
						<time>2025-11-03T14:09:21Z</time>
					</trkpt>
					<trkpt lat="45.039870" lon="3.872240">
						<ele>731</ele>
						<time>2025-11-03T14:09:41Z</time>
					</trkpt>
					<trkpt lat="45.040200" lon="3.872680">
						<ele>726</ele>
						<time>2025-11-03T14:10:04Z</time>
					</trkpt>
					<trkpt lat="45.040240" lon="3.873050">
						<ele>727</ele>
						<time>2025-11-03T14:10:17Z</time>
					</trkpt>
					<trkpt lat="45.040330" lon="3.873080">
						<ele>725</ele>
						<time>2025-11-03T14:10:22Z</time>
					</trkpt>
					<trkpt lat="45.040570" lon="3.872890">
						<ele>717</ele>
						<time>2025-11-03T14:10:35Z</time>
					</trkpt>
					<trkpt lat="45.040670" lon="3.872950">
						<ele>715</ele>
						<time>2025-11-03T14:10:41Z</time>
					</trkpt>
					<trkpt lat="45.040800" lon="3.873120">
						<ele>713</ele>
						<time>2025-11-03T14:10:50Z</time>
					</trkpt>
					<trkpt lat="45.040930" lon="3.873040">
						<ele>709</ele>
						<time>2025-11-03T14:10:57Z</time>
					</trkpt>
					<trkpt lat="45.041030" lon="3.873140">
						<ele>708</ele>
						<time>2025-11-03T14:11:03Z</time>
					</trkpt>
					<trkpt lat="45.041570" lon="3.874440">
						<ele>698</ele>
						<time>2025-11-03T14:11:56Z</time>
					</trkpt>
					<trkpt lat="45.041680" lon="3.874800">
						<ele>695</ele>
						<time>2025-11-03T14:12:10Z</time>
					</trkpt>
					<trkpt lat="45.041750" lon="3.875330">
						<ele>689</ele>
						<time>2025-11-03T14:12:29Z</time>
					</trkpt>
					<trkpt lat="45.041820" lon="3.875650">
						<ele>686</ele>
						<time>2025-11-03T14:12:41Z</time>
					</trkpt>
					<trkpt lat="45.041730" lon="3.875890">
						<ele>682</ele>
						<time>2025-11-03T14:12:51Z</time>
					</trkpt>
					<trkpt lat="45.041370" lon="3.876050">
						<ele>682</ele>
						<time>2025-11-03T14:13:09Z</time>
					</trkpt>
					<trkpt lat="45.041330" lon="3.876160">
						<ele>680</ele>
						<time>2025-11-03T14:13:14Z</time>
					</trkpt>
					<trkpt lat="45.041480" lon="3.876350">
						<ele>677</ele>
						<time>2025-11-03T14:13:24Z</time>
					</trkpt>
					<trkpt lat="45.041880" lon="3.877200">
						<ele>667</ele>
						<time>2025-11-03T14:14:00Z</time>
					</trkpt>
					<trkpt lat="45.042410" lon="3.878180">
						<ele>658</ele>
						<time>2025-11-03T14:14:44Z</time>
					</trkpt>
					<trkpt lat="45.042730" lon="3.879090">
						<ele>651</ele>
						<time>2025-11-03T14:15:20Z</time>
					</trkpt>
					<trkpt lat="45.042980" lon="3.880340">
						<ele>644</ele>
						<time>2025-11-03T14:16:06Z</time>
					</trkpt>
					<trkpt lat="45.043660" lon="3.880040">
						<ele>645</ele>
						<time>2025-11-03T14:16:41Z</time>
					</trkpt>
					<trkpt lat="45.043700" lon="3.880320">
						<ele>644</ele>
						<time>2025-11-03T14:16:51Z</time>
					</trkpt>
					<trkpt lat="45.044220" lon="3.880190">
						<ele>644</ele>
						<time>2025-11-03T14:17:18Z</time>
					</trkpt>
					<trkpt lat="45.044590" lon="3.880200">
						<ele>642</ele>
						<time>2025-11-03T14:17:36Z</time>
					</trkpt>
					<trkpt lat="45.044450" lon="3.880590">
						<ele>642</ele>
						<time>2025-11-03T14:17:52Z</time>
					</trkpt>
					<trkpt lat="45.044890" lon="3.881530">
						<ele>642</ele>
						<time>2025-11-03T14:18:32Z</time>
					</trkpt>
					<trkpt lat="45.044990" lon="3.881820">
						<ele>643</ele>
						<time>2025-11-03T14:18:43Z</time>
					</trkpt>
					<trkpt lat="45.045150" lon="3.882070">
						<ele>645</ele>
						<time>2025-11-03T14:18:55Z</time>
					</trkpt>
					<trkpt lat="45.045410" lon="3.882620">
						<ele>652</ele>
						<time>2025-11-03T14:19:18Z</time>
					</trkpt>
					<trkpt lat="45.045480" lon="3.882940">
						<ele>656</ele>
						<time>2025-11-03T14:19:30Z</time>
					</trkpt>
					<trkpt lat="45.045550" lon="3.883470">
						<ele>664</ele>
						<time>2025-11-03T14:19:49Z</time>
					</trkpt>
					<trkpt lat="45.045530" lon="3.883780">
						<ele>669</ele>
						<time>2025-11-03T14:20:00Z</time>
					</trkpt>
					<trkpt lat="45.045570" lon="3.883950">
						<ele>673</ele>
						<time>2025-11-03T14:20:07Z</time>
					</trkpt>
					<trkpt lat="45.045580" lon="3.884230">
						<ele>678</ele>
						<time>2025-11-03T14:20:16Z</time>
					</trkpt>
					<trkpt lat="45.045490" lon="3.884280">
						<ele>677</ele>
						<time>2025-11-03T14:20:21Z</time>
					</trkpt>
					<trkpt lat="45.045460" lon="3.884400">
						<ele>679</ele>
						<time>2025-11-03T14:20:26Z</time>
					</trkpt>
					<trkpt lat="45.045320" lon="3.884480">
						<ele>678</ele>
						<time>2025-11-03T14:20:33Z</time>
					</trkpt>
					<trkpt lat="45.045230" lon="3.884460">
						<ele>677</ele>
						<time>2025-11-03T14:20:38Z</time>
					</trkpt>
					<trkpt lat="45.045050" lon="3.884390">
						<ele>673</ele>
						<time>2025-11-03T14:20:47Z</time>
					</trkpt>
					<trkpt lat="45.045030" lon="3.884110">
						<ele>670</ele>
						<time>2025-11-03T14:20:57Z</time>
					</trkpt>
					<trkpt lat="45.045000" lon="3.884040">
						<ele>668</ele>
						<time>2025-11-03T14:21:00Z</time>
					</trkpt>
					<trkpt lat="45.044790" lon="3.884060">
						<ele>665</ele>
						<time>2025-11-03T14:21:11Z</time>
					</trkpt>
					<trkpt lat="45.044760" lon="3.884020">
						<ele>664</ele>
						<time>2025-11-03T14:21:13Z</time>
					</trkpt>
					<trkpt lat="45.044730" lon="3.883880">
						<ele>662</ele>
						<time>2025-11-03T14:21:18Z</time>
					</trkpt>
					<trkpt lat="45.044630" lon="3.883860">
						<ele>660</ele>
						<time>2025-11-03T14:21:23Z</time>
					</trkpt>
					<trkpt lat="45.044130" lon="3.883620">
						<ele>651</ele>
						<time>2025-11-03T14:21:49Z</time>
					</trkpt>
					<trkpt lat="45.044000" lon="3.883670">
						<ele>649</ele>
						<time>2025-11-03T14:21:56Z</time>
					</trkpt>
					<trkpt lat="45.043940" lon="3.883740">
						<ele>649</ele>
						<time>2025-11-03T14:22:00Z</time>
					</trkpt>
					<trkpt lat="45.043960" lon="3.884150">
						<ele>649</ele>
						<time>2025-11-03T14:22:15Z</time>
					</trkpt>
					<trkpt lat="45.044040" lon="3.884840">
						<ele>652</ele>
						<time>2025-11-03T14:22:39Z</time>
					</trkpt>
					<trkpt lat="45.044020" lon="3.884930">
						<ele>652</ele>
						<time>2025-11-03T14:22:43Z</time>
					</trkpt>
					<trkpt lat="45.043660" lon="3.885150">
						<ele>645</ele>
						<time>2025-11-03T14:23:02Z</time>
					</trkpt>
					<trkpt lat="45.043550" lon="3.884980">
						<ele>644</ele>
						<time>2025-11-03T14:23:10Z</time>
					</trkpt>
					<trkpt lat="45.043300" lon="3.884250">
						<ele>638</ele>
						<time>2025-11-03T14:23:39Z</time>
					</trkpt>
					<trkpt lat="45.043270" lon="3.883940">
						<ele>638</ele>
						<time>2025-11-03T14:23:50Z</time>
					</trkpt>
					<trkpt lat="45.042940" lon="3.883960">
						<ele>636</ele>
						<time>2025-11-03T14:24:07Z</time>
					</trkpt>
					<trkpt lat="45.042880" lon="3.884000">
						<ele>636</ele>
						<time>2025-11-03T14:24:10Z</time>
					</trkpt>
					<trkpt lat="45.042120" lon="3.883830">
						<ele>631</ele>
						<time>2025-11-03T14:24:48Z</time>
					</trkpt>
					<trkpt lat="45.041910" lon="3.883810">
						<ele>630</ele>
						<time>2025-11-03T14:24:59Z</time>
					</trkpt>
					<trkpt lat="45.041860" lon="3.883630">
						<ele>629</ele>
						<time>2025-11-03T14:25:06Z</time>
					</trkpt>
					<trkpt lat="45.041100" lon="3.883460">
						<ele>628</ele>
						<time>2025-11-03T14:25:44Z</time>
					</trkpt>
					<trkpt lat="45.041070" lon="3.883670">
						<ele>628</ele>
						<time>2025-11-03T14:25:52Z</time>
					</trkpt>
					<trkpt lat="45.040970" lon="3.883650">
						<ele>628</ele>
						<time>2025-11-03T14:25:57Z</time>
					</trkpt>
					<trkpt lat="45.041030" lon="3.882780">
						<ele>631</ele>
						<time>2025-11-03T14:26:28Z</time>
					</trkpt>
					<trkpt lat="45.039590" lon="3.882450">
						<ele>633</ele>
						<time>2025-11-03T14:27:41Z</time>
					</trkpt>
					</trkseg>
				</trk>
			</gpx>