<?xml version="1.0" encoding="UTF-8"?>
<gpx version="1.1" creator="Sisyf" xmlns="http://www.topografix.com/GPX/1/1">
  <metadata>
    <name>Grand Trail du Saint Jacques</name>
  </metadata>
  <wpt lat="44.988300" lon="3.678710">
    <ele>878.0</ele>
    <name>R1 · Classique · Saint Privat</name>
    <desc>Ravito classique</desc>
    <sym>Restaurant</sym>
  </wpt>
  <wpt lat="44.955860" lon="3.717640">
    <ele>1145.0</ele>
    <name>R2 · Classique · Saint Jean Lachalm</name>
    <desc>Ravito classique</desc>
    <sym>Restaurant</sym>
  </wpt>
  <wpt lat="44.905570" lon="3.686820">
    <ele>775.0</ele>
    <name>R3 · Classique · Alleyras</name>
    <desc>Ravito classique</desc>
    <sym>Restaurant</sym>
  </wpt>
  <wpt lat="44.913810" lon="3.790400">
    <ele>1238.0</ele>
    <name>R4 · Classique · Lac du Bouchet</name>
    <desc>Ravito classique</desc>
    <sym>Restaurant</sym>
  </wpt>
  <wpt lat="44.975580" lon="3.764390">
    <ele>1093.0</ele>
    <name>R5 · Eau · Bains</name>
    <desc>Point d'eau</desc>
    <sym>Drinking Water</sym>
  </wpt>
  <wpt lat="45.004270" lon="3.821560">
    <ele>881.0</ele>
    <name>R6 · Classique · Saint Christophe</name>
    <desc>Ravito classique</desc>
    <sym>Restaurant</sym>
  </wpt>
  <wpt lat="45.026070" lon="3.856210">
    <ele>795.0</ele>
    <name>R7 · Classique · Les Chibottes</name>
    <desc>Ravito classique</desc>
    <sym>Restaurant</sym>
  </wpt>
  <wpt lat="45.039590" lon="3.882450">
    <ele>633.0</ele>
    <name>Arrivée · Puy en Velay</name>
    <desc>Arrivée</desc>
    <sym>Flag, Green</sym>
  </wpt>
  <trk>
    <name>Grand Trail du Saint Jacques</name>
    <trkseg>
      <trkpt lat="44.969030" lon="3.646060"><ele>610.0</ele></trkpt>
      <trkpt lat="44.968260" lon="3.647540"><ele>615.0</ele></trkpt>
      <trkpt lat="44.968260" lon="3.647540"><ele>615.0</ele></trkpt>
      <trkpt lat="44.968220" lon="3.647660"><ele>614.0</ele></trkpt>
      <trkpt lat="44.969060" lon="3.647670"><ele>625.0</ele></trkpt>
      <trkpt lat="44.969060" lon="3.647670"><ele>625.0</ele></trkpt>
      <trkpt lat="44.969590" lon="3.647790"><ele>637.0</ele></trkpt>
      <trkpt lat="44.970040" lon="3.648320"><ele>633.0</ele></trkpt>
      <trkpt lat="44.970190" lon="3.648530"><ele>641.0</ele></trkpt>
      <trkpt lat="44.970610" lon="3.649970"><ele>654.0</ele></trkpt>
      <trkpt lat="44.970610" lon="3.649970"><ele>654.0</ele></trkpt>
      <trkpt lat="44.970670" lon="3.650990"><ele>657.0</ele></trkpt>
      <trkpt lat="44.970670" lon="3.650990"><ele>657.0</ele></trkpt>
      <trkpt lat="44.970740" lon="3.652790"><ele>671.0</ele></trkpt>
      <trkpt lat="44.970740" lon="3.652790"><ele>671.0</ele></trkpt>
      <trkpt lat="44.970740" lon="3.652790"><ele>671.0</ele></trkpt>
      <trkpt lat="44.970740" lon="3.654650"><ele>677.0</ele></trkpt>
      <trkpt lat="44.970740" lon="3.654650"><ele>677.0</ele></trkpt>
      <trkpt lat="44.970740" lon="3.654650"><ele>677.0</ele></trkpt>
      <trkpt lat="44.970700" lon="3.656340"><ele>684.0</ele></trkpt>
      <trkpt lat="44.970700" lon="3.656340"><ele>684.0</ele></trkpt>
      <trkpt lat="44.970820" lon="3.656250"><ele>692.0</ele></trkpt>
      <trkpt lat="44.970990" lon="3.655580"><ele>696.0</ele></trkpt>
      <trkpt lat="44.971210" lon="3.654870"><ele>701.0</ele></trkpt>
      <trkpt lat="44.971400" lon="3.653900"><ele>706.0</ele></trkpt>
      <trkpt lat="44.971570" lon="3.653330"><ele>712.0</ele></trkpt>
      <trkpt lat="44.971660" lon="3.652860"><ele>716.0</ele></trkpt>
      <trkpt lat="44.971730" lon="3.652320"><ele>718.0</ele></trkpt>
      <trkpt lat="44.971860" lon="3.650530"><ele>720.0</ele></trkpt>
      <trkpt lat="44.971860" lon="3.650530"><ele>720.0</ele></trkpt>
      <trkpt lat="44.971860" lon="3.650530"><ele>720.0</ele></trkpt>
      <trkpt lat="44.971970" lon="3.649640"><ele>725.0</ele></trkpt>
      <trkpt lat="44.972020" lon="3.649500"><ele>726.0</ele></trkpt>
      <trkpt lat="44.972450" lon="3.649340"><ele>738.0</ele></trkpt>
      <trkpt lat="44.973060" lon="3.649330"><ele>743.0</ele></trkpt>
      <trkpt lat="44.973740" lon="3.649080"><ele>743.0</ele></trkpt>
      <trkpt lat="44.973740" lon="3.649080"><ele>743.0</ele></trkpt>
      <trkpt lat="44.974160" lon="3.649230"><ele>743.0</ele></trkpt>
      <trkpt lat="44.975560" lon="3.649270"><ele>746.0</ele></trkpt>
      <trkpt lat="44.975560" lon="3.649270"><ele>746.0</ele></trkpt>
      <trkpt lat="44.975560" lon="3.649270"><ele>746.0</ele></trkpt>
      <trkpt lat="44.975920" lon="3.649480"><ele>749.0</ele></trkpt>
      <trkpt lat="44.976390" lon="3.649450"><ele>752.0</ele></trkpt>
      <trkpt lat="44.977120" lon="3.649190"><ele>753.0</ele></trkpt>
      <trkpt lat="44.977410" lon="3.649160"><ele>753.0</ele></trkpt>
      <trkpt lat="44.978340" lon="3.649720"><ele>762.0</ele></trkpt>
      <trkpt lat="44.978340" lon="3.649720"><ele>762.0</ele></trkpt>
      <trkpt lat="44.978450" lon="3.649770"><ele>763.0</ele></trkpt>
      <trkpt lat="44.978770" lon="3.649460"><ele>768.0</ele></trkpt>
      <trkpt lat="44.979440" lon="3.649580"><ele>775.0</ele></trkpt>
      <trkpt lat="44.979770" lon="3.649700"><ele>777.0</ele></trkpt>
      <trkpt lat="44.980190" lon="3.649750"><ele>780.0</ele></trkpt>
      <trkpt lat="44.980620" lon="3.649550"><ele>786.0</ele></trkpt>
      <trkpt lat="44.981060" lon="3.649700"><ele>791.0</ele></trkpt>
      <trkpt lat="44.981380" lon="3.650170"><ele>796.0</ele></trkpt>
      <trkpt lat="44.981810" lon="3.650140"><ele>802.0</ele></trkpt>
      <trkpt lat="44.982240" lon="3.650050"><ele>810.0</ele></trkpt>
      <trkpt lat="44.982490" lon="3.650570"><ele>820.0</ele></trkpt>
      <trkpt lat="44.982640" lon="3.651040"><ele>827.0</ele></trkpt>
      <trkpt lat="44.982960" lon="3.651300"><ele>835.0</ele></trkpt>
      <trkpt lat="44.983130" lon="3.652260"><ele>852.0</ele></trkpt>
      <trkpt lat="44.983190" lon="3.652570"><ele>859.0</ele></trkpt>
      <trkpt lat="44.982990" lon="3.653210"><ele>866.0</ele></trkpt>
      <trkpt lat="44.982960" lon="3.653950"><ele>876.0</ele></trkpt>
      <trkpt lat="44.982810" lon="3.654630"><ele>884.0</ele></trkpt>
      <trkpt lat="44.982750" lon="3.655020"><ele>887.0</ele></trkpt>
      <trkpt lat="44.982920" lon="3.655640"><ele>889.0</ele></trkpt>
      <trkpt lat="44.983680" lon="3.655410"><ele>905.0</ele></trkpt>
      <trkpt lat="44.983680" lon="3.655410"><ele>905.0</ele></trkpt>
      <trkpt lat="44.984340" lon="3.655260"><ele>921.0</ele></trkpt>
      <trkpt lat="44.984580" lon="3.655200"><ele>928.0</ele></trkpt>
      <trkpt lat="44.984980" lon="3.654790"><ele>938.0</ele></trkpt>
      <trkpt lat="44.985200" lon="3.654250"><ele>938.0</ele></trkpt>
      <trkpt lat="44.985650" lon="3.653520"><ele>937.0</ele></trkpt>
      <trkpt lat="44.985840" lon="3.653350"><ele>938.0</ele></trkpt>
      <trkpt lat="44.986640" lon="3.652630"><ele>947.0</ele></trkpt>
      <trkpt lat="44.986640" lon="3.652630"><ele>947.0</ele></trkpt>
      <trkpt lat="44.986770" lon="3.652140"><ele>948.0</ele></trkpt>
      <trkpt lat="44.986450" lon="3.651580"><ele>940.0</ele></trkpt>
      <trkpt lat="44.986220" lon="3.650980"><ele>936.0</ele></trkpt>
      <trkpt lat="44.986200" lon="3.650580"><ele>936.0</ele></trkpt>
      <trkpt lat="44.986330" lon="3.649750"><ele>941.0</ele></trkpt>
      <trkpt lat="44.986330" lon="3.649120"><ele>939.0</ele></trkpt>
      <trkpt lat="44.986200" lon="3.648170"><ele>937.0</ele></trkpt>
      <trkpt lat="44.986190" lon="3.647920"><ele>937.0</ele></trkpt>
      <trkpt lat="44.986420" lon="3.647510"><ele>934.0</ele></trkpt>
      <trkpt lat="44.987050" lon="3.647500"><ele>930.0</ele></trkpt>
      <trkpt lat="44.987250" lon="3.647450"><ele>927.0</ele></trkpt>
      <trkpt lat="44.988010" lon="3.647010"><ele>920.0</ele></trkpt>
      <trkpt lat="44.988140" lon="3.646890"><ele>918.0</ele></trkpt>
      <trkpt lat="44.988360" lon="3.646470"><ele>909.0</ele></trkpt>
      <trkpt lat="44.989110" lon="3.645620"><ele>900.0</ele></trkpt>
      <trkpt lat="44.989110" lon="3.645620"><ele>900.0</ele></trkpt>
      <trkpt lat="44.989570" lon="3.645270"><ele>890.0</ele></trkpt>
      <trkpt lat="44.989890" lon="3.645310"><ele>891.0</ele></trkpt>
      <trkpt lat="44.990140" lon="3.645690"><ele>897.0</ele></trkpt>
      <trkpt lat="44.990730" lon="3.646210"><ele>902.0</ele></trkpt>
      <trkpt lat="44.991100" lon="3.646410"><ele>902.0</ele></trkpt>
      <trkpt lat="44.991300" lon="3.646760"><ele>908.0</ele></trkpt>
      <trkpt lat="44.991770" lon="3.647090"><ele>915.0</ele></trkpt>
      <trkpt lat="44.992140" lon="3.647090"><ele>912.0</ele></trkpt>
      <trkpt lat="44.992530" lon="3.647480"><ele>920.0</ele></trkpt>
      <trkpt lat="44.992710" lon="3.647720"><ele>931.0</ele></trkpt>
      <trkpt lat="44.992940" lon="3.648670"><ele>958.0</ele></trkpt>
      <trkpt lat="44.992940" lon="3.648820"><ele>962.0</ele></trkpt>
      <trkpt lat="44.993380" lon="3.648880"><ele>961.0</ele></trkpt>
      <trkpt lat="44.993700" lon="3.648580"><ele>963.0</ele></trkpt>
      <trkpt lat="44.994300" lon="3.647920"><ele>975.0</ele></trkpt>
      <trkpt lat="44.994300" lon="3.647400"><ele>973.0</ele></trkpt>
      <trkpt lat="44.994270" lon="3.647090"><ele>970.0</ele></trkpt>
      <trkpt lat="44.994640" lon="3.646460"><ele>976.0</ele></trkpt>
      <trkpt lat="44.994800" lon="3.645720"><ele>970.0</ele></trkpt>
      <trkpt lat="44.994700" lon="3.646180"><ele>974.0</ele></trkpt>
      <trkpt lat="44.994900" lon="3.645410"><ele>969.0</ele></trkpt>
      <trkpt lat="44.995000" lon="3.645170"><ele>969.0</ele></trkpt>
      <trkpt lat="44.995290" lon="3.644620"><ele>968.0</ele></trkpt>
      <trkpt lat="44.995520" lon="3.644090"><ele>965.0</ele></trkpt>
      <trkpt lat="44.995980" lon="3.643200"><ele>966.0</ele></trkpt>
      <trkpt lat="44.996070" lon="3.642990"><ele>965.0</ele></trkpt>
      <trkpt lat="44.996410" lon="3.642710"><ele>969.0</ele></trkpt>
      <trkpt lat="44.996410" lon="3.643310"><ele>982.0</ele></trkpt>
      <trkpt lat="44.996610" lon="3.643970"><ele>998.0</ele></trkpt>
      <trkpt lat="44.996660" lon="3.644510"><ele>1005.0</ele></trkpt>
      <trkpt lat="44.996990" lon="3.645140"><ele>1006.0</ele></trkpt>
      <trkpt lat="44.997020" lon="3.645470"><ele>1008.0</ele></trkpt>
      <trkpt lat="44.996790" lon="3.646100"><ele>1017.0</ele></trkpt>
      <trkpt lat="44.996550" lon="3.646690"><ele>1020.0</ele></trkpt>
      <trkpt lat="44.996190" lon="3.647110"><ele>1020.0</ele></trkpt>
      <trkpt lat="44.996070" lon="3.647860"><ele>1025.0</ele></trkpt>
      <trkpt lat="44.996050" lon="3.648460"><ele>1033.0</ele></trkpt>
      <trkpt lat="44.995950" lon="3.648710"><ele>1038.0</ele></trkpt>
      <trkpt lat="44.995380" lon="3.649740"><ele>1040.0</ele></trkpt>
      <trkpt lat="44.995380" lon="3.649740"><ele>1040.0</ele></trkpt>
      <trkpt lat="44.995450" lon="3.650340"><ele>1049.0</ele></trkpt>
      <trkpt lat="44.995860" lon="3.650280"><ele>1062.0</ele></trkpt>
      <trkpt lat="44.996160" lon="3.650760"><ele>1070.0</ele></trkpt>
      <trkpt lat="44.996410" lon="3.652030"><ele>1086.0</ele></trkpt>
      <trkpt lat="44.996410" lon="3.652030"><ele>1086.0</ele></trkpt>
      <trkpt lat="44.996680" lon="3.652970"><ele>1096.0</ele></trkpt>
      <trkpt lat="44.996920" lon="3.652840"><ele>1096.0</ele></trkpt>
      <trkpt lat="44.997180" lon="3.652680"><ele>1095.0</ele></trkpt>
      <trkpt lat="44.997800" lon="3.653100"><ele>1097.0</ele></trkpt>
      <trkpt lat="44.998010" lon="3.653390"><ele>1097.0</ele></trkpt>
      <trkpt lat="44.998770" lon="3.654440"><ele>1096.0</ele></trkpt>
      <trkpt lat="44.998770" lon="3.654440"><ele>1096.0</ele></trkpt>
      <trkpt lat="44.999020" lon="3.654770"><ele>1093.0</ele></trkpt>
      <trkpt lat="44.999340" lon="3.655330"><ele>1086.0</ele></trkpt>
      <trkpt lat="44.999710" lon="3.656100"><ele>1080.0</ele></trkpt>
      <trkpt lat="44.999710" lon="3.656100"><ele>1080.0</ele></trkpt>
      <trkpt lat="45.000460" lon="3.656680"><ele>1079.0</ele></trkpt>
      <trkpt lat="45.000860" lon="3.657080"><ele>1077.0</ele></trkpt>
      <trkpt lat="45.000860" lon="3.657080"><ele>1077.0</ele></trkpt>
      <trkpt lat="45.000650" lon="3.657320"><ele>1074.0</ele></trkpt>
      <trkpt lat="44.999940" lon="3.657360"><ele>1070.0</ele></trkpt>
      <trkpt lat="44.999550" lon="3.657330"><ele>1071.0</ele></trkpt>
      <trkpt lat="44.999240" lon="3.657420"><ele>1070.0</ele></trkpt>
      <trkpt lat="44.998760" lon="3.657520"><ele>1070.0</ele></trkpt>
      <trkpt lat="44.997400" lon="3.657710"><ele>1067.0</ele></trkpt>
      <trkpt lat="44.997400" lon="3.657710"><ele>1067.0</ele></trkpt>
      <trkpt lat="44.997400" lon="3.657710"><ele>1067.0</ele></trkpt>
      <trkpt lat="44.996440" lon="3.657800"><ele>1064.0</ele></trkpt>
      <trkpt lat="44.996440" lon="3.657800"><ele>1064.0</ele></trkpt>
      <trkpt lat="44.996150" lon="3.657810"><ele>1062.0</ele></trkpt>
      <trkpt lat="44.995500" lon="3.657760"><ele>1060.0</ele></trkpt>
      <trkpt lat="44.994900" lon="3.657680"><ele>1059.0</ele></trkpt>
      <trkpt lat="44.994730" lon="3.657670"><ele>1060.0</ele></trkpt>
      <trkpt lat="44.994470" lon="3.657870"><ele>1059.0</ele></trkpt>
      <trkpt lat="44.994190" lon="3.658470"><ele>1061.0</ele></trkpt>
      <trkpt lat="44.993750" lon="3.658780"><ele>1061.0</ele></trkpt>
      <trkpt lat="44.993370" lon="3.658690"><ele>1060.0</ele></trkpt>
      <trkpt lat="44.993010" lon="3.658390"><ele>1053.0</ele></trkpt>
      <trkpt lat="44.992590" lon="3.658670"><ele>1048.0</ele></trkpt>
      <trkpt lat="44.992200" lon="3.659160"><ele>1047.0</ele></trkpt>
      <trkpt lat="44.991880" lon="3.659140"><ele>1040.0</ele></trkpt>
      <trkpt lat="44.991390" lon="3.659290"><ele>1032.0</ele></trkpt>
      <trkpt lat="44.990930" lon="3.659590"><ele>1025.0</ele></trkpt>
      <trkpt lat="44.990530" lon="3.659800"><ele>1020.0</ele></trkpt>
      <trkpt lat="44.990220" lon="3.660200"><ele>1014.0</ele></trkpt>
      <trkpt lat="44.990040" lon="3.660980"><ele>1005.0</ele></trkpt>
      <trkpt lat="44.990330" lon="3.661550"><ele>1006.0</ele></trkpt>
      <trkpt lat="44.990470" lon="3.662190"><ele>1002.0</ele></trkpt>
      <trkpt lat="44.990630" lon="3.662640"><ele>999.0</ele></trkpt>
      <trkpt lat="44.990870" lon="3.663560"><ele>986.0</ele></trkpt>
      <trkpt lat="44.990870" lon="3.663560"><ele>986.0</ele></trkpt>
      <trkpt lat="44.990960" lon="3.664260"><ele>972.0</ele></trkpt>
      <trkpt lat="44.990770" lon="3.664660"><ele>960.0</ele></trkpt>
      <trkpt lat="44.991160" lon="3.665420"><ele>947.0</ele></trkpt>
      <trkpt lat="44.991750" lon="3.666300"><ele>929.0</ele></trkpt>
      <trkpt lat="44.991750" lon="3.666300"><ele>929.0</ele></trkpt>
      <trkpt lat="44.992220" lon="3.666590"><ele>924.0</ele></trkpt>
      <trkpt lat="44.992290" lon="3.666750"><ele>920.0</ele></trkpt>
      <trkpt lat="44.991830" lon="3.666960"><ele>914.0</ele></trkpt>
      <trkpt lat="44.991880" lon="3.667690"><ele>900.0</ele></trkpt>
      <trkpt lat="44.992000" lon="3.667780"><ele>898.0</ele></trkpt>
      <trkpt lat="44.991970" lon="3.668760"><ele>892.0</ele></trkpt>
      <trkpt lat="44.991640" lon="3.669840"><ele>892.0</ele></trkpt>
      <trkpt lat="44.991640" lon="3.669840"><ele>892.0</ele></trkpt>
      <trkpt lat="44.991560" lon="3.670390"><ele>893.0</ele></trkpt>
      <trkpt lat="44.991430" lon="3.670740"><ele>892.0</ele></trkpt>
      <trkpt lat="44.991280" lon="3.671350"><ele>890.0</ele></trkpt>
      <trkpt lat="44.991070" lon="3.672380"><ele>887.0</ele></trkpt>
      <trkpt lat="44.990740" lon="3.672370"><ele>885.0</ele></trkpt>
      <trkpt lat="44.990140" lon="3.672710"><ele>888.0</ele></trkpt>
      <trkpt lat="44.989770" lon="3.673090"><ele>890.0</ele></trkpt>
      <trkpt lat="44.989450" lon="3.673360"><ele>889.0</ele></trkpt>
      <trkpt lat="44.988870" lon="3.673600"><ele>884.0</ele></trkpt>
      <trkpt lat="44.988870" lon="3.673600"><ele>884.0</ele></trkpt>
      <trkpt lat="44.989050" lon="3.674110"><ele>881.0</ele></trkpt>
      <trkpt lat="44.989890" lon="3.675080"><ele>889.0</ele></trkpt>
      <trkpt lat="44.989890" lon="3.675080"><ele>889.0</ele></trkpt>
      <trkpt lat="44.989980" lon="3.675920"><ele>888.0</ele></trkpt>
      <trkpt lat="44.990210" lon="3.676570"><ele>891.0</ele></trkpt>
      <trkpt lat="44.990210" lon="3.676570"><ele>891.0</ele></trkpt>
      <trkpt lat="44.990410" lon="3.677220"><ele>889.0</ele></trkpt>
      <trkpt lat="44.990940" lon="3.677380"><ele>895.0</ele></trkpt>
      <trkpt lat="44.991270" lon="3.677540"><ele>894.0</ele></trkpt>
      <trkpt lat="44.991170" lon="3.678010"><ele>890.0</ele></trkpt>
      <trkpt lat="44.990170" lon="3.678580"><ele>878.0</ele></trkpt>
      <trkpt lat="44.990170" lon="3.678580"><ele>878.0</ele></trkpt>
      <trkpt lat="44.989840" lon="3.679010"><ele>878.0</ele></trkpt>
      <trkpt lat="44.989130" lon="3.679230"><ele>874.0</ele></trkpt>
      <trkpt lat="44.989130" lon="3.679230"><ele>874.0</ele></trkpt>
      <trkpt lat="44.988570" lon="3.679170"><ele>875.0</ele></trkpt>
      <trkpt lat="44.988070" lon="3.679020"><ele>875.0</ele></trkpt>
      <trkpt lat="44.987930" lon="3.678610"><ele>877.0</ele></trkpt>
      <trkpt lat="44.987940" lon="3.678330"><ele>878.0</ele></trkpt>
      <trkpt lat="44.988300" lon="3.678710"><ele>878.0</ele></trkpt>
      <trkpt lat="44.988520" lon="3.678210"><ele>875.0</ele></trkpt>
      <trkpt lat="44.988360" lon="3.677630"><ele>866.0</ele></trkpt>
      <trkpt lat="44.988590" lon="3.677880"><ele>868.0</ele></trkpt>
      <trkpt lat="44.988790" lon="3.677470"><ele>859.0</ele></trkpt>
      <trkpt lat="44.988470" lon="3.676820"><ele>848.0</ele></trkpt>
      <trkpt lat="44.988470" lon="3.676820"><ele>848.0</ele></trkpt>
      <trkpt lat="44.988050" lon="3.676690"><ele>838.0</ele></trkpt>
      <trkpt lat="44.987580" lon="3.676940"><ele>837.0</ele></trkpt>
      <trkpt lat="44.986500" lon="3.677690"><ele>829.0</ele></trkpt>
      <trkpt lat="44.986500" lon="3.677690"><ele>829.0</ele></trkpt>
      <trkpt lat="44.985670" lon="3.678100"><ele>825.0</ele></trkpt>
      <trkpt lat="44.985670" lon="3.678100"><ele>825.0</ele></trkpt>
      <trkpt lat="44.984800" lon="3.678070"><ele>811.0</ele></trkpt>
      <trkpt lat="44.984800" lon="3.678070"><ele>811.0</ele></trkpt>
      <trkpt lat="44.983430" lon="3.678590"><ele>795.0</ele></trkpt>
      <trkpt lat="44.983430" lon="3.678590"><ele>795.0</ele></trkpt>
      <trkpt lat="44.983430" lon="3.678590"><ele>795.0</ele></trkpt>
      <trkpt lat="44.982430" lon="3.678910"><ele>795.0</ele></trkpt>
      <trkpt lat="44.982430" lon="3.678910"><ele>795.0</ele></trkpt>
      <trkpt lat="44.982430" lon="3.678910"><ele>795.0</ele></trkpt>
      <trkpt lat="44.981380" lon="3.679610"><ele>783.0</ele></trkpt>
      <trkpt lat="44.981380" lon="3.679610"><ele>783.0</ele></trkpt>
      <trkpt lat="44.981190" lon="3.679820"><ele>781.0</ele></trkpt>
      <trkpt lat="44.980330" lon="3.680560"><ele>776.0</ele></trkpt>
      <trkpt lat="44.980330" lon="3.680560"><ele>776.0</ele></trkpt>
      <trkpt lat="44.979990" lon="3.680680"><ele>771.0</ele></trkpt>
      <trkpt lat="44.979080" lon="3.680680"><ele>758.0</ele></trkpt>
      <trkpt lat="44.979080" lon="3.680680"><ele>758.0</ele></trkpt>
      <trkpt lat="44.978710" lon="3.680690"><ele>754.0</ele></trkpt>
      <trkpt lat="44.978190" lon="3.680810"><ele>751.0</ele></trkpt>
      <trkpt lat="44.977750" lon="3.680760"><ele>744.0</ele></trkpt>
      <trkpt lat="44.977380" lon="3.680820"><ele>740.0</ele></trkpt>
      <trkpt lat="44.976740" lon="3.680700"><ele>725.0</ele></trkpt>
      <trkpt lat="44.976530" lon="3.680580"><ele>716.0</ele></trkpt>
      <trkpt lat="44.976210" lon="3.680550"><ele>703.0</ele></trkpt>
      <trkpt lat="44.976050" lon="3.681070"><ele>697.0</ele></trkpt>
      <trkpt lat="44.976360" lon="3.681700"><ele>700.0</ele></trkpt>
      <trkpt lat="44.975730" lon="3.681420"><ele>677.0</ele></trkpt>
      <trkpt lat="44.975620" lon="3.681390"><ele>673.0</ele></trkpt>
      <trkpt lat="44.975560" lon="3.681790"><ele>666.0</ele></trkpt>
      <trkpt lat="44.975190" lon="3.681680"><ele>654.0</ele></trkpt>
      <trkpt lat="44.975500" lon="3.682150"><ele>657.0</ele></trkpt>
      <trkpt lat="44.975290" lon="3.682290"><ele>650.0</ele></trkpt>
      <trkpt lat="44.975310" lon="3.682570"><ele>648.0</ele></trkpt>
      <trkpt lat="44.975110" lon="3.682750"><ele>647.0</ele></trkpt>
      <trkpt lat="44.974760" lon="3.682750"><ele>650.0</ele></trkpt>
      <trkpt lat="44.974150" lon="3.682620"><ele>656.0</ele></trkpt>
      <trkpt lat="44.974040" lon="3.682300"><ele>651.0</ele></trkpt>
      <trkpt lat="44.973760" lon="3.682050"><ele>650.0</ele></trkpt>
      <trkpt lat="44.973610" lon="3.682150"><ele>655.0</ele></trkpt>
      <trkpt lat="44.973220" lon="3.682670"><ele>678.0</ele></trkpt>
      <trkpt lat="44.972650" lon="3.683090"><ele>695.0</ele></trkpt>
      <trkpt lat="44.972920" lon="3.683420"><ele>704.0</ele></trkpt>
      <trkpt lat="44.973040" lon="3.684000"><ele>728.0</ele></trkpt>
      <trkpt lat="44.972880" lon="3.684180"><ele>739.0</ele></trkpt>
      <trkpt lat="44.972960" lon="3.684770"><ele>759.0</ele></trkpt>
      <trkpt lat="44.973370" lon="3.685150"><ele>767.0</ele></trkpt>
      <trkpt lat="44.973870" lon="3.685350"><ele>775.0</ele></trkpt>
      <trkpt lat="44.974260" lon="3.685610"><ele>782.0</ele></trkpt>
      <trkpt lat="44.974540" lon="3.686540"><ele>806.0</ele></trkpt>
      <trkpt lat="44.974640" lon="3.686760"><ele>811.0</ele></trkpt>
      <trkpt lat="44.975140" lon="3.686920"><ele>807.0</ele></trkpt>
      <trkpt lat="44.975340" lon="3.687160"><ele>809.0</ele></trkpt>
      <trkpt lat="44.975740" lon="3.687470"><ele>811.0</ele></trkpt>
      <trkpt lat="44.975960" lon="3.687960"><ele>811.0</ele></trkpt>
      <trkpt lat="44.975970" lon="3.689040"><ele>817.0</ele></trkpt>
      <trkpt lat="44.975990" lon="3.689170"><ele>817.0</ele></trkpt>
      <trkpt lat="44.975540" lon="3.690160"><ele>822.0</ele></trkpt>
      <trkpt lat="44.975210" lon="3.691290"><ele>835.0</ele></trkpt>
      <trkpt lat="44.975210" lon="3.691290"><ele>835.0</ele></trkpt>
      <trkpt lat="44.975140" lon="3.691450"><ele>838.0</ele></trkpt>
      <trkpt lat="44.975010" lon="3.690930"><ele>840.0</ele></trkpt>
      <trkpt lat="44.974820" lon="3.690600"><ele>841.0</ele></trkpt>
      <trkpt lat="44.974320" lon="3.690460"><ele>846.0</ele></trkpt>
      <trkpt lat="44.973850" lon="3.690420"><ele>848.0</ele></trkpt>
      <trkpt lat="44.972270" lon="3.690470"><ele>848.0</ele></trkpt>
      <trkpt lat="44.972270" lon="3.690470"><ele>848.0</ele></trkpt>
      <trkpt lat="44.972270" lon="3.690470"><ele>848.0</ele></trkpt>
      <trkpt lat="44.972000" lon="3.690290"><ele>844.0</ele></trkpt>
      <trkpt lat="44.971340" lon="3.690340"><ele>835.0</ele></trkpt>
      <trkpt lat="44.971140" lon="3.690320"><ele>831.0</ele></trkpt>
      <trkpt lat="44.970940" lon="3.690670"><ele>827.0</ele></trkpt>
      <trkpt lat="44.970800" lon="3.691310"><ele>818.0</ele></trkpt>
      <trkpt lat="44.971160" lon="3.691830"><ele>822.0</ele></trkpt>
      <trkpt lat="44.970960" lon="3.693950"><ele>804.0</ele></trkpt>
      <trkpt lat="44.970960" lon="3.693950"><ele>804.0</ele></trkpt>
      <trkpt lat="44.970960" lon="3.693950"><ele>804.0</ele></trkpt>
      <trkpt lat="44.970710" lon="3.694290"><ele>795.0</ele></trkpt>
      <trkpt lat="44.970430" lon="3.694780"><ele>789.0</ele></trkpt>
      <trkpt lat="44.969780" lon="3.695770"><ele>774.0</ele></trkpt>
      <trkpt lat="44.969780" lon="3.695770"><ele>774.0</ele></trkpt>
      <trkpt lat="44.969330" lon="3.696650"><ele>773.0</ele></trkpt>
      <trkpt lat="44.969330" lon="3.696650"><ele>773.0</ele></trkpt>
      <trkpt lat="44.968920" lon="3.696530"><ele>782.0</ele></trkpt>
      <trkpt lat="44.968740" lon="3.696070"><ele>785.0</ele></trkpt>
      <trkpt lat="44.968630" lon="3.695470"><ele>781.0</ele></trkpt>
      <trkpt lat="44.968010" lon="3.694840"><ele>797.0</ele></trkpt>
      <trkpt lat="44.967710" lon="3.694460"><ele>806.0</ele></trkpt>
      <trkpt lat="44.967550" lon="3.694030"><ele>808.0</ele></trkpt>
      <trkpt lat="44.967460" lon="3.693150"><ele>801.0</ele></trkpt>
      <trkpt lat="44.967480" lon="3.692820"><ele>794.0</ele></trkpt>
      <trkpt lat="44.967120" lon="3.692910"><ele>800.0</ele></trkpt>
      <trkpt lat="44.966980" lon="3.693360"><ele>813.0</ele></trkpt>
      <trkpt lat="44.967260" lon="3.694140"><ele>819.0</ele></trkpt>
      <trkpt lat="44.967360" lon="3.694500"><ele>821.0</ele></trkpt>
      <trkpt lat="44.968100" lon="3.695780"><ele>810.0</ele></trkpt>
      <trkpt lat="44.968100" lon="3.695780"><ele>810.0</ele></trkpt>
      <trkpt lat="44.968850" lon="3.697970"><ele>809.0</ele></trkpt>
      <trkpt lat="44.968850" lon="3.697970"><ele>809.0</ele></trkpt>
      <trkpt lat="44.968850" lon="3.697970"><ele>809.0</ele></trkpt>
      <trkpt lat="44.968850" lon="3.697970"><ele>809.0</ele></trkpt>
      <trkpt lat="44.968630" lon="3.697910"><ele>819.0</ele></trkpt>
      <trkpt lat="44.968180" lon="3.697400"><ele>832.0</ele></trkpt>
      <trkpt lat="44.967870" lon="3.697810"><ele>856.0</ele></trkpt>
      <trkpt lat="44.967960" lon="3.698170"><ele>859.0</ele></trkpt>
      <trkpt lat="44.967490" lon="3.697690"><ele>872.0</ele></trkpt>
      <trkpt lat="44.967380" lon="3.697200"><ele>866.0</ele></trkpt>
      <trkpt lat="44.967060" lon="3.697430"><ele>879.0</ele></trkpt>
      <trkpt lat="44.966700" lon="3.698000"><ele>902.0</ele></trkpt>
      <trkpt lat="44.965940" lon="3.698240"><ele>907.0</ele></trkpt>
      <trkpt lat="44.965940" lon="3.698240"><ele>907.0</ele></trkpt>
      <trkpt lat="44.966460" lon="3.698790"><ele>923.0</ele></trkpt>
      <trkpt lat="44.966580" lon="3.699120"><ele>934.0</ele></trkpt>
      <trkpt lat="44.965830" lon="3.699870"><ele>951.0</ele></trkpt>
      <trkpt lat="44.965830" lon="3.699870"><ele>951.0</ele></trkpt>
      <trkpt lat="44.965630" lon="3.700390"><ele>961.0</ele></trkpt>
      <trkpt lat="44.965130" lon="3.700580"><ele>949.0</ele></trkpt>
      <trkpt lat="44.964870" lon="3.700870"><ele>947.0</ele></trkpt>
      <trkpt lat="44.964400" lon="3.701500"><ele>943.0</ele></trkpt>
      <trkpt lat="44.964180" lon="3.701790"><ele>940.0</ele></trkpt>
      <trkpt lat="44.963880" lon="3.701980"><ele>936.0</ele></trkpt>
      <trkpt lat="44.963340" lon="3.702290"><ele>924.0</ele></trkpt>
      <trkpt lat="44.963080" lon="3.702600"><ele>921.0</ele></trkpt>
      <trkpt lat="44.962720" lon="3.703060"><ele>918.0</ele></trkpt>
      <trkpt lat="44.962370" lon="3.703330"><ele>909.0</ele></trkpt>
      <trkpt lat="44.962020" lon="3.704220"><ele>914.0</ele></trkpt>
      <trkpt lat="44.961990" lon="3.704470"><ele>919.0</ele></trkpt>
      <trkpt lat="44.961530" lon="3.704970"><ele>909.0</ele></trkpt>
      <trkpt lat="44.961400" lon="3.705280"><ele>912.0</ele></trkpt>
      <trkpt lat="44.961170" lon="3.705770"><ele>918.0</ele></trkpt>
      <trkpt lat="44.961160" lon="3.706440"><ele>938.0</ele></trkpt>
      <trkpt lat="44.960460" lon="3.706350"><ele>939.0</ele></trkpt>
      <trkpt lat="44.960220" lon="3.706330"><ele>943.0</ele></trkpt>
      <trkpt lat="44.959850" lon="3.706250"><ele>942.0</ele></trkpt>
      <trkpt lat="44.959830" lon="3.706800"><ele>958.0</ele></trkpt>
      <trkpt lat="44.959840" lon="3.707140"><ele>970.0</ele></trkpt>
      <trkpt lat="44.960190" lon="3.707590"><ele>990.0</ele></trkpt>
      <trkpt lat="44.960210" lon="3.708160"><ele>1007.0</ele></trkpt>
      <trkpt lat="44.960350" lon="3.708510"><ele>1017.0</ele></trkpt>
      <trkpt lat="44.960370" lon="3.709020"><ele>1027.0</ele></trkpt>
      <trkpt lat="44.960330" lon="3.709750"><ele>1044.0</ele></trkpt>
      <trkpt lat="44.960110" lon="3.710230"><ele>1048.0</ele></trkpt>
      <trkpt lat="44.960060" lon="3.710800"><ele>1063.0</ele></trkpt>
      <trkpt lat="44.959730" lon="3.711260"><ele>1075.0</ele></trkpt>
      <trkpt lat="44.959160" lon="3.711640"><ele>1086.0</ele></trkpt>
      <trkpt lat="44.958960" lon="3.711700"><ele>1087.0</ele></trkpt>
      <trkpt lat="44.958510" lon="3.711760"><ele>1085.0</ele></trkpt>
      <trkpt lat="44.958470" lon="3.712400"><ele>1100.0</ele></trkpt>
      <trkpt lat="44.958310" lon="3.712820"><ele>1106.0</ele></trkpt>
      <trkpt lat="44.958000" lon="3.713230"><ele>1108.0</ele></trkpt>
      <trkpt lat="44.957650" lon="3.713880"><ele>1113.0</ele></trkpt>
      <trkpt lat="44.957460" lon="3.714710"><ele>1122.0</ele></trkpt>
      <trkpt lat="44.957450" lon="3.714870"><ele>1124.0</ele></trkpt>
      <trkpt lat="44.956660" lon="3.715860"><ele>1135.0</ele></trkpt>
      <trkpt lat="44.956660" lon="3.715860"><ele>1135.0</ele></trkpt>
      <trkpt lat="44.956410" lon="3.716490"><ele>1141.0</ele></trkpt>
      <trkpt lat="44.956380" lon="3.717130"><ele>1145.0</ele></trkpt>
      <trkpt lat="44.956330" lon="3.717610"><ele>1148.0</ele></trkpt>
      <trkpt lat="44.956230" lon="3.718020"><ele>1149.0</ele></trkpt>
      <trkpt lat="44.956510" lon="3.718550"><ele>1155.0</ele></trkpt>
      <trkpt lat="44.956670" lon="3.718870"><ele>1159.0</ele></trkpt>
      <trkpt lat="44.956280" lon="3.718540"><ele>1153.0</ele></trkpt>
      <trkpt lat="44.956070" lon="3.718110"><ele>1149.0</ele></trkpt>
      <trkpt lat="44.955860" lon="3.717640"><ele>1145.0</ele></trkpt>
      <trkpt lat="44.955330" lon="3.716910"><ele>1134.0</ele></trkpt>
      <trkpt lat="44.955040" lon="3.716590"><ele>1131.0</ele></trkpt>
      <trkpt lat="44.954890" lon="3.716360"><ele>1128.0</ele></trkpt>
      <trkpt lat="44.954550" lon="3.715540"><ele>1122.0</ele></trkpt>
      <trkpt lat="44.954170" lon="3.714740"><ele>1118.0</ele></trkpt>
      <trkpt lat="44.954170" lon="3.714740"><ele>1118.0</ele></trkpt>
      <trkpt lat="44.954100" lon="3.713450"><ele>1109.0</ele></trkpt>
      <trkpt lat="44.954100" lon="3.713450"><ele>1109.0</ele></trkpt>
      <trkpt lat="44.954070" lon="3.712850"><ele>1106.0</ele></trkpt>
      <trkpt lat="44.953630" lon="3.711600"><ele>1090.0</ele></trkpt>
      <trkpt lat="44.953630" lon="3.711600"><ele>1090.0</ele></trkpt>
      <trkpt lat="44.953310" lon="3.711360"><ele>1084.0</ele></trkpt>
      <trkpt lat="44.953010" lon="3.710750"><ele>1071.0</ele></trkpt>
      <trkpt lat="44.952970" lon="3.710550"><ele>1068.0</ele></trkpt>
      <trkpt lat="44.952850" lon="3.709890"><ele>1060.0</ele></trkpt>
      <trkpt lat="44.952540" lon="3.709550"><ele>1055.0</ele></trkpt>
      <trkpt lat="44.951870" lon="3.709240"><ele>1041.0</ele></trkpt>
      <trkpt lat="44.951530" lon="3.709110"><ele>1031.0</ele></trkpt>
      <trkpt lat="44.951190" lon="3.709170"><ele>1020.0</ele></trkpt>
      <trkpt lat="44.951000" lon="3.709420"><ele>1013.0</ele></trkpt>
      <trkpt lat="44.950720" lon="3.709980"><ele>1000.0</ele></trkpt>
      <trkpt lat="44.950500" lon="3.709280"><ele>991.0</ele></trkpt>
      <trkpt lat="44.950340" lon="3.709700"><ele>984.0</ele></trkpt>
      <trkpt lat="44.950150" lon="3.709210"><ele>974.0</ele></trkpt>
      <trkpt lat="44.950000" lon="3.709500"><ele>968.0</ele></trkpt>
      <trkpt lat="44.949610" lon="3.709430"><ele>978.0</ele></trkpt>
      <trkpt lat="44.949470" lon="3.709630"><ele>983.0</ele></trkpt>
      <trkpt lat="44.948980" lon="3.709540"><ele>1000.0</ele></trkpt>
      <trkpt lat="44.948700" lon="3.709340"><ele>1015.0</ele></trkpt>
      <trkpt lat="44.948290" lon="3.709350"><ele>1038.0</ele></trkpt>
      <trkpt lat="44.948060" lon="3.709490"><ele>1048.0</ele></trkpt>
      <trkpt lat="44.947550" lon="3.709580"><ele>1074.0</ele></trkpt>
      <trkpt lat="44.947950" lon="3.708740"><ele>1071.0</ele></trkpt>
      <trkpt lat="44.948050" lon="3.708460"><ele>1074.0</ele></trkpt>
      <trkpt lat="44.948240" lon="3.708150"><ele>1074.0</ele></trkpt>
      <trkpt lat="44.947810" lon="3.708280"><ele>1094.0</ele></trkpt>
      <trkpt lat="44.947440" lon="3.708470"><ele>1107.0</ele></trkpt>
      <trkpt lat="44.947640" lon="3.707710"><ele>1118.0</ele></trkpt>
      <trkpt lat="44.947880" lon="3.707270"><ele>1114.0</ele></trkpt>
      <trkpt lat="44.948080" lon="3.706910"><ele>1107.0</ele></trkpt>
      <trkpt lat="44.947630" lon="3.706340"><ele>1127.0</ele></trkpt>
      <trkpt lat="44.947460" lon="3.706130"><ele>1134.0</ele></trkpt>
      <trkpt lat="44.947420" lon="3.705790"><ele>1135.0</ele></trkpt>
      <trkpt lat="44.947640" lon="3.705390"><ele>1128.0</ele></trkpt>
      <trkpt lat="44.947940" lon="3.704780"><ele>1117.0</ele></trkpt>
      <trkpt lat="44.948160" lon="3.704450"><ele>1110.0</ele></trkpt>
      <trkpt lat="44.947860" lon="3.703910"><ele>1118.0</ele></trkpt>
      <trkpt lat="44.947510" lon="3.703730"><ele>1125.0</ele></trkpt>
      <trkpt lat="44.947180" lon="3.702900"><ele>1117.0</ele></trkpt>
      <trkpt lat="44.946960" lon="3.702550"><ele>1116.0</ele></trkpt>
      <trkpt lat="44.946730" lon="3.702020"><ele>1110.0</ele></trkpt>
      <trkpt lat="44.946610" lon="3.701500"><ele>1099.0</ele></trkpt>
      <trkpt lat="44.946530" lon="3.700900"><ele>1083.0</ele></trkpt>
      <trkpt lat="44.946190" lon="3.700800"><ele>1085.0</ele></trkpt>
      <trkpt lat="44.945580" lon="3.700720"><ele>1089.0</ele></trkpt>
      <trkpt lat="44.945250" lon="3.700100"><ele>1082.0</ele></trkpt>
      <trkpt lat="44.945050" lon="3.699900"><ele>1083.0</ele></trkpt>
      <trkpt lat="44.944900" lon="3.699500"><ele>1081.0</ele></trkpt>
      <trkpt lat="44.944490" lon="3.699430"><ele>1081.0</ele></trkpt>
      <trkpt lat="44.944000" lon="3.699750"><ele>1086.0</ele></trkpt>
      <trkpt lat="44.943640" lon="3.699800"><ele>1087.0</ele></trkpt>
      <trkpt lat="44.942970" lon="3.699960"><ele>1090.0</ele></trkpt>
      <trkpt lat="44.942630" lon="3.699460"><ele>1086.0</ele></trkpt>
      <trkpt lat="44.942300" lon="3.699300"><ele>1083.0</ele></trkpt>
      <trkpt lat="44.942320" lon="3.698370"><ele>1075.0</ele></trkpt>
      <trkpt lat="44.942450" lon="3.697630"><ele>1069.0</ele></trkpt>
      <trkpt lat="44.942450" lon="3.697630"><ele>1069.0</ele></trkpt>
      <trkpt lat="44.942320" lon="3.697100"><ele>1062.0</ele></trkpt>
      <trkpt lat="44.941850" lon="3.697210"><ele>1057.0</ele></trkpt>
      <trkpt lat="44.941390" lon="3.698020"><ele>1065.0</ele></trkpt>
      <trkpt lat="44.941120" lon="3.698180"><ele>1064.0</ele></trkpt>
      <trkpt lat="44.940870" lon="3.698160"><ele>1063.0</ele></trkpt>
      <trkpt lat="44.940760" lon="3.696530"><ele>1071.0</ele></trkpt>
      <trkpt lat="44.940760" lon="3.696530"><ele>1071.0</ele></trkpt>
      <trkpt lat="44.940660" lon="3.696230"><ele>1072.0</ele></trkpt>
      <trkpt lat="44.940150" lon="3.695870"><ele>1078.0</ele></trkpt>
      <trkpt lat="44.939890" lon="3.695520"><ele>1081.0</ele></trkpt>
      <trkpt lat="44.939830" lon="3.694550"><ele>1080.0</ele></trkpt>
      <trkpt lat="44.939830" lon="3.694170"><ele>1080.0</ele></trkpt>
      <trkpt lat="44.940290" lon="3.693180"><ele>1074.0</ele></trkpt>
      <trkpt lat="44.940290" lon="3.693180"><ele>1074.0</ele></trkpt>
      <trkpt lat="44.940980" lon="3.691960"><ele>1068.0</ele></trkpt>
      <trkpt lat="44.940980" lon="3.691960"><ele>1068.0</ele></trkpt>
      <trkpt lat="44.941150" lon="3.691530"><ele>1064.0</ele></trkpt>
      <trkpt lat="44.941620" lon="3.690650"><ele>1056.0</ele></trkpt>
      <trkpt lat="44.941620" lon="3.690650"><ele>1056.0</ele></trkpt>
      <trkpt lat="44.942100" lon="3.689350"><ele>1031.0</ele></trkpt>
      <trkpt lat="44.942100" lon="3.689350"><ele>1031.0</ele></trkpt>
      <trkpt lat="44.942270" lon="3.689140"><ele>1028.0</ele></trkpt>
      <trkpt lat="44.942260" lon="3.688050"><ele>1013.0</ele></trkpt>
      <trkpt lat="44.942260" lon="3.687690"><ele>1008.0</ele></trkpt>
      <trkpt lat="44.941750" lon="3.688240"><ele>1008.0</ele></trkpt>
      <trkpt lat="44.941170" lon="3.688800"><ele>999.0</ele></trkpt>
      <trkpt lat="44.941170" lon="3.688800"><ele>999.0</ele></trkpt>
      <trkpt lat="44.940750" lon="3.689280"><ele>999.0</ele></trkpt>
      <trkpt lat="44.940270" lon="3.689470"><ele>1001.0</ele></trkpt>
      <trkpt lat="44.939860" lon="3.689490"><ele>999.0</ele></trkpt>
      <trkpt lat="44.939560" lon="3.689370"><ele>993.0</ele></trkpt>
      <trkpt lat="44.939040" lon="3.689790"><ele>1005.0</ele></trkpt>
      <trkpt lat="44.938120" lon="3.691430"><ele>1029.0</ele></trkpt>
      <trkpt lat="44.938120" lon="3.691430"><ele>1029.0</ele></trkpt>
      <trkpt lat="44.938120" lon="3.691430"><ele>1029.0</ele></trkpt>
      <trkpt lat="44.938120" lon="3.691430"><ele>1029.0</ele></trkpt>
      <trkpt lat="44.937700" lon="3.691960"><ele>1034.0</ele></trkpt>
      <trkpt lat="44.937250" lon="3.692460"><ele>1033.0</ele></trkpt>
      <trkpt lat="44.937050" lon="3.693280"><ele>1049.0</ele></trkpt>
      <trkpt lat="44.937050" lon="3.693280"><ele>1049.0</ele></trkpt>
      <trkpt lat="44.936420" lon="3.694240"><ele>1062.0</ele></trkpt>
      <trkpt lat="44.936420" lon="3.694240"><ele>1062.0</ele></trkpt>
      <trkpt lat="44.935970" lon="3.694320"><ele>1059.0</ele></trkpt>
      <trkpt lat="44.935190" lon="3.694800"><ele>1070.0</ele></trkpt>
      <trkpt lat="44.935190" lon="3.694800"><ele>1070.0</ele></trkpt>
      <trkpt lat="44.934490" lon="3.695160"><ele>1073.0</ele></trkpt>
      <trkpt lat="44.934240" lon="3.695440"><ele>1075.0</ele></trkpt>
      <trkpt lat="44.934050" lon="3.695910"><ele>1083.0</ele></trkpt>
      <trkpt lat="44.933910" lon="3.696430"><ele>1090.0</ele></trkpt>
      <trkpt lat="44.933500" lon="3.697140"><ele>1093.0</ele></trkpt>
      <trkpt lat="44.933220" lon="3.697650"><ele>1092.0</ele></trkpt>
      <trkpt lat="44.932970" lon="3.698720"><ele>1099.0</ele></trkpt>
      <trkpt lat="44.932970" lon="3.698720"><ele>1099.0</ele></trkpt>
      <trkpt lat="44.932830" lon="3.699160"><ele>1102.0</ele></trkpt>
      <trkpt lat="44.932690" lon="3.700100"><ele>1108.0</ele></trkpt>
      <trkpt lat="44.932700" lon="3.700790"><ele>1114.0</ele></trkpt>
      <trkpt lat="44.932760" lon="3.701070"><ele>1115.0</ele></trkpt>
      <trkpt lat="44.931880" lon="3.700060"><ele>1102.0</ele></trkpt>
      <trkpt lat="44.931880" lon="3.700060"><ele>1102.0</ele></trkpt>
      <trkpt lat="44.931880" lon="3.700060"><ele>1102.0</ele></trkpt>
      <trkpt lat="44.930900" lon="3.699360"><ele>1099.0</ele></trkpt>
      <trkpt lat="44.930900" lon="3.699360"><ele>1099.0</ele></trkpt>
      <trkpt lat="44.930240" lon="3.698720"><ele>1092.0</ele></trkpt>
      <trkpt lat="44.930240" lon="3.698720"><ele>1092.0</ele></trkpt>
      <trkpt lat="44.929770" lon="3.697970"><ele>1085.0</ele></trkpt>
      <trkpt lat="44.929300" lon="3.697420"><ele>1077.0</ele></trkpt>
      <trkpt lat="44.929300" lon="3.697420"><ele>1077.0</ele></trkpt>
      <trkpt lat="44.929200" lon="3.697000"><ele>1071.0</ele></trkpt>
      <trkpt lat="44.929250" lon="3.695890"><ele>1064.0</ele></trkpt>
      <trkpt lat="44.929490" lon="3.694870"><ele>1056.0</ele></trkpt>
      <trkpt lat="44.929490" lon="3.694870"><ele>1056.0</ele></trkpt>
      <trkpt lat="44.929120" lon="3.694200"><ele>1042.0</ele></trkpt>
      <trkpt lat="44.929080" lon="3.693560"><ele>1032.0</ele></trkpt>
      <trkpt lat="44.928730" lon="3.693220"><ele>1020.0</ele></trkpt>
      <trkpt lat="44.928410" lon="3.692960"><ele>1013.0</ele></trkpt>
      <trkpt lat="44.928510" lon="3.692500"><ele>1011.0</ele></trkpt>
      <trkpt lat="44.928140" lon="3.692370"><ele>1001.0</ele></trkpt>
      <trkpt lat="44.927300" lon="3.690990"><ele>975.0</ele></trkpt>
      <trkpt lat="44.927300" lon="3.690990"><ele>975.0</ele></trkpt>
      <trkpt lat="44.927300" lon="3.690990"><ele>975.0</ele></trkpt>
      <trkpt lat="44.926630" lon="3.690650"><ele>967.0</ele></trkpt>
      <trkpt lat="44.926760" lon="3.690400"><ele>963.0</ele></trkpt>
      <trkpt lat="44.926210" lon="3.690070"><ele>956.0</ele></trkpt>
      <trkpt lat="44.926210" lon="3.690070"><ele>956.0</ele></trkpt>
      <trkpt lat="44.925470" lon="3.689730"><ele>941.0</ele></trkpt>
      <trkpt lat="44.924780" lon="3.689600"><ele>930.0</ele></trkpt>
      <trkpt lat="44.924780" lon="3.689600"><ele>930.0</ele></trkpt>
      <trkpt lat="44.925000" lon="3.688990"><ele>922.0</ele></trkpt>
      <trkpt lat="44.925520" lon="3.689010"><ele>921.0</ele></trkpt>
      <trkpt lat="44.925270" lon="3.688670"><ele>913.0</ele></trkpt>
      <trkpt lat="44.925100" lon="3.688180"><ele>903.0</ele></trkpt>
      <trkpt lat="44.925670" lon="3.688170"><ele>892.0</ele></trkpt>
      <trkpt lat="44.926230" lon="3.688110"><ele>888.0</ele></trkpt>
      <trkpt lat="44.926230" lon="3.688110"><ele>888.0</ele></trkpt>
      <trkpt lat="44.926790" lon="3.687540"><ele>866.0</ele></trkpt>
      <trkpt lat="44.926900" lon="3.687260"><ele>854.0</ele></trkpt>
      <trkpt lat="44.926980" lon="3.686870"><ele>839.0</ele></trkpt>
      <trkpt lat="44.926580" lon="3.687010"><ele>849.0</ele></trkpt>
      <trkpt lat="44.926050" lon="3.687050"><ele>852.0</ele></trkpt>
      <trkpt lat="44.925660" lon="3.686460"><ele>840.0</ele></trkpt>
      <trkpt lat="44.925370" lon="3.685840"><ele>829.0</ele></trkpt>
      <trkpt lat="44.924520" lon="3.685160"><ele>824.0</ele></trkpt>
      <trkpt lat="44.924520" lon="3.685160"><ele>824.0</ele></trkpt>
      <trkpt lat="44.923770" lon="3.685050"><ele>821.0</ele></trkpt>
      <trkpt lat="44.923770" lon="3.685050"><ele>821.0</ele></trkpt>
      <trkpt lat="44.923050" lon="3.684490"><ele>797.0</ele></trkpt>
      <trkpt lat="44.923050" lon="3.684490"><ele>797.0</ele></trkpt>
      <trkpt lat="44.922400" lon="3.684220"><ele>779.0</ele></trkpt>
      <trkpt lat="44.922480" lon="3.683570"><ele>774.0</ele></trkpt>
      <trkpt lat="44.922740" lon="3.683070"><ele>768.0</ele></trkpt>
      <trkpt lat="44.922680" lon="3.682400"><ele>756.0</ele></trkpt>
      <trkpt lat="44.922680" lon="3.682400"><ele>756.0</ele></trkpt>
      <trkpt lat="44.922440" lon="3.681410"><ele>750.0</ele></trkpt>
      <trkpt lat="44.922330" lon="3.679680"><ele>720.0</ele></trkpt>
      <trkpt lat="44.922330" lon="3.679680"><ele>720.0</ele></trkpt>
      <trkpt lat="44.922330" lon="3.679680"><ele>720.0</ele></trkpt>
      <trkpt lat="44.921670" lon="3.678680"><ele>709.0</ele></trkpt>
      <trkpt lat="44.921670" lon="3.678680"><ele>709.0</ele></trkpt>
      <trkpt lat="44.921310" lon="3.677770"><ele>685.0</ele></trkpt>
      <trkpt lat="44.921310" lon="3.677770"><ele>685.0</ele></trkpt>
      <trkpt lat="44.921160" lon="3.677050"><ele>672.0</ele></trkpt>
      <trkpt lat="44.921010" lon="3.677120"><ele>671.0</ele></trkpt>
      <trkpt lat="44.920550" lon="3.677360"><ele>676.0</ele></trkpt>
      <trkpt lat="44.920330" lon="3.677170"><ele>678.0</ele></trkpt>
      <trkpt lat="44.920230" lon="3.676210"><ele>676.0</ele></trkpt>
      <trkpt lat="44.920290" lon="3.675540"><ele>671.0</ele></trkpt>
      <trkpt lat="44.920210" lon="3.674910"><ele>669.0</ele></trkpt>
      <trkpt lat="44.919840" lon="3.674680"><ele>673.0</ele></trkpt>
      <trkpt lat="44.919700" lon="3.674210"><ele>671.0</ele></trkpt>
      <trkpt lat="44.919080" lon="3.673670"><ele>672.0</ele></trkpt>
      <trkpt lat="44.918010" lon="3.673320"><ele>671.0</ele></trkpt>
      <trkpt lat="44.918010" lon="3.673320"><ele>671.0</ele></trkpt>
      <trkpt lat="44.918010" lon="3.673320"><ele>671.0</ele></trkpt>
      <trkpt lat="44.917430" lon="3.673280"><ele>669.0</ele></trkpt>
      <trkpt lat="44.916820" lon="3.673370"><ele>667.0</ele></trkpt>
      <trkpt lat="44.916820" lon="3.673370"><ele>667.0</ele></trkpt>
      <trkpt lat="44.916400" lon="3.673470"><ele>668.0</ele></trkpt>
      <trkpt lat="44.915790" lon="3.673690"><ele>668.0</ele></trkpt>
      <trkpt lat="44.915030" lon="3.674180"><ele>666.0</ele></trkpt>
      <trkpt lat="44.915030" lon="3.674180"><ele>666.0</ele></trkpt>
      <trkpt lat="44.914820" lon="3.674530"><ele>666.0</ele></trkpt>
      <trkpt lat="44.914370" lon="3.674760"><ele>666.0</ele></trkpt>
      <trkpt lat="44.913390" lon="3.675530"><ele>672.0</ele></trkpt>
      <trkpt lat="44.913390" lon="3.675530"><ele>672.0</ele></trkpt>
      <trkpt lat="44.913120" lon="3.675860"><ele>677.0</ele></trkpt>
      <trkpt lat="44.912990" lon="3.676220"><ele>682.0</ele></trkpt>
      <trkpt lat="44.912370" lon="3.677300"><ele>702.0</ele></trkpt>
      <trkpt lat="44.912370" lon="3.677300"><ele>702.0</ele></trkpt>
      <trkpt lat="44.911820" lon="3.677950"><ele>715.0</ele></trkpt>
      <trkpt lat="44.911620" lon="3.678330"><ele>723.0</ele></trkpt>
      <trkpt lat="44.911250" lon="3.678380"><ele>726.0</ele></trkpt>
      <trkpt lat="44.910250" lon="3.678930"><ele>735.0</ele></trkpt>
      <trkpt lat="44.910250" lon="3.678930"><ele>735.0</ele></trkpt>
      <trkpt lat="44.909780" lon="3.679120"><ele>740.0</ele></trkpt>
      <trkpt lat="44.909320" lon="3.679660"><ele>749.0</ele></trkpt>
      <trkpt lat="44.909320" lon="3.679660"><ele>749.0</ele></trkpt>
      <trkpt lat="44.909070" lon="3.679370"><ele>750.0</ele></trkpt>
      <trkpt lat="44.908630" lon="3.679690"><ele>758.0</ele></trkpt>
      <trkpt lat="44.908000" lon="3.679990"><ele>766.0</ele></trkpt>
      <trkpt lat="44.907670" lon="3.680260"><ele>770.0</ele></trkpt>
      <trkpt lat="44.905940" lon="3.680680"><ele>769.0</ele></trkpt>
      <trkpt lat="44.905940" lon="3.680680"><ele>769.0</ele></trkpt>
      <trkpt lat="44.905940" lon="3.680680"><ele>769.0</ele></trkpt>
      <trkpt lat="44.905940" lon="3.680680"><ele>769.0</ele></trkpt>
      <trkpt lat="44.905320" lon="3.681010"><ele>771.0</ele></trkpt>
      <trkpt lat="44.905320" lon="3.681010"><ele>771.0</ele></trkpt>
      <trkpt lat="44.905750" lon="3.681600"><ele>782.0</ele></trkpt>
      <trkpt lat="44.905850" lon="3.682040"><ele>785.0</ele></trkpt>
      <trkpt lat="44.905970" lon="3.682170"><ele>785.0</ele></trkpt>
      <trkpt lat="44.905580" lon="3.682510"><ele>782.0</ele></trkpt>
      <trkpt lat="44.905290" lon="3.683210"><ele>778.0</ele></trkpt>
      <trkpt lat="44.905200" lon="3.683780"><ele>777.0</ele></trkpt>
      <trkpt lat="44.905500" lon="3.684230"><ele>775.0</ele></trkpt>
      <trkpt lat="44.905580" lon="3.685310"><ele>773.0</ele></trkpt>
      <trkpt lat="44.905580" lon="3.685310"><ele>773.0</ele></trkpt>
      <trkpt lat="44.905520" lon="3.685880"><ele>774.0</ele></trkpt>
      <trkpt lat="44.905570" lon="3.686820"><ele>775.0</ele></trkpt>
      <trkpt lat="44.905710" lon="3.687730"><ele>777.0</ele></trkpt>
      <trkpt lat="44.905710" lon="3.687730"><ele>777.0</ele></trkpt>
      <trkpt lat="44.905880" lon="3.688420"><ele>779.0</ele></trkpt>
      <trkpt lat="44.905960" lon="3.689290"><ele>779.0</ele></trkpt>
      <trkpt lat="44.905840" lon="3.689840"><ele>778.0</ele></trkpt>
      <trkpt lat="44.905650" lon="3.690430"><ele>782.0</ele></trkpt>
      <trkpt lat="44.905690" lon="3.691030"><ele>783.0</ele></trkpt>
      <trkpt lat="44.905910" lon="3.691300"><ele>783.0</ele></trkpt>
      <trkpt lat="44.906310" lon="3.691180"><ele>783.0</ele></trkpt>
      <trkpt lat="44.906720" lon="3.691350"><ele>785.0</ele></trkpt>
      <trkpt lat="44.907080" lon="3.692140"><ele>790.0</ele></trkpt>
      <trkpt lat="44.907370" lon="3.692840"><ele>794.0</ele></trkpt>
      <trkpt lat="44.907470" lon="3.692980"><ele>793.0</ele></trkpt>
      <trkpt lat="44.907540" lon="3.693490"><ele>799.0</ele></trkpt>
      <trkpt lat="44.907160" lon="3.693850"><ele>813.0</ele></trkpt>
      <trkpt lat="44.907120" lon="3.694460"><ele>823.0</ele></trkpt>
      <trkpt lat="44.907260" lon="3.695270"><ele>831.0</ele></trkpt>
      <trkpt lat="44.907230" lon="3.695650"><ele>836.0</ele></trkpt>
      <trkpt lat="44.906740" lon="3.696080"><ele>856.0</ele></trkpt>
      <trkpt lat="44.906400" lon="3.696520"><ele>868.0</ele></trkpt>
      <trkpt lat="44.906080" lon="3.696700"><ele>879.0</ele></trkpt>
      <trkpt lat="44.906110" lon="3.697470"><ele>884.0</ele></trkpt>
      <trkpt lat="44.906440" lon="3.697790"><ele>884.0</ele></trkpt>
      <trkpt lat="44.906730" lon="3.698120"><ele>885.0</ele></trkpt>
      <trkpt lat="44.907060" lon="3.698520"><ele>879.0</ele></trkpt>
      <trkpt lat="44.907090" lon="3.699100"><ele>878.0</ele></trkpt>
      <trkpt lat="44.906940" lon="3.699440"><ele>880.0</ele></trkpt>
      <trkpt lat="44.906540" lon="3.700080"><ele>885.0</ele></trkpt>
      <trkpt lat="44.906420" lon="3.700480"><ele>882.0</ele></trkpt>
      <trkpt lat="44.906080" lon="3.700880"><ele>890.0</ele></trkpt>
      <trkpt lat="44.906320" lon="3.701490"><ele>885.0</ele></trkpt>
      <trkpt lat="44.906420" lon="3.702110"><ele>887.0</ele></trkpt>
      <trkpt lat="44.906100" lon="3.703050"><ele>900.0</ele></trkpt>
      <trkpt lat="44.905890" lon="3.703620"><ele>908.0</ele></trkpt>
      <trkpt lat="44.905850" lon="3.703890"><ele>911.0</ele></trkpt>
      <trkpt lat="44.905840" lon="3.704350"><ele>915.0</ele></trkpt>
      <trkpt lat="44.906050" lon="3.704970"><ele>914.0</ele></trkpt>
      <trkpt lat="44.906010" lon="3.705520"><ele>912.0</ele></trkpt>
      <trkpt lat="44.905850" lon="3.706000"><ele>910.0</ele></trkpt>
      <trkpt lat="44.905490" lon="3.706330"><ele>918.0</ele></trkpt>
      <trkpt lat="44.905300" lon="3.707270"><ele>912.0</ele></trkpt>
      <trkpt lat="44.905130" lon="3.707680"><ele>915.0</ele></trkpt>
      <trkpt lat="44.904940" lon="3.708180"><ele>919.0</ele></trkpt>
      <trkpt lat="44.904730" lon="3.708730"><ele>915.0</ele></trkpt>
      <trkpt lat="44.904400" lon="3.709040"><ele>921.0</ele></trkpt>
      <trkpt lat="44.904180" lon="3.709460"><ele>917.0</ele></trkpt>
      <trkpt lat="44.903570" lon="3.709990"><ele>914.0</ele></trkpt>
      <trkpt lat="44.903310" lon="3.710170"><ele>913.0</ele></trkpt>
      <trkpt lat="44.903030" lon="3.710290"><ele>915.0</ele></trkpt>
      <trkpt lat="44.902330" lon="3.709970"><ele>946.0</ele></trkpt>
      <trkpt lat="44.902160" lon="3.709950"><ele>950.0</ele></trkpt>
      <trkpt lat="44.901640" lon="3.710350"><ele>944.0</ele></trkpt>
      <trkpt lat="44.901400" lon="3.710630"><ele>940.0</ele></trkpt>
      <trkpt lat="44.900750" lon="3.710770"><ele>949.0</ele></trkpt>
      <trkpt lat="44.900410" lon="3.710860"><ele>952.0</ele></trkpt>
      <trkpt lat="44.900100" lon="3.710770"><ele>959.0</ele></trkpt>
      <trkpt lat="44.899510" lon="3.710510"><ele>969.0</ele></trkpt>
      <trkpt lat="44.898850" lon="3.710570"><ele>975.0</ele></trkpt>
      <trkpt lat="44.898570" lon="3.710550"><ele>978.0</ele></trkpt>
      <trkpt lat="44.898700" lon="3.710270"><ele>979.0</ele></trkpt>
      <trkpt lat="44.898340" lon="3.710100"><ele>984.0</ele></trkpt>
      <trkpt lat="44.898030" lon="3.710450"><ele>986.0</ele></trkpt>
      <trkpt lat="44.897580" lon="3.710720"><ele>992.0</ele></trkpt>
      <trkpt lat="44.897260" lon="3.711090"><ele>997.0</ele></trkpt>
      <trkpt lat="44.896830" lon="3.711700"><ele>1002.0</ele></trkpt>
      <trkpt lat="44.896540" lon="3.712010"><ele>1004.0</ele></trkpt>
      <trkpt lat="44.896180" lon="3.712450"><ele>1004.0</ele></trkpt>
      <trkpt lat="44.895950" lon="3.712660"><ele>1005.0</ele></trkpt>
      <trkpt lat="44.895290" lon="3.713020"><ele>1004.0</ele></trkpt>
      <trkpt lat="44.895430" lon="3.713470"><ele>999.0</ele></trkpt>
      <trkpt lat="44.895840" lon="3.713890"><ele>993.0</ele></trkpt>
      <trkpt lat="44.896210" lon="3.714080"><ele>988.0</ele></trkpt>
      <trkpt lat="44.896830" lon="3.714250"><ele>983.0</ele></trkpt>
      <trkpt lat="44.896830" lon="3.714250"><ele>983.0</ele></trkpt>
      <trkpt lat="44.897240" lon="3.715300"><ele>978.0</ele></trkpt>
      <trkpt lat="44.897240" lon="3.715300"><ele>978.0</ele></trkpt>
      <trkpt lat="44.897840" lon="3.715070"><ele>973.0</ele></trkpt>
      <trkpt lat="44.898220" lon="3.715120"><ele>969.0</ele></trkpt>
      <trkpt lat="44.898480" lon="3.715390"><ele>962.0</ele></trkpt>
      <trkpt lat="44.898860" lon="3.715470"><ele>950.0</ele></trkpt>
      <trkpt lat="44.899060" lon="3.714980"><ele>952.0</ele></trkpt>
      <trkpt lat="44.899680" lon="3.714920"><ele>936.0</ele></trkpt>
      <trkpt lat="44.899610" lon="3.715120"><ele>935.0</ele></trkpt>
      <trkpt lat="44.899450" lon="3.715830"><ele>925.0</ele></trkpt>
      <trkpt lat="44.899200" lon="3.716710"><ele>909.0</ele></trkpt>
      <trkpt lat="44.898970" lon="3.716880"><ele>912.0</ele></trkpt>
      <trkpt lat="44.898770" lon="3.717570"><ele>896.0</ele></trkpt>
      <trkpt lat="44.898600" lon="3.717900"><ele>892.0</ele></trkpt>
      <trkpt lat="44.898680" lon="3.718230"><ele>880.0</ele></trkpt>
      <trkpt lat="44.898830" lon="3.718430"><ele>875.0</ele></trkpt>
      <trkpt lat="44.899630" lon="3.717810"><ele>870.0</ele></trkpt>
      <trkpt lat="44.899630" lon="3.717810"><ele>870.0</ele></trkpt>
      <trkpt lat="44.900280" lon="3.717720"><ele>867.0</ele></trkpt>
      <trkpt lat="44.900280" lon="3.717720"><ele>867.0</ele></trkpt>
      <trkpt lat="44.900720" lon="3.717420"><ele>864.0</ele></trkpt>
      <trkpt lat="44.901230" lon="3.717550"><ele>877.0</ele></trkpt>
      <trkpt lat="44.901580" lon="3.717450"><ele>882.0</ele></trkpt>
      <trkpt lat="44.901920" lon="3.717620"><ele>883.0</ele></trkpt>
      <trkpt lat="44.901800" lon="3.718140"><ele>890.0</ele></trkpt>
      <trkpt lat="44.901860" lon="3.718800"><ele>898.0</ele></trkpt>
      <trkpt lat="44.901870" lon="3.718880"><ele>899.0</ele></trkpt>
      <trkpt lat="44.902200" lon="3.719430"><ele>902.0</ele></trkpt>
      <trkpt lat="44.902360" lon="3.720330"><ele>905.0</ele></trkpt>
      <trkpt lat="44.902360" lon="3.720330"><ele>905.0</ele></trkpt>
      <trkpt lat="44.902650" lon="3.720660"><ele>904.0</ele></trkpt>
      <trkpt lat="44.902920" lon="3.721350"><ele>915.0</ele></trkpt>
      <trkpt lat="44.902890" lon="3.721930"><ele>922.0</ele></trkpt>
      <trkpt lat="44.902670" lon="3.722800"><ele>928.0</ele></trkpt>
      <trkpt lat="44.902670" lon="3.722910"><ele>928.0</ele></trkpt>
      <trkpt lat="44.903060" lon="3.723920"><ele>927.0</ele></trkpt>
      <trkpt lat="44.903190" lon="3.724090"><ele>924.0</ele></trkpt>
      <trkpt lat="44.903590" lon="3.724610"><ele>931.0</ele></trkpt>
      <trkpt lat="44.903920" lon="3.725080"><ele>933.0</ele></trkpt>
      <trkpt lat="44.904110" lon="3.725260"><ele>935.0</ele></trkpt>
      <trkpt lat="44.904320" lon="3.725900"><ele>947.0</ele></trkpt>
      <trkpt lat="44.904270" lon="3.726450"><ele>954.0</ele></trkpt>
      <trkpt lat="44.904230" lon="3.727020"><ele>961.0</ele></trkpt>
      <trkpt lat="44.904080" lon="3.727530"><ele>972.0</ele></trkpt>
      <trkpt lat="44.903680" lon="3.727680"><ele>994.0</ele></trkpt>
      <trkpt lat="44.903700" lon="3.726860"><ele>976.0</ele></trkpt>
      <trkpt lat="44.903550" lon="3.726430"><ele>971.0</ele></trkpt>
      <trkpt lat="44.903130" lon="3.726640"><ele>981.0</ele></trkpt>
      <trkpt lat="44.903020" lon="3.727040"><ele>989.0</ele></trkpt>
      <trkpt lat="44.902910" lon="3.727550"><ele>998.0</ele></trkpt>
      <trkpt lat="44.903140" lon="3.728250"><ele>1017.0</ele></trkpt>
      <trkpt lat="44.903440" lon="3.728790"><ele>1027.0</ele></trkpt>
      <trkpt lat="44.903480" lon="3.729230"><ele>1034.0</ele></trkpt>
      <trkpt lat="44.903460" lon="3.730090"><ele>1042.0</ele></trkpt>
      <trkpt lat="44.903570" lon="3.730550"><ele>1046.0</ele></trkpt>
      <trkpt lat="44.904040" lon="3.731380"><ele>1059.0</ele></trkpt>
      <trkpt lat="44.904040" lon="3.731380"><ele>1059.0</ele></trkpt>
      <trkpt lat="44.904110" lon="3.732880"><ele>1071.0</ele></trkpt>
      <trkpt lat="44.904110" lon="3.732880"><ele>1071.0</ele></trkpt>
      <trkpt lat="44.904140" lon="3.733560"><ele>1075.0</ele></trkpt>
      <trkpt lat="44.904120" lon="3.733990"><ele>1077.0</ele></trkpt>
      <trkpt lat="44.904270" lon="3.734790"><ele>1077.0</ele></trkpt>
      <trkpt lat="44.904220" lon="3.735740"><ele>1081.0</ele></trkpt>
      <trkpt lat="44.904220" lon="3.735740"><ele>1081.0</ele></trkpt>
      <trkpt lat="44.903690" lon="3.736530"><ele>1090.0</ele></trkpt>
      <trkpt lat="44.903650" lon="3.736700"><ele>1092.0</ele></trkpt>
      <trkpt lat="44.903540" lon="3.737490"><ele>1096.0</ele></trkpt>
      <trkpt lat="44.903320" lon="3.737770"><ele>1099.0</ele></trkpt>
      <trkpt lat="44.903830" lon="3.738170"><ele>1100.0</ele></trkpt>
      <trkpt lat="44.904220" lon="3.738430"><ele>1101.0</ele></trkpt>
      <trkpt lat="44.904510" lon="3.738810"><ele>1102.0</ele></trkpt>
      <trkpt lat="44.905090" lon="3.739490"><ele>1105.0</ele></trkpt>
      <trkpt lat="44.905090" lon="3.739490"><ele>1105.0</ele></trkpt>
      <trkpt lat="44.905400" lon="3.740390"><ele>1109.0</ele></trkpt>
      <trkpt lat="44.906100" lon="3.741360"><ele>1116.0</ele></trkpt>
      <trkpt lat="44.906100" lon="3.741360"><ele>1116.0</ele></trkpt>
      <trkpt lat="44.906830" lon="3.741660"><ele>1120.0</ele></trkpt>
      <trkpt lat="44.906830" lon="3.741660"><ele>1120.0</ele></trkpt>
      <trkpt lat="44.907250" lon="3.742050"><ele>1124.0</ele></trkpt>
      <trkpt lat="44.907570" lon="3.742270"><ele>1126.0</ele></trkpt>
      <trkpt lat="44.908020" lon="3.742750"><ele>1130.0</ele></trkpt>
      <trkpt lat="44.908220" lon="3.743200"><ele>1136.0</ele></trkpt>
      <trkpt lat="44.908340" lon="3.743630"><ele>1142.0</ele></trkpt>
      <trkpt lat="44.908630" lon="3.744040"><ele>1144.0</ele></trkpt>
      <trkpt lat="44.909090" lon="3.744440"><ele>1146.0</ele></trkpt>
      <trkpt lat="44.909480" lon="3.744940"><ele>1147.0</ele></trkpt>
      <trkpt lat="44.909740" lon="3.745150"><ele>1147.0</ele></trkpt>
      <trkpt lat="44.910220" lon="3.746360"><ele>1152.0</ele></trkpt>
      <trkpt lat="44.910220" lon="3.746360"><ele>1152.0</ele></trkpt>
      <trkpt lat="44.910410" lon="3.746690"><ele>1153.0</ele></trkpt>
      <trkpt lat="44.910640" lon="3.748300"><ele>1168.0</ele></trkpt>
      <trkpt lat="44.910640" lon="3.748300"><ele>1168.0</ele></trkpt>
      <trkpt lat="44.910290" lon="3.748500"><ele>1176.0</ele></trkpt>
      <trkpt lat="44.910060" lon="3.748420"><ele>1179.0</ele></trkpt>
      <trkpt lat="44.909970" lon="3.749230"><ele>1184.0</ele></trkpt>
      <trkpt lat="44.909570" lon="3.750300"><ele>1191.0</ele></trkpt>
      <trkpt lat="44.909570" lon="3.750300"><ele>1191.0</ele></trkpt>
      <trkpt lat="44.909340" lon="3.750800"><ele>1195.0</ele></trkpt>
      <trkpt lat="44.908570" lon="3.752940"><ele>1211.0</ele></trkpt>
      <trkpt lat="44.908570" lon="3.752940"><ele>1211.0</ele></trkpt>
      <trkpt lat="44.908570" lon="3.752940"><ele>1211.0</ele></trkpt>
      <trkpt lat="44.908160" lon="3.753540"><ele>1214.0</ele></trkpt>
      <trkpt lat="44.908160" lon="3.753540"><ele>1214.0</ele></trkpt>
      <trkpt lat="44.908010" lon="3.754560"><ele>1221.0</ele></trkpt>
      <trkpt lat="44.908110" lon="3.754770"><ele>1224.0</ele></trkpt>
      <trkpt lat="44.907670" lon="3.755770"><ele>1225.0</ele></trkpt>
      <trkpt lat="44.907670" lon="3.755770"><ele>1225.0</ele></trkpt>
      <trkpt lat="44.907420" lon="3.757440"><ele>1232.0</ele></trkpt>
      <trkpt lat="44.907420" lon="3.757440"><ele>1232.0</ele></trkpt>
      <trkpt lat="44.907230" lon="3.757930"><ele>1233.0</ele></trkpt>
      <trkpt lat="44.906990" lon="3.758730"><ele>1231.0</ele></trkpt>
      <trkpt lat="44.906990" lon="3.758730"><ele>1231.0</ele></trkpt>
      <trkpt lat="44.906650" lon="3.759500"><ele>1224.0</ele></trkpt>
      <trkpt lat="44.906280" lon="3.760160"><ele>1217.0</ele></trkpt>
      <trkpt lat="44.905900" lon="3.760490"><ele>1213.0</ele></trkpt>
      <trkpt lat="44.905560" lon="3.760900"><ele>1209.0</ele></trkpt>
      <trkpt lat="44.905360" lon="3.761040"><ele>1207.0</ele></trkpt>
      <trkpt lat="44.905030" lon="3.761460"><ele>1204.0</ele></trkpt>
      <trkpt lat="44.904780" lon="3.762210"><ele>1203.0</ele></trkpt>
      <trkpt lat="44.904720" lon="3.762520"><ele>1203.0</ele></trkpt>
      <trkpt lat="44.904720" lon="3.763080"><ele>1205.0</ele></trkpt>
      <trkpt lat="44.904410" lon="3.764200"><ele>1209.0</ele></trkpt>
      <trkpt lat="44.904160" lon="3.764800"><ele>1211.0</ele></trkpt>
      <trkpt lat="44.904160" lon="3.764800"><ele>1211.0</ele></trkpt>
      <trkpt lat="44.903700" lon="3.765480"><ele>1216.0</ele></trkpt>
      <trkpt lat="44.903430" lon="3.765660"><ele>1217.0</ele></trkpt>
      <trkpt lat="44.902950" lon="3.765860"><ele>1219.0</ele></trkpt>
      <trkpt lat="44.902590" lon="3.765990"><ele>1220.0</ele></trkpt>
      <trkpt lat="44.902500" lon="3.766920"><ele>1224.0</ele></trkpt>
      <trkpt lat="44.902390" lon="3.767590"><ele>1227.0</ele></trkpt>
      <trkpt lat="44.901750" lon="3.769780"><ele>1239.0</ele></trkpt>
      <trkpt lat="44.901750" lon="3.769780"><ele>1239.0</ele></trkpt>
      <trkpt lat="44.901750" lon="3.769780"><ele>1239.0</ele></trkpt>
      <trkpt lat="44.901750" lon="3.769780"><ele>1239.0</ele></trkpt>
      <trkpt lat="44.901460" lon="3.771090"><ele>1241.0</ele></trkpt>
      <trkpt lat="44.901460" lon="3.771090"><ele>1241.0</ele></trkpt>
      <trkpt lat="44.901850" lon="3.770970"><ele>1243.0</ele></trkpt>
      <trkpt lat="44.902870" lon="3.770970"><ele>1245.0</ele></trkpt>
      <trkpt lat="44.902870" lon="3.770970"><ele>1245.0</ele></trkpt>
      <trkpt lat="44.903180" lon="3.771010"><ele>1245.0</ele></trkpt>
      <trkpt lat="44.903860" lon="3.771180"><ele>1247.0</ele></trkpt>
      <trkpt lat="44.904340" lon="3.771240"><ele>1247.0</ele></trkpt>
      <trkpt lat="44.904340" lon="3.771240"><ele>1247.0</ele></trkpt>
      <trkpt lat="44.905050" lon="3.771340"><ele>1244.0</ele></trkpt>
      <trkpt lat="44.905270" lon="3.771340"><ele>1244.0</ele></trkpt>
      <trkpt lat="44.906050" lon="3.771700"><ele>1242.0</ele></trkpt>
      <trkpt lat="44.906670" lon="3.771950"><ele>1241.0</ele></trkpt>
      <trkpt lat="44.906670" lon="3.771950"><ele>1241.0</ele></trkpt>
      <trkpt lat="44.907180" lon="3.772120"><ele>1243.0</ele></trkpt>
      <trkpt lat="44.908300" lon="3.772600"><ele>1250.0</ele></trkpt>
      <trkpt lat="44.908300" lon="3.772600"><ele>1250.0</ele></trkpt>
      <trkpt lat="44.908300" lon="3.772600"><ele>1250.0</ele></trkpt>
      <trkpt lat="44.908750" lon="3.772720"><ele>1252.0</ele></trkpt>
      <trkpt lat="44.909120" lon="3.772880"><ele>1254.0</ele></trkpt>
      <trkpt lat="44.909840" lon="3.773310"><ele>1257.0</ele></trkpt>
      <trkpt lat="44.910110" lon="3.773450"><ele>1257.0</ele></trkpt>
      <trkpt lat="44.910570" lon="3.773520"><ele>1256.0</ele></trkpt>
      <trkpt lat="44.911180" lon="3.773820"><ele>1255.0</ele></trkpt>
      <trkpt lat="44.911490" lon="3.773900"><ele>1254.0</ele></trkpt>
      <trkpt lat="44.911960" lon="3.774080"><ele>1255.0</ele></trkpt>
      <trkpt lat="44.913330" lon="3.774710"><ele>1253.0</ele></trkpt>
      <trkpt lat="44.913330" lon="3.774710"><ele>1253.0</ele></trkpt>
      <trkpt lat="44.913330" lon="3.774710"><ele>1253.0</ele></trkpt>
      <trkpt lat="44.913760" lon="3.775350"><ele>1252.0</ele></trkpt>
      <trkpt lat="44.913760" lon="3.775350"><ele>1252.0</ele></trkpt>
      <trkpt lat="44.914100" lon="3.776100"><ele>1250.0</ele></trkpt>
      <trkpt lat="44.914320" lon="3.776760"><ele>1252.0</ele></trkpt>
      <trkpt lat="44.914450" lon="3.777440"><ele>1253.0</ele></trkpt>
      <trkpt lat="44.914640" lon="3.778040"><ele>1254.0</ele></trkpt>
      <trkpt lat="44.914710" lon="3.778420"><ele>1255.0</ele></trkpt>
      <trkpt lat="44.914090" lon="3.778300"><ele>1256.0</ele></trkpt>
      <trkpt lat="44.913380" lon="3.778040"><ele>1257.0</ele></trkpt>
      <trkpt lat="44.913380" lon="3.778040"><ele>1257.0</ele></trkpt>
      <trkpt lat="44.912920" lon="3.778080"><ele>1260.0</ele></trkpt>
      <trkpt lat="44.912350" lon="3.778090"><ele>1263.0</ele></trkpt>
      <trkpt lat="44.911940" lon="3.778200"><ele>1265.0</ele></trkpt>
      <trkpt lat="44.911480" lon="3.778410"><ele>1267.0</ele></trkpt>
      <trkpt lat="44.911340" lon="3.778510"><ele>1268.0</ele></trkpt>
      <trkpt lat="44.911150" lon="3.779490"><ele>1271.0</ele></trkpt>
      <trkpt lat="44.910960" lon="3.779800"><ele>1273.0</ele></trkpt>
      <trkpt lat="44.910730" lon="3.779990"><ele>1275.0</ele></trkpt>
      <trkpt lat="44.909860" lon="3.780310"><ele>1283.0</ele></trkpt>
      <trkpt lat="44.909860" lon="3.780310"><ele>1283.0</ele></trkpt>
      <trkpt lat="44.909540" lon="3.780710"><ele>1286.0</ele></trkpt>
      <trkpt lat="44.909590" lon="3.781540"><ele>1286.0</ele></trkpt>
      <trkpt lat="44.909740" lon="3.781960"><ele>1283.0</ele></trkpt>
      <trkpt lat="44.909640" lon="3.782640"><ele>1276.0</ele></trkpt>
      <trkpt lat="44.909260" lon="3.782380"><ele>1276.0</ele></trkpt>
      <trkpt lat="44.908600" lon="3.782270"><ele>1277.0</ele></trkpt>
      <trkpt lat="44.908100" lon="3.782320"><ele>1276.0</ele></trkpt>
      <trkpt lat="44.907960" lon="3.782360"><ele>1275.0</ele></trkpt>
      <trkpt lat="44.907620" lon="3.782750"><ele>1267.0</ele></trkpt>
      <trkpt lat="44.907490" lon="3.783330"><ele>1253.0</ele></trkpt>
      <trkpt lat="44.907210" lon="3.783330"><ele>1251.0</ele></trkpt>
      <trkpt lat="44.906850" lon="3.783030"><ele>1253.0</ele></trkpt>
      <trkpt lat="44.906320" lon="3.782930"><ele>1257.0</ele></trkpt>
      <trkpt lat="44.906090" lon="3.783060"><ele>1259.0</ele></trkpt>
      <trkpt lat="44.905750" lon="3.783470"><ele>1259.0</ele></trkpt>
      <trkpt lat="44.905450" lon="3.783860"><ele>1259.0</ele></trkpt>
      <trkpt lat="44.905130" lon="3.784960"><ele>1252.0</ele></trkpt>
      <trkpt lat="44.905060" lon="3.785450"><ele>1251.0</ele></trkpt>
      <trkpt lat="44.905200" lon="3.786020"><ele>1245.0</ele></trkpt>
      <trkpt lat="44.905430" lon="3.786430"><ele>1237.0</ele></trkpt>
      <trkpt lat="44.905760" lon="3.786780"><ele>1228.0</ele></trkpt>
      <trkpt lat="44.906120" lon="3.786530"><ele>1223.0</ele></trkpt>
      <trkpt lat="44.906450" lon="3.785990"><ele>1220.0</ele></trkpt>
      <trkpt lat="44.906750" lon="3.785960"><ele>1214.0</ele></trkpt>
      <trkpt lat="44.906580" lon="3.786560"><ele>1215.0</ele></trkpt>
      <trkpt lat="44.906340" lon="3.786950"><ele>1217.0</ele></trkpt>
      <trkpt lat="44.906130" lon="3.787400"><ele>1217.0</ele></trkpt>
      <trkpt lat="44.905960" lon="3.788130"><ele>1218.0</ele></trkpt>
      <trkpt lat="44.905910" lon="3.788730"><ele>1217.0</ele></trkpt>
      <trkpt lat="44.905830" lon="3.789290"><ele>1217.0</ele></trkpt>
      <trkpt lat="44.905820" lon="3.790000"><ele>1216.0</ele></trkpt>
      <trkpt lat="44.905880" lon="3.791580"><ele>1217.0</ele></trkpt>
      <trkpt lat="44.905880" lon="3.791580"><ele>1217.0</ele></trkpt>
      <trkpt lat="44.905950" lon="3.791960"><ele>1217.0</ele></trkpt>
      <trkpt lat="44.906140" lon="3.792320"><ele>1217.0</ele></trkpt>
      <trkpt lat="44.906250" lon="3.792810"><ele>1218.0</ele></trkpt>
      <trkpt lat="44.906640" lon="3.793920"><ele>1218.0</ele></trkpt>
      <trkpt lat="44.906830" lon="3.794250"><ele>1218.0</ele></trkpt>
      <trkpt lat="44.907080" lon="3.794550"><ele>1218.0</ele></trkpt>
      <trkpt lat="44.908200" lon="3.795080"><ele>1215.0</ele></trkpt>
      <trkpt lat="44.908200" lon="3.795080"><ele>1215.0</ele></trkpt>
      <trkpt lat="44.908200" lon="3.795080"><ele>1215.0</ele></trkpt>
      <trkpt lat="44.908870" lon="3.795300"><ele>1218.0</ele></trkpt>
      <trkpt lat="44.909160" lon="3.795270"><ele>1217.0</ele></trkpt>
      <trkpt lat="44.909490" lon="3.795350"><ele>1218.0</ele></trkpt>
      <trkpt lat="44.909750" lon="3.795690"><ele>1222.0</ele></trkpt>
      <trkpt lat="44.909880" lon="3.796680"><ele>1230.0</ele></trkpt>
      <trkpt lat="44.910010" lon="3.797140"><ele>1234.0</ele></trkpt>
      <trkpt lat="44.910040" lon="3.797600"><ele>1236.0</ele></trkpt>
      <trkpt lat="44.910360" lon="3.797880"><ele>1240.0</ele></trkpt>
      <trkpt lat="44.910840" lon="3.797570"><ele>1248.0</ele></trkpt>
      <trkpt lat="44.911040" lon="3.797350"><ele>1247.0</ele></trkpt>
      <trkpt lat="44.911740" lon="3.796600"><ele>1246.0</ele></trkpt>
      <trkpt lat="44.911740" lon="3.796600"><ele>1246.0</ele></trkpt>
      <trkpt lat="44.912240" lon="3.795940"><ele>1244.0</ele></trkpt>
      <trkpt lat="44.912440" lon="3.795530"><ele>1244.0</ele></trkpt>
      <trkpt lat="44.912810" lon="3.794530"><ele>1242.0</ele></trkpt>
      <trkpt lat="44.912810" lon="3.794530"><ele>1242.0</ele></trkpt>
      <trkpt lat="44.913050" lon="3.793910"><ele>1243.0</ele></trkpt>
      <trkpt lat="44.913360" lon="3.792560"><ele>1242.0</ele></trkpt>
      <trkpt lat="44.913360" lon="3.792560"><ele>1242.0</ele></trkpt>
      <trkpt lat="44.913500" lon="3.792070"><ele>1240.0</ele></trkpt>
      <trkpt lat="44.913570" lon="3.791550"><ele>1239.0</ele></trkpt>
      <trkpt lat="44.913810" lon="3.790400"><ele>1238.0</ele></trkpt>
      <trkpt lat="44.913810" lon="3.790400"><ele>1238.0</ele></trkpt>
      <trkpt lat="44.913870" lon="3.789790"><ele>1238.0</ele></trkpt>
      <trkpt lat="44.915010" lon="3.788310"><ele>1232.0</ele></trkpt>
      <trkpt lat="44.915010" lon="3.788310"><ele>1232.0</ele></trkpt>
      <trkpt lat="44.915010" lon="3.788310"><ele>1232.0</ele></trkpt>
      <trkpt lat="44.915220" lon="3.788100"><ele>1230.0</ele></trkpt>
      <trkpt lat="44.915720" lon="3.787620"><ele>1222.0</ele></trkpt>
      <trkpt lat="44.916010" lon="3.787680"><ele>1218.0</ele></trkpt>
      <trkpt lat="44.916500" lon="3.787700"><ele>1211.0</ele></trkpt>
      <trkpt lat="44.917250" lon="3.787770"><ele>1200.0</ele></trkpt>
      <trkpt lat="44.917820" lon="3.787760"><ele>1193.0</ele></trkpt>
      <trkpt lat="44.917820" lon="3.787760"><ele>1193.0</ele></trkpt>
      <trkpt lat="44.919730" lon="3.787720"><ele>1181.0</ele></trkpt>
      <trkpt lat="44.919730" lon="3.787720"><ele>1181.0</ele></trkpt>
      <trkpt lat="44.919730" lon="3.787720"><ele>1181.0</ele></trkpt>
      <trkpt lat="44.919730" lon="3.787720"><ele>1181.0</ele></trkpt>
      <trkpt lat="44.920700" lon="3.787730"><ele>1177.0</ele></trkpt>
      <trkpt lat="44.920700" lon="3.787730"><ele>1177.0</ele></trkpt>
      <trkpt lat="44.921260" lon="3.787670"><ele>1177.0</ele></trkpt>
      <trkpt lat="44.921550" lon="3.787580"><ele>1177.0</ele></trkpt>
      <trkpt lat="44.922030" lon="3.787530"><ele>1178.0</ele></trkpt>
      <trkpt lat="44.922040" lon="3.786910"><ele>1179.0</ele></trkpt>
      <trkpt lat="44.922010" lon="3.786270"><ele>1180.0</ele></trkpt>
      <trkpt lat="44.921890" lon="3.785350"><ele>1182.0</ele></trkpt>
      <trkpt lat="44.921890" lon="3.785350"><ele>1182.0</ele></trkpt>
      <trkpt lat="44.921670" lon="3.784490"><ele>1185.0</ele></trkpt>
      <trkpt lat="44.921530" lon="3.783910"><ele>1187.0</ele></trkpt>
      <trkpt lat="44.921270" lon="3.783280"><ele>1189.0</ele></trkpt>
      <trkpt lat="44.921130" lon="3.782680"><ele>1191.0</ele></trkpt>
      <trkpt lat="44.920900" lon="3.782050"><ele>1192.0</ele></trkpt>
      <trkpt lat="44.920710" lon="3.781630"><ele>1193.0</ele></trkpt>
      <trkpt lat="44.920620" lon="3.781210"><ele>1195.0</ele></trkpt>
      <trkpt lat="44.920480" lon="3.780630"><ele>1198.0</ele></trkpt>
      <trkpt lat="44.920340" lon="3.779870"><ele>1204.0</ele></trkpt>
      <trkpt lat="44.920130" lon="3.779250"><ele>1209.0</ele></trkpt>
      <trkpt lat="44.919920" lon="3.778880"><ele>1213.0</ele></trkpt>
      <trkpt lat="44.919850" lon="3.778250"><ele>1217.0</ele></trkpt>
      <trkpt lat="44.920370" lon="3.778290"><ele>1218.0</ele></trkpt>
      <trkpt lat="44.920610" lon="3.778350"><ele>1219.0</ele></trkpt>
      <trkpt lat="44.922260" lon="3.778900"><ele>1224.0</ele></trkpt>
      <trkpt lat="44.922260" lon="3.778900"><ele>1224.0</ele></trkpt>
      <trkpt lat="44.922260" lon="3.778900"><ele>1224.0</ele></trkpt>
      <trkpt lat="44.922630" lon="3.779010"><ele>1223.0</ele></trkpt>
      <trkpt lat="44.922850" lon="3.779050"><ele>1223.0</ele></trkpt>
      <trkpt lat="44.923360" lon="3.779400"><ele>1220.0</ele></trkpt>
      <trkpt lat="44.923960" lon="3.779560"><ele>1222.0</ele></trkpt>
      <trkpt lat="44.924260" lon="3.779680"><ele>1222.0</ele></trkpt>
      <trkpt lat="44.924440" lon="3.778930"><ele>1233.0</ele></trkpt>
      <trkpt lat="44.924620" lon="3.778450"><ele>1239.0</ele></trkpt>
      <trkpt lat="44.924680" lon="3.778030"><ele>1244.0</ele></trkpt>
      <trkpt lat="44.925020" lon="3.776320"><ele>1265.0</ele></trkpt>
      <trkpt lat="44.925020" lon="3.776320"><ele>1265.0</ele></trkpt>
      <trkpt lat="44.925020" lon="3.776320"><ele>1265.0</ele></trkpt>
      <trkpt lat="44.925440" lon="3.774610"><ele>1291.0</ele></trkpt>
      <trkpt lat="44.925440" lon="3.774610"><ele>1291.0</ele></trkpt>
      <trkpt lat="44.925440" lon="3.774610"><ele>1291.0</ele></trkpt>
      <trkpt lat="44.925660" lon="3.773830"><ele>1299.0</ele></trkpt>
      <trkpt lat="44.925720" lon="3.773350"><ele>1305.0</ele></trkpt>
      <trkpt lat="44.925920" lon="3.772560"><ele>1318.0</ele></trkpt>
      <trkpt lat="44.926060" lon="3.772120"><ele>1327.0</ele></trkpt>
      <trkpt lat="44.926270" lon="3.771320"><ele>1346.0</ele></trkpt>
      <trkpt lat="44.926350" lon="3.771020"><ele>1354.0</ele></trkpt>
      <trkpt lat="44.927490" lon="3.771020"><ele>1356.0</ele></trkpt>
      <trkpt lat="44.927490" lon="3.771020"><ele>1356.0</ele></trkpt>
      <trkpt lat="44.927670" lon="3.770970"><ele>1356.0</ele></trkpt>
      <trkpt lat="44.928330" lon="3.770900"><ele>1353.0</ele></trkpt>
      <trkpt lat="44.928640" lon="3.770700"><ele>1351.0</ele></trkpt>
      <trkpt lat="44.929070" lon="3.770470"><ele>1345.0</ele></trkpt>
      <trkpt lat="44.929350" lon="3.769960"><ele>1346.0</ele></trkpt>
      <trkpt lat="44.929530" lon="3.769210"><ele>1341.0</ele></trkpt>
      <trkpt lat="44.929470" lon="3.768870"><ele>1342.0</ele></trkpt>
      <trkpt lat="44.929420" lon="3.767900"><ele>1339.0</ele></trkpt>
      <trkpt lat="44.929420" lon="3.767590"><ele>1338.0</ele></trkpt>
      <trkpt lat="44.929490" lon="3.767080"><ele>1333.0</ele></trkpt>
      <trkpt lat="44.929810" lon="3.766250"><ele>1323.0</ele></trkpt>
      <trkpt lat="44.930410" lon="3.765700"><ele>1315.0</ele></trkpt>
      <trkpt lat="44.930410" lon="3.765700"><ele>1315.0</ele></trkpt>
      <trkpt lat="44.930790" lon="3.765720"><ele>1314.0</ele></trkpt>
      <trkpt lat="44.931580" lon="3.765570"><ele>1309.0</ele></trkpt>
      <trkpt lat="44.931390" lon="3.764840"><ele>1311.0</ele></trkpt>
      <trkpt lat="44.931390" lon="3.764840"><ele>1311.0</ele></trkpt>
      <trkpt lat="44.931180" lon="3.763380"><ele>1318.0</ele></trkpt>
      <trkpt lat="44.931180" lon="3.763380"><ele>1318.0</ele></trkpt>
      <trkpt lat="44.931040" lon="3.762930"><ele>1317.0</ele></trkpt>
      <trkpt lat="44.930750" lon="3.761700"><ele>1308.0</ele></trkpt>
      <trkpt lat="44.930750" lon="3.761700"><ele>1308.0</ele></trkpt>
      <trkpt lat="44.930520" lon="3.760430"><ele>1298.0</ele></trkpt>
      <trkpt lat="44.930520" lon="3.760430"><ele>1298.0</ele></trkpt>
      <trkpt lat="44.929960" lon="3.760500"><ele>1298.0</ele></trkpt>
      <trkpt lat="44.929250" lon="3.760760"><ele>1299.0</ele></trkpt>
      <trkpt lat="44.929250" lon="3.760760"><ele>1299.0</ele></trkpt>
      <trkpt lat="44.928900" lon="3.760800"><ele>1299.0</ele></trkpt>
      <trkpt lat="44.928270" lon="3.759940"><ele>1296.0</ele></trkpt>
      <trkpt lat="44.928270" lon="3.759940"><ele>1296.0</ele></trkpt>
      <trkpt lat="44.927830" lon="3.758440"><ele>1296.0</ele></trkpt>
      <trkpt lat="44.927830" lon="3.758440"><ele>1296.0</ele></trkpt>
      <trkpt lat="44.927830" lon="3.758440"><ele>1296.0</ele></trkpt>
      <trkpt lat="44.927170" lon="3.755930"><ele>1308.0</ele></trkpt>
      <trkpt lat="44.927170" lon="3.755930"><ele>1308.0</ele></trkpt>
      <trkpt lat="44.927170" lon="3.755930"><ele>1308.0</ele></trkpt>
      <trkpt lat="44.927170" lon="3.755930"><ele>1308.0</ele></trkpt>
      <trkpt lat="44.926980" lon="3.755490"><ele>1311.0</ele></trkpt>
      <trkpt lat="44.926840" lon="3.754750"><ele>1316.0</ele></trkpt>
      <trkpt lat="44.926640" lon="3.754350"><ele>1320.0</ele></trkpt>
      <trkpt lat="44.926410" lon="3.753600"><ele>1321.0</ele></trkpt>
      <trkpt lat="44.926150" lon="3.752910"><ele>1318.0</ele></trkpt>
      <trkpt lat="44.925960" lon="3.752290"><ele>1312.0</ele></trkpt>
      <trkpt lat="44.925520" lon="3.751150"><ele>1298.0</ele></trkpt>
      <trkpt lat="44.925520" lon="3.751150"><ele>1298.0</ele></trkpt>
      <trkpt lat="44.925200" lon="3.750030"><ele>1286.0</ele></trkpt>
      <trkpt lat="44.925200" lon="3.750030"><ele>1286.0</ele></trkpt>
      <trkpt lat="44.924940" lon="3.749480"><ele>1277.0</ele></trkpt>
      <trkpt lat="44.924570" lon="3.749040"><ele>1266.0</ele></trkpt>
      <trkpt lat="44.924230" lon="3.748690"><ele>1258.0</ele></trkpt>
      <trkpt lat="44.924010" lon="3.748240"><ele>1250.0</ele></trkpt>
      <trkpt lat="44.923970" lon="3.747570"><ele>1241.0</ele></trkpt>
      <trkpt lat="44.923970" lon="3.746880"><ele>1234.0</ele></trkpt>
      <trkpt lat="44.924180" lon="3.745710"><ele>1227.0</ele></trkpt>
      <trkpt lat="44.924180" lon="3.745710"><ele>1227.0</ele></trkpt>
      <trkpt lat="44.923990" lon="3.745120"><ele>1218.0</ele></trkpt>
      <trkpt lat="44.923660" lon="3.744800"><ele>1209.0</ele></trkpt>
      <trkpt lat="44.923680" lon="3.744520"><ele>1208.0</ele></trkpt>
      <trkpt lat="44.923270" lon="3.744080"><ele>1200.0</ele></trkpt>
      <trkpt lat="44.922900" lon="3.743940"><ele>1193.0</ele></trkpt>
      <trkpt lat="44.922650" lon="3.743570"><ele>1187.0</ele></trkpt>
      <trkpt lat="44.922110" lon="3.742840"><ele>1178.0</ele></trkpt>
      <trkpt lat="44.921750" lon="3.742470"><ele>1172.0</ele></trkpt>
      <trkpt lat="44.921510" lon="3.742050"><ele>1167.0</ele></trkpt>
      <trkpt lat="44.921700" lon="3.741310"><ele>1165.0</ele></trkpt>
      <trkpt lat="44.921700" lon="3.741310"><ele>1165.0</ele></trkpt>
      <trkpt lat="44.921700" lon="3.740780"><ele>1163.0</ele></trkpt>
      <trkpt lat="44.921790" lon="3.740140"><ele>1162.0</ele></trkpt>
      <trkpt lat="44.922000" lon="3.739530"><ele>1161.0</ele></trkpt>
      <trkpt lat="44.922700" lon="3.737970"><ele>1156.0</ele></trkpt>
      <trkpt lat="44.922700" lon="3.737970"><ele>1156.0</ele></trkpt>
      <trkpt lat="44.922700" lon="3.737970"><ele>1156.0</ele></trkpt>
      <trkpt lat="44.922550" lon="3.737160"><ele>1153.0</ele></trkpt>
      <trkpt lat="44.922380" lon="3.736860"><ele>1150.0</ele></trkpt>
      <trkpt lat="44.922420" lon="3.736190"><ele>1148.0</ele></trkpt>
      <trkpt lat="44.922900" lon="3.735590"><ele>1148.0</ele></trkpt>
      <trkpt lat="44.923080" lon="3.735470"><ele>1149.0</ele></trkpt>
      <trkpt lat="44.923600" lon="3.735210"><ele>1149.0</ele></trkpt>
      <trkpt lat="44.924130" lon="3.734890"><ele>1148.0</ele></trkpt>
      <trkpt lat="44.924530" lon="3.734190"><ele>1146.0</ele></trkpt>
      <trkpt lat="44.924530" lon="3.734190"><ele>1146.0</ele></trkpt>
      <trkpt lat="44.925040" lon="3.733590"><ele>1149.0</ele></trkpt>
      <trkpt lat="44.925300" lon="3.733730"><ele>1150.0</ele></trkpt>
      <trkpt lat="44.926020" lon="3.733620"><ele>1152.0</ele></trkpt>
      <trkpt lat="44.926330" lon="3.733480"><ele>1153.0</ele></trkpt>
      <trkpt lat="44.926730" lon="3.733460"><ele>1154.0</ele></trkpt>
      <trkpt lat="44.927140" lon="3.733590"><ele>1156.0</ele></trkpt>
      <trkpt lat="44.927480" lon="3.733870"><ele>1158.0</ele></trkpt>
      <trkpt lat="44.928510" lon="3.734220"><ele>1165.0</ele></trkpt>
      <trkpt lat="44.928510" lon="3.734220"><ele>1165.0</ele></trkpt>
      <trkpt lat="44.928770" lon="3.734580"><ele>1167.0</ele></trkpt>
      <trkpt lat="44.929110" lon="3.734610"><ele>1169.0</ele></trkpt>
      <trkpt lat="44.929500" lon="3.734910"><ele>1172.0</ele></trkpt>
      <trkpt lat="44.930040" lon="3.735660"><ele>1175.0</ele></trkpt>
      <trkpt lat="44.930430" lon="3.736650"><ele>1179.0</ele></trkpt>
      <trkpt lat="44.930430" lon="3.736650"><ele>1179.0</ele></trkpt>
      <trkpt lat="44.930660" lon="3.737070"><ele>1182.0</ele></trkpt>
      <trkpt lat="44.930880" lon="3.737550"><ele>1185.0</ele></trkpt>
      <trkpt lat="44.931190" lon="3.738080"><ele>1185.0</ele></trkpt>
      <trkpt lat="44.931540" lon="3.738380"><ele>1187.0</ele></trkpt>
      <trkpt lat="44.933960" lon="3.740060"><ele>1203.0</ele></trkpt>
      <trkpt lat="44.933960" lon="3.740060"><ele>1203.0</ele></trkpt>
      <trkpt lat="44.933960" lon="3.740060"><ele>1203.0</ele></trkpt>
      <trkpt lat="44.933960" lon="3.740060"><ele>1203.0</ele></trkpt>
      <trkpt lat="44.933960" lon="3.740060"><ele>1203.0</ele></trkpt>
      <trkpt lat="44.933960" lon="3.740060"><ele>1203.0</ele></trkpt>
      <trkpt lat="44.934470" lon="3.740220"><ele>1205.0</ele></trkpt>
      <trkpt lat="44.935590" lon="3.740910"><ele>1209.0</ele></trkpt>
      <trkpt lat="44.935590" lon="3.740910"><ele>1209.0</ele></trkpt>
      <trkpt lat="44.935590" lon="3.740910"><ele>1209.0</ele></trkpt>
      <trkpt lat="44.936320" lon="3.742610"><ele>1215.0</ele></trkpt>
      <trkpt lat="44.936320" lon="3.742610"><ele>1215.0</ele></trkpt>
      <trkpt lat="44.936320" lon="3.742610"><ele>1215.0</ele></trkpt>
      <trkpt lat="44.936610" lon="3.743120"><ele>1217.0</ele></trkpt>
      <trkpt lat="44.936920" lon="3.743760"><ele>1218.0</ele></trkpt>
      <trkpt lat="44.937120" lon="3.744560"><ele>1220.0</ele></trkpt>
      <trkpt lat="44.937360" lon="3.745190"><ele>1224.0</ele></trkpt>
      <trkpt lat="44.937360" lon="3.745190"><ele>1224.0</ele></trkpt>
      <trkpt lat="44.937670" lon="3.746290"><ele>1228.0</ele></trkpt>
      <trkpt lat="44.937620" lon="3.746860"><ele>1230.0</ele></trkpt>
      <trkpt lat="44.936970" lon="3.749210"><ele>1238.0</ele></trkpt>
      <trkpt lat="44.936970" lon="3.749210"><ele>1238.0</ele></trkpt>
      <trkpt lat="44.936970" lon="3.749210"><ele>1238.0</ele></trkpt>
      <trkpt lat="44.936970" lon="3.749210"><ele>1238.0</ele></trkpt>
      <trkpt lat="44.937040" lon="3.749760"><ele>1240.0</ele></trkpt>
      <trkpt lat="44.937250" lon="3.750660"><ele>1244.0</ele></trkpt>
      <trkpt lat="44.937250" lon="3.750660"><ele>1244.0</ele></trkpt>
      <trkpt lat="44.937580" lon="3.752450"><ele>1251.0</ele></trkpt>
      <trkpt lat="44.937580" lon="3.752450"><ele>1251.0</ele></trkpt>
      <trkpt lat="44.937580" lon="3.752450"><ele>1251.0</ele></trkpt>
      <trkpt lat="44.937740" lon="3.753760"><ele>1260.0</ele></trkpt>
      <trkpt lat="44.937740" lon="3.753760"><ele>1260.0</ele></trkpt>
      <trkpt lat="44.937920" lon="3.754710"><ele>1266.0</ele></trkpt>
      <trkpt lat="44.938060" lon="3.755720"><ele>1274.0</ele></trkpt>
      <trkpt lat="44.938060" lon="3.755720"><ele>1274.0</ele></trkpt>
      <trkpt lat="44.938260" lon="3.756270"><ele>1279.0</ele></trkpt>
      <trkpt lat="44.938390" lon="3.757240"><ele>1290.0</ele></trkpt>
      <trkpt lat="44.938560" lon="3.757600"><ele>1294.0</ele></trkpt>
      <trkpt lat="44.939110" lon="3.757460"><ele>1292.0</ele></trkpt>
      <trkpt lat="44.939300" lon="3.757390"><ele>1291.0</ele></trkpt>
      <trkpt lat="44.939690" lon="3.757900"><ele>1296.0</ele></trkpt>
      <trkpt lat="44.939690" lon="3.758490"><ele>1302.0</ele></trkpt>
      <trkpt lat="44.939600" lon="3.759170"><ele>1309.0</ele></trkpt>
      <trkpt lat="44.939690" lon="3.760030"><ele>1325.0</ele></trkpt>
      <trkpt lat="44.939690" lon="3.760030"><ele>1325.0</ele></trkpt>
      <trkpt lat="44.939720" lon="3.760710"><ele>1336.0</ele></trkpt>
      <trkpt lat="44.939690" lon="3.761490"><ele>1346.0</ele></trkpt>
      <trkpt lat="44.939660" lon="3.762010"><ele>1355.0</ele></trkpt>
      <trkpt lat="44.939640" lon="3.762970"><ele>1378.0</ele></trkpt>
      <trkpt lat="44.939570" lon="3.763440"><ele>1391.0</ele></trkpt>
      <trkpt lat="44.939530" lon="3.764000"><ele>1408.0</ele></trkpt>
      <trkpt lat="44.939310" lon="3.764230"><ele>1414.0</ele></trkpt>
      <trkpt lat="44.939890" lon="3.764810"><ele>1428.0</ele></trkpt>
      <trkpt lat="44.940130" lon="3.764830"><ele>1426.0</ele></trkpt>
      <trkpt lat="44.940490" lon="3.765180"><ele>1421.0</ele></trkpt>
      <trkpt lat="44.940890" lon="3.765360"><ele>1413.0</ele></trkpt>
      <trkpt lat="44.941250" lon="3.764930"><ele>1406.0</ele></trkpt>
      <trkpt lat="44.942700" lon="3.765010"><ele>1383.0</ele></trkpt>
      <trkpt lat="44.942700" lon="3.765010"><ele>1383.0</ele></trkpt>
      <trkpt lat="44.942700" lon="3.765010"><ele>1383.0</ele></trkpt>
      <trkpt lat="44.942910" lon="3.765310"><ele>1382.0</ele></trkpt>
      <trkpt lat="44.943960" lon="3.764650"><ele>1366.0</ele></trkpt>
      <trkpt lat="44.943960" lon="3.764650"><ele>1366.0</ele></trkpt>
      <trkpt lat="44.944190" lon="3.764420"><ele>1363.0</ele></trkpt>
      <trkpt lat="44.944850" lon="3.764420"><ele>1366.0</ele></trkpt>
      <trkpt lat="44.945660" lon="3.763900"><ele>1366.0</ele></trkpt>
      <trkpt lat="44.945660" lon="3.763900"><ele>1366.0</ele></trkpt>
      <trkpt lat="44.946080" lon="3.763970"><ele>1368.0</ele></trkpt>
      <trkpt lat="44.947530" lon="3.763320"><ele>1360.0</ele></trkpt>
      <trkpt lat="44.947530" lon="3.763320"><ele>1360.0</ele></trkpt>
      <trkpt lat="44.947530" lon="3.763320"><ele>1360.0</ele></trkpt>
      <trkpt lat="44.947530" lon="3.763320"><ele>1360.0</ele></trkpt>
      <trkpt lat="44.948260" lon="3.762230"><ele>1352.0</ele></trkpt>
      <trkpt lat="44.948260" lon="3.762230"><ele>1352.0</ele></trkpt>
      <trkpt lat="44.948690" lon="3.761990"><ele>1349.0</ele></trkpt>
      <trkpt lat="44.950050" lon="3.760580"><ele>1347.0</ele></trkpt>
      <trkpt lat="44.950050" lon="3.760580"><ele>1347.0</ele></trkpt>
      <trkpt lat="44.950050" lon="3.760580"><ele>1347.0</ele></trkpt>
      <trkpt lat="44.950050" lon="3.760580"><ele>1347.0</ele></trkpt>
      <trkpt lat="44.951130" lon="3.759630"><ele>1350.0</ele></trkpt>
      <trkpt lat="44.951130" lon="3.759630"><ele>1350.0</ele></trkpt>
      <trkpt lat="44.951130" lon="3.759630"><ele>1350.0</ele></trkpt>
      <trkpt lat="44.951760" lon="3.759290"><ele>1349.0</ele></trkpt>
      <trkpt lat="44.952140" lon="3.758490"><ele>1340.0</ele></trkpt>
      <trkpt lat="44.952140" lon="3.758490"><ele>1340.0</ele></trkpt>
      <trkpt lat="44.952480" lon="3.758220"><ele>1337.0</ele></trkpt>
      <trkpt lat="44.953190" lon="3.757710"><ele>1329.0</ele></trkpt>
      <trkpt lat="44.953190" lon="3.757710"><ele>1329.0</ele></trkpt>
      <trkpt lat="44.953350" lon="3.758570"><ele>1333.0</ele></trkpt>
      <trkpt lat="44.954140" lon="3.757550"><ele>1322.0</ele></trkpt>
      <trkpt lat="44.954140" lon="3.757550"><ele>1322.0</ele></trkpt>
      <trkpt lat="44.954290" lon="3.757440"><ele>1321.0</ele></trkpt>
      <trkpt lat="44.955050" lon="3.757410"><ele>1317.0</ele></trkpt>
      <trkpt lat="44.955450" lon="3.757180"><ele>1316.0</ele></trkpt>
      <trkpt lat="44.955850" lon="3.757100"><ele>1317.0</ele></trkpt>
      <trkpt lat="44.956110" lon="3.756940"><ele>1318.0</ele></trkpt>
      <trkpt lat="44.956490" lon="3.756590"><ele>1324.0</ele></trkpt>
      <trkpt lat="44.956480" lon="3.756070"><ele>1326.0</ele></trkpt>
      <trkpt lat="44.957050" lon="3.755810"><ele>1325.0</ele></trkpt>
      <trkpt lat="44.957700" lon="3.755480"><ele>1319.0</ele></trkpt>
      <trkpt lat="44.957700" lon="3.755480"><ele>1319.0</ele></trkpt>
      <trkpt lat="44.958090" lon="3.755300"><ele>1317.0</ele></trkpt>
      <trkpt lat="44.958670" lon="3.755100"><ele>1314.0</ele></trkpt>
      <trkpt lat="44.958950" lon="3.754860"><ele>1314.0</ele></trkpt>
      <trkpt lat="44.959430" lon="3.754780"><ele>1310.0</ele></trkpt>
      <trkpt lat="44.959900" lon="3.754610"><ele>1304.0</ele></trkpt>
      <trkpt lat="44.960060" lon="3.754430"><ele>1303.0</ele></trkpt>
      <trkpt lat="44.960340" lon="3.754040"><ele>1301.0</ele></trkpt>
      <trkpt lat="44.960780" lon="3.753740"><ele>1295.0</ele></trkpt>
      <trkpt lat="44.961200" lon="3.753420"><ele>1296.0</ele></trkpt>
      <trkpt lat="44.961630" lon="3.753210"><ele>1298.0</ele></trkpt>
      <trkpt lat="44.961900" lon="3.753380"><ele>1299.0</ele></trkpt>
      <trkpt lat="44.962420" lon="3.753270"><ele>1303.0</ele></trkpt>
      <trkpt lat="44.963030" lon="3.753440"><ele>1301.0</ele></trkpt>
      <trkpt lat="44.963250" lon="3.753490"><ele>1300.0</ele></trkpt>
      <trkpt lat="44.963730" lon="3.753620"><ele>1296.0</ele></trkpt>
      <trkpt lat="44.964000" lon="3.753920"><ele>1289.0</ele></trkpt>
      <trkpt lat="44.964920" lon="3.754720"><ele>1261.0</ele></trkpt>
      <trkpt lat="44.964920" lon="3.754720"><ele>1261.0</ele></trkpt>
      <trkpt lat="44.965150" lon="3.754950"><ele>1253.0</ele></trkpt>
      <trkpt lat="44.965500" lon="3.755230"><ele>1242.0</ele></trkpt>
      <trkpt lat="44.966000" lon="3.755740"><ele>1228.0</ele></trkpt>
      <trkpt lat="44.966230" lon="3.755980"><ele>1222.0</ele></trkpt>
      <trkpt lat="44.966580" lon="3.756310"><ele>1215.0</ele></trkpt>
      <trkpt lat="44.967010" lon="3.756620"><ele>1210.0</ele></trkpt>
      <trkpt lat="44.967300" lon="3.757230"><ele>1207.0</ele></trkpt>
      <trkpt lat="44.967800" lon="3.758170"><ele>1202.0</ele></trkpt>
      <trkpt lat="44.967800" lon="3.758170"><ele>1202.0</ele></trkpt>
      <trkpt lat="44.968810" lon="3.758000"><ele>1200.0</ele></trkpt>
      <trkpt lat="44.968810" lon="3.758000"><ele>1200.0</ele></trkpt>
      <trkpt lat="44.969080" lon="3.757840"><ele>1200.0</ele></trkpt>
      <trkpt lat="44.969730" lon="3.757730"><ele>1196.0</ele></trkpt>
      <trkpt lat="44.970200" lon="3.757640"><ele>1193.0</ele></trkpt>
      <trkpt lat="44.970500" lon="3.757520"><ele>1191.0</ele></trkpt>
      <trkpt lat="44.970950" lon="3.757450"><ele>1187.0</ele></trkpt>
      <trkpt lat="44.971290" lon="3.757060"><ele>1181.0</ele></trkpt>
      <trkpt lat="44.971510" lon="3.756920"><ele>1178.0</ele></trkpt>
      <trkpt lat="44.971890" lon="3.757490"><ele>1171.0</ele></trkpt>
      <trkpt lat="44.972080" lon="3.757910"><ele>1160.0</ele></trkpt>
      <trkpt lat="44.971920" lon="3.758570"><ele>1157.0</ele></trkpt>
      <trkpt lat="44.972160" lon="3.759330"><ele>1144.0</ele></trkpt>
      <trkpt lat="44.972400" lon="3.759700"><ele>1137.0</ele></trkpt>
      <trkpt lat="44.972750" lon="3.760010"><ele>1129.0</ele></trkpt>
      <trkpt lat="44.973150" lon="3.760490"><ele>1117.0</ele></trkpt>
      <trkpt lat="44.973430" lon="3.760520"><ele>1112.0</ele></trkpt>
      <trkpt lat="44.973860" lon="3.761090"><ele>1105.0</ele></trkpt>
      <trkpt lat="44.974120" lon="3.761540"><ele>1104.0</ele></trkpt>
      <trkpt lat="44.974450" lon="3.761940"><ele>1102.0</ele></trkpt>
      <trkpt lat="44.974900" lon="3.762710"><ele>1102.0</ele></trkpt>
      <trkpt lat="44.975070" lon="3.762930"><ele>1102.0</ele></trkpt>
      <trkpt lat="44.975140" lon="3.763480"><ele>1101.0</ele></trkpt>
      <trkpt lat="44.975210" lon="3.764130"><ele>1098.0</ele></trkpt>
      <trkpt lat="44.975580" lon="3.764390"><ele>1093.0</ele></trkpt>
      <trkpt lat="44.976050" lon="3.764940"><ele>1082.0</ele></trkpt>
      <trkpt lat="44.976210" lon="3.765060"><ele>1077.0</ele></trkpt>
      <trkpt lat="44.976880" lon="3.765150"><ele>1065.0</ele></trkpt>
      <trkpt lat="44.977280" lon="3.765550"><ele>1059.0</ele></trkpt>
      <trkpt lat="44.977480" lon="3.765700"><ele>1055.0</ele></trkpt>
      <trkpt lat="44.978220" lon="3.766540"><ele>1044.0</ele></trkpt>
      <trkpt lat="44.978220" lon="3.766540"><ele>1044.0</ele></trkpt>
      <trkpt lat="44.978720" lon="3.767010"><ele>1037.0</ele></trkpt>
      <trkpt lat="44.979030" lon="3.767260"><ele>1033.0</ele></trkpt>
      <trkpt lat="44.979330" lon="3.767750"><ele>1029.0</ele></trkpt>
      <trkpt lat="44.980800" lon="3.769810"><ele>1020.0</ele></trkpt>
      <trkpt lat="44.980800" lon="3.769810"><ele>1020.0</ele></trkpt>
      <trkpt lat="44.980800" lon="3.769810"><ele>1020.0</ele></trkpt>
      <trkpt lat="44.980800" lon="3.769810"><ele>1020.0</ele></trkpt>
      <trkpt lat="44.980800" lon="3.769810"><ele>1020.0</ele></trkpt>
      <trkpt lat="44.981260" lon="3.770550"><ele>1017.0</ele></trkpt>
      <trkpt lat="44.981580" lon="3.771080"><ele>1015.0</ele></trkpt>
      <trkpt lat="44.981710" lon="3.771250"><ele>1015.0</ele></trkpt>
      <trkpt lat="44.981700" lon="3.772220"><ele>1011.0</ele></trkpt>
      <trkpt lat="44.981770" lon="3.772660"><ele>1010.0</ele></trkpt>
      <trkpt lat="44.981790" lon="3.773200"><ele>1009.0</ele></trkpt>
      <trkpt lat="44.981760" lon="3.774050"><ele>1009.0</ele></trkpt>
      <trkpt lat="44.981920" lon="3.774730"><ele>1009.0</ele></trkpt>
      <trkpt lat="44.981940" lon="3.775160"><ele>1008.0</ele></trkpt>
      <trkpt lat="44.982140" lon="3.775580"><ele>1007.0</ele></trkpt>
      <trkpt lat="44.982160" lon="3.776580"><ele>1004.0</ele></trkpt>
      <trkpt lat="44.982330" lon="3.777200"><ele>1003.0</ele></trkpt>
      <trkpt lat="44.982440" lon="3.777850"><ele>1002.0</ele></trkpt>
      <trkpt lat="44.982430" lon="3.778300"><ele>1000.0</ele></trkpt>
      <trkpt lat="44.982620" lon="3.779210"><ele>999.0</ele></trkpt>
      <trkpt lat="44.982620" lon="3.779210"><ele>999.0</ele></trkpt>
      <trkpt lat="44.982870" lon="3.780370"><ele>996.0</ele></trkpt>
      <trkpt lat="44.983030" lon="3.780800"><ele>995.0</ele></trkpt>
      <trkpt lat="44.983410" lon="3.782430"><ele>991.0</ele></trkpt>
      <trkpt lat="44.983410" lon="3.782430"><ele>991.0</ele></trkpt>
      <trkpt lat="44.983410" lon="3.782430"><ele>991.0</ele></trkpt>
      <trkpt lat="44.983460" lon="3.782910"><ele>990.0</ele></trkpt>
      <trkpt lat="44.983860" lon="3.783870"><ele>989.0</ele></trkpt>
      <trkpt lat="44.984130" lon="3.784310"><ele>988.0</ele></trkpt>
      <trkpt lat="44.984350" lon="3.784610"><ele>988.0</ele></trkpt>
      <trkpt lat="44.984620" lon="3.785240"><ele>987.0</ele></trkpt>
      <trkpt lat="44.984760" lon="3.785720"><ele>985.0</ele></trkpt>
      <trkpt lat="44.985140" lon="3.786120"><ele>984.0</ele></trkpt>
      <trkpt lat="44.985290" lon="3.786380"><ele>983.0</ele></trkpt>
      <trkpt lat="44.985440" lon="3.786930"><ele>982.0</ele></trkpt>
      <trkpt lat="44.985470" lon="3.788290"><ele>979.0</ele></trkpt>
      <trkpt lat="44.985470" lon="3.788290"><ele>979.0</ele></trkpt>
      <trkpt lat="44.985420" lon="3.788710"><ele>977.0</ele></trkpt>
      <trkpt lat="44.985570" lon="3.789250"><ele>975.0</ele></trkpt>
      <trkpt lat="44.985710" lon="3.790080"><ele>972.0</ele></trkpt>
      <trkpt lat="44.985750" lon="3.790450"><ele>970.0</ele></trkpt>
      <trkpt lat="44.986370" lon="3.791870"><ele>966.0</ele></trkpt>
      <trkpt lat="44.986370" lon="3.791870"><ele>966.0</ele></trkpt>
      <trkpt lat="44.986590" lon="3.792150"><ele>966.0</ele></trkpt>
      <trkpt lat="44.987280" lon="3.792920"><ele>961.0</ele></trkpt>
      <trkpt lat="44.987280" lon="3.792920"><ele>961.0</ele></trkpt>
      <trkpt lat="44.987790" lon="3.793040"><ele>961.0</ele></trkpt>
      <trkpt lat="44.988060" lon="3.793050"><ele>962.0</ele></trkpt>
      <trkpt lat="44.988440" lon="3.793730"><ele>959.0</ele></trkpt>
      <trkpt lat="44.988720" lon="3.794370"><ele>957.0</ele></trkpt>
      <trkpt lat="44.988980" lon="3.795120"><ele>955.0</ele></trkpt>
      <trkpt lat="44.988980" lon="3.795120"><ele>955.0</ele></trkpt>
      <trkpt lat="44.989170" lon="3.795710"><ele>953.0</ele></trkpt>
      <trkpt lat="44.989400" lon="3.796530"><ele>951.0</ele></trkpt>
      <trkpt lat="44.989650" lon="3.796900"><ele>951.0</ele></trkpt>
      <trkpt lat="44.989890" lon="3.797700"><ele>950.0</ele></trkpt>
      <trkpt lat="44.990000" lon="3.798100"><ele>950.0</ele></trkpt>
      <trkpt lat="44.990270" lon="3.800150"><ele>946.0</ele></trkpt>
      <trkpt lat="44.990270" lon="3.800150"><ele>946.0</ele></trkpt>
      <trkpt lat="44.990270" lon="3.800150"><ele>946.0</ele></trkpt>
      <trkpt lat="44.990330" lon="3.800400"><ele>945.0</ele></trkpt>
      <trkpt lat="44.990720" lon="3.800870"><ele>944.0</ele></trkpt>
      <trkpt lat="44.991070" lon="3.800700"><ele>943.0</ele></trkpt>
      <trkpt lat="44.991710" lon="3.800770"><ele>939.0</ele></trkpt>
      <trkpt lat="44.992040" lon="3.800630"><ele>937.0</ele></trkpt>
      <trkpt lat="44.992310" lon="3.800040"><ele>935.0</ele></trkpt>
      <trkpt lat="44.993160" lon="3.801090"><ele>931.0</ele></trkpt>
      <trkpt lat="44.993160" lon="3.801090"><ele>931.0</ele></trkpt>
      <trkpt lat="44.993390" lon="3.801320"><ele>931.0</ele></trkpt>
      <trkpt lat="44.993840" lon="3.801660"><ele>930.0</ele></trkpt>
      <trkpt lat="44.993690" lon="3.802180"><ele>930.0</ele></trkpt>
      <trkpt lat="44.993710" lon="3.802570"><ele>930.0</ele></trkpt>
      <trkpt lat="44.993610" lon="3.804060"><ele>930.0</ele></trkpt>
      <trkpt lat="44.993610" lon="3.804060"><ele>930.0</ele></trkpt>
      <trkpt lat="44.993710" lon="3.806160"><ele>928.0</ele></trkpt>
      <trkpt lat="44.993710" lon="3.806160"><ele>928.0</ele></trkpt>
      <trkpt lat="44.993710" lon="3.806160"><ele>928.0</ele></trkpt>
      <trkpt lat="44.993680" lon="3.806400"><ele>928.0</ele></trkpt>
      <trkpt lat="44.993550" lon="3.806810"><ele>928.0</ele></trkpt>
      <trkpt lat="44.992990" lon="3.806870"><ele>929.0</ele></trkpt>
      <trkpt lat="44.993090" lon="3.808350"><ele>928.0</ele></trkpt>
      <trkpt lat="44.993090" lon="3.808350"><ele>928.0</ele></trkpt>
      <trkpt lat="44.993430" lon="3.809280"><ele>927.0</ele></trkpt>
      <trkpt lat="44.993430" lon="3.809280"><ele>927.0</ele></trkpt>
      <trkpt lat="44.993790" lon="3.810900"><ele>928.0</ele></trkpt>
      <trkpt lat="44.993790" lon="3.810900"><ele>928.0</ele></trkpt>
      <trkpt lat="44.994060" lon="3.811630"><ele>928.0</ele></trkpt>
      <trkpt lat="44.994060" lon="3.811630"><ele>928.0</ele></trkpt>
      <trkpt lat="44.994340" lon="3.812090"><ele>926.0</ele></trkpt>
      <trkpt lat="44.995120" lon="3.812770"><ele>922.0</ele></trkpt>
      <trkpt lat="44.995120" lon="3.812770"><ele>922.0</ele></trkpt>
      <trkpt lat="44.995270" lon="3.813330"><ele>917.0</ele></trkpt>
      <trkpt lat="44.995530" lon="3.813910"><ele>914.0</ele></trkpt>
      <trkpt lat="44.995750" lon="3.814270"><ele>912.0</ele></trkpt>
      <trkpt lat="44.995920" lon="3.815440"><ele>906.0</ele></trkpt>
      <trkpt lat="44.996240" lon="3.816210"><ele>903.0</ele></trkpt>
      <trkpt lat="44.996240" lon="3.816210"><ele>903.0</ele></trkpt>
      <trkpt lat="44.996740" lon="3.816760"><ele>903.0</ele></trkpt>
      <trkpt lat="44.996950" lon="3.816840"><ele>903.0</ele></trkpt>
      <trkpt lat="44.997100" lon="3.817730"><ele>904.0</ele></trkpt>
      <trkpt lat="44.997010" lon="3.817890"><ele>905.0</ele></trkpt>
      <trkpt lat="44.996490" lon="3.818250"><ele>909.0</ele></trkpt>
      <trkpt lat="44.996350" lon="3.818740"><ele>911.0</ele></trkpt>
      <trkpt lat="44.996360" lon="3.819270"><ele>913.0</ele></trkpt>
      <trkpt lat="44.997300" lon="3.820020"><ele>914.0</ele></trkpt>
      <trkpt lat="44.997300" lon="3.820020"><ele>914.0</ele></trkpt>
      <trkpt lat="44.997680" lon="3.819990"><ele>913.0</ele></trkpt>
      <trkpt lat="44.997780" lon="3.820650"><ele>912.0</ele></trkpt>
      <trkpt lat="44.997530" lon="3.821010"><ele>913.0</ele></trkpt>
      <trkpt lat="44.997830" lon="3.821120"><ele>912.0</ele></trkpt>
      <trkpt lat="44.997950" lon="3.820460"><ele>912.0</ele></trkpt>
      <trkpt lat="44.998350" lon="3.820300"><ele>910.0</ele></trkpt>
      <trkpt lat="44.999070" lon="3.820330"><ele>909.0</ele></trkpt>
      <trkpt lat="44.999670" lon="3.820240"><ele>907.0</ele></trkpt>
      <trkpt lat="44.999670" lon="3.820240"><ele>907.0</ele></trkpt>
      <trkpt lat="45.000240" lon="3.820030"><ele>905.0</ele></trkpt>
      <trkpt lat="45.000540" lon="3.819810"><ele>902.0</ele></trkpt>
      <trkpt lat="45.001090" lon="3.820050"><ele>901.0</ele></trkpt>
      <trkpt lat="45.002310" lon="3.820340"><ele>892.0</ele></trkpt>
      <trkpt lat="45.002310" lon="3.820340"><ele>892.0</ele></trkpt>
      <trkpt lat="45.002310" lon="3.820340"><ele>892.0</ele></trkpt>
      <trkpt lat="45.002980" lon="3.820680"><ele>889.0</ele></trkpt>
      <trkpt lat="45.003510" lon="3.821190"><ele>887.0</ele></trkpt>
      <trkpt lat="45.003510" lon="3.821190"><ele>887.0</ele></trkpt>
      <trkpt lat="45.003930" lon="3.821550"><ele>883.0</ele></trkpt>
      <trkpt lat="45.004270" lon="3.821560"><ele>881.0</ele></trkpt>
      <trkpt lat="45.004590" lon="3.822000"><ele>882.0</ele></trkpt>
      <trkpt lat="45.005230" lon="3.822890"><ele>883.0</ele></trkpt>
      <trkpt lat="45.005230" lon="3.822890"><ele>883.0</ele></trkpt>
      <trkpt lat="45.005600" lon="3.823440"><ele>886.0</ele></trkpt>
      <trkpt lat="45.006910" lon="3.824080"><ele>889.0</ele></trkpt>
      <trkpt lat="45.006910" lon="3.824080"><ele>889.0</ele></trkpt>
      <trkpt lat="45.006910" lon="3.824080"><ele>889.0</ele></trkpt>
      <trkpt lat="45.007370" lon="3.824360"><ele>882.0</ele></trkpt>
      <trkpt lat="45.008070" lon="3.824640"><ele>876.0</ele></trkpt>
      <trkpt lat="45.008070" lon="3.824640"><ele>876.0</ele></trkpt>
      <trkpt lat="45.008480" lon="3.824790"><ele>874.0</ele></trkpt>
      <trkpt lat="45.008930" lon="3.824980"><ele>874.0</ele></trkpt>
      <trkpt lat="45.009300" lon="3.825330"><ele>871.0</ele></trkpt>
      <trkpt lat="45.010030" lon="3.825580"><ele>872.0</ele></trkpt>
      <trkpt lat="45.010440" lon="3.825560"><ele>875.0</ele></trkpt>
      <trkpt lat="45.011000" lon="3.825630"><ele>878.0</ele></trkpt>
      <trkpt lat="45.011360" lon="3.825790"><ele>878.0</ele></trkpt>
      <trkpt lat="45.012090" lon="3.825970"><ele>880.0</ele></trkpt>
      <trkpt lat="45.012090" lon="3.825970"><ele>880.0</ele></trkpt>
      <trkpt lat="45.012320" lon="3.827120"><ele>873.0</ele></trkpt>
      <trkpt lat="45.012320" lon="3.827120"><ele>873.0</ele></trkpt>
      <trkpt lat="45.012870" lon="3.827580"><ele>874.0</ele></trkpt>
      <trkpt lat="45.012900" lon="3.828090"><ele>868.0</ele></trkpt>
      <trkpt lat="45.013170" lon="3.828420"><ele>871.0</ele></trkpt>
      <trkpt lat="45.013250" lon="3.829270"><ele>869.0</ele></trkpt>
      <trkpt lat="45.013230" lon="3.830570"><ele>868.0</ele></trkpt>
      <trkpt lat="45.013230" lon="3.830570"><ele>868.0</ele></trkpt>
      <trkpt lat="45.013700" lon="3.831530"><ele>866.0</ele></trkpt>
      <trkpt lat="45.013700" lon="3.831530"><ele>866.0</ele></trkpt>
      <trkpt lat="45.014330" lon="3.831780"><ele>868.0</ele></trkpt>
      <trkpt lat="45.014330" lon="3.831780"><ele>868.0</ele></trkpt>
      <trkpt lat="45.015130" lon="3.832380"><ele>868.0</ele></trkpt>
      <trkpt lat="45.015130" lon="3.832380"><ele>868.0</ele></trkpt>
      <trkpt lat="45.015540" lon="3.833690"><ele>864.0</ele></trkpt>
      <trkpt lat="45.015540" lon="3.833690"><ele>864.0</ele></trkpt>
      <trkpt lat="45.015220" lon="3.834930"><ele>855.0</ele></trkpt>
      <trkpt lat="45.015220" lon="3.834930"><ele>855.0</ele></trkpt>
      <trkpt lat="45.016130" lon="3.835850"><ele>861.0</ele></trkpt>
      <trkpt lat="45.016130" lon="3.835850"><ele>861.0</ele></trkpt>
      <trkpt lat="45.016390" lon="3.837430"><ele>855.0</ele></trkpt>
      <trkpt lat="45.016390" lon="3.837430"><ele>855.0</ele></trkpt>
      <trkpt lat="45.016390" lon="3.837430"><ele>855.0</ele></trkpt>
      <trkpt lat="45.016110" lon="3.837860"><ele>842.0</ele></trkpt>
      <trkpt lat="45.015730" lon="3.838380"><ele>829.0</ele></trkpt>
      <trkpt lat="45.015910" lon="3.838430"><ele>832.0</ele></trkpt>
      <trkpt lat="45.016430" lon="3.838610"><ele>833.0</ele></trkpt>
      <trkpt lat="45.016470" lon="3.838860"><ele>826.0</ele></trkpt>
      <trkpt lat="45.016770" lon="3.839120"><ele>820.0</ele></trkpt>
      <trkpt lat="45.016250" lon="3.839670"><ele>802.0</ele></trkpt>
      <trkpt lat="45.016250" lon="3.839670"><ele>802.0</ele></trkpt>
      <trkpt lat="45.015450" lon="3.839320"><ele>805.0</ele></trkpt>
      <trkpt lat="45.015450" lon="3.839320"><ele>805.0</ele></trkpt>
      <trkpt lat="45.014590" lon="3.839630"><ele>809.0</ele></trkpt>
      <trkpt lat="45.014590" lon="3.839630"><ele>809.0</ele></trkpt>
      <trkpt lat="45.014180" lon="3.839670"><ele>816.0</ele></trkpt>
      <trkpt lat="45.013690" lon="3.839660"><ele>818.0</ele></trkpt>
      <trkpt lat="45.012960" lon="3.839720"><ele>822.0</ele></trkpt>
      <trkpt lat="45.012840" lon="3.839820"><ele>824.0</ele></trkpt>
      <trkpt lat="45.012230" lon="3.839500"><ele>825.0</ele></trkpt>
      <trkpt lat="45.011980" lon="3.839500"><ele>828.0</ele></trkpt>
      <trkpt lat="45.011690" lon="3.840150"><ele>840.0</ele></trkpt>
      <trkpt lat="45.011290" lon="3.840110"><ele>847.0</ele></trkpt>
      <trkpt lat="45.010900" lon="3.840030"><ele>854.0</ele></trkpt>
      <trkpt lat="45.011000" lon="3.840540"><ele>862.0</ele></trkpt>
      <trkpt lat="45.011410" lon="3.841310"><ele>866.0</ele></trkpt>
      <trkpt lat="45.011460" lon="3.841680"><ele>871.0</ele></trkpt>
      <trkpt lat="45.011420" lon="3.842150"><ele>873.0</ele></trkpt>
      <trkpt lat="45.011630" lon="3.842600"><ele>873.0</ele></trkpt>
      <trkpt lat="45.011600" lon="3.843420"><ele>876.0</ele></trkpt>
      <trkpt lat="45.011230" lon="3.844880"><ele>884.0</ele></trkpt>
      <trkpt lat="45.011230" lon="3.844880"><ele>884.0</ele></trkpt>
      <trkpt lat="45.011110" lon="3.845040"><ele>886.0</ele></trkpt>
      <trkpt lat="45.011040" lon="3.845780"><ele>890.0</ele></trkpt>
      <trkpt lat="45.011100" lon="3.846290"><ele>890.0</ele></trkpt>
      <trkpt lat="45.010540" lon="3.847080"><ele>896.0</ele></trkpt>
      <trkpt lat="45.010540" lon="3.847080"><ele>896.0</ele></trkpt>
      <trkpt lat="45.010040" lon="3.847380"><ele>900.0</ele></trkpt>
      <trkpt lat="45.009410" lon="3.847140"><ele>905.0</ele></trkpt>
      <trkpt lat="45.009290" lon="3.847100"><ele>906.0</ele></trkpt>
      <trkpt lat="45.008840" lon="3.846710"><ele>907.0</ele></trkpt>
      <trkpt lat="45.008290" lon="3.846390"><ele>906.0</ele></trkpt>
      <trkpt lat="45.007910" lon="3.846170"><ele>906.0</ele></trkpt>
      <trkpt lat="45.007480" lon="3.846970"><ele>908.0</ele></trkpt>
      <trkpt lat="45.007480" lon="3.846970"><ele>908.0</ele></trkpt>
      <trkpt lat="45.006920" lon="3.847360"><ele>909.0</ele></trkpt>
      <trkpt lat="45.006690" lon="3.847530"><ele>909.0</ele></trkpt>
      <trkpt lat="45.006110" lon="3.848070"><ele>911.0</ele></trkpt>
      <trkpt lat="45.005860" lon="3.848200"><ele>911.0</ele></trkpt>
      <trkpt lat="45.005030" lon="3.848330"><ele>907.0</ele></trkpt>
      <trkpt lat="45.005030" lon="3.848330"><ele>907.0</ele></trkpt>
      <trkpt lat="45.004590" lon="3.848600"><ele>905.0</ele></trkpt>
      <trkpt lat="45.004040" lon="3.849010"><ele>903.0</ele></trkpt>
      <trkpt lat="45.003730" lon="3.849560"><ele>903.0</ele></trkpt>
      <trkpt lat="45.003580" lon="3.850020"><ele>902.0</ele></trkpt>
      <trkpt lat="45.003300" lon="3.850490"><ele>901.0</ele></trkpt>
      <trkpt lat="45.002540" lon="3.851250"><ele>896.0</ele></trkpt>
      <trkpt lat="45.002540" lon="3.851250"><ele>896.0</ele></trkpt>
      <trkpt lat="45.002280" lon="3.851590"><ele>893.0</ele></trkpt>
      <trkpt lat="45.002480" lon="3.851870"><ele>893.0</ele></trkpt>
      <trkpt lat="45.003220" lon="3.851890"><ele>898.0</ele></trkpt>
      <trkpt lat="45.003560" lon="3.851810"><ele>900.0</ele></trkpt>
      <trkpt lat="45.003810" lon="3.851970"><ele>902.0</ele></trkpt>
      <trkpt lat="45.004430" lon="3.851780"><ele>909.0</ele></trkpt>
      <trkpt lat="45.004660" lon="3.851880"><ele>913.0</ele></trkpt>
      <trkpt lat="45.004730" lon="3.852440"><ele>913.0</ele></trkpt>
      <trkpt lat="45.005400" lon="3.852840"><ele>927.0</ele></trkpt>
      <trkpt lat="45.005570" lon="3.852870"><ele>931.0</ele></trkpt>
      <trkpt lat="45.006100" lon="3.853030"><ele>942.0</ele></trkpt>
      <trkpt lat="45.006370" lon="3.853110"><ele>948.0</ele></trkpt>
      <trkpt lat="45.005890" lon="3.854740"><ele>933.0</ele></trkpt>
      <trkpt lat="45.005890" lon="3.854740"><ele>933.0</ele></trkpt>
      <trkpt lat="45.005810" lon="3.855380"><ele>927.0</ele></trkpt>
      <trkpt lat="45.005760" lon="3.856050"><ele>920.0</ele></trkpt>
      <trkpt lat="45.005760" lon="3.856050"><ele>920.0</ele></trkpt>
      <trkpt lat="45.006190" lon="3.856700"><ele>913.0</ele></trkpt>
      <trkpt lat="45.006590" lon="3.857090"><ele>909.0</ele></trkpt>
      <trkpt lat="45.006860" lon="3.857250"><ele>907.0</ele></trkpt>
      <trkpt lat="45.007300" lon="3.857610"><ele>903.0</ele></trkpt>
      <trkpt lat="45.008210" lon="3.858120"><ele>895.0</ele></trkpt>
      <trkpt lat="45.008210" lon="3.858120"><ele>895.0</ele></trkpt>
      <trkpt lat="45.008700" lon="3.858190"><ele>895.0</ele></trkpt>
      <trkpt lat="45.008930" lon="3.858260"><ele>895.0</ele></trkpt>
      <trkpt lat="45.009620" lon="3.858540"><ele>888.0</ele></trkpt>
      <trkpt lat="45.010320" lon="3.858470"><ele>883.0</ele></trkpt>
      <trkpt lat="45.010320" lon="3.858470"><ele>883.0</ele></trkpt>
      <trkpt lat="45.010990" lon="3.858160"><ele>880.0</ele></trkpt>
      <trkpt lat="45.011190" lon="3.858010"><ele>878.0</ele></trkpt>
      <trkpt lat="45.011300" lon="3.857640"><ele>880.0</ele></trkpt>
      <trkpt lat="45.011390" lon="3.856990"><ele>888.0</ele></trkpt>
      <trkpt lat="45.011840" lon="3.856450"><ele>882.0</ele></trkpt>
      <trkpt lat="45.012280" lon="3.856140"><ele>877.0</ele></trkpt>
      <trkpt lat="45.012480" lon="3.855910"><ele>874.0</ele></trkpt>
      <trkpt lat="45.013070" lon="3.855540"><ele>865.0</ele></trkpt>
      <trkpt lat="45.013430" lon="3.855250"><ele>859.0</ele></trkpt>
      <trkpt lat="45.014140" lon="3.854950"><ele>850.0</ele></trkpt>
      <trkpt lat="45.014140" lon="3.854950"><ele>850.0</ele></trkpt>
      <trkpt lat="45.014590" lon="3.854850"><ele>848.0</ele></trkpt>
      <trkpt lat="45.014740" lon="3.854530"><ele>848.0</ele></trkpt>
      <trkpt lat="45.014630" lon="3.853880"><ele>850.0</ele></trkpt>
      <trkpt lat="45.014580" lon="3.853090"><ele>850.0</ele></trkpt>
      <trkpt lat="45.014470" lon="3.852370"><ele>851.0</ele></trkpt>
      <trkpt lat="45.014260" lon="3.851500"><ele>853.0</ele></trkpt>
      <trkpt lat="45.014170" lon="3.851280"><ele>854.0</ele></trkpt>
      <trkpt lat="45.014040" lon="3.850690"><ele>855.0</ele></trkpt>
      <trkpt lat="45.013980" lon="3.850270"><ele>854.0</ele></trkpt>
      <trkpt lat="45.013550" lon="3.850330"><ele>859.0</ele></trkpt>
      <trkpt lat="45.013120" lon="3.850100"><ele>864.0</ele></trkpt>
      <trkpt lat="45.013070" lon="3.849470"><ele>864.0</ele></trkpt>
      <trkpt lat="45.013820" lon="3.849120"><ele>856.0</ele></trkpt>
      <trkpt lat="45.013820" lon="3.849120"><ele>856.0</ele></trkpt>
      <trkpt lat="45.014820" lon="3.848880"><ele>851.0</ele></trkpt>
      <trkpt lat="45.014820" lon="3.848880"><ele>851.0</ele></trkpt>
      <trkpt lat="45.015520" lon="3.849820"><ele>847.0</ele></trkpt>
      <trkpt lat="45.015520" lon="3.849820"><ele>847.0</ele></trkpt>
      <trkpt lat="45.015810" lon="3.850190"><ele>846.0</ele></trkpt>
      <trkpt lat="45.016520" lon="3.850350"><ele>844.0</ele></trkpt>
      <trkpt lat="45.016880" lon="3.850310"><ele>840.0</ele></trkpt>
      <trkpt lat="45.017100" lon="3.850230"><ele>837.0</ele></trkpt>
      <trkpt lat="45.017350" lon="3.849930"><ele>831.0</ele></trkpt>
      <trkpt lat="45.017290" lon="3.849310"><ele>830.0</ele></trkpt>
      <trkpt lat="45.017810" lon="3.849870"><ele>819.0</ele></trkpt>
      <trkpt lat="45.017810" lon="3.849870"><ele>819.0</ele></trkpt>
      <trkpt lat="45.018140" lon="3.850270"><ele>810.0</ele></trkpt>
      <trkpt lat="45.018550" lon="3.850800"><ele>800.0</ele></trkpt>
      <trkpt lat="45.018790" lon="3.851140"><ele>798.0</ele></trkpt>
      <trkpt lat="45.019410" lon="3.851340"><ele>780.0</ele></trkpt>
      <trkpt lat="45.019670" lon="3.851350"><ele>773.0</ele></trkpt>
      <trkpt lat="45.019530" lon="3.852080"><ele>780.0</ele></trkpt>
      <trkpt lat="45.019950" lon="3.853040"><ele>767.0</ele></trkpt>
      <trkpt lat="45.019950" lon="3.853040"><ele>767.0</ele></trkpt>
      <trkpt lat="45.020260" lon="3.852600"><ele>755.0</ele></trkpt>
      <trkpt lat="45.020530" lon="3.852320"><ele>750.0</ele></trkpt>
      <trkpt lat="45.020850" lon="3.852220"><ele>744.0</ele></trkpt>
      <trkpt lat="45.021180" lon="3.852370"><ele>747.0</ele></trkpt>
      <trkpt lat="45.021530" lon="3.852810"><ele>745.0</ele></trkpt>
      <trkpt lat="45.021950" lon="3.853270"><ele>743.0</ele></trkpt>
      <trkpt lat="45.022230" lon="3.853440"><ele>745.0</ele></trkpt>
      <trkpt lat="45.022360" lon="3.854030"><ele>742.0</ele></trkpt>
      <trkpt lat="45.022590" lon="3.854630"><ele>739.0</ele></trkpt>
      <trkpt lat="45.022980" lon="3.855060"><ele>741.0</ele></trkpt>
      <trkpt lat="45.023200" lon="3.855220"><ele>743.0</ele></trkpt>
      <trkpt lat="45.023700" lon="3.854830"><ele>750.0</ele></trkpt>
      <trkpt lat="45.023960" lon="3.854520"><ele>755.0</ele></trkpt>
      <trkpt lat="45.023980" lon="3.853620"><ele>764.0</ele></trkpt>
      <trkpt lat="45.023890" lon="3.853260"><ele>768.0</ele></trkpt>
      <trkpt lat="45.023400" lon="3.852810"><ele>769.0</ele></trkpt>
      <trkpt lat="45.023180" lon="3.852610"><ele>769.0</ele></trkpt>
      <trkpt lat="45.023530" lon="3.852200"><ele>782.0</ele></trkpt>
      <trkpt lat="45.023270" lon="3.851790"><ele>786.0</ele></trkpt>
      <trkpt lat="45.023370" lon="3.851550"><ele>793.0</ele></trkpt>
      <trkpt lat="45.023820" lon="3.851480"><ele>802.0</ele></trkpt>
      <trkpt lat="45.024240" lon="3.851610"><ele>807.0</ele></trkpt>
      <trkpt lat="45.024670" lon="3.851650"><ele>814.0</ele></trkpt>
      <trkpt lat="45.025150" lon="3.852140"><ele>812.0</ele></trkpt>
      <trkpt lat="45.025250" lon="3.852530"><ele>806.0</ele></trkpt>
      <trkpt lat="45.025020" lon="3.852950"><ele>793.0</ele></trkpt>
      <trkpt lat="45.024750" lon="3.852970"><ele>787.0</ele></trkpt>
      <trkpt lat="45.024770" lon="3.853370"><ele>781.0</ele></trkpt>
      <trkpt lat="45.025210" lon="3.853760"><ele>788.0</ele></trkpt>
      <trkpt lat="45.025270" lon="3.854250"><ele>785.0</ele></trkpt>
      <trkpt lat="45.025490" lon="3.855460"><ele>784.0</ele></trkpt>
      <trkpt lat="45.025490" lon="3.855460"><ele>784.0</ele></trkpt>
      <trkpt lat="45.025890" lon="3.855600"><ele>795.0</ele></trkpt>
      <trkpt lat="45.026070" lon="3.856210"><ele>795.0</ele></trkpt>
      <trkpt lat="45.026290" lon="3.856770"><ele>795.0</ele></trkpt>
      <trkpt lat="45.026180" lon="3.857290"><ele>788.0</ele></trkpt>
      <trkpt lat="45.026110" lon="3.857960"><ele>782.0</ele></trkpt>
      <trkpt lat="45.026260" lon="3.858870"><ele>779.0</ele></trkpt>
      <trkpt lat="45.026600" lon="3.859140"><ele>783.0</ele></trkpt>
      <trkpt lat="45.027210" lon="3.858900"><ele>787.0</ele></trkpt>
      <trkpt lat="45.027810" lon="3.859070"><ele>786.0</ele></trkpt>
      <trkpt lat="45.027810" lon="3.859070"><ele>786.0</ele></trkpt>
      <trkpt lat="45.028300" lon="3.858820"><ele>788.0</ele></trkpt>
      <trkpt lat="45.028620" lon="3.858880"><ele>788.0</ele></trkpt>
      <trkpt lat="45.028770" lon="3.859460"><ele>784.0</ele></trkpt>
      <trkpt lat="45.029150" lon="3.860600"><ele>777.0</ele></trkpt>
      <trkpt lat="45.029150" lon="3.860600"><ele>777.0</ele></trkpt>
      <trkpt lat="45.029730" lon="3.862020"><ele>771.0</ele></trkpt>
      <trkpt lat="45.029730" lon="3.862020"><ele>771.0</ele></trkpt>
      <trkpt lat="45.030060" lon="3.862900"><ele>768.0</ele></trkpt>
      <trkpt lat="45.030060" lon="3.862900"><ele>768.0</ele></trkpt>
      <trkpt lat="45.030800" lon="3.863970"><ele>765.0</ele></trkpt>
      <trkpt lat="45.030800" lon="3.863970"><ele>765.0</ele></trkpt>
      <trkpt lat="45.031150" lon="3.864570"><ele>762.0</ele></trkpt>
      <trkpt lat="45.031720" lon="3.865200"><ele>759.0</ele></trkpt>
      <trkpt lat="45.031720" lon="3.865200"><ele>759.0</ele></trkpt>
      <trkpt lat="45.032660" lon="3.866660"><ele>757.0</ele></trkpt>
      <trkpt lat="45.032660" lon="3.866660"><ele>757.0</ele></trkpt>
      <trkpt lat="45.032660" lon="3.866660"><ele>757.0</ele></trkpt>
      <trkpt lat="45.033010" lon="3.866810"><ele>757.0</ele></trkpt>
      <trkpt lat="45.033530" lon="3.867130"><ele>759.0</ele></trkpt>
      <trkpt lat="45.033970" lon="3.867440"><ele>761.0</ele></trkpt>
      <trkpt lat="45.034200" lon="3.867520"><ele>761.0</ele></trkpt>
      <trkpt lat="45.034660" lon="3.867810"><ele>763.0</ele></trkpt>
      <trkpt lat="45.035380" lon="3.868340"><ele>764.0</ele></trkpt>
      <trkpt lat="45.035380" lon="3.868340"><ele>764.0</ele></trkpt>
      <trkpt lat="45.035740" lon="3.868730"><ele>765.0</ele></trkpt>
      <trkpt lat="45.036860" lon="3.869580"><ele>767.0</ele></trkpt>
      <trkpt lat="45.036860" lon="3.869580"><ele>767.0</ele></trkpt>
      <trkpt lat="45.037370" lon="3.870150"><ele>766.0</ele></trkpt>
      <trkpt lat="45.037370" lon="3.870150"><ele>766.0</ele></trkpt>
      <trkpt lat="45.037570" lon="3.870580"><ele>766.0</ele></trkpt>
      <trkpt lat="45.037890" lon="3.870550"><ele>764.0</ele></trkpt>
      <trkpt lat="45.038680" lon="3.869910"><ele>759.0</ele></trkpt>
      <trkpt lat="45.038680" lon="3.869910"><ele>759.0</ele></trkpt>
      <trkpt lat="45.039260" lon="3.869580"><ele>754.0</ele></trkpt>
      <trkpt lat="45.039480" lon="3.869520"><ele>749.0</ele></trkpt>
      <trkpt lat="45.039360" lon="3.870080"><ele>743.0</ele></trkpt>
      <trkpt lat="45.039220" lon="3.870970"><ele>735.0</ele></trkpt>
      <trkpt lat="45.039530" lon="3.871340"><ele>731.0</ele></trkpt>
      <trkpt lat="45.039690" lon="3.871560"><ele>729.0</ele></trkpt>
      <trkpt lat="45.039870" lon="3.872240"><ele>731.0</ele></trkpt>
      <trkpt lat="45.040200" lon="3.872680"><ele>726.0</ele></trkpt>
      <trkpt lat="45.040330" lon="3.873080"><ele>725.0</ele></trkpt>
      <trkpt lat="45.040800" lon="3.873120"><ele>713.0</ele></trkpt>
      <trkpt lat="45.041570" lon="3.874440"><ele>698.0</ele></trkpt>
      <trkpt lat="45.041570" lon="3.874440"><ele>698.0</ele></trkpt>
      <trkpt lat="45.041570" lon="3.874440"><ele>698.0</ele></trkpt>
      <trkpt lat="45.041750" lon="3.875330"><ele>689.0</ele></trkpt>
      <trkpt lat="45.041820" lon="3.875650"><ele>686.0</ele></trkpt>
      <trkpt lat="45.041370" lon="3.876050"><ele>682.0</ele></trkpt>
      <trkpt lat="45.041480" lon="3.876350"><ele>677.0</ele></trkpt>
      <trkpt lat="45.041880" lon="3.877200"><ele>667.0</ele></trkpt>
      <trkpt lat="45.042410" lon="3.878180"><ele>658.0</ele></trkpt>
      <trkpt lat="45.042410" lon="3.878180"><ele>658.0</ele></trkpt>
      <trkpt lat="45.042730" lon="3.879090"><ele>651.0</ele></trkpt>
      <trkpt lat="45.042730" lon="3.879090"><ele>651.0</ele></trkpt>
      <trkpt lat="45.042980" lon="3.880340"><ele>644.0</ele></trkpt>
      <trkpt lat="45.042980" lon="3.880340"><ele>644.0</ele></trkpt>
      <trkpt lat="45.043660" lon="3.880040"><ele>645.0</ele></trkpt>
      <trkpt lat="45.043660" lon="3.880040"><ele>645.0</ele></trkpt>
      <trkpt lat="45.044220" lon="3.880190"><ele>644.0</ele></trkpt>
      <trkpt lat="45.044590" lon="3.880200"><ele>642.0</ele></trkpt>
      <trkpt lat="45.044450" lon="3.880590"><ele>642.0</ele></trkpt>
      <trkpt lat="45.044890" lon="3.881530"><ele>642.0</ele></trkpt>
      <trkpt lat="45.044990" lon="3.881820"><ele>643.0</ele></trkpt>
      <trkpt lat="45.045410" lon="3.882620"><ele>652.0</ele></trkpt>
      <trkpt lat="45.045480" lon="3.882940"><ele>656.0</ele></trkpt>
      <trkpt lat="45.045550" lon="3.883470"><ele>664.0</ele></trkpt>
      <trkpt lat="45.045570" lon="3.883950"><ele>673.0</ele></trkpt>
      <trkpt lat="45.045320" lon="3.884480"><ele>678.0</ele></trkpt>
      <trkpt lat="45.045030" lon="3.884110"><ele>670.0</ele></trkpt>
      <trkpt lat="45.044760" lon="3.884020"><ele>664.0</ele></trkpt>
      <trkpt lat="45.044130" lon="3.883620"><ele>651.0</ele></trkpt>
      <trkpt lat="45.043940" lon="3.883740"><ele>649.0</ele></trkpt>
      <trkpt lat="45.044040" lon="3.884840"><ele>652.0</ele></trkpt>
      <trkpt lat="45.044020" lon="3.884930"><ele>652.0</ele></trkpt>
      <trkpt lat="45.043550" lon="3.884980"><ele>644.0</ele></trkpt>
      <trkpt lat="45.043300" lon="3.884250"><ele>638.0</ele></trkpt>
      <trkpt lat="45.043270" lon="3.883940"><ele>638.0</ele></trkpt>
      <trkpt lat="45.042120" lon="3.883830"><ele>631.0</ele></trkpt>
      <trkpt lat="45.042120" lon="3.883830"><ele>631.0</ele></trkpt>
      <trkpt lat="45.041910" lon="3.883810"><ele>630.0</ele></trkpt>
      <trkpt lat="45.041100" lon="3.883460"><ele>628.0</ele></trkpt>
      <trkpt lat="45.041100" lon="3.883460"><ele>628.0</ele></trkpt>
      <trkpt lat="45.041030" lon="3.882780"><ele>631.0</ele></trkpt>
      <trkpt lat="45.041030" lon="3.882780"><ele>631.0</ele></trkpt>
      <trkpt lat="45.039590" lon="3.882450"><ele>633.0</ele></trkpt>
      <trkpt lat="45.039590" lon="3.882450"><ele>633.0</ele></trkpt>
      <trkpt lat="45.039590" lon="3.882450"><ele>633.0</ele></trkpt>
      <trkpt lat="45.039590" lon="3.882450"><ele>633.0</ele></trkpt>
    </trkseg>
  </trk>
</gpx>
