<?xml version="1.0" encoding="UTF-8"?>
<gpx xmlns="http://www.topografix.com/GPX/1/1" xmlns:xsi="http://www.w3.org/2001/XMLSchema-instance" version="1.1" creator="Trace de Trail" xsi:schemaLocation="http://www.topografix.com/GPX/1/1 http://www.topografix.com/GPX/1/1/gpx.xsd">
  <metadata>
    <name>UTMB NICE - Roubion Nice</name>
    <desc>Parcours créé sur Trace de Trail</desc>
    <link href="https://tracedetrail.fr/fr/trace/314445">
      <text>Cartographie du parcours</text>
    </link>
    <time>2026-07-24T10:45:34+00:00</time>
  </metadata>
  <trk>
    <name>UTMB NICE - Roubion Nice sur TraceDeTrail.fr</name>
    <src>Trace de Trail</src>
    <trkseg>
      <trkpt lat="44.09312" lon="7.05135">
        <ele>1341</ele>
        <time>2026-07-24T10:45:34+00:00</time>
      </trkpt>
      <trkpt lat="44.09307" lon="7.05136">
        <ele>1341</ele>
        <time>2026-07-24T10:45:37+00:00</time>
      </trkpt>
      <trkpt lat="44.09301" lon="7.05121">
        <ele>1350</ele>
        <time>2026-07-24T10:45:40+00:00</time>
      </trkpt>
      <trkpt lat="44.09298" lon="7.05114">
        <ele>1345</ele>
        <time>2026-07-24T10:45:43+00:00</time>
      </trkpt>
      <trkpt lat="44.09279" lon="7.05067">
        <ele>1345</ele>
        <time>2026-07-24T10:45:46+00:00</time>
      </trkpt>
      <trkpt lat="44.09277" lon="7.0506">
        <ele>1350</ele>
        <time>2026-07-24T10:45:49+00:00</time>
      </trkpt>
      <trkpt lat="44.09245" lon="7.05035">
        <ele>1343</ele>
        <time>2026-07-24T10:45:52+00:00</time>
      </trkpt>
      <trkpt lat="44.0924" lon="7.05033">
        <ele>1346</ele>
        <time>2026-07-24T10:45:55+00:00</time>
      </trkpt>
      <trkpt lat="44.0921" lon="7.04992">
        <ele>1342</ele>
        <time>2026-07-24T10:45:58+00:00</time>
      </trkpt>
      <trkpt lat="44.09199" lon="7.04956">
        <ele>1339</ele>
        <time>2026-07-24T10:46:01+00:00</time>
      </trkpt>
      <trkpt lat="44.09183" lon="7.04906">
        <ele>1333</ele>
        <time>2026-07-24T10:46:04+00:00</time>
      </trkpt>
      <trkpt lat="44.09178" lon="7.04906">
        <ele>1325</ele>
        <time>2026-07-24T10:46:07+00:00</time>
      </trkpt>
      <trkpt lat="44.09174" lon="7.04899">
        <ele>1325</ele>
        <time>2026-07-24T10:46:10+00:00</time>
      </trkpt>
      <trkpt lat="44.09167" lon="7.04874">
        <ele>1328</ele>
        <time>2026-07-24T10:46:13+00:00</time>
      </trkpt>
      <trkpt lat="44.09159" lon="7.04848">
        <ele>1321</ele>
        <time>2026-07-24T10:46:16+00:00</time>
      </trkpt>
      <trkpt lat="44.09146" lon="7.04811">
        <ele>1315</ele>
        <time>2026-07-24T10:46:19+00:00</time>
      </trkpt>
      <trkpt lat="44.09125" lon="7.04751">
        <ele>1310</ele>
        <time>2026-07-24T10:46:22+00:00</time>
      </trkpt>
      <trkpt lat="44.09114" lon="7.04712">
        <ele>1305</ele>
        <time>2026-07-24T10:46:25+00:00</time>
      </trkpt>
      <trkpt lat="44.09097" lon="7.04648">
        <ele>1303</ele>
        <time>2026-07-24T10:46:28+00:00</time>
      </trkpt>
      <trkpt lat="44.0909" lon="7.04608">
        <ele>1302</ele>
        <time>2026-07-24T10:46:31+00:00</time>
      </trkpt>
      <trkpt lat="44.0909" lon="7.04582">
        <ele>1303</ele>
        <time>2026-07-24T10:46:34+00:00</time>
      </trkpt>
      <trkpt lat="44.09097" lon="7.04558">
        <ele>1302</ele>
        <time>2026-07-24T10:46:37+00:00</time>
      </trkpt>
      <trkpt lat="44.09095" lon="7.04552">
        <ele>1302</ele>
        <time>2026-07-24T10:46:40+00:00</time>
      </trkpt>
      <trkpt lat="44.09086" lon="7.04552">
        <ele>1302</ele>
        <time>2026-07-24T10:46:43+00:00</time>
      </trkpt>
      <trkpt lat="44.09084" lon="7.04563">
        <ele>1302</ele>
        <time>2026-07-24T10:46:46+00:00</time>
      </trkpt>
      <trkpt lat="44.09082" lon="7.04598">
        <ele>1300</ele>
        <time>2026-07-24T10:46:49+00:00</time>
      </trkpt>
      <trkpt lat="44.0908" lon="7.04636">
        <ele>1299</ele>
        <time>2026-07-24T10:46:52+00:00</time>
      </trkpt>
      <trkpt lat="44.09079" lon="7.04682">
        <ele>1296</ele>
        <time>2026-07-24T10:46:55+00:00</time>
      </trkpt>
      <trkpt lat="44.09078" lon="7.04728">
        <ele>1288</ele>
        <time>2026-07-24T10:46:58+00:00</time>
      </trkpt>
      <trkpt lat="44.09077" lon="7.04782">
        <ele>1281</ele>
        <time>2026-07-24T10:47:01+00:00</time>
      </trkpt>
      <trkpt lat="44.09083" lon="7.04819">
        <ele>1279</ele>
        <time>2026-07-24T10:47:04+00:00</time>
      </trkpt>
      <trkpt lat="44.0909" lon="7.04869">
        <ele>1273</ele>
        <time>2026-07-24T10:47:07+00:00</time>
      </trkpt>
      <trkpt lat="44.09097" lon="7.04905">
        <ele>1274</ele>
        <time>2026-07-24T10:47:10+00:00</time>
      </trkpt>
      <trkpt lat="44.09105" lon="7.04947">
        <ele>1270</ele>
        <time>2026-07-24T10:47:13+00:00</time>
      </trkpt>
      <trkpt lat="44.0912" lon="7.04994">
        <ele>1267</ele>
        <time>2026-07-24T10:47:16+00:00</time>
      </trkpt>
      <trkpt lat="44.0912" lon="7.04996">
        <ele>1267</ele>
        <time>2026-07-24T10:47:19+00:00</time>
      </trkpt>
      <trkpt lat="44.09129" lon="7.0502">
        <ele>1267</ele>
        <time>2026-07-24T10:47:22+00:00</time>
      </trkpt>
      <trkpt lat="44.09137" lon="7.05039">
        <ele>1273</ele>
        <time>2026-07-24T10:47:25+00:00</time>
      </trkpt>
      <trkpt lat="44.09146" lon="7.05067">
        <ele>1267</ele>
        <time>2026-07-24T10:47:28+00:00</time>
      </trkpt>
      <trkpt lat="44.09185" lon="7.05093">
        <ele>1269</ele>
        <time>2026-07-24T10:47:31+00:00</time>
      </trkpt>
      <trkpt lat="44.09213" lon="7.05123">
        <ele>1263</ele>
        <time>2026-07-24T10:47:34+00:00</time>
      </trkpt>
      <trkpt lat="44.09223" lon="7.05176">
        <ele>1258</ele>
        <time>2026-07-24T10:47:37+00:00</time>
      </trkpt>
      <trkpt lat="44.09223" lon="7.05213">
        <ele>1256</ele>
        <time>2026-07-24T10:47:40+00:00</time>
      </trkpt>
      <trkpt lat="44.09242" lon="7.05241">
        <ele>1254</ele>
        <time>2026-07-24T10:47:43+00:00</time>
      </trkpt>
      <trkpt lat="44.09266" lon="7.05279">
        <ele>1254</ele>
        <time>2026-07-24T10:47:46+00:00</time>
      </trkpt>
      <trkpt lat="44.0929" lon="7.05296">
        <ele>1254</ele>
        <time>2026-07-24T10:47:49+00:00</time>
      </trkpt>
      <trkpt lat="44.09286" lon="7.05312">
        <ele>1246</ele>
        <time>2026-07-24T10:47:52+00:00</time>
      </trkpt>
      <trkpt lat="44.09281" lon="7.05309">
        <ele>1246</ele>
        <time>2026-07-24T10:47:55+00:00</time>
      </trkpt>
      <trkpt lat="44.09263" lon="7.0529">
        <ele>1244</ele>
        <time>2026-07-24T10:47:58+00:00</time>
      </trkpt>
      <trkpt lat="44.09236" lon="7.05262">
        <ele>1233</ele>
        <time>2026-07-24T10:48:01+00:00</time>
      </trkpt>
      <trkpt lat="44.09206" lon="7.05221">
        <ele>1234</ele>
        <time>2026-07-24T10:48:04+00:00</time>
      </trkpt>
      <trkpt lat="44.09195" lon="7.05172">
        <ele>1236</ele>
        <time>2026-07-24T10:48:07+00:00</time>
      </trkpt>
      <trkpt lat="44.09189" lon="7.05161">
        <ele>1224</ele>
        <time>2026-07-24T10:48:10+00:00</time>
      </trkpt>
      <trkpt lat="44.09168" lon="7.05146">
        <ele>1239</ele>
        <time>2026-07-24T10:48:13+00:00</time>
      </trkpt>
      <trkpt lat="44.09137" lon="7.05125">
        <ele>1241</ele>
        <time>2026-07-24T10:48:16+00:00</time>
      </trkpt>
      <trkpt lat="44.09122" lon="7.0511">
        <ele>1232</ele>
        <time>2026-07-24T10:48:19+00:00</time>
      </trkpt>
      <trkpt lat="44.0911" lon="7.05088">
        <ele>1238</ele>
        <time>2026-07-24T10:48:22+00:00</time>
      </trkpt>
      <trkpt lat="44.09087" lon="7.05075">
        <ele>1241</ele>
        <time>2026-07-24T10:48:25+00:00</time>
      </trkpt>
      <trkpt lat="44.09064" lon="7.0506">
        <ele>1242</ele>
        <time>2026-07-24T10:48:28+00:00</time>
      </trkpt>
      <trkpt lat="44.0905" lon="7.05065">
        <ele>1242</ele>
        <time>2026-07-24T10:48:31+00:00</time>
      </trkpt>
      <trkpt lat="44.09041" lon="7.0508">
        <ele>1243</ele>
        <time>2026-07-24T10:48:34+00:00</time>
      </trkpt>
      <trkpt lat="44.09041" lon="7.05095">
        <ele>1243</ele>
        <time>2026-07-24T10:48:37+00:00</time>
      </trkpt>
      <trkpt lat="44.09028" lon="7.05078">
        <ele>1243</ele>
        <time>2026-07-24T10:48:40+00:00</time>
      </trkpt>
      <trkpt lat="44.09022" lon="7.05073">
        <ele>1243</ele>
        <time>2026-07-24T10:48:43+00:00</time>
      </trkpt>
      <trkpt lat="44.09017" lon="7.05078">
        <ele>1251</ele>
        <time>2026-07-24T10:48:46+00:00</time>
      </trkpt>
      <trkpt lat="44.09015" lon="7.05084">
        <ele>1251</ele>
        <time>2026-07-24T10:48:49+00:00</time>
      </trkpt>
      <trkpt lat="44.0903" lon="7.05116">
        <ele>1243</ele>
        <time>2026-07-24T10:48:52+00:00</time>
      </trkpt>
      <trkpt lat="44.09037" lon="7.05138">
        <ele>1243</ele>
        <time>2026-07-24T10:48:55+00:00</time>
      </trkpt>
      <trkpt lat="44.09037" lon="7.05163">
        <ele>1240</ele>
        <time>2026-07-24T10:48:58+00:00</time>
      </trkpt>
      <trkpt lat="44.0903" lon="7.05215">
        <ele>1238</ele>
        <time>2026-07-24T10:49:01+00:00</time>
      </trkpt>
      <trkpt lat="44.09023" lon="7.05266">
        <ele>1243</ele>
        <time>2026-07-24T10:49:04+00:00</time>
      </trkpt>
      <trkpt lat="44.09016" lon="7.05318">
        <ele>1249</ele>
        <time>2026-07-24T10:49:07+00:00</time>
      </trkpt>
      <trkpt lat="44.09007" lon="7.05393">
        <ele>1246</ele>
        <time>2026-07-24T10:49:10+00:00</time>
      </trkpt>
      <trkpt lat="44.09" lon="7.05431">
        <ele>1243</ele>
        <time>2026-07-24T10:49:13+00:00</time>
      </trkpt>
      <trkpt lat="44.08992" lon="7.05483">
        <ele>1243</ele>
        <time>2026-07-24T10:49:16+00:00</time>
      </trkpt>
      <trkpt lat="44.08979" lon="7.05524">
        <ele>1246</ele>
        <time>2026-07-24T10:49:19+00:00</time>
      </trkpt>
      <trkpt lat="44.08979" lon="7.05584">
        <ele>1241</ele>
        <time>2026-07-24T10:49:22+00:00</time>
      </trkpt>
      <trkpt lat="44.0897" lon="7.05648">
        <ele>1236</ele>
        <time>2026-07-24T10:49:25+00:00</time>
      </trkpt>
      <trkpt lat="44.08966" lon="7.05666">
        <ele>1224</ele>
        <time>2026-07-24T10:49:28+00:00</time>
      </trkpt>
      <trkpt lat="44.08955" lon="7.05683">
        <ele>1232</ele>
        <time>2026-07-24T10:49:31+00:00</time>
      </trkpt>
      <trkpt lat="44.08916" lon="7.05717">
        <ele>1224</ele>
        <time>2026-07-24T10:49:34+00:00</time>
      </trkpt>
      <trkpt lat="44.08908" lon="7.05719">
        <ele>1207</ele>
        <time>2026-07-24T10:49:37+00:00</time>
      </trkpt>
      <trkpt lat="44.08899" lon="7.05713">
        <ele>1207</ele>
        <time>2026-07-24T10:49:40+00:00</time>
      </trkpt>
      <trkpt lat="44.08878" lon="7.05691">
        <ele>1229</ele>
        <time>2026-07-24T10:49:43+00:00</time>
      </trkpt>
      <trkpt lat="44.08852" lon="7.05678">
        <ele>1229</ele>
        <time>2026-07-24T10:49:46+00:00</time>
      </trkpt>
      <trkpt lat="44.08821" lon="7.05671">
        <ele>1229</ele>
        <time>2026-07-24T10:49:49+00:00</time>
      </trkpt>
      <trkpt lat="44.08766" lon="7.05657">
        <ele>1227</ele>
        <time>2026-07-24T10:49:52+00:00</time>
      </trkpt>
      <trkpt lat="44.08751" lon="7.05642">
        <ele>1227</ele>
        <time>2026-07-24T10:49:55+00:00</time>
      </trkpt>
      <trkpt lat="44.08733" lon="7.05632">
        <ele>1225</ele>
        <time>2026-07-24T10:49:58+00:00</time>
      </trkpt>
      <trkpt lat="44.08708" lon="7.05618">
        <ele>1223</ele>
        <time>2026-07-24T10:50:01+00:00</time>
      </trkpt>
      <trkpt lat="44.08691" lon="7.05603">
        <ele>1223</ele>
        <time>2026-07-24T10:50:04+00:00</time>
      </trkpt>
      <trkpt lat="44.08672" lon="7.05575">
        <ele>1223</ele>
        <time>2026-07-24T10:50:07+00:00</time>
      </trkpt>
      <trkpt lat="44.08656" lon="7.05545">
        <ele>1223</ele>
        <time>2026-07-24T10:50:10+00:00</time>
      </trkpt>
      <trkpt lat="44.08635" lon="7.05507">
        <ele>1225</ele>
        <time>2026-07-24T10:50:13+00:00</time>
      </trkpt>
      <trkpt lat="44.08631" lon="7.0549">
        <ele>1243</ele>
        <time>2026-07-24T10:50:16+00:00</time>
      </trkpt>
      <trkpt lat="44.08625" lon="7.05483">
        <ele>1228</ele>
        <time>2026-07-24T10:50:19+00:00</time>
      </trkpt>
      <trkpt lat="44.0861" lon="7.05485">
        <ele>1228</ele>
        <time>2026-07-24T10:50:22+00:00</time>
      </trkpt>
      <trkpt lat="44.08603" lon="7.05481">
        <ele>1228</ele>
        <time>2026-07-24T10:50:25+00:00</time>
      </trkpt>
      <trkpt lat="44.0859" lon="7.05464">
        <ele>1223</ele>
        <time>2026-07-24T10:50:28+00:00</time>
      </trkpt>
      <trkpt lat="44.08574" lon="7.05454">
        <ele>1231</ele>
        <time>2026-07-24T10:50:31+00:00</time>
      </trkpt>
      <trkpt lat="44.08556" lon="7.05442">
        <ele>1228</ele>
        <time>2026-07-24T10:50:34+00:00</time>
      </trkpt>
      <trkpt lat="44.08547" lon="7.05445">
        <ele>1237</ele>
        <time>2026-07-24T10:50:37+00:00</time>
      </trkpt>
      <trkpt lat="44.08539" lon="7.05451">
        <ele>1237</ele>
        <time>2026-07-24T10:50:40+00:00</time>
      </trkpt>
      <trkpt lat="44.08532" lon="7.05466">
        <ele>1226</ele>
        <time>2026-07-24T10:50:43+00:00</time>
      </trkpt>
      <trkpt lat="44.08522" lon="7.05475">
        <ele>1226</ele>
        <time>2026-07-24T10:50:46+00:00</time>
      </trkpt>
      <trkpt lat="44.08489" lon="7.05492">
        <ele>1231</ele>
        <time>2026-07-24T10:50:49+00:00</time>
      </trkpt>
      <trkpt lat="44.08479" lon="7.05487">
        <ele>1236</ele>
        <time>2026-07-24T10:50:52+00:00</time>
      </trkpt>
      <trkpt lat="44.08462" lon="7.05472">
        <ele>1236</ele>
        <time>2026-07-24T10:50:55+00:00</time>
      </trkpt>
      <trkpt lat="44.08444" lon="7.05468">
        <ele>1240</ele>
        <time>2026-07-24T10:50:58+00:00</time>
      </trkpt>
      <trkpt lat="44.08429" lon="7.05454">
        <ele>1252</ele>
        <time>2026-07-24T10:51:01+00:00</time>
      </trkpt>
      <trkpt lat="44.08412" lon="7.05438">
        <ele>1254</ele>
        <time>2026-07-24T10:51:04+00:00</time>
      </trkpt>
      <trkpt lat="44.08404" lon="7.05434">
        <ele>1267</ele>
        <time>2026-07-24T10:51:07+00:00</time>
      </trkpt>
      <trkpt lat="44.08369" lon="7.05436">
        <ele>1256</ele>
        <time>2026-07-24T10:51:10+00:00</time>
      </trkpt>
      <trkpt lat="44.08352" lon="7.0541">
        <ele>1256</ele>
        <time>2026-07-24T10:51:13+00:00</time>
      </trkpt>
      <trkpt lat="44.08341" lon="7.05404">
        <ele>1265</ele>
        <time>2026-07-24T10:51:16+00:00</time>
      </trkpt>
      <trkpt lat="44.08333" lon="7.05404">
        <ele>1253</ele>
        <time>2026-07-24T10:51:19+00:00</time>
      </trkpt>
      <trkpt lat="44.08298" lon="7.05429">
        <ele>1253</ele>
        <time>2026-07-24T10:51:22+00:00</time>
      </trkpt>
      <trkpt lat="44.0829" lon="7.05432">
        <ele>1251</ele>
        <time>2026-07-24T10:51:25+00:00</time>
      </trkpt>
      <trkpt lat="44.08264" lon="7.05419">
        <ele>1253</ele>
        <time>2026-07-24T10:51:28+00:00</time>
      </trkpt>
      <trkpt lat="44.08217" lon="7.05397">
        <ele>1257</ele>
        <time>2026-07-24T10:51:31+00:00</time>
      </trkpt>
      <trkpt lat="44.082" lon="7.05384">
        <ele>1257</ele>
        <time>2026-07-24T10:51:34+00:00</time>
      </trkpt>
      <trkpt lat="44.08191" lon="7.05387">
        <ele>1262</ele>
        <time>2026-07-24T10:51:37+00:00</time>
      </trkpt>
      <trkpt lat="44.08178" lon="7.05397">
        <ele>1258</ele>
        <time>2026-07-24T10:51:40+00:00</time>
      </trkpt>
      <trkpt lat="44.08168" lon="7.05397">
        <ele>1258</ele>
        <time>2026-07-24T10:51:43+00:00</time>
      </trkpt>
      <trkpt lat="44.08144" lon="7.05376">
        <ele>1262</ele>
        <time>2026-07-24T10:51:46+00:00</time>
      </trkpt>
      <trkpt lat="44.08112" lon="7.05367">
        <ele>1258</ele>
        <time>2026-07-24T10:51:49+00:00</time>
      </trkpt>
      <trkpt lat="44.08097" lon="7.05357">
        <ele>1254</ele>
        <time>2026-07-24T10:51:52+00:00</time>
      </trkpt>
      <trkpt lat="44.08067" lon="7.05348">
        <ele>1254</ele>
        <time>2026-07-24T10:51:55+00:00</time>
      </trkpt>
      <trkpt lat="44.08054" lon="7.05337">
        <ele>1254</ele>
        <time>2026-07-24T10:51:58+00:00</time>
      </trkpt>
      <trkpt lat="44.08045" lon="7.0532">
        <ele>1255</ele>
        <time>2026-07-24T10:52:01+00:00</time>
      </trkpt>
      <trkpt lat="44.08039" lon="7.05303">
        <ele>1247</ele>
        <time>2026-07-24T10:52:04+00:00</time>
      </trkpt>
      <trkpt lat="44.08042" lon="7.05274">
        <ele>1256</ele>
        <time>2026-07-24T10:52:07+00:00</time>
      </trkpt>
      <trkpt lat="44.08045" lon="7.05238">
        <ele>1261</ele>
        <time>2026-07-24T10:52:10+00:00</time>
      </trkpt>
      <trkpt lat="44.08043" lon="7.05226">
        <ele>1261</ele>
        <time>2026-07-24T10:52:13+00:00</time>
      </trkpt>
      <trkpt lat="44.08032" lon="7.05213">
        <ele>1261</ele>
        <time>2026-07-24T10:52:16+00:00</time>
      </trkpt>
      <trkpt lat="44.0802" lon="7.05189">
        <ele>1264</ele>
        <time>2026-07-24T10:52:19+00:00</time>
      </trkpt>
      <trkpt lat="44.08017" lon="7.05176">
        <ele>1260</ele>
        <time>2026-07-24T10:52:22+00:00</time>
      </trkpt>
      <trkpt lat="44.0802" lon="7.05148">
        <ele>1267</ele>
        <time>2026-07-24T10:52:25+00:00</time>
      </trkpt>
      <trkpt lat="44.08017" lon="7.0514">
        <ele>1267</ele>
        <time>2026-07-24T10:52:28+00:00</time>
      </trkpt>
      <trkpt lat="44.08002" lon="7.05136">
        <ele>1267</ele>
        <time>2026-07-24T10:52:31+00:00</time>
      </trkpt>
      <trkpt lat="44.07996" lon="7.05127">
        <ele>1276</ele>
        <time>2026-07-24T10:52:34+00:00</time>
      </trkpt>
      <trkpt lat="44.07979" lon="7.05096">
        <ele>1274</ele>
        <time>2026-07-24T10:52:37+00:00</time>
      </trkpt>
      <trkpt lat="44.07949" lon="7.05039">
        <ele>1276</ele>
        <time>2026-07-24T10:52:40+00:00</time>
      </trkpt>
      <trkpt lat="44.07929" lon="7.05015">
        <ele>1279</ele>
        <time>2026-07-24T10:52:43+00:00</time>
      </trkpt>
      <trkpt lat="44.0791" lon="7.04981">
        <ele>1280</ele>
        <time>2026-07-24T10:52:46+00:00</time>
      </trkpt>
      <trkpt lat="44.07891" lon="7.04953">
        <ele>1282</ele>
        <time>2026-07-24T10:52:49+00:00</time>
      </trkpt>
      <trkpt lat="44.07889" lon="7.04942">
        <ele>1282</ele>
        <time>2026-07-24T10:52:52+00:00</time>
      </trkpt>
      <trkpt lat="44.07886" lon="7.04904">
        <ele>1283</ele>
        <time>2026-07-24T10:52:55+00:00</time>
      </trkpt>
      <trkpt lat="44.07874" lon="7.04891">
        <ele>1277</ele>
        <time>2026-07-24T10:52:58+00:00</time>
      </trkpt>
      <trkpt lat="44.07859" lon="7.04863">
        <ele>1284</ele>
        <time>2026-07-24T10:53:01+00:00</time>
      </trkpt>
      <trkpt lat="44.07833" lon="7.04824">
        <ele>1285</ele>
        <time>2026-07-24T10:53:04+00:00</time>
      </trkpt>
      <trkpt lat="44.07831" lon="7.04814">
        <ele>1295</ele>
        <time>2026-07-24T10:53:07+00:00</time>
      </trkpt>
      <trkpt lat="44.07835" lon="7.04786">
        <ele>1289</ele>
        <time>2026-07-24T10:53:10+00:00</time>
      </trkpt>
      <trkpt lat="44.07833" lon="7.04775">
        <ele>1297</ele>
        <time>2026-07-24T10:53:13+00:00</time>
      </trkpt>
      <trkpt lat="44.07829" lon="7.04771">
        <ele>1297</ele>
        <time>2026-07-24T10:53:16+00:00</time>
      </trkpt>
      <trkpt lat="44.07796" lon="7.04786">
        <ele>1294</ele>
        <time>2026-07-24T10:53:19+00:00</time>
      </trkpt>
      <trkpt lat="44.07786" lon="7.04782">
        <ele>1294</ele>
        <time>2026-07-24T10:53:22+00:00</time>
      </trkpt>
      <trkpt lat="44.07773" lon="7.04771">
        <ele>1294</ele>
        <time>2026-07-24T10:53:25+00:00</time>
      </trkpt>
      <trkpt lat="44.07764" lon="7.04736">
        <ele>1300</ele>
        <time>2026-07-24T10:53:28+00:00</time>
      </trkpt>
      <trkpt lat="44.0776" lon="7.0473">
        <ele>1315</ele>
        <time>2026-07-24T10:53:31+00:00</time>
      </trkpt>
      <trkpt lat="44.07753" lon="7.04728">
        <ele>1315</ele>
        <time>2026-07-24T10:53:34+00:00</time>
      </trkpt>
      <trkpt lat="44.07741" lon="7.04745">
        <ele>1306</ele>
        <time>2026-07-24T10:53:37+00:00</time>
      </trkpt>
      <trkpt lat="44.07732" lon="7.04743">
        <ele>1307</ele>
        <time>2026-07-24T10:53:40+00:00</time>
      </trkpt>
      <trkpt lat="44.07719" lon="7.04732">
        <ele>1308</ele>
        <time>2026-07-24T10:53:43+00:00</time>
      </trkpt>
      <trkpt lat="44.07704" lon="7.04726">
        <ele>1312</ele>
        <time>2026-07-24T10:53:46+00:00</time>
      </trkpt>
      <trkpt lat="44.07685" lon="7.04724">
        <ele>1311</ele>
        <time>2026-07-24T10:53:49+00:00</time>
      </trkpt>
      <trkpt lat="44.07644" lon="7.04691">
        <ele>1317</ele>
        <time>2026-07-24T10:53:52+00:00</time>
      </trkpt>
      <trkpt lat="44.07623" lon="7.04659">
        <ele>1318</ele>
        <time>2026-07-24T10:53:55+00:00</time>
      </trkpt>
      <trkpt lat="44.07599" lon="7.04646">
        <ele>1320</ele>
        <time>2026-07-24T10:53:58+00:00</time>
      </trkpt>
      <trkpt lat="44.07571" lon="7.04625">
        <ele>1323</ele>
        <time>2026-07-24T10:54:01+00:00</time>
      </trkpt>
      <trkpt lat="44.07547" lon="7.04614">
        <ele>1326</ele>
        <time>2026-07-24T10:54:04+00:00</time>
      </trkpt>
      <trkpt lat="44.07509" lon="7.04584">
        <ele>1332</ele>
        <time>2026-07-24T10:54:07+00:00</time>
      </trkpt>
      <trkpt lat="44.0749" lon="7.04563">
        <ele>1339</ele>
        <time>2026-07-24T10:54:10+00:00</time>
      </trkpt>
      <trkpt lat="44.07451" lon="7.04537">
        <ele>1341</ele>
        <time>2026-07-24T10:54:13+00:00</time>
      </trkpt>
      <trkpt lat="44.07427" lon="7.04533">
        <ele>1344</ele>
        <time>2026-07-24T10:54:16+00:00</time>
      </trkpt>
      <trkpt lat="44.07402" lon="7.04528">
        <ele>1344</ele>
        <time>2026-07-24T10:54:19+00:00</time>
      </trkpt>
      <trkpt lat="44.07376" lon="7.04539">
        <ele>1344</ele>
        <time>2026-07-24T10:54:22+00:00</time>
      </trkpt>
      <trkpt lat="44.07337" lon="7.04543">
        <ele>1339</ele>
        <time>2026-07-24T10:54:25+00:00</time>
      </trkpt>
      <trkpt lat="44.07333" lon="7.04533">
        <ele>1345</ele>
        <time>2026-07-24T10:54:28+00:00</time>
      </trkpt>
      <trkpt lat="44.07312" lon="7.04525">
        <ele>1339</ele>
        <time>2026-07-24T10:54:31+00:00</time>
      </trkpt>
      <trkpt lat="44.07288" lon="7.04515">
        <ele>1339</ele>
        <time>2026-07-24T10:54:34+00:00</time>
      </trkpt>
      <trkpt lat="44.07273" lon="7.045">
        <ele>1339</ele>
        <time>2026-07-24T10:54:37+00:00</time>
      </trkpt>
      <trkpt lat="44.07264" lon="7.04498">
        <ele>1340</ele>
        <time>2026-07-24T10:54:40+00:00</time>
      </trkpt>
      <trkpt lat="44.07236" lon="7.04509">
        <ele>1340</ele>
        <time>2026-07-24T10:54:43+00:00</time>
      </trkpt>
      <trkpt lat="44.0723" lon="7.04505">
        <ele>1340</ele>
        <time>2026-07-24T10:54:46+00:00</time>
      </trkpt>
      <trkpt lat="44.07221" lon="7.04479">
        <ele>1348</ele>
        <time>2026-07-24T10:54:49+00:00</time>
      </trkpt>
      <trkpt lat="44.07208" lon="7.04464">
        <ele>1351</ele>
        <time>2026-07-24T10:54:52+00:00</time>
      </trkpt>
      <trkpt lat="44.07193" lon="7.04468">
        <ele>1351</ele>
        <time>2026-07-24T10:54:55+00:00</time>
      </trkpt>
      <trkpt lat="44.07176" lon="7.04453">
        <ele>1372</ele>
        <time>2026-07-24T10:54:58+00:00</time>
      </trkpt>
      <trkpt lat="44.07166" lon="7.04427">
        <ele>1377</ele>
        <time>2026-07-24T10:55:01+00:00</time>
      </trkpt>
      <trkpt lat="44.07135" lon="7.04382">
        <ele>1395</ele>
        <time>2026-07-24T10:55:04+00:00</time>
      </trkpt>
      <trkpt lat="44.0712" lon="7.04402">
        <ele>1402</ele>
        <time>2026-07-24T10:55:07+00:00</time>
      </trkpt>
      <trkpt lat="44.07108" lon="7.04434">
        <ele>1409</ele>
        <time>2026-07-24T10:55:10+00:00</time>
      </trkpt>
      <trkpt lat="44.07095" lon="7.04423">
        <ele>1426</ele>
        <time>2026-07-24T10:55:13+00:00</time>
      </trkpt>
      <trkpt lat="44.07093" lon="7.04395">
        <ele>1419</ele>
        <time>2026-07-24T10:55:16+00:00</time>
      </trkpt>
      <trkpt lat="44.07079" lon="7.04362">
        <ele>1429</ele>
        <time>2026-07-24T10:55:19+00:00</time>
      </trkpt>
      <trkpt lat="44.07063" lon="7.0432">
        <ele>1449</ele>
        <time>2026-07-24T10:55:22+00:00</time>
      </trkpt>
      <trkpt lat="44.0706" lon="7.04301">
        <ele>1436</ele>
        <time>2026-07-24T10:55:25+00:00</time>
      </trkpt>
      <trkpt lat="44.07043" lon="7.04274">
        <ele>1453</ele>
        <time>2026-07-24T10:55:28+00:00</time>
      </trkpt>
      <trkpt lat="44.07013" lon="7.04228">
        <ele>1467</ele>
        <time>2026-07-24T10:55:31+00:00</time>
      </trkpt>
      <trkpt lat="44.06999" lon="7.0418">
        <ele>1468</ele>
        <time>2026-07-24T10:55:34+00:00</time>
      </trkpt>
      <trkpt lat="44.06984" lon="7.04132">
        <ele>1476</ele>
        <time>2026-07-24T10:55:37+00:00</time>
      </trkpt>
      <trkpt lat="44.0697" lon="7.04085">
        <ele>1484</ele>
        <time>2026-07-24T10:55:40+00:00</time>
      </trkpt>
      <trkpt lat="44.06951" lon="7.04022">
        <ele>1495</ele>
        <time>2026-07-24T10:55:43+00:00</time>
      </trkpt>
      <trkpt lat="44.06934" lon="7.04">
        <ele>1509</ele>
        <time>2026-07-24T10:55:46+00:00</time>
      </trkpt>
      <trkpt lat="44.06932" lon="7.04022">
        <ele>1507</ele>
        <time>2026-07-24T10:55:49+00:00</time>
      </trkpt>
      <trkpt lat="44.06934" lon="7.04056">
        <ele>1508</ele>
        <time>2026-07-24T10:55:52+00:00</time>
      </trkpt>
      <trkpt lat="44.06912" lon="7.04031">
        <ele>1517</ele>
        <time>2026-07-24T10:55:55+00:00</time>
      </trkpt>
      <trkpt lat="44.0688" lon="7.03994">
        <ele>1526</ele>
        <time>2026-07-24T10:55:58+00:00</time>
      </trkpt>
      <trkpt lat="44.06873" lon="7.03959">
        <ele>1558</ele>
        <time>2026-07-24T10:56:01+00:00</time>
      </trkpt>
      <trkpt lat="44.06865" lon="7.03917">
        <ele>1558</ele>
        <time>2026-07-24T10:56:04+00:00</time>
      </trkpt>
      <trkpt lat="44.06871" lon="7.03882">
        <ele>1563</ele>
        <time>2026-07-24T10:56:07+00:00</time>
      </trkpt>
      <trkpt lat="44.06878" lon="7.03842">
        <ele>1563</ele>
        <time>2026-07-24T10:56:10+00:00</time>
      </trkpt>
      <trkpt lat="44.06867" lon="7.03803">
        <ele>1563</ele>
        <time>2026-07-24T10:56:13+00:00</time>
      </trkpt>
      <trkpt lat="44.0685" lon="7.03741">
        <ele>1574</ele>
        <time>2026-07-24T10:56:16+00:00</time>
      </trkpt>
      <trkpt lat="44.06837" lon="7.03764">
        <ele>1581</ele>
        <time>2026-07-24T10:56:19+00:00</time>
      </trkpt>
      <trkpt lat="44.06831" lon="7.03802">
        <ele>1584</ele>
        <time>2026-07-24T10:56:22+00:00</time>
      </trkpt>
      <trkpt lat="44.06822" lon="7.03852">
        <ele>1588</ele>
        <time>2026-07-24T10:56:25+00:00</time>
      </trkpt>
      <trkpt lat="44.06804" lon="7.03876">
        <ele>1620</ele>
        <time>2026-07-24T10:56:28+00:00</time>
      </trkpt>
      <trkpt lat="44.06784" lon="7.03902">
        <ele>1628</ele>
        <time>2026-07-24T10:56:31+00:00</time>
      </trkpt>
      <trkpt lat="44.0678" lon="7.03937">
        <ele>1626</ele>
        <time>2026-07-24T10:56:34+00:00</time>
      </trkpt>
      <trkpt lat="44.06775" lon="7.03979">
        <ele>1633</ele>
        <time>2026-07-24T10:56:37+00:00</time>
      </trkpt>
      <trkpt lat="44.06755" lon="7.04006">
        <ele>1640</ele>
        <time>2026-07-24T10:56:40+00:00</time>
      </trkpt>
      <trkpt lat="44.06728" lon="7.04041">
        <ele>1640</ele>
        <time>2026-07-24T10:56:43+00:00</time>
      </trkpt>
      <trkpt lat="44.0672" lon="7.04073">
        <ele>1641</ele>
        <time>2026-07-24T10:56:46+00:00</time>
      </trkpt>
      <trkpt lat="44.06713" lon="7.04106">
        <ele>1640</ele>
        <time>2026-07-24T10:56:49+00:00</time>
      </trkpt>
      <trkpt lat="44.06719" lon="7.04157">
        <ele>1649</ele>
        <time>2026-07-24T10:56:52+00:00</time>
      </trkpt>
      <trkpt lat="44.06702" lon="7.04157">
        <ele>1646</ele>
        <time>2026-07-24T10:56:55+00:00</time>
      </trkpt>
      <trkpt lat="44.06682" lon="7.04129">
        <ele>1658</ele>
        <time>2026-07-24T10:56:58+00:00</time>
      </trkpt>
      <trkpt lat="44.06662" lon="7.04101">
        <ele>1658</ele>
        <time>2026-07-24T10:57:01+00:00</time>
      </trkpt>
      <trkpt lat="44.06638" lon="7.04067">
        <ele>1674</ele>
        <time>2026-07-24T10:57:04+00:00</time>
      </trkpt>
      <trkpt lat="44.06614" lon="7.04039">
        <ele>1688</ele>
        <time>2026-07-24T10:57:07+00:00</time>
      </trkpt>
      <trkpt lat="44.0661" lon="7.04018">
        <ele>1697</ele>
        <time>2026-07-24T10:57:10+00:00</time>
      </trkpt>
      <trkpt lat="44.06612" lon="7.04009">
        <ele>1697</ele>
        <time>2026-07-24T10:57:13+00:00</time>
      </trkpt>
      <trkpt lat="44.06603" lon="7.04007">
        <ele>1697</ele>
        <time>2026-07-24T10:57:16+00:00</time>
      </trkpt>
      <trkpt lat="44.06597" lon="7.03975">
        <ele>1711</ele>
        <time>2026-07-24T10:57:19+00:00</time>
      </trkpt>
      <trkpt lat="44.06608" lon="7.03915">
        <ele>1714</ele>
        <time>2026-07-24T10:57:22+00:00</time>
      </trkpt>
      <trkpt lat="44.0658" lon="7.03957">
        <ele>1716</ele>
        <time>2026-07-24T10:57:25+00:00</time>
      </trkpt>
      <trkpt lat="44.06565" lon="7.03966">
        <ele>1708</ele>
        <time>2026-07-24T10:57:28+00:00</time>
      </trkpt>
      <trkpt lat="44.06547" lon="7.03959">
        <ele>1717</ele>
        <time>2026-07-24T10:57:31+00:00</time>
      </trkpt>
      <trkpt lat="44.06526" lon="7.03951">
        <ele>1717</ele>
        <time>2026-07-24T10:57:34+00:00</time>
      </trkpt>
      <trkpt lat="44.06503" lon="7.03931">
        <ele>1719</ele>
        <time>2026-07-24T10:57:37+00:00</time>
      </trkpt>
      <trkpt lat="44.06475" lon="7.03906">
        <ele>1728</ele>
        <time>2026-07-24T10:57:40+00:00</time>
      </trkpt>
      <trkpt lat="44.06436" lon="7.03897">
        <ele>1728</ele>
        <time>2026-07-24T10:57:43+00:00</time>
      </trkpt>
      <trkpt lat="44.06397" lon="7.03876">
        <ele>1730</ele>
        <time>2026-07-24T10:57:46+00:00</time>
      </trkpt>
      <trkpt lat="44.06365" lon="7.03904">
        <ele>1725</ele>
        <time>2026-07-24T10:57:49+00:00</time>
      </trkpt>
      <trkpt lat="44.06341" lon="7.03914">
        <ele>1727</ele>
        <time>2026-07-24T10:57:52+00:00</time>
      </trkpt>
      <trkpt lat="44.06314" lon="7.03925">
        <ele>1729</ele>
        <time>2026-07-24T10:57:55+00:00</time>
      </trkpt>
      <trkpt lat="44.06283" lon="7.03929">
        <ele>1729</ele>
        <time>2026-07-24T10:57:58+00:00</time>
      </trkpt>
      <trkpt lat="44.06232" lon="7.03936">
        <ele>1730</ele>
        <time>2026-07-24T10:58:01+00:00</time>
      </trkpt>
      <trkpt lat="44.06204" lon="7.0397">
        <ele>1733</ele>
        <time>2026-07-24T10:58:04+00:00</time>
      </trkpt>
      <trkpt lat="44.06193" lon="7.04">
        <ele>1736</ele>
        <time>2026-07-24T10:58:07+00:00</time>
      </trkpt>
      <trkpt lat="44.06193" lon="7.04044">
        <ele>1736</ele>
        <time>2026-07-24T10:58:10+00:00</time>
      </trkpt>
      <trkpt lat="44.06193" lon="7.04121">
        <ele>1736</ele>
        <time>2026-07-24T10:58:13+00:00</time>
      </trkpt>
      <trkpt lat="44.06188" lon="7.04154">
        <ele>1745</ele>
        <time>2026-07-24T10:58:16+00:00</time>
      </trkpt>
      <trkpt lat="44.06183" lon="7.04187">
        <ele>1745</ele>
        <time>2026-07-24T10:58:19+00:00</time>
      </trkpt>
      <trkpt lat="44.0617" lon="7.04228">
        <ele>1741</ele>
        <time>2026-07-24T10:58:22+00:00</time>
      </trkpt>
      <trkpt lat="44.06144" lon="7.04256">
        <ele>1741</ele>
        <time>2026-07-24T10:58:25+00:00</time>
      </trkpt>
      <trkpt lat="44.06141" lon="7.0429">
        <ele>1742</ele>
        <time>2026-07-24T10:58:28+00:00</time>
      </trkpt>
      <trkpt lat="44.06138" lon="7.04327">
        <ele>1741</ele>
        <time>2026-07-24T10:58:31+00:00</time>
      </trkpt>
      <trkpt lat="44.0613" lon="7.04361">
        <ele>1740</ele>
        <time>2026-07-24T10:58:34+00:00</time>
      </trkpt>
      <trkpt lat="44.06121" lon="7.04402">
        <ele>1740</ele>
        <time>2026-07-24T10:58:37+00:00</time>
      </trkpt>
      <trkpt lat="44.06123" lon="7.04417">
        <ele>1738</ele>
        <time>2026-07-24T10:58:40+00:00</time>
      </trkpt>
      <trkpt lat="44.06116" lon="7.04442">
        <ele>1740</ele>
        <time>2026-07-24T10:58:43+00:00</time>
      </trkpt>
      <trkpt lat="44.0611" lon="7.04449">
        <ele>1740</ele>
        <time>2026-07-24T10:58:46+00:00</time>
      </trkpt>
      <trkpt lat="44.06093" lon="7.0447">
        <ele>1738</ele>
        <time>2026-07-24T10:58:49+00:00</time>
      </trkpt>
      <trkpt lat="44.06071" lon="7.04503">
        <ele>1738</ele>
        <time>2026-07-24T10:58:52+00:00</time>
      </trkpt>
      <trkpt lat="44.06071" lon="7.04528">
        <ele>1739</ele>
        <time>2026-07-24T10:58:55+00:00</time>
      </trkpt>
      <trkpt lat="44.06078" lon="7.04565">
        <ele>1733</ele>
        <time>2026-07-24T10:58:58+00:00</time>
      </trkpt>
      <trkpt lat="44.06085" lon="7.04602">
        <ele>1729</ele>
        <time>2026-07-24T10:59:01+00:00</time>
      </trkpt>
      <trkpt lat="44.06093" lon="7.04646">
        <ele>1722</ele>
        <time>2026-07-24T10:59:04+00:00</time>
      </trkpt>
      <trkpt lat="44.0609" lon="7.04683">
        <ele>1716</ele>
        <time>2026-07-24T10:59:07+00:00</time>
      </trkpt>
      <trkpt lat="44.06082" lon="7.04711">
        <ele>1711</ele>
        <time>2026-07-24T10:59:10+00:00</time>
      </trkpt>
      <trkpt lat="44.0608" lon="7.04726">
        <ele>1711</ele>
        <time>2026-07-24T10:59:13+00:00</time>
      </trkpt>
      <trkpt lat="44.06054" lon="7.04751">
        <ele>1711</ele>
        <time>2026-07-24T10:59:16+00:00</time>
      </trkpt>
      <trkpt lat="44.06022" lon="7.04775">
        <ele>1715</ele>
        <time>2026-07-24T10:59:19+00:00</time>
      </trkpt>
      <trkpt lat="44.05996" lon="7.04805">
        <ele>1729</ele>
        <time>2026-07-24T10:59:22+00:00</time>
      </trkpt>
      <trkpt lat="44.06009" lon="7.04852">
        <ele>1744</ele>
        <time>2026-07-24T10:59:25+00:00</time>
      </trkpt>
      <trkpt lat="44.06022" lon="7.04898">
        <ele>1746</ele>
        <time>2026-07-24T10:59:28+00:00</time>
      </trkpt>
      <trkpt lat="44.06045" lon="7.04983">
        <ele>1769</ele>
        <time>2026-07-24T10:59:31+00:00</time>
      </trkpt>
      <trkpt lat="44.06069" lon="7.05035">
        <ele>1769</ele>
        <time>2026-07-24T10:59:34+00:00</time>
      </trkpt>
      <trkpt lat="44.06075" lon="7.05068">
        <ele>1776</ele>
        <time>2026-07-24T10:59:37+00:00</time>
      </trkpt>
      <trkpt lat="44.06082" lon="7.05103">
        <ele>1778</ele>
        <time>2026-07-24T10:59:40+00:00</time>
      </trkpt>
      <trkpt lat="44.06106" lon="7.05135">
        <ele>1780</ele>
        <time>2026-07-24T10:59:43+00:00</time>
      </trkpt>
      <trkpt lat="44.0613" lon="7.05167">
        <ele>1780</ele>
        <time>2026-07-24T10:59:46+00:00</time>
      </trkpt>
      <trkpt lat="44.06159" lon="7.05204">
        <ele>1791</ele>
        <time>2026-07-24T10:59:49+00:00</time>
      </trkpt>
      <trkpt lat="44.06185" lon="7.0523">
        <ele>1794</ele>
        <time>2026-07-24T10:59:52+00:00</time>
      </trkpt>
      <trkpt lat="44.06206" lon="7.05264">
        <ele>1802</ele>
        <time>2026-07-24T10:59:55+00:00</time>
      </trkpt>
      <trkpt lat="44.06211" lon="7.05266">
        <ele>1801</ele>
        <time>2026-07-24T10:59:58+00:00</time>
      </trkpt>
      <trkpt lat="44.0623" lon="7.05286">
        <ele>1805</ele>
        <time>2026-07-24T11:00:01+00:00</time>
      </trkpt>
      <trkpt lat="44.06234" lon="7.05296">
        <ele>1811</ele>
        <time>2026-07-24T11:00:04+00:00</time>
      </trkpt>
      <trkpt lat="44.06245" lon="7.05299">
        <ele>1808</ele>
        <time>2026-07-24T11:00:07+00:00</time>
      </trkpt>
      <trkpt lat="44.06263" lon="7.05322">
        <ele>1812</ele>
        <time>2026-07-24T11:00:10+00:00</time>
      </trkpt>
      <trkpt lat="44.06284" lon="7.05348">
        <ele>1816</ele>
        <time>2026-07-24T11:00:13+00:00</time>
      </trkpt>
      <trkpt lat="44.06303" lon="7.05357">
        <ele>1824</ele>
        <time>2026-07-24T11:00:16+00:00</time>
      </trkpt>
      <trkpt lat="44.0632" lon="7.05372">
        <ele>1825</ele>
        <time>2026-07-24T11:00:19+00:00</time>
      </trkpt>
      <trkpt lat="44.06333" lon="7.05395">
        <ele>1828</ele>
        <time>2026-07-24T11:00:22+00:00</time>
      </trkpt>
      <trkpt lat="44.06344" lon="7.05441">
        <ele>1834</ele>
        <time>2026-07-24T11:00:25+00:00</time>
      </trkpt>
      <trkpt lat="44.06355" lon="7.05488">
        <ele>1834</ele>
        <time>2026-07-24T11:00:28+00:00</time>
      </trkpt>
      <trkpt lat="44.06372" lon="7.0556">
        <ele>1845</ele>
        <time>2026-07-24T11:00:31+00:00</time>
      </trkpt>
      <trkpt lat="44.06367" lon="7.05603">
        <ele>1852</ele>
        <time>2026-07-24T11:00:34+00:00</time>
      </trkpt>
      <trkpt lat="44.06359" lon="7.05676">
        <ele>1861</ele>
        <time>2026-07-24T11:00:37+00:00</time>
      </trkpt>
      <trkpt lat="44.0636" lon="7.05714">
        <ele>1862</ele>
        <time>2026-07-24T11:00:40+00:00</time>
      </trkpt>
      <trkpt lat="44.06361" lon="7.05762">
        <ele>1862</ele>
        <time>2026-07-24T11:00:43+00:00</time>
      </trkpt>
      <trkpt lat="44.06354" lon="7.05796">
        <ele>1861</ele>
        <time>2026-07-24T11:00:46+00:00</time>
      </trkpt>
      <trkpt lat="44.0635" lon="7.05848">
        <ele>1859</ele>
        <time>2026-07-24T11:00:49+00:00</time>
      </trkpt>
      <trkpt lat="44.06342" lon="7.05912">
        <ele>1857</ele>
        <time>2026-07-24T11:00:52+00:00</time>
      </trkpt>
      <trkpt lat="44.06339" lon="7.05946">
        <ele>1852</ele>
        <time>2026-07-24T11:00:55+00:00</time>
      </trkpt>
      <trkpt lat="44.06337" lon="7.05981">
        <ele>1846</ele>
        <time>2026-07-24T11:00:58+00:00</time>
      </trkpt>
      <trkpt lat="44.06323" lon="7.06029">
        <ele>1841</ele>
        <time>2026-07-24T11:01:01+00:00</time>
      </trkpt>
      <trkpt lat="44.06309" lon="7.06078">
        <ele>1841</ele>
        <time>2026-07-24T11:01:04+00:00</time>
      </trkpt>
      <trkpt lat="44.06294" lon="7.06127">
        <ele>1841</ele>
        <time>2026-07-24T11:01:07+00:00</time>
      </trkpt>
      <trkpt lat="44.06273" lon="7.062">
        <ele>1838</ele>
        <time>2026-07-24T11:01:10+00:00</time>
      </trkpt>
      <trkpt lat="44.06269" lon="7.06237">
        <ele>1836</ele>
        <time>2026-07-24T11:01:13+00:00</time>
      </trkpt>
      <trkpt lat="44.06264" lon="7.06284">
        <ele>1829</ele>
        <time>2026-07-24T11:01:16+00:00</time>
      </trkpt>
      <trkpt lat="44.06251" lon="7.06339">
        <ele>1825</ele>
        <time>2026-07-24T11:01:19+00:00</time>
      </trkpt>
      <trkpt lat="44.06247" lon="7.06386">
        <ele>1822</ele>
        <time>2026-07-24T11:01:22+00:00</time>
      </trkpt>
      <trkpt lat="44.06243" lon="7.06433">
        <ele>1822</ele>
        <time>2026-07-24T11:01:25+00:00</time>
      </trkpt>
      <trkpt lat="44.06236" lon="7.06498">
        <ele>1821</ele>
        <time>2026-07-24T11:01:28+00:00</time>
      </trkpt>
      <trkpt lat="44.06227" lon="7.06535">
        <ele>1821</ele>
        <time>2026-07-24T11:01:31+00:00</time>
      </trkpt>
      <trkpt lat="44.06215" lon="7.06584">
        <ele>1812</ele>
        <time>2026-07-24T11:01:34+00:00</time>
      </trkpt>
      <trkpt lat="44.06203" lon="7.06624">
        <ele>1812</ele>
        <time>2026-07-24T11:01:37+00:00</time>
      </trkpt>
      <trkpt lat="44.06183" lon="7.06693">
        <ele>1803</ele>
        <time>2026-07-24T11:01:40+00:00</time>
      </trkpt>
      <trkpt lat="44.06166" lon="7.06711">
        <ele>1796</ele>
        <time>2026-07-24T11:01:43+00:00</time>
      </trkpt>
      <trkpt lat="44.06146" lon="7.06749">
        <ele>1787</ele>
        <time>2026-07-24T11:01:46+00:00</time>
      </trkpt>
      <trkpt lat="44.06116" lon="7.06773">
        <ele>1778</ele>
        <time>2026-07-24T11:01:49+00:00</time>
      </trkpt>
      <trkpt lat="44.0608" lon="7.06788">
        <ele>1776</ele>
        <time>2026-07-24T11:01:52+00:00</time>
      </trkpt>
      <trkpt lat="44.0606" lon="7.06805">
        <ele>1769</ele>
        <time>2026-07-24T11:01:55+00:00</time>
      </trkpt>
      <trkpt lat="44.06045" lon="7.06809">
        <ele>1773</ele>
        <time>2026-07-24T11:01:58+00:00</time>
      </trkpt>
      <trkpt lat="44.06028" lon="7.0682">
        <ele>1769</ele>
        <time>2026-07-24T11:02:01+00:00</time>
      </trkpt>
      <trkpt lat="44.06007" lon="7.06833">
        <ele>1769</ele>
        <time>2026-07-24T11:02:04+00:00</time>
      </trkpt>
      <trkpt lat="44.05976" lon="7.0681">
        <ele>1767</ele>
        <time>2026-07-24T11:02:07+00:00</time>
      </trkpt>
      <trkpt lat="44.05946" lon="7.06788">
        <ele>1766</ele>
        <time>2026-07-24T11:02:10+00:00</time>
      </trkpt>
      <trkpt lat="44.05899" lon="7.06753">
        <ele>1763</ele>
        <time>2026-07-24T11:02:13+00:00</time>
      </trkpt>
      <trkpt lat="44.05878" lon="7.06726">
        <ele>1759</ele>
        <time>2026-07-24T11:02:16+00:00</time>
      </trkpt>
      <trkpt lat="44.05848" lon="7.06687">
        <ele>1755</ele>
        <time>2026-07-24T11:02:19+00:00</time>
      </trkpt>
      <trkpt lat="44.05827" lon="7.06667">
        <ele>1755</ele>
        <time>2026-07-24T11:02:22+00:00</time>
      </trkpt>
      <trkpt lat="44.05805" lon="7.06646">
        <ele>1752</ele>
        <time>2026-07-24T11:02:25+00:00</time>
      </trkpt>
      <trkpt lat="44.05786" lon="7.06623">
        <ele>1751</ele>
        <time>2026-07-24T11:02:28+00:00</time>
      </trkpt>
      <trkpt lat="44.05766" lon="7.06599">
        <ele>1751</ele>
        <time>2026-07-24T11:02:31+00:00</time>
      </trkpt>
      <trkpt lat="44.0573" lon="7.06582">
        <ele>1746</ele>
        <time>2026-07-24T11:02:34+00:00</time>
      </trkpt>
      <trkpt lat="44.05704" lon="7.06583">
        <ele>1745</ele>
        <time>2026-07-24T11:02:37+00:00</time>
      </trkpt>
      <trkpt lat="44.05674" lon="7.06584">
        <ele>1745</ele>
        <time>2026-07-24T11:02:40+00:00</time>
      </trkpt>
      <trkpt lat="44.05643" lon="7.06569">
        <ele>1743</ele>
        <time>2026-07-24T11:02:43+00:00</time>
      </trkpt>
      <trkpt lat="44.05611" lon="7.06554">
        <ele>1743</ele>
        <time>2026-07-24T11:02:46+00:00</time>
      </trkpt>
      <trkpt lat="44.05573" lon="7.06537">
        <ele>1740</ele>
        <time>2026-07-24T11:02:49+00:00</time>
      </trkpt>
      <trkpt lat="44.05533" lon="7.06567">
        <ele>1738</ele>
        <time>2026-07-24T11:02:52+00:00</time>
      </trkpt>
      <trkpt lat="44.05497" lon="7.06574">
        <ele>1737</ele>
        <time>2026-07-24T11:02:55+00:00</time>
      </trkpt>
      <trkpt lat="44.05462" lon="7.06581">
        <ele>1736</ele>
        <time>2026-07-24T11:02:58+00:00</time>
      </trkpt>
      <trkpt lat="44.05397" lon="7.06595">
        <ele>1736</ele>
        <time>2026-07-24T11:03:01+00:00</time>
      </trkpt>
      <trkpt lat="44.05372" lon="7.0661">
        <ele>1733</ele>
        <time>2026-07-24T11:03:04+00:00</time>
      </trkpt>
      <trkpt lat="44.05337" lon="7.06631">
        <ele>1732</ele>
        <time>2026-07-24T11:03:07+00:00</time>
      </trkpt>
      <trkpt lat="44.05312" lon="7.06644">
        <ele>1732</ele>
        <time>2026-07-24T11:03:10+00:00</time>
      </trkpt>
      <trkpt lat="44.05288" lon="7.06627">
        <ele>1733</ele>
        <time>2026-07-24T11:03:13+00:00</time>
      </trkpt>
      <trkpt lat="44.0526" lon="7.06608">
        <ele>1733</ele>
        <time>2026-07-24T11:03:16+00:00</time>
      </trkpt>
      <trkpt lat="44.0524" lon="7.06633">
        <ele>1733</ele>
        <time>2026-07-24T11:03:19+00:00</time>
      </trkpt>
      <trkpt lat="44.05213" lon="7.06665">
        <ele>1734</ele>
        <time>2026-07-24T11:03:22+00:00</time>
      </trkpt>
      <trkpt lat="44.0519" lon="7.06687">
        <ele>1731</ele>
        <time>2026-07-24T11:03:25+00:00</time>
      </trkpt>
      <trkpt lat="44.05159" lon="7.06715">
        <ele>1729</ele>
        <time>2026-07-24T11:03:28+00:00</time>
      </trkpt>
      <trkpt lat="44.05131" lon="7.06714">
        <ele>1729</ele>
        <time>2026-07-24T11:03:31+00:00</time>
      </trkpt>
      <trkpt lat="44.05091" lon="7.06713">
        <ele>1724</ele>
        <time>2026-07-24T11:03:34+00:00</time>
      </trkpt>
      <trkpt lat="44.05055" lon="7.06717">
        <ele>1718</ele>
        <time>2026-07-24T11:03:37+00:00</time>
      </trkpt>
      <trkpt lat="44.05019" lon="7.06721">
        <ele>1713</ele>
        <time>2026-07-24T11:03:40+00:00</time>
      </trkpt>
      <trkpt lat="44.04955" lon="7.06728">
        <ele>1700</ele>
        <time>2026-07-24T11:03:43+00:00</time>
      </trkpt>
      <trkpt lat="44.04936" lon="7.06721">
        <ele>1700</ele>
        <time>2026-07-24T11:03:46+00:00</time>
      </trkpt>
      <trkpt lat="44.049" lon="7.06732">
        <ele>1698</ele>
        <time>2026-07-24T11:03:49+00:00</time>
      </trkpt>
      <trkpt lat="44.04876" lon="7.0673">
        <ele>1696</ele>
        <time>2026-07-24T11:03:52+00:00</time>
      </trkpt>
      <trkpt lat="44.04849" lon="7.06735">
        <ele>1690</ele>
        <time>2026-07-24T11:03:55+00:00</time>
      </trkpt>
      <trkpt lat="44.04816" lon="7.06741">
        <ele>1680</ele>
        <time>2026-07-24T11:03:58+00:00</time>
      </trkpt>
      <trkpt lat="44.0479" lon="7.06743">
        <ele>1678</ele>
        <time>2026-07-24T11:04:01+00:00</time>
      </trkpt>
      <trkpt lat="44.0476" lon="7.06745">
        <ele>1677</ele>
        <time>2026-07-24T11:04:04+00:00</time>
      </trkpt>
      <trkpt lat="44.0473" lon="7.06711">
        <ele>1676</ele>
        <time>2026-07-24T11:04:07+00:00</time>
      </trkpt>
      <trkpt lat="44.04717" lon="7.0673">
        <ele>1676</ele>
        <time>2026-07-24T11:04:10+00:00</time>
      </trkpt>
      <trkpt lat="44.04698" lon="7.06738">
        <ele>1674</ele>
        <time>2026-07-24T11:04:13+00:00</time>
      </trkpt>
      <trkpt lat="44.04669" lon="7.06744">
        <ele>1665</ele>
        <time>2026-07-24T11:04:16+00:00</time>
      </trkpt>
      <trkpt lat="44.04627" lon="7.06751">
        <ele>1661</ele>
        <time>2026-07-24T11:04:19+00:00</time>
      </trkpt>
      <trkpt lat="44.046" lon="7.06752">
        <ele>1657</ele>
        <time>2026-07-24T11:04:22+00:00</time>
      </trkpt>
      <trkpt lat="44.04565" lon="7.06753">
        <ele>1657</ele>
        <time>2026-07-24T11:04:25+00:00</time>
      </trkpt>
      <trkpt lat="44.0454" lon="7.06761">
        <ele>1650</ele>
        <time>2026-07-24T11:04:28+00:00</time>
      </trkpt>
      <trkpt lat="44.04513" lon="7.06769">
        <ele>1643</ele>
        <time>2026-07-24T11:04:31+00:00</time>
      </trkpt>
      <trkpt lat="44.04482" lon="7.06769">
        <ele>1641</ele>
        <time>2026-07-24T11:04:34+00:00</time>
      </trkpt>
      <trkpt lat="44.04423" lon="7.06769">
        <ele>1635</ele>
        <time>2026-07-24T11:04:37+00:00</time>
      </trkpt>
      <trkpt lat="44.04393" lon="7.06756">
        <ele>1631</ele>
        <time>2026-07-24T11:04:40+00:00</time>
      </trkpt>
      <trkpt lat="44.04337" lon="7.06732">
        <ele>1629</ele>
        <time>2026-07-24T11:04:43+00:00</time>
      </trkpt>
      <trkpt lat="44.04305" lon="7.06715">
        <ele>1628</ele>
        <time>2026-07-24T11:04:46+00:00</time>
      </trkpt>
      <trkpt lat="44.04271" lon="7.0671">
        <ele>1622</ele>
        <time>2026-07-24T11:04:49+00:00</time>
      </trkpt>
      <trkpt lat="44.04237" lon="7.06705">
        <ele>1616</ele>
        <time>2026-07-24T11:04:52+00:00</time>
      </trkpt>
      <trkpt lat="44.04189" lon="7.06698">
        <ele>1604</ele>
        <time>2026-07-24T11:04:55+00:00</time>
      </trkpt>
      <trkpt lat="44.04149" lon="7.06702">
        <ele>1599</ele>
        <time>2026-07-24T11:04:58+00:00</time>
      </trkpt>
      <trkpt lat="44.04119" lon="7.06716">
        <ele>1589</ele>
        <time>2026-07-24T11:05:01+00:00</time>
      </trkpt>
      <trkpt lat="44.04065" lon="7.06743">
        <ele>1585</ele>
        <time>2026-07-24T11:05:04+00:00</time>
      </trkpt>
      <trkpt lat="44.04035" lon="7.06748">
        <ele>1581</ele>
        <time>2026-07-24T11:05:07+00:00</time>
      </trkpt>
      <trkpt lat="44.03988" lon="7.06756">
        <ele>1579</ele>
        <time>2026-07-24T11:05:10+00:00</time>
      </trkpt>
      <trkpt lat="44.03958" lon="7.06779">
        <ele>1564</ele>
        <time>2026-07-24T11:05:13+00:00</time>
      </trkpt>
      <trkpt lat="44.03917" lon="7.06781">
        <ele>1562</ele>
        <time>2026-07-24T11:05:16+00:00</time>
      </trkpt>
      <trkpt lat="44.03897" lon="7.06792">
        <ele>1560</ele>
        <time>2026-07-24T11:05:19+00:00</time>
      </trkpt>
      <trkpt lat="44.03873" lon="7.06789">
        <ele>1558</ele>
        <time>2026-07-24T11:05:22+00:00</time>
      </trkpt>
      <trkpt lat="44.03848" lon="7.06786">
        <ele>1550</ele>
        <time>2026-07-24T11:05:25+00:00</time>
      </trkpt>
      <trkpt lat="44.03842" lon="7.06775">
        <ele>1550</ele>
        <time>2026-07-24T11:05:28+00:00</time>
      </trkpt>
      <trkpt lat="44.03822" lon="7.06775">
        <ele>1550</ele>
        <time>2026-07-24T11:05:31+00:00</time>
      </trkpt>
      <trkpt lat="44.03801" lon="7.06775">
        <ele>1550</ele>
        <time>2026-07-24T11:05:34+00:00</time>
      </trkpt>
      <trkpt lat="44.03775" lon="7.06749">
        <ele>1550</ele>
        <time>2026-07-24T11:05:37+00:00</time>
      </trkpt>
      <trkpt lat="44.03756" lon="7.06745">
        <ele>1550</ele>
        <time>2026-07-24T11:05:40+00:00</time>
      </trkpt>
      <trkpt lat="44.03711" lon="7.06721">
        <ele>1543</ele>
        <time>2026-07-24T11:05:43+00:00</time>
      </trkpt>
      <trkpt lat="44.03679" lon="7.06713">
        <ele>1538</ele>
        <time>2026-07-24T11:05:46+00:00</time>
      </trkpt>
      <trkpt lat="44.03649" lon="7.06717">
        <ele>1534</ele>
        <time>2026-07-24T11:05:49+00:00</time>
      </trkpt>
      <trkpt lat="44.03621" lon="7.06702">
        <ele>1531</ele>
        <time>2026-07-24T11:05:52+00:00</time>
      </trkpt>
      <trkpt lat="44.03608" lon="7.06723">
        <ele>1533</ele>
        <time>2026-07-24T11:05:55+00:00</time>
      </trkpt>
      <trkpt lat="44.03612" lon="7.06732">
        <ele>1529</ele>
        <time>2026-07-24T11:05:58+00:00</time>
      </trkpt>
      <trkpt lat="44.03601" lon="7.06762">
        <ele>1531</ele>
        <time>2026-07-24T11:06:01+00:00</time>
      </trkpt>
      <trkpt lat="44.03578" lon="7.06771">
        <ele>1530</ele>
        <time>2026-07-24T11:06:04+00:00</time>
      </trkpt>
      <trkpt lat="44.03567" lon="7.06771">
        <ele>1523</ele>
        <time>2026-07-24T11:06:07+00:00</time>
      </trkpt>
      <trkpt lat="44.03543" lon="7.06745">
        <ele>1510</ele>
        <time>2026-07-24T11:06:10+00:00</time>
      </trkpt>
      <trkpt lat="44.03522" lon="7.06734">
        <ele>1509</ele>
        <time>2026-07-24T11:06:13+00:00</time>
      </trkpt>
      <trkpt lat="44.03509" lon="7.06743">
        <ele>1508</ele>
        <time>2026-07-24T11:06:16+00:00</time>
      </trkpt>
      <trkpt lat="44.03501" lon="7.06743">
        <ele>1508</ele>
        <time>2026-07-24T11:06:19+00:00</time>
      </trkpt>
      <trkpt lat="44.03492" lon="7.06728">
        <ele>1501</ele>
        <time>2026-07-24T11:06:22+00:00</time>
      </trkpt>
      <trkpt lat="44.03475" lon="7.06728">
        <ele>1501</ele>
        <time>2026-07-24T11:06:25+00:00</time>
      </trkpt>
      <trkpt lat="44.03455" lon="7.06702">
        <ele>1492</ele>
        <time>2026-07-24T11:06:28+00:00</time>
      </trkpt>
      <trkpt lat="44.03432" lon="7.06702">
        <ele>1491</ele>
        <time>2026-07-24T11:06:31+00:00</time>
      </trkpt>
      <trkpt lat="44.03417" lon="7.06691">
        <ele>1491</ele>
        <time>2026-07-24T11:06:34+00:00</time>
      </trkpt>
      <trkpt lat="44.03404" lon="7.06689">
        <ele>1493</ele>
        <time>2026-07-24T11:06:37+00:00</time>
      </trkpt>
      <trkpt lat="44.03389" lon="7.06702">
        <ele>1489</ele>
        <time>2026-07-24T11:06:40+00:00</time>
      </trkpt>
      <trkpt lat="44.03363" lon="7.06711">
        <ele>1487</ele>
        <time>2026-07-24T11:06:43+00:00</time>
      </trkpt>
      <trkpt lat="44.0334" lon="7.06702">
        <ele>1482</ele>
        <time>2026-07-24T11:06:46+00:00</time>
      </trkpt>
      <trkpt lat="44.03303" lon="7.06676">
        <ele>1471</ele>
        <time>2026-07-24T11:06:49+00:00</time>
      </trkpt>
      <trkpt lat="44.03275" lon="7.0667">
        <ele>1470</ele>
        <time>2026-07-24T11:06:52+00:00</time>
      </trkpt>
      <trkpt lat="44.03258" lon="7.06674">
        <ele>1459</ele>
        <time>2026-07-24T11:06:55+00:00</time>
      </trkpt>
      <trkpt lat="44.03243" lon="7.067">
        <ele>1469</ele>
        <time>2026-07-24T11:06:58+00:00</time>
      </trkpt>
      <trkpt lat="44.03224" lon="7.06704">
        <ele>1468</ele>
        <time>2026-07-24T11:07:01+00:00</time>
      </trkpt>
      <trkpt lat="44.03197" lon="7.067">
        <ele>1467</ele>
        <time>2026-07-24T11:07:04+00:00</time>
      </trkpt>
      <trkpt lat="44.03164" lon="7.06695">
        <ele>1461</ele>
        <time>2026-07-24T11:07:07+00:00</time>
      </trkpt>
      <trkpt lat="44.03142" lon="7.06706">
        <ele>1460</ele>
        <time>2026-07-24T11:07:10+00:00</time>
      </trkpt>
      <trkpt lat="44.03127" lon="7.06719">
        <ele>1467</ele>
        <time>2026-07-24T11:07:13+00:00</time>
      </trkpt>
      <trkpt lat="44.03099" lon="7.06721">
        <ele>1460</ele>
        <time>2026-07-24T11:07:16+00:00</time>
      </trkpt>
      <trkpt lat="44.03076" lon="7.06715">
        <ele>1460</ele>
        <time>2026-07-24T11:07:19+00:00</time>
      </trkpt>
      <trkpt lat="44.03046" lon="7.06717">
        <ele>1458</ele>
        <time>2026-07-24T11:07:22+00:00</time>
      </trkpt>
      <trkpt lat="44.03035" lon="7.06723">
        <ele>1441</ele>
        <time>2026-07-24T11:07:25+00:00</time>
      </trkpt>
      <trkpt lat="44.03016" lon="7.06745">
        <ele>1456</ele>
        <time>2026-07-24T11:07:28+00:00</time>
      </trkpt>
      <trkpt lat="44.02998" lon="7.0676">
        <ele>1456</ele>
        <time>2026-07-24T11:07:31+00:00</time>
      </trkpt>
      <trkpt lat="44.02986" lon="7.06764">
        <ele>1456</ele>
        <time>2026-07-24T11:07:34+00:00</time>
      </trkpt>
      <trkpt lat="44.02964" lon="7.06753">
        <ele>1456</ele>
        <time>2026-07-24T11:07:37+00:00</time>
      </trkpt>
      <trkpt lat="44.02934" lon="7.06736">
        <ele>1451</ele>
        <time>2026-07-24T11:07:40+00:00</time>
      </trkpt>
      <trkpt lat="44.02895" lon="7.06734">
        <ele>1451</ele>
        <time>2026-07-24T11:07:43+00:00</time>
      </trkpt>
      <trkpt lat="44.02863" lon="7.06743">
        <ele>1446</ele>
        <time>2026-07-24T11:07:46+00:00</time>
      </trkpt>
      <trkpt lat="44.02839" lon="7.06757">
        <ele>1447</ele>
        <time>2026-07-24T11:07:49+00:00</time>
      </trkpt>
      <trkpt lat="44.0281" lon="7.06775">
        <ele>1444</ele>
        <time>2026-07-24T11:07:52+00:00</time>
      </trkpt>
      <trkpt lat="44.0278" lon="7.06788">
        <ele>1441</ele>
        <time>2026-07-24T11:07:55+00:00</time>
      </trkpt>
      <trkpt lat="44.02732" lon="7.0679">
        <ele>1430</ele>
        <time>2026-07-24T11:07:58+00:00</time>
      </trkpt>
      <trkpt lat="44.02707" lon="7.06796">
        <ele>1431</ele>
        <time>2026-07-24T11:08:01+00:00</time>
      </trkpt>
      <trkpt lat="44.02677" lon="7.06803">
        <ele>1433</ele>
        <time>2026-07-24T11:08:04+00:00</time>
      </trkpt>
      <trkpt lat="44.02638" lon="7.06822">
        <ele>1436</ele>
        <time>2026-07-24T11:08:07+00:00</time>
      </trkpt>
      <trkpt lat="44.02609" lon="7.06833">
        <ele>1433</ele>
        <time>2026-07-24T11:08:10+00:00</time>
      </trkpt>
      <trkpt lat="44.02561" lon="7.0685">
        <ele>1432</ele>
        <time>2026-07-24T11:08:13+00:00</time>
      </trkpt>
      <trkpt lat="44.02552" lon="7.06848">
        <ele>1430</ele>
        <time>2026-07-24T11:08:16+00:00</time>
      </trkpt>
      <trkpt lat="44.02552" lon="7.06841">
        <ele>1430</ele>
        <time>2026-07-24T11:08:19+00:00</time>
      </trkpt>
      <trkpt lat="44.02544" lon="7.06831">
        <ele>1431</ele>
        <time>2026-07-24T11:08:22+00:00</time>
      </trkpt>
      <trkpt lat="44.02535" lon="7.06829">
        <ele>1431</ele>
        <time>2026-07-24T11:08:25+00:00</time>
      </trkpt>
      <trkpt lat="44.02526" lon="7.06835">
        <ele>1431</ele>
        <time>2026-07-24T11:08:28+00:00</time>
      </trkpt>
      <trkpt lat="44.0251" lon="7.06837">
        <ele>1431</ele>
        <time>2026-07-24T11:08:31+00:00</time>
      </trkpt>
      <trkpt lat="44.02492" lon="7.06839">
        <ele>1431</ele>
        <time>2026-07-24T11:08:34+00:00</time>
      </trkpt>
      <trkpt lat="44.02486" lon="7.06833">
        <ele>1427</ele>
        <time>2026-07-24T11:08:37+00:00</time>
      </trkpt>
      <trkpt lat="44.02479" lon="7.06816">
        <ele>1432</ele>
        <time>2026-07-24T11:08:40+00:00</time>
      </trkpt>
      <trkpt lat="44.02462" lon="7.06807">
        <ele>1432</ele>
        <time>2026-07-24T11:08:43+00:00</time>
      </trkpt>
      <trkpt lat="44.02451" lon="7.06786">
        <ele>1432</ele>
        <time>2026-07-24T11:08:46+00:00</time>
      </trkpt>
      <trkpt lat="44.02438" lon="7.0676">
        <ele>1434</ele>
        <time>2026-07-24T11:08:49+00:00</time>
      </trkpt>
      <trkpt lat="44.02418" lon="7.06734">
        <ele>1436</ele>
        <time>2026-07-24T11:08:52+00:00</time>
      </trkpt>
      <trkpt lat="44.02389" lon="7.06698">
        <ele>1434</ele>
        <time>2026-07-24T11:08:55+00:00</time>
      </trkpt>
      <trkpt lat="44.02359" lon="7.06683">
        <ele>1432</ele>
        <time>2026-07-24T11:08:58+00:00</time>
      </trkpt>
      <trkpt lat="44.02341" lon="7.06641">
        <ele>1431</ele>
        <time>2026-07-24T11:09:01+00:00</time>
      </trkpt>
      <trkpt lat="44.02322" lon="7.06599">
        <ele>1431</ele>
        <time>2026-07-24T11:09:04+00:00</time>
      </trkpt>
      <trkpt lat="44.02292" lon="7.0653">
        <ele>1425</ele>
        <time>2026-07-24T11:09:07+00:00</time>
      </trkpt>
      <trkpt lat="44.02273" lon="7.06499">
        <ele>1423</ele>
        <time>2026-07-24T11:09:10+00:00</time>
      </trkpt>
      <trkpt lat="44.02243" lon="7.06451">
        <ele>1423</ele>
        <time>2026-07-24T11:09:13+00:00</time>
      </trkpt>
      <trkpt lat="44.02224" lon="7.06428">
        <ele>1423</ele>
        <time>2026-07-24T11:09:16+00:00</time>
      </trkpt>
      <trkpt lat="44.02202" lon="7.06404">
        <ele>1420</ele>
        <time>2026-07-24T11:09:19+00:00</time>
      </trkpt>
      <trkpt lat="44.02181" lon="7.06397">
        <ele>1419</ele>
        <time>2026-07-24T11:09:22+00:00</time>
      </trkpt>
      <trkpt lat="44.02174" lon="7.06361">
        <ele>1418</ele>
        <time>2026-07-24T11:09:25+00:00</time>
      </trkpt>
      <trkpt lat="44.02149" lon="7.06334">
        <ele>1415</ele>
        <time>2026-07-24T11:09:28+00:00</time>
      </trkpt>
      <trkpt lat="44.02123" lon="7.06306">
        <ele>1415</ele>
        <time>2026-07-24T11:09:31+00:00</time>
      </trkpt>
      <trkpt lat="44.02097" lon="7.06279">
        <ele>1416</ele>
        <time>2026-07-24T11:09:34+00:00</time>
      </trkpt>
      <trkpt lat="44.02097" lon="7.06262">
        <ele>1424</ele>
        <time>2026-07-24T11:09:37+00:00</time>
      </trkpt>
      <trkpt lat="44.02081" lon="7.06245">
        <ele>1418</ele>
        <time>2026-07-24T11:09:40+00:00</time>
      </trkpt>
      <trkpt lat="44.02063" lon="7.06226">
        <ele>1413</ele>
        <time>2026-07-24T11:09:43+00:00</time>
      </trkpt>
      <trkpt lat="44.02036" lon="7.06223">
        <ele>1409</ele>
        <time>2026-07-24T11:09:46+00:00</time>
      </trkpt>
      <trkpt lat="44.02003" lon="7.06219">
        <ele>1409</ele>
        <time>2026-07-24T11:09:49+00:00</time>
      </trkpt>
      <trkpt lat="44.01981" lon="7.06176">
        <ele>1406</ele>
        <time>2026-07-24T11:09:52+00:00</time>
      </trkpt>
      <trkpt lat="44.01958" lon="7.06161">
        <ele>1412</ele>
        <time>2026-07-24T11:09:55+00:00</time>
      </trkpt>
      <trkpt lat="44.01953" lon="7.06116">
        <ele>1413</ele>
        <time>2026-07-24T11:09:58+00:00</time>
      </trkpt>
      <trkpt lat="44.01938" lon="7.0609">
        <ele>1414</ele>
        <time>2026-07-24T11:10:01+00:00</time>
      </trkpt>
      <trkpt lat="44.01921" lon="7.06063">
        <ele>1423</ele>
        <time>2026-07-24T11:10:04+00:00</time>
      </trkpt>
      <trkpt lat="44.019" lon="7.06045">
        <ele>1422</ele>
        <time>2026-07-24T11:10:07+00:00</time>
      </trkpt>
      <trkpt lat="44.01878" lon="7.06026">
        <ele>1422</ele>
        <time>2026-07-24T11:10:10+00:00</time>
      </trkpt>
      <trkpt lat="44.01872" lon="7.05981">
        <ele>1437</ele>
        <time>2026-07-24T11:10:13+00:00</time>
      </trkpt>
      <trkpt lat="44.01848" lon="7.05951">
        <ele>1438</ele>
        <time>2026-07-24T11:10:16+00:00</time>
      </trkpt>
      <trkpt lat="44.01801" lon="7.05893">
        <ele>1449</ele>
        <time>2026-07-24T11:10:19+00:00</time>
      </trkpt>
      <trkpt lat="44.01782" lon="7.05889">
        <ele>1451</ele>
        <time>2026-07-24T11:10:22+00:00</time>
      </trkpt>
      <trkpt lat="44.01767" lon="7.05848">
        <ele>1452</ele>
        <time>2026-07-24T11:10:25+00:00</time>
      </trkpt>
      <trkpt lat="44.01747" lon="7.05865">
        <ele>1452</ele>
        <time>2026-07-24T11:10:28+00:00</time>
      </trkpt>
      <trkpt lat="44.01728" lon="7.05872">
        <ele>1452</ele>
        <time>2026-07-24T11:10:31+00:00</time>
      </trkpt>
      <trkpt lat="44.01715" lon="7.05878">
        <ele>1452</ele>
        <time>2026-07-24T11:10:34+00:00</time>
      </trkpt>
      <trkpt lat="44.01695" lon="7.05879">
        <ele>1453</ele>
        <time>2026-07-24T11:10:37+00:00</time>
      </trkpt>
      <trkpt lat="44.0167" lon="7.0588">
        <ele>1456</ele>
        <time>2026-07-24T11:10:40+00:00</time>
      </trkpt>
      <trkpt lat="44.01623" lon="7.05891">
        <ele>1457</ele>
        <time>2026-07-24T11:10:43+00:00</time>
      </trkpt>
      <trkpt lat="44.01582" lon="7.05884">
        <ele>1459</ele>
        <time>2026-07-24T11:10:46+00:00</time>
      </trkpt>
      <trkpt lat="44.01557" lon="7.05901">
        <ele>1460</ele>
        <time>2026-07-24T11:10:49+00:00</time>
      </trkpt>
      <trkpt lat="44.01524" lon="7.05923">
        <ele>1462</ele>
        <time>2026-07-24T11:10:52+00:00</time>
      </trkpt>
      <trkpt lat="44.01505" lon="7.05953">
        <ele>1465</ele>
        <time>2026-07-24T11:10:55+00:00</time>
      </trkpt>
      <trkpt lat="44.01466" lon="7.05979">
        <ele>1463</ele>
        <time>2026-07-24T11:10:58+00:00</time>
      </trkpt>
      <trkpt lat="44.01432" lon="7.0602">
        <ele>1466</ele>
        <time>2026-07-24T11:11:01+00:00</time>
      </trkpt>
      <trkpt lat="44.01404" lon="7.06028">
        <ele>1470</ele>
        <time>2026-07-24T11:11:04+00:00</time>
      </trkpt>
      <trkpt lat="44.01363" lon="7.06041">
        <ele>1470</ele>
        <time>2026-07-24T11:11:07+00:00</time>
      </trkpt>
      <trkpt lat="44.01346" lon="7.06058">
        <ele>1481</ele>
        <time>2026-07-24T11:11:10+00:00</time>
      </trkpt>
      <trkpt lat="44.01322" lon="7.06073">
        <ele>1488</ele>
        <time>2026-07-24T11:11:13+00:00</time>
      </trkpt>
      <trkpt lat="44.01293" lon="7.0609">
        <ele>1489</ele>
        <time>2026-07-24T11:11:16+00:00</time>
      </trkpt>
      <trkpt lat="44.01256" lon="7.06105">
        <ele>1492</ele>
        <time>2026-07-24T11:11:19+00:00</time>
      </trkpt>
      <trkpt lat="44.01215" lon="7.06129">
        <ele>1497</ele>
        <time>2026-07-24T11:11:22+00:00</time>
      </trkpt>
      <trkpt lat="44.01199" lon="7.06155">
        <ele>1493</ele>
        <time>2026-07-24T11:11:25+00:00</time>
      </trkpt>
      <trkpt lat="44.01183" lon="7.06183">
        <ele>1495</ele>
        <time>2026-07-24T11:11:28+00:00</time>
      </trkpt>
      <trkpt lat="44.01177" lon="7.0623">
        <ele>1498</ele>
        <time>2026-07-24T11:11:31+00:00</time>
      </trkpt>
      <trkpt lat="44.01177" lon="7.06249">
        <ele>1504</ele>
        <time>2026-07-24T11:11:34+00:00</time>
      </trkpt>
      <trkpt lat="44.01162" lon="7.06269">
        <ele>1504</ele>
        <time>2026-07-24T11:11:37+00:00</time>
      </trkpt>
      <trkpt lat="44.0114" lon="7.06289">
        <ele>1506</ele>
        <time>2026-07-24T11:11:40+00:00</time>
      </trkpt>
      <trkpt lat="44.01117" lon="7.06311">
        <ele>1518</ele>
        <time>2026-07-24T11:11:43+00:00</time>
      </trkpt>
      <trkpt lat="44.01099" lon="7.06318">
        <ele>1520</ele>
        <time>2026-07-24T11:11:46+00:00</time>
      </trkpt>
      <trkpt lat="44.01087" lon="7.06339">
        <ele>1525</ele>
        <time>2026-07-24T11:11:49+00:00</time>
      </trkpt>
      <trkpt lat="44.01074" lon="7.06333">
        <ele>1536</ele>
        <time>2026-07-24T11:11:52+00:00</time>
      </trkpt>
      <trkpt lat="44.01063" lon="7.06339">
        <ele>1533</ele>
        <time>2026-07-24T11:11:55+00:00</time>
      </trkpt>
      <trkpt lat="44.01039" lon="7.06345">
        <ele>1538</ele>
        <time>2026-07-24T11:11:58+00:00</time>
      </trkpt>
      <trkpt lat="44.01014" lon="7.0635">
        <ele>1541</ele>
        <time>2026-07-24T11:12:01+00:00</time>
      </trkpt>
      <trkpt lat="44.00992" lon="7.06367">
        <ele>1541</ele>
        <time>2026-07-24T11:12:04+00:00</time>
      </trkpt>
      <trkpt lat="44.00969" lon="7.06384">
        <ele>1541</ele>
        <time>2026-07-24T11:12:07+00:00</time>
      </trkpt>
      <trkpt lat="44.00962" lon="7.06408">
        <ele>1540</ele>
        <time>2026-07-24T11:12:10+00:00</time>
      </trkpt>
      <trkpt lat="44.00951" lon="7.06432">
        <ele>1541</ele>
        <time>2026-07-24T11:12:13+00:00</time>
      </trkpt>
      <trkpt lat="44.00917" lon="7.06474">
        <ele>1546</ele>
        <time>2026-07-24T11:12:16+00:00</time>
      </trkpt>
      <trkpt lat="44.00899" lon="7.06509">
        <ele>1558</ele>
        <time>2026-07-24T11:12:19+00:00</time>
      </trkpt>
      <trkpt lat="44.0087" lon="7.06567">
        <ele>1567</ele>
        <time>2026-07-24T11:12:22+00:00</time>
      </trkpt>
      <trkpt lat="44.00846" lon="7.06605">
        <ele>1586</ele>
        <time>2026-07-24T11:12:25+00:00</time>
      </trkpt>
      <trkpt lat="44.00814" lon="7.06646">
        <ele>1598</ele>
        <time>2026-07-24T11:12:28+00:00</time>
      </trkpt>
      <trkpt lat="44.00797" lon="7.06674">
        <ele>1604</ele>
        <time>2026-07-24T11:12:31+00:00</time>
      </trkpt>
      <trkpt lat="44.00775" lon="7.06708">
        <ele>1606</ele>
        <time>2026-07-24T11:12:34+00:00</time>
      </trkpt>
      <trkpt lat="44.00754" lon="7.06734">
        <ele>1621</ele>
        <time>2026-07-24T11:12:37+00:00</time>
      </trkpt>
      <trkpt lat="44.0072" lon="7.0676">
        <ele>1629</ele>
        <time>2026-07-24T11:12:40+00:00</time>
      </trkpt>
      <trkpt lat="44.00709" lon="7.06779">
        <ele>1635</ele>
        <time>2026-07-24T11:12:43+00:00</time>
      </trkpt>
      <trkpt lat="44.00691" lon="7.0679">
        <ele>1635</ele>
        <time>2026-07-24T11:12:46+00:00</time>
      </trkpt>
      <trkpt lat="44.00668" lon="7.06805">
        <ele>1646</ele>
        <time>2026-07-24T11:12:49+00:00</time>
      </trkpt>
      <trkpt lat="44.00638" lon="7.0685">
        <ele>1648</ele>
        <time>2026-07-24T11:12:52+00:00</time>
      </trkpt>
      <trkpt lat="44.00622" lon="7.06885">
        <ele>1657</ele>
        <time>2026-07-24T11:12:55+00:00</time>
      </trkpt>
      <trkpt lat="44.00595" lon="7.0694">
        <ele>1672</ele>
        <time>2026-07-24T11:12:58+00:00</time>
      </trkpt>
      <trkpt lat="44.00583" lon="7.06981">
        <ele>1673</ele>
        <time>2026-07-24T11:13:01+00:00</time>
      </trkpt>
      <trkpt lat="44.00559" lon="7.07062">
        <ele>1676</ele>
        <time>2026-07-24T11:13:04+00:00</time>
      </trkpt>
      <trkpt lat="44.00552" lon="7.07101">
        <ele>1679</ele>
        <time>2026-07-24T11:13:07+00:00</time>
      </trkpt>
      <trkpt lat="44.00526" lon="7.07128">
        <ele>1687</ele>
        <time>2026-07-24T11:13:10+00:00</time>
      </trkpt>
      <trkpt lat="44.005" lon="7.07156">
        <ele>1687</ele>
        <time>2026-07-24T11:13:13+00:00</time>
      </trkpt>
      <trkpt lat="44.00473" lon="7.07185">
        <ele>1687</ele>
        <time>2026-07-24T11:13:16+00:00</time>
      </trkpt>
      <trkpt lat="44.00437" lon="7.0719">
        <ele>1693</ele>
        <time>2026-07-24T11:13:19+00:00</time>
      </trkpt>
      <trkpt lat="44.00401" lon="7.07196">
        <ele>1699</ele>
        <time>2026-07-24T11:13:22+00:00</time>
      </trkpt>
      <trkpt lat="44.00333" lon="7.07206">
        <ele>1694</ele>
        <time>2026-07-24T11:13:25+00:00</time>
      </trkpt>
      <trkpt lat="44.00308" lon="7.07215">
        <ele>1692</ele>
        <time>2026-07-24T11:13:28+00:00</time>
      </trkpt>
      <trkpt lat="44.0028" lon="7.07225">
        <ele>1691</ele>
        <time>2026-07-24T11:13:31+00:00</time>
      </trkpt>
      <trkpt lat="44.00254" lon="7.07241">
        <ele>1691</ele>
        <time>2026-07-24T11:13:34+00:00</time>
      </trkpt>
      <trkpt lat="44.0022" lon="7.07262">
        <ele>1688</ele>
        <time>2026-07-24T11:13:37+00:00</time>
      </trkpt>
      <trkpt lat="44.00224" lon="7.07281">
        <ele>1686</ele>
        <time>2026-07-24T11:13:40+00:00</time>
      </trkpt>
      <trkpt lat="44.00205" lon="7.07303">
        <ele>1686</ele>
        <time>2026-07-24T11:13:43+00:00</time>
      </trkpt>
      <trkpt lat="44.00172" lon="7.07339">
        <ele>1684</ele>
        <time>2026-07-24T11:13:46+00:00</time>
      </trkpt>
      <trkpt lat="44.00147" lon="7.07346">
        <ele>1682</ele>
        <time>2026-07-24T11:13:49+00:00</time>
      </trkpt>
      <trkpt lat="44.00119" lon="7.07354">
        <ele>1674</ele>
        <time>2026-07-24T11:13:52+00:00</time>
      </trkpt>
      <trkpt lat="44.00093" lon="7.07354">
        <ele>1671</ele>
        <time>2026-07-24T11:13:55+00:00</time>
      </trkpt>
      <trkpt lat="44.00065" lon="7.07369">
        <ele>1668</ele>
        <time>2026-07-24T11:13:58+00:00</time>
      </trkpt>
      <trkpt lat="44.00031" lon="7.07395">
        <ele>1656</ele>
        <time>2026-07-24T11:14:01+00:00</time>
      </trkpt>
      <trkpt lat="44.00012" lon="7.07391">
        <ele>1654</ele>
        <time>2026-07-24T11:14:04+00:00</time>
      </trkpt>
      <trkpt lat="43.99994" lon="7.07378">
        <ele>1652</ele>
        <time>2026-07-24T11:14:07+00:00</time>
      </trkpt>
      <trkpt lat="43.99988" lon="7.07378">
        <ele>1652</ele>
        <time>2026-07-24T11:14:10+00:00</time>
      </trkpt>
      <trkpt lat="43.99969" lon="7.07365">
        <ele>1652</ele>
        <time>2026-07-24T11:14:13+00:00</time>
      </trkpt>
      <trkpt lat="43.99945" lon="7.07361">
        <ele>1635</ele>
        <time>2026-07-24T11:14:16+00:00</time>
      </trkpt>
      <trkpt lat="43.99918" lon="7.0735">
        <ele>1630</ele>
        <time>2026-07-24T11:14:19+00:00</time>
      </trkpt>
      <trkpt lat="43.99881" lon="7.07335">
        <ele>1631</ele>
        <time>2026-07-24T11:14:22+00:00</time>
      </trkpt>
      <trkpt lat="43.99876" lon="7.07337">
        <ele>1632</ele>
        <time>2026-07-24T11:14:25+00:00</time>
      </trkpt>
      <trkpt lat="43.99836" lon="7.07326">
        <ele>1630</ele>
        <time>2026-07-24T11:14:28+00:00</time>
      </trkpt>
      <trkpt lat="43.99808" lon="7.07309">
        <ele>1630</ele>
        <time>2026-07-24T11:14:31+00:00</time>
      </trkpt>
      <trkpt lat="43.99788" lon="7.07307">
        <ele>1638</ele>
        <time>2026-07-24T11:14:34+00:00</time>
      </trkpt>
      <trkpt lat="43.99775" lon="7.07299">
        <ele>1630</ele>
        <time>2026-07-24T11:14:37+00:00</time>
      </trkpt>
      <trkpt lat="43.9976" lon="7.0729">
        <ele>1642</ele>
        <time>2026-07-24T11:14:40+00:00</time>
      </trkpt>
      <trkpt lat="43.99735" lon="7.07283">
        <ele>1652</ele>
        <time>2026-07-24T11:14:43+00:00</time>
      </trkpt>
      <trkpt lat="43.99707" lon="7.07275">
        <ele>1651</ele>
        <time>2026-07-24T11:14:46+00:00</time>
      </trkpt>
      <trkpt lat="43.99683" lon="7.07262">
        <ele>1651</ele>
        <time>2026-07-24T11:14:49+00:00</time>
      </trkpt>
      <trkpt lat="43.99662" lon="7.07271">
        <ele>1660</ele>
        <time>2026-07-24T11:14:52+00:00</time>
      </trkpt>
      <trkpt lat="43.99653" lon="7.07271">
        <ele>1669</ele>
        <time>2026-07-24T11:14:55+00:00</time>
      </trkpt>
      <trkpt lat="43.99649" lon="7.07277">
        <ele>1669</ele>
        <time>2026-07-24T11:14:58+00:00</time>
      </trkpt>
      <trkpt lat="43.99627" lon="7.07249">
        <ele>1664</ele>
        <time>2026-07-24T11:15:01+00:00</time>
      </trkpt>
      <trkpt lat="43.99627" lon="7.07262">
        <ele>1677</ele>
        <time>2026-07-24T11:15:04+00:00</time>
      </trkpt>
      <trkpt lat="43.99638" lon="7.07292">
        <ele>1669</ele>
        <time>2026-07-24T11:15:07+00:00</time>
      </trkpt>
      <trkpt lat="43.9966" lon="7.07316">
        <ele>1676</ele>
        <time>2026-07-24T11:15:10+00:00</time>
      </trkpt>
      <trkpt lat="43.99685" lon="7.07367">
        <ele>1675</ele>
        <time>2026-07-24T11:15:13+00:00</time>
      </trkpt>
      <trkpt lat="43.99692" lon="7.07406">
        <ele>1675</ele>
        <time>2026-07-24T11:15:16+00:00</time>
      </trkpt>
      <trkpt lat="43.99668" lon="7.07416">
        <ele>1688</ele>
        <time>2026-07-24T11:15:19+00:00</time>
      </trkpt>
      <trkpt lat="43.99636" lon="7.07412">
        <ele>1703</ele>
        <time>2026-07-24T11:15:22+00:00</time>
      </trkpt>
      <trkpt lat="43.99634" lon="7.07419">
        <ele>1703</ele>
        <time>2026-07-24T11:15:25+00:00</time>
      </trkpt>
      <trkpt lat="43.99605" lon="7.07398">
        <ele>1709</ele>
        <time>2026-07-24T11:15:28+00:00</time>
      </trkpt>
      <trkpt lat="43.99575" lon="7.07377">
        <ele>1717</ele>
        <time>2026-07-24T11:15:31+00:00</time>
      </trkpt>
      <trkpt lat="43.99533" lon="7.07348">
        <ele>1713</ele>
        <time>2026-07-24T11:15:34+00:00</time>
      </trkpt>
      <trkpt lat="43.99522" lon="7.07346">
        <ele>1719</ele>
        <time>2026-07-24T11:15:37+00:00</time>
      </trkpt>
      <trkpt lat="43.99518" lon="7.07352">
        <ele>1709</ele>
        <time>2026-07-24T11:15:40+00:00</time>
      </trkpt>
      <trkpt lat="43.99507" lon="7.07373">
        <ele>1713</ele>
        <time>2026-07-24T11:15:43+00:00</time>
      </trkpt>
      <trkpt lat="43.99494" lon="7.07397">
        <ele>1713</ele>
        <time>2026-07-24T11:15:46+00:00</time>
      </trkpt>
      <trkpt lat="43.99494" lon="7.07449">
        <ele>1713</ele>
        <time>2026-07-24T11:15:49+00:00</time>
      </trkpt>
      <trkpt lat="43.9949" lon="7.07464">
        <ele>1728</ele>
        <time>2026-07-24T11:15:52+00:00</time>
      </trkpt>
      <trkpt lat="43.99466" lon="7.07468">
        <ele>1713</ele>
        <time>2026-07-24T11:15:55+00:00</time>
      </trkpt>
      <trkpt lat="43.99445" lon="7.07479">
        <ele>1701</ele>
        <time>2026-07-24T11:15:58+00:00</time>
      </trkpt>
      <trkpt lat="43.99439" lon="7.075">
        <ele>1693</ele>
        <time>2026-07-24T11:16:01+00:00</time>
      </trkpt>
      <trkpt lat="43.99439" lon="7.07531">
        <ele>1700</ele>
        <time>2026-07-24T11:16:04+00:00</time>
      </trkpt>
      <trkpt lat="43.99439" lon="7.07577">
        <ele>1699</ele>
        <time>2026-07-24T11:16:07+00:00</time>
      </trkpt>
      <trkpt lat="43.99428" lon="7.07595">
        <ele>1699</ele>
        <time>2026-07-24T11:16:10+00:00</time>
      </trkpt>
      <trkpt lat="43.9943" lon="7.07614">
        <ele>1697</ele>
        <time>2026-07-24T11:16:13+00:00</time>
      </trkpt>
      <trkpt lat="43.99422" lon="7.07649">
        <ele>1697</ele>
        <time>2026-07-24T11:16:16+00:00</time>
      </trkpt>
      <trkpt lat="43.99413" lon="7.07691">
        <ele>1694</ele>
        <time>2026-07-24T11:16:19+00:00</time>
      </trkpt>
      <trkpt lat="43.99406" lon="7.07738">
        <ele>1697</ele>
        <time>2026-07-24T11:16:22+00:00</time>
      </trkpt>
      <trkpt lat="43.9941" lon="7.07776">
        <ele>1688</ele>
        <time>2026-07-24T11:16:25+00:00</time>
      </trkpt>
      <trkpt lat="43.99415" lon="7.07824">
        <ele>1679</ele>
        <time>2026-07-24T11:16:28+00:00</time>
      </trkpt>
      <trkpt lat="43.99409" lon="7.07864">
        <ele>1680</ele>
        <time>2026-07-24T11:16:31+00:00</time>
      </trkpt>
      <trkpt lat="43.994" lon="7.07923">
        <ele>1676</ele>
        <time>2026-07-24T11:16:34+00:00</time>
      </trkpt>
      <trkpt lat="43.99387" lon="7.07923">
        <ele>1681</ele>
        <time>2026-07-24T11:16:37+00:00</time>
      </trkpt>
      <trkpt lat="43.99385" lon="7.07901">
        <ele>1672</ele>
        <time>2026-07-24T11:16:40+00:00</time>
      </trkpt>
      <trkpt lat="43.99387" lon="7.07874">
        <ele>1669</ele>
        <time>2026-07-24T11:16:43+00:00</time>
      </trkpt>
      <trkpt lat="43.99383" lon="7.07841">
        <ele>1666</ele>
        <time>2026-07-24T11:16:46+00:00</time>
      </trkpt>
      <trkpt lat="43.99366" lon="7.07805">
        <ele>1655</ele>
        <time>2026-07-24T11:16:49+00:00</time>
      </trkpt>
      <trkpt lat="43.99336" lon="7.07738">
        <ele>1652</ele>
        <time>2026-07-24T11:16:52+00:00</time>
      </trkpt>
      <trkpt lat="43.99331" lon="7.07762">
        <ele>1650</ele>
        <time>2026-07-24T11:16:55+00:00</time>
      </trkpt>
      <trkpt lat="43.99332" lon="7.0779">
        <ele>1646</ele>
        <time>2026-07-24T11:16:58+00:00</time>
      </trkpt>
      <trkpt lat="43.99333" lon="7.07829">
        <ele>1645</ele>
        <time>2026-07-24T11:17:01+00:00</time>
      </trkpt>
      <trkpt lat="43.99327" lon="7.07829">
        <ele>1645</ele>
        <time>2026-07-24T11:17:04+00:00</time>
      </trkpt>
      <trkpt lat="43.99321" lon="7.07816">
        <ele>1644</ele>
        <time>2026-07-24T11:17:07+00:00</time>
      </trkpt>
      <trkpt lat="43.99302" lon="7.07809">
        <ele>1632</ele>
        <time>2026-07-24T11:17:10+00:00</time>
      </trkpt>
      <trkpt lat="43.99278" lon="7.07801">
        <ele>1616</ele>
        <time>2026-07-24T11:17:13+00:00</time>
      </trkpt>
      <trkpt lat="43.99239" lon="7.07833">
        <ele>1603</ele>
        <time>2026-07-24T11:17:16+00:00</time>
      </trkpt>
      <trkpt lat="43.99215" lon="7.07831">
        <ele>1603</ele>
        <time>2026-07-24T11:17:19+00:00</time>
      </trkpt>
      <trkpt lat="43.99205" lon="7.07833">
        <ele>1592</ele>
        <time>2026-07-24T11:17:22+00:00</time>
      </trkpt>
      <trkpt lat="43.99188" lon="7.07845">
        <ele>1594</ele>
        <time>2026-07-24T11:17:25+00:00</time>
      </trkpt>
      <trkpt lat="43.9917" lon="7.07859">
        <ele>1586</ele>
        <time>2026-07-24T11:17:28+00:00</time>
      </trkpt>
      <trkpt lat="43.99147" lon="7.07886">
        <ele>1585</ele>
        <time>2026-07-24T11:17:31+00:00</time>
      </trkpt>
      <trkpt lat="43.99142" lon="7.07897">
        <ele>1585</ele>
        <time>2026-07-24T11:17:34+00:00</time>
      </trkpt>
      <trkpt lat="43.99134" lon="7.07904">
        <ele>1585</ele>
        <time>2026-07-24T11:17:37+00:00</time>
      </trkpt>
      <trkpt lat="43.99127" lon="7.07914">
        <ele>1585</ele>
        <time>2026-07-24T11:17:40+00:00</time>
      </trkpt>
      <trkpt lat="43.99119" lon="7.07923">
        <ele>1585</ele>
        <time>2026-07-24T11:17:43+00:00</time>
      </trkpt>
      <trkpt lat="43.991" lon="7.07933">
        <ele>1585</ele>
        <time>2026-07-24T11:17:46+00:00</time>
      </trkpt>
      <trkpt lat="43.9908" lon="7.07944">
        <ele>1588</ele>
        <time>2026-07-24T11:17:49+00:00</time>
      </trkpt>
      <trkpt lat="43.99104" lon="7.07964">
        <ele>1589</ele>
        <time>2026-07-24T11:17:52+00:00</time>
      </trkpt>
      <trkpt lat="43.99112" lon="7.07994">
        <ele>1590</ele>
        <time>2026-07-24T11:17:55+00:00</time>
      </trkpt>
      <trkpt lat="43.99134" lon="7.08034">
        <ele>1593</ele>
        <time>2026-07-24T11:17:58+00:00</time>
      </trkpt>
      <trkpt lat="43.99134" lon="7.0805">
        <ele>1599</ele>
        <time>2026-07-24T11:18:01+00:00</time>
      </trkpt>
      <trkpt lat="43.99142" lon="7.08065">
        <ele>1592</ele>
        <time>2026-07-24T11:18:04+00:00</time>
      </trkpt>
      <trkpt lat="43.99142" lon="7.08099">
        <ele>1591</ele>
        <time>2026-07-24T11:18:07+00:00</time>
      </trkpt>
      <trkpt lat="43.99155" lon="7.08129">
        <ele>1587</ele>
        <time>2026-07-24T11:18:10+00:00</time>
      </trkpt>
      <trkpt lat="43.99151" lon="7.08157">
        <ele>1590</ele>
        <time>2026-07-24T11:18:13+00:00</time>
      </trkpt>
      <trkpt lat="43.99168" lon="7.0818">
        <ele>1593</ele>
        <time>2026-07-24T11:18:16+00:00</time>
      </trkpt>
      <trkpt lat="43.99168" lon="7.08193">
        <ele>1595</ele>
        <time>2026-07-24T11:18:19+00:00</time>
      </trkpt>
      <trkpt lat="43.99179" lon="7.08217">
        <ele>1597</ele>
        <time>2026-07-24T11:18:22+00:00</time>
      </trkpt>
      <trkpt lat="43.99177" lon="7.08252">
        <ele>1601</ele>
        <time>2026-07-24T11:18:25+00:00</time>
      </trkpt>
      <trkpt lat="43.99175" lon="7.08292">
        <ele>1605</ele>
        <time>2026-07-24T11:18:28+00:00</time>
      </trkpt>
      <trkpt lat="43.99178" lon="7.08326">
        <ele>1608</ele>
        <time>2026-07-24T11:18:31+00:00</time>
      </trkpt>
      <trkpt lat="43.99181" lon="7.08361">
        <ele>1609</ele>
        <time>2026-07-24T11:18:34+00:00</time>
      </trkpt>
      <trkpt lat="43.9918" lon="7.08397">
        <ele>1608</ele>
        <time>2026-07-24T11:18:37+00:00</time>
      </trkpt>
      <trkpt lat="43.99179" lon="7.08438">
        <ele>1608</ele>
        <time>2026-07-24T11:18:40+00:00</time>
      </trkpt>
      <trkpt lat="43.99181" lon="7.08459">
        <ele>1605</ele>
        <time>2026-07-24T11:18:43+00:00</time>
      </trkpt>
      <trkpt lat="43.9919" lon="7.08482">
        <ele>1614</ele>
        <time>2026-07-24T11:18:46+00:00</time>
      </trkpt>
      <trkpt lat="43.992" lon="7.08507">
        <ele>1613</ele>
        <time>2026-07-24T11:18:49+00:00</time>
      </trkpt>
      <trkpt lat="43.99209" lon="7.08538">
        <ele>1616</ele>
        <time>2026-07-24T11:18:52+00:00</time>
      </trkpt>
      <trkpt lat="43.99218" lon="7.08571">
        <ele>1616</ele>
        <time>2026-07-24T11:18:55+00:00</time>
      </trkpt>
      <trkpt lat="43.99226" lon="7.08614">
        <ele>1617</ele>
        <time>2026-07-24T11:18:58+00:00</time>
      </trkpt>
      <trkpt lat="43.99227" lon="7.0865">
        <ele>1620</ele>
        <time>2026-07-24T11:19:01+00:00</time>
      </trkpt>
      <trkpt lat="43.99228" lon="7.08691">
        <ele>1632</ele>
        <time>2026-07-24T11:19:04+00:00</time>
      </trkpt>
      <trkpt lat="43.99241" lon="7.08704">
        <ele>1642</ele>
        <time>2026-07-24T11:19:07+00:00</time>
      </trkpt>
      <trkpt lat="43.99241" lon="7.08745">
        <ele>1639</ele>
        <time>2026-07-24T11:19:10+00:00</time>
      </trkpt>
      <trkpt lat="43.9923" lon="7.08794">
        <ele>1646</ele>
        <time>2026-07-24T11:19:13+00:00</time>
      </trkpt>
      <trkpt lat="43.9923" lon="7.08856">
        <ele>1664</ele>
        <time>2026-07-24T11:19:16+00:00</time>
      </trkpt>
      <trkpt lat="43.99215" lon="7.08899">
        <ele>1668</ele>
        <time>2026-07-24T11:19:19+00:00</time>
      </trkpt>
      <trkpt lat="43.99205" lon="7.08946">
        <ele>1684</ele>
        <time>2026-07-24T11:19:22+00:00</time>
      </trkpt>
      <trkpt lat="43.99173" lon="7.08951">
        <ele>1684</ele>
        <time>2026-07-24T11:19:25+00:00</time>
      </trkpt>
      <trkpt lat="43.9917" lon="7.08972">
        <ele>1693</ele>
        <time>2026-07-24T11:19:28+00:00</time>
      </trkpt>
      <trkpt lat="43.99162" lon="7.08985">
        <ele>1693</ele>
        <time>2026-07-24T11:19:31+00:00</time>
      </trkpt>
      <trkpt lat="43.99164" lon="7.08994">
        <ele>1703</ele>
        <time>2026-07-24T11:19:34+00:00</time>
      </trkpt>
      <trkpt lat="43.99158" lon="7.09013">
        <ele>1695</ele>
        <time>2026-07-24T11:19:37+00:00</time>
      </trkpt>
      <trkpt lat="43.99155" lon="7.09079">
        <ele>1725</ele>
        <time>2026-07-24T11:19:40+00:00</time>
      </trkpt>
      <trkpt lat="43.99151" lon="7.09092">
        <ele>1725</ele>
        <time>2026-07-24T11:19:43+00:00</time>
      </trkpt>
      <trkpt lat="43.99139" lon="7.09119">
        <ele>1728</ele>
        <time>2026-07-24T11:19:46+00:00</time>
      </trkpt>
      <trkpt lat="43.99123" lon="7.09155">
        <ele>1731</ele>
        <time>2026-07-24T11:19:49+00:00</time>
      </trkpt>
      <trkpt lat="43.99112" lon="7.09185">
        <ele>1738</ele>
        <time>2026-07-24T11:19:52+00:00</time>
      </trkpt>
      <trkpt lat="43.99098" lon="7.09213">
        <ele>1747</ele>
        <time>2026-07-24T11:19:55+00:00</time>
      </trkpt>
      <trkpt lat="43.99082" lon="7.09243">
        <ele>1759</ele>
        <time>2026-07-24T11:19:58+00:00</time>
      </trkpt>
      <trkpt lat="43.99085" lon="7.09264">
        <ele>1759</ele>
        <time>2026-07-24T11:20:01+00:00</time>
      </trkpt>
      <trkpt lat="43.99085" lon="7.09289">
        <ele>1766</ele>
        <time>2026-07-24T11:20:04+00:00</time>
      </trkpt>
      <trkpt lat="43.99085" lon="7.09318">
        <ele>1772</ele>
        <time>2026-07-24T11:20:07+00:00</time>
      </trkpt>
      <trkpt lat="43.99074" lon="7.09333">
        <ele>1773</ele>
        <time>2026-07-24T11:20:10+00:00</time>
      </trkpt>
      <trkpt lat="43.99078" lon="7.0935">
        <ele>1773</ele>
        <time>2026-07-24T11:20:13+00:00</time>
      </trkpt>
      <trkpt lat="43.99091" lon="7.09352">
        <ele>1773</ele>
        <time>2026-07-24T11:20:16+00:00</time>
      </trkpt>
      <trkpt lat="43.9911" lon="7.09346">
        <ele>1779</ele>
        <time>2026-07-24T11:20:19+00:00</time>
      </trkpt>
      <trkpt lat="43.99132" lon="7.09339">
        <ele>1783</ele>
        <time>2026-07-24T11:20:22+00:00</time>
      </trkpt>
      <trkpt lat="43.99132" lon="7.09393">
        <ele>1778</ele>
        <time>2026-07-24T11:20:25+00:00</time>
      </trkpt>
      <trkpt lat="43.99118" lon="7.09425">
        <ele>1774</ele>
        <time>2026-07-24T11:20:28+00:00</time>
      </trkpt>
      <trkpt lat="43.991" lon="7.09468">
        <ele>1763</ele>
        <time>2026-07-24T11:20:31+00:00</time>
      </trkpt>
      <trkpt lat="43.99078" lon="7.09491">
        <ele>1758</ele>
        <time>2026-07-24T11:20:34+00:00</time>
      </trkpt>
      <trkpt lat="43.99065" lon="7.09526">
        <ele>1758</ele>
        <time>2026-07-24T11:20:37+00:00</time>
      </trkpt>
      <trkpt lat="43.99072" lon="7.09567">
        <ele>1741</ele>
        <time>2026-07-24T11:20:40+00:00</time>
      </trkpt>
      <trkpt lat="43.99067" lon="7.09616">
        <ele>1734</ele>
        <time>2026-07-24T11:20:43+00:00</time>
      </trkpt>
      <trkpt lat="43.9907" lon="7.09654">
        <ele>1725</ele>
        <time>2026-07-24T11:20:46+00:00</time>
      </trkpt>
      <trkpt lat="43.99074" lon="7.09702">
        <ele>1715</ele>
        <time>2026-07-24T11:20:49+00:00</time>
      </trkpt>
      <trkpt lat="43.99082" lon="7.09725">
        <ele>1707</ele>
        <time>2026-07-24T11:20:52+00:00</time>
      </trkpt>
      <trkpt lat="43.99085" lon="7.09772">
        <ele>1700</ele>
        <time>2026-07-24T11:20:55+00:00</time>
      </trkpt>
      <trkpt lat="43.99088" lon="7.09818">
        <ele>1696</ele>
        <time>2026-07-24T11:20:58+00:00</time>
      </trkpt>
      <trkpt lat="43.99091" lon="7.09865">
        <ele>1685</ele>
        <time>2026-07-24T11:21:01+00:00</time>
      </trkpt>
      <trkpt lat="43.99095" lon="7.09936">
        <ele>1674</ele>
        <time>2026-07-24T11:21:04+00:00</time>
      </trkpt>
      <trkpt lat="43.99068" lon="7.09943">
        <ele>1660</ele>
        <time>2026-07-24T11:21:07+00:00</time>
      </trkpt>
      <trkpt lat="43.99031" lon="7.09953">
        <ele>1651</ele>
        <time>2026-07-24T11:21:10+00:00</time>
      </trkpt>
      <trkpt lat="43.98992" lon="7.09959">
        <ele>1644</ele>
        <time>2026-07-24T11:21:13+00:00</time>
      </trkpt>
      <trkpt lat="43.98961" lon="7.0996">
        <ele>1636</ele>
        <time>2026-07-24T11:21:16+00:00</time>
      </trkpt>
      <trkpt lat="43.98904" lon="7.09961">
        <ele>1598</ele>
        <time>2026-07-24T11:21:19+00:00</time>
      </trkpt>
      <trkpt lat="43.98861" lon="7.09979">
        <ele>1594</ele>
        <time>2026-07-24T11:21:22+00:00</time>
      </trkpt>
      <trkpt lat="43.98833" lon="7.09979">
        <ele>1589</ele>
        <time>2026-07-24T11:21:25+00:00</time>
      </trkpt>
      <trkpt lat="43.98793" lon="7.09981">
        <ele>1577</ele>
        <time>2026-07-24T11:21:28+00:00</time>
      </trkpt>
      <trkpt lat="43.98776" lon="7.10004">
        <ele>1575</ele>
        <time>2026-07-24T11:21:31+00:00</time>
      </trkpt>
      <trkpt lat="43.98758" lon="7.1006">
        <ele>1556</ele>
        <time>2026-07-24T11:21:34+00:00</time>
      </trkpt>
      <trkpt lat="43.98739" lon="7.10097">
        <ele>1552</ele>
        <time>2026-07-24T11:21:37+00:00</time>
      </trkpt>
      <trkpt lat="43.98715" lon="7.10122">
        <ele>1548</ele>
        <time>2026-07-24T11:21:40+00:00</time>
      </trkpt>
      <trkpt lat="43.987" lon="7.10159">
        <ele>1539</ele>
        <time>2026-07-24T11:21:43+00:00</time>
      </trkpt>
      <trkpt lat="43.98675" lon="7.102">
        <ele>1526</ele>
        <time>2026-07-24T11:21:46+00:00</time>
      </trkpt>
      <trkpt lat="43.98649" lon="7.10232">
        <ele>1521</ele>
        <time>2026-07-24T11:21:49+00:00</time>
      </trkpt>
      <trkpt lat="43.98624" lon="7.10264">
        <ele>1525</ele>
        <time>2026-07-24T11:21:52+00:00</time>
      </trkpt>
      <trkpt lat="43.98587" lon="7.10311">
        <ele>1521</ele>
        <time>2026-07-24T11:21:55+00:00</time>
      </trkpt>
      <trkpt lat="43.98574" lon="7.10322">
        <ele>1534</ele>
        <time>2026-07-24T11:21:58+00:00</time>
      </trkpt>
      <trkpt lat="43.98565" lon="7.1032">
        <ele>1520</ele>
        <time>2026-07-24T11:22:01+00:00</time>
      </trkpt>
      <trkpt lat="43.98525" lon="7.1035">
        <ele>1519</ele>
        <time>2026-07-24T11:22:04+00:00</time>
      </trkpt>
      <trkpt lat="43.98497" lon="7.10362">
        <ele>1518</ele>
        <time>2026-07-24T11:22:07+00:00</time>
      </trkpt>
      <trkpt lat="43.98456" lon="7.1038">
        <ele>1500</ele>
        <time>2026-07-24T11:22:10+00:00</time>
      </trkpt>
      <trkpt lat="43.98441" lon="7.10393">
        <ele>1508</ele>
        <time>2026-07-24T11:22:13+00:00</time>
      </trkpt>
      <trkpt lat="43.98423" lon="7.10394">
        <ele>1500</ele>
        <time>2026-07-24T11:22:16+00:00</time>
      </trkpt>
      <trkpt lat="43.98402" lon="7.10395">
        <ele>1487</ele>
        <time>2026-07-24T11:22:19+00:00</time>
      </trkpt>
      <trkpt lat="43.98381" lon="7.10406">
        <ele>1487</ele>
        <time>2026-07-24T11:22:22+00:00</time>
      </trkpt>
      <trkpt lat="43.98376" lon="7.10403">
        <ele>1481</ele>
        <time>2026-07-24T11:22:25+00:00</time>
      </trkpt>
      <trkpt lat="43.98361" lon="7.10429">
        <ele>1487</ele>
        <time>2026-07-24T11:22:28+00:00</time>
      </trkpt>
      <trkpt lat="43.98334" lon="7.10457">
        <ele>1485</ele>
        <time>2026-07-24T11:22:31+00:00</time>
      </trkpt>
      <trkpt lat="43.98312" lon="7.10466">
        <ele>1477</ele>
        <time>2026-07-24T11:22:34+00:00</time>
      </trkpt>
      <trkpt lat="43.9828" lon="7.10496">
        <ele>1470</ele>
        <time>2026-07-24T11:22:37+00:00</time>
      </trkpt>
      <trkpt lat="43.98265" lon="7.10517">
        <ele>1470</ele>
        <time>2026-07-24T11:22:40+00:00</time>
      </trkpt>
      <trkpt lat="43.98254" lon="7.10545">
        <ele>1462</ele>
        <time>2026-07-24T11:22:43+00:00</time>
      </trkpt>
      <trkpt lat="43.98248" lon="7.10541">
        <ele>1471</ele>
        <time>2026-07-24T11:22:46+00:00</time>
      </trkpt>
      <trkpt lat="43.98224" lon="7.1056">
        <ele>1455</ele>
        <time>2026-07-24T11:22:49+00:00</time>
      </trkpt>
      <trkpt lat="43.98204" lon="7.10584">
        <ele>1439</ele>
        <time>2026-07-24T11:22:52+00:00</time>
      </trkpt>
      <trkpt lat="43.98181" lon="7.10611">
        <ele>1434</ele>
        <time>2026-07-24T11:22:55+00:00</time>
      </trkpt>
      <trkpt lat="43.98173" lon="7.10616">
        <ele>1434</ele>
        <time>2026-07-24T11:22:58+00:00</time>
      </trkpt>
      <trkpt lat="43.9816" lon="7.10648">
        <ele>1431</ele>
        <time>2026-07-24T11:23:01+00:00</time>
      </trkpt>
      <trkpt lat="43.98138" lon="7.10682">
        <ele>1429</ele>
        <time>2026-07-24T11:23:04+00:00</time>
      </trkpt>
      <trkpt lat="43.98125" lon="7.10714">
        <ele>1430</ele>
        <time>2026-07-24T11:23:07+00:00</time>
      </trkpt>
      <trkpt lat="43.98108" lon="7.10753">
        <ele>1429</ele>
        <time>2026-07-24T11:23:10+00:00</time>
      </trkpt>
      <trkpt lat="43.98104" lon="7.10775">
        <ele>1435</ele>
        <time>2026-07-24T11:23:13+00:00</time>
      </trkpt>
      <trkpt lat="43.98092" lon="7.10799">
        <ele>1429</ele>
        <time>2026-07-24T11:23:16+00:00</time>
      </trkpt>
      <trkpt lat="43.98076" lon="7.10833">
        <ele>1428</ele>
        <time>2026-07-24T11:23:19+00:00</time>
      </trkpt>
      <trkpt lat="43.98044" lon="7.10856">
        <ele>1416</ele>
        <time>2026-07-24T11:23:22+00:00</time>
      </trkpt>
      <trkpt lat="43.98016" lon="7.10869">
        <ele>1407</ele>
        <time>2026-07-24T11:23:25+00:00</time>
      </trkpt>
      <trkpt lat="43.97992" lon="7.1086">
        <ele>1407</ele>
        <time>2026-07-24T11:23:28+00:00</time>
      </trkpt>
      <trkpt lat="43.97971" lon="7.10867">
        <ele>1389</ele>
        <time>2026-07-24T11:23:31+00:00</time>
      </trkpt>
      <trkpt lat="43.97947" lon="7.10867">
        <ele>1377</ele>
        <time>2026-07-24T11:23:34+00:00</time>
      </trkpt>
      <trkpt lat="43.97906" lon="7.10858">
        <ele>1346</ele>
        <time>2026-07-24T11:23:37+00:00</time>
      </trkpt>
      <trkpt lat="43.97864" lon="7.10871">
        <ele>1346</ele>
        <time>2026-07-24T11:23:40+00:00</time>
      </trkpt>
      <trkpt lat="43.97836" lon="7.1087">
        <ele>1346</ele>
        <time>2026-07-24T11:23:43+00:00</time>
      </trkpt>
      <trkpt lat="43.97799" lon="7.10869">
        <ele>1344</ele>
        <time>2026-07-24T11:23:46+00:00</time>
      </trkpt>
      <trkpt lat="43.97768" lon="7.10873">
        <ele>1342</ele>
        <time>2026-07-24T11:23:49+00:00</time>
      </trkpt>
      <trkpt lat="43.97707" lon="7.1088">
        <ele>1326</ele>
        <time>2026-07-24T11:23:52+00:00</time>
      </trkpt>
      <trkpt lat="43.97698" lon="7.10893">
        <ele>1335</ele>
        <time>2026-07-24T11:23:55+00:00</time>
      </trkpt>
      <trkpt lat="43.97681" lon="7.10897">
        <ele>1322</ele>
        <time>2026-07-24T11:23:58+00:00</time>
      </trkpt>
      <trkpt lat="43.97649" lon="7.10925">
        <ele>1322</ele>
        <time>2026-07-24T11:24:01+00:00</time>
      </trkpt>
      <trkpt lat="43.97615" lon="7.10946">
        <ele>1321</ele>
        <time>2026-07-24T11:24:04+00:00</time>
      </trkpt>
      <trkpt lat="43.97587" lon="7.10959">
        <ele>1320</ele>
        <time>2026-07-24T11:24:07+00:00</time>
      </trkpt>
      <trkpt lat="43.97567" lon="7.10957">
        <ele>1310</ele>
        <time>2026-07-24T11:24:10+00:00</time>
      </trkpt>
      <trkpt lat="43.97555" lon="7.10966">
        <ele>1306</ele>
        <time>2026-07-24T11:24:13+00:00</time>
      </trkpt>
      <trkpt lat="43.97546" lon="7.10961">
        <ele>1293</ele>
        <time>2026-07-24T11:24:16+00:00</time>
      </trkpt>
      <trkpt lat="43.97542" lon="7.10968">
        <ele>1293</ele>
        <time>2026-07-24T11:24:19+00:00</time>
      </trkpt>
      <trkpt lat="43.97537" lon="7.10963">
        <ele>1303</ele>
        <time>2026-07-24T11:24:22+00:00</time>
      </trkpt>
      <trkpt lat="43.97542" lon="7.10944">
        <ele>1299</ele>
        <time>2026-07-24T11:24:25+00:00</time>
      </trkpt>
      <trkpt lat="43.97533" lon="7.10938">
        <ele>1301</ele>
        <time>2026-07-24T11:24:28+00:00</time>
      </trkpt>
      <trkpt lat="43.97514" lon="7.1097">
        <ele>1289</ele>
        <time>2026-07-24T11:24:31+00:00</time>
      </trkpt>
      <trkpt lat="43.97514" lon="7.10957">
        <ele>1278</ele>
        <time>2026-07-24T11:24:34+00:00</time>
      </trkpt>
      <trkpt lat="43.97512" lon="7.10959">
        <ele>1278</ele>
        <time>2026-07-24T11:24:37+00:00</time>
      </trkpt>
      <trkpt lat="43.97514" lon="7.10946">
        <ele>1278</ele>
        <time>2026-07-24T11:24:40+00:00</time>
      </trkpt>
      <trkpt lat="43.97514" lon="7.1094">
        <ele>1279</ele>
        <time>2026-07-24T11:24:43+00:00</time>
      </trkpt>
      <trkpt lat="43.97494" lon="7.10957">
        <ele>1278</ele>
        <time>2026-07-24T11:24:46+00:00</time>
      </trkpt>
      <trkpt lat="43.97473" lon="7.10976">
        <ele>1260</ele>
        <time>2026-07-24T11:24:49+00:00</time>
      </trkpt>
      <trkpt lat="43.9746" lon="7.10996">
        <ele>1263</ele>
        <time>2026-07-24T11:24:52+00:00</time>
      </trkpt>
      <trkpt lat="43.97458" lon="7.10985">
        <ele>1249</ele>
        <time>2026-07-24T11:24:55+00:00</time>
      </trkpt>
      <trkpt lat="43.97452" lon="7.10996">
        <ele>1248</ele>
        <time>2026-07-24T11:24:58+00:00</time>
      </trkpt>
      <trkpt lat="43.97443" lon="7.10993">
        <ele>1248</ele>
        <time>2026-07-24T11:25:01+00:00</time>
      </trkpt>
      <trkpt lat="43.97437" lon="7.10974">
        <ele>1237</ele>
        <time>2026-07-24T11:25:04+00:00</time>
      </trkpt>
      <trkpt lat="43.9743" lon="7.10974">
        <ele>1237</ele>
        <time>2026-07-24T11:25:07+00:00</time>
      </trkpt>
      <trkpt lat="43.97411" lon="7.11">
        <ele>1236</ele>
        <time>2026-07-24T11:25:10+00:00</time>
      </trkpt>
      <trkpt lat="43.974" lon="7.10998">
        <ele>1226</ele>
        <time>2026-07-24T11:25:13+00:00</time>
      </trkpt>
      <trkpt lat="43.97385" lon="7.11008">
        <ele>1226</ele>
        <time>2026-07-24T11:25:16+00:00</time>
      </trkpt>
      <trkpt lat="43.97379" lon="7.11041">
        <ele>1226</ele>
        <time>2026-07-24T11:25:19+00:00</time>
      </trkpt>
      <trkpt lat="43.97381" lon="7.11051">
        <ele>1227</ele>
        <time>2026-07-24T11:25:22+00:00</time>
      </trkpt>
      <trkpt lat="43.97389" lon="7.11062">
        <ele>1222</ele>
        <time>2026-07-24T11:25:25+00:00</time>
      </trkpt>
      <trkpt lat="43.974" lon="7.11069">
        <ele>1227</ele>
        <time>2026-07-24T11:25:28+00:00</time>
      </trkpt>
      <trkpt lat="43.974" lon="7.11077">
        <ele>1225</ele>
        <time>2026-07-24T11:25:31+00:00</time>
      </trkpt>
      <trkpt lat="43.97377" lon="7.11098">
        <ele>1219</ele>
        <time>2026-07-24T11:25:34+00:00</time>
      </trkpt>
      <trkpt lat="43.97354" lon="7.11118">
        <ele>1214</ele>
        <time>2026-07-24T11:25:37+00:00</time>
      </trkpt>
      <trkpt lat="43.97327" lon="7.11142">
        <ele>1210</ele>
        <time>2026-07-24T11:25:40+00:00</time>
      </trkpt>
      <trkpt lat="43.97302" lon="7.11155">
        <ele>1207</ele>
        <time>2026-07-24T11:25:43+00:00</time>
      </trkpt>
      <trkpt lat="43.97271" lon="7.11172">
        <ele>1206</ele>
        <time>2026-07-24T11:25:46+00:00</time>
      </trkpt>
      <trkpt lat="43.97243" lon="7.1118">
        <ele>1206</ele>
        <time>2026-07-24T11:25:49+00:00</time>
      </trkpt>
      <trkpt lat="43.97209" lon="7.11184">
        <ele>1207</ele>
        <time>2026-07-24T11:25:52+00:00</time>
      </trkpt>
      <trkpt lat="43.97174" lon="7.11189">
        <ele>1205</ele>
        <time>2026-07-24T11:25:55+00:00</time>
      </trkpt>
      <trkpt lat="43.97119" lon="7.11195">
        <ele>1204</ele>
        <time>2026-07-24T11:25:58+00:00</time>
      </trkpt>
      <trkpt lat="43.97091" lon="7.11199">
        <ele>1203</ele>
        <time>2026-07-24T11:26:01+00:00</time>
      </trkpt>
      <trkpt lat="43.9705" lon="7.11217">
        <ele>1207</ele>
        <time>2026-07-24T11:26:04+00:00</time>
      </trkpt>
      <trkpt lat="43.97035" lon="7.11232">
        <ele>1212</ele>
        <time>2026-07-24T11:26:07+00:00</time>
      </trkpt>
      <trkpt lat="43.97022" lon="7.11248">
        <ele>1211</ele>
        <time>2026-07-24T11:26:10+00:00</time>
      </trkpt>
      <trkpt lat="43.97007" lon="7.11266">
        <ele>1210</ele>
        <time>2026-07-24T11:26:13+00:00</time>
      </trkpt>
      <trkpt lat="43.96978" lon="7.11281">
        <ele>1209</ele>
        <time>2026-07-24T11:26:16+00:00</time>
      </trkpt>
      <trkpt lat="43.96924" lon="7.11309">
        <ele>1209</ele>
        <time>2026-07-24T11:26:19+00:00</time>
      </trkpt>
      <trkpt lat="43.96894" lon="7.11318">
        <ele>1209</ele>
        <time>2026-07-24T11:26:22+00:00</time>
      </trkpt>
      <trkpt lat="43.96844" lon="7.11332">
        <ele>1210</ele>
        <time>2026-07-24T11:26:25+00:00</time>
      </trkpt>
      <trkpt lat="43.96831" lon="7.11341">
        <ele>1219</ele>
        <time>2026-07-24T11:26:28+00:00</time>
      </trkpt>
      <trkpt lat="43.9681" lon="7.1136">
        <ele>1212</ele>
        <time>2026-07-24T11:26:31+00:00</time>
      </trkpt>
      <trkpt lat="43.96786" lon="7.11377">
        <ele>1208</ele>
        <time>2026-07-24T11:26:34+00:00</time>
      </trkpt>
      <trkpt lat="43.96756" lon="7.11397">
        <ele>1205</ele>
        <time>2026-07-24T11:26:37+00:00</time>
      </trkpt>
      <trkpt lat="43.96741" lon="7.11416">
        <ele>1203</ele>
        <time>2026-07-24T11:26:40+00:00</time>
      </trkpt>
      <trkpt lat="43.96718" lon="7.11438">
        <ele>1209</ele>
        <time>2026-07-24T11:26:43+00:00</time>
      </trkpt>
      <trkpt lat="43.96716" lon="7.11451">
        <ele>1191</ele>
        <time>2026-07-24T11:26:46+00:00</time>
      </trkpt>
      <trkpt lat="43.96688" lon="7.11468">
        <ele>1200</ele>
        <time>2026-07-24T11:26:49+00:00</time>
      </trkpt>
      <trkpt lat="43.96686" lon="7.11478">
        <ele>1216</ele>
        <time>2026-07-24T11:26:52+00:00</time>
      </trkpt>
      <trkpt lat="43.96705" lon="7.11528">
        <ele>1199</ele>
        <time>2026-07-24T11:26:55+00:00</time>
      </trkpt>
      <trkpt lat="43.96703" lon="7.11536">
        <ele>1192</ele>
        <time>2026-07-24T11:26:58+00:00</time>
      </trkpt>
      <trkpt lat="43.96679" lon="7.11573">
        <ele>1198</ele>
        <time>2026-07-24T11:27:01+00:00</time>
      </trkpt>
      <trkpt lat="43.96671" lon="7.11601">
        <ele>1192</ele>
        <time>2026-07-24T11:27:04+00:00</time>
      </trkpt>
      <trkpt lat="43.96679" lon="7.11616">
        <ele>1192</ele>
        <time>2026-07-24T11:27:07+00:00</time>
      </trkpt>
      <trkpt lat="43.96681" lon="7.11631">
        <ele>1186</ele>
        <time>2026-07-24T11:27:10+00:00</time>
      </trkpt>
      <trkpt lat="43.96681" lon="7.1165">
        <ele>1186</ele>
        <time>2026-07-24T11:27:13+00:00</time>
      </trkpt>
      <trkpt lat="43.96673" lon="7.1168">
        <ele>1180</ele>
        <time>2026-07-24T11:27:16+00:00</time>
      </trkpt>
      <trkpt lat="43.96658" lon="7.11716">
        <ele>1177</ele>
        <time>2026-07-24T11:27:19+00:00</time>
      </trkpt>
      <trkpt lat="43.96636" lon="7.11772">
        <ele>1174</ele>
        <time>2026-07-24T11:27:22+00:00</time>
      </trkpt>
      <trkpt lat="43.96621" lon="7.11815">
        <ele>1171</ele>
        <time>2026-07-24T11:27:25+00:00</time>
      </trkpt>
      <trkpt lat="43.96606" lon="7.11857">
        <ele>1161</ele>
        <time>2026-07-24T11:27:28+00:00</time>
      </trkpt>
      <trkpt lat="43.96585" lon="7.11916">
        <ele>1158</ele>
        <time>2026-07-24T11:27:31+00:00</time>
      </trkpt>
      <trkpt lat="43.96583" lon="7.11935">
        <ele>1158</ele>
        <time>2026-07-24T11:27:34+00:00</time>
      </trkpt>
      <trkpt lat="43.96585" lon="7.11976">
        <ele>1142</ele>
        <time>2026-07-24T11:27:37+00:00</time>
      </trkpt>
      <trkpt lat="43.96585" lon="7.11993">
        <ele>1131</ele>
        <time>2026-07-24T11:27:40+00:00</time>
      </trkpt>
      <trkpt lat="43.9657" lon="7.12017">
        <ele>1143</ele>
        <time>2026-07-24T11:27:43+00:00</time>
      </trkpt>
      <trkpt lat="43.9655" lon="7.12049">
        <ele>1144</ele>
        <time>2026-07-24T11:27:46+00:00</time>
      </trkpt>
      <trkpt lat="43.96538" lon="7.12079">
        <ele>1140</ele>
        <time>2026-07-24T11:27:49+00:00</time>
      </trkpt>
      <trkpt lat="43.96532" lon="7.12123">
        <ele>1136</ele>
        <time>2026-07-24T11:27:52+00:00</time>
      </trkpt>
      <trkpt lat="43.96522" lon="7.12206">
        <ele>1115</ele>
        <time>2026-07-24T11:27:55+00:00</time>
      </trkpt>
      <trkpt lat="43.96538" lon="7.12249">
        <ele>1110</ele>
        <time>2026-07-24T11:27:58+00:00</time>
      </trkpt>
      <trkpt lat="43.96542" lon="7.12285">
        <ele>1105</ele>
        <time>2026-07-24T11:28:01+00:00</time>
      </trkpt>
      <trkpt lat="43.96535" lon="7.12326">
        <ele>1102</ele>
        <time>2026-07-24T11:28:04+00:00</time>
      </trkpt>
      <trkpt lat="43.96516" lon="7.1238">
        <ele>1100</ele>
        <time>2026-07-24T11:28:07+00:00</time>
      </trkpt>
      <trkpt lat="43.96509" lon="7.12414">
        <ele>1097</ele>
        <time>2026-07-24T11:28:10+00:00</time>
      </trkpt>
      <trkpt lat="43.96501" lon="7.12453">
        <ele>1094</ele>
        <time>2026-07-24T11:28:13+00:00</time>
      </trkpt>
      <trkpt lat="43.96515" lon="7.12499">
        <ele>1088</ele>
        <time>2026-07-24T11:28:16+00:00</time>
      </trkpt>
      <trkpt lat="43.96529" lon="7.12545">
        <ele>1064</ele>
        <time>2026-07-24T11:28:19+00:00</time>
      </trkpt>
      <trkpt lat="43.96555" lon="7.12631">
        <ele>1057</ele>
        <time>2026-07-24T11:28:22+00:00</time>
      </trkpt>
      <trkpt lat="43.96568" lon="7.12666">
        <ele>1050</ele>
        <time>2026-07-24T11:28:25+00:00</time>
      </trkpt>
      <trkpt lat="43.96587" lon="7.12717">
        <ele>1040</ele>
        <time>2026-07-24T11:28:28+00:00</time>
      </trkpt>
      <trkpt lat="43.96593" lon="7.12753">
        <ele>1041</ele>
        <time>2026-07-24T11:28:31+00:00</time>
      </trkpt>
      <trkpt lat="43.96587" lon="7.12774">
        <ele>1031</ele>
        <time>2026-07-24T11:28:34+00:00</time>
      </trkpt>
      <trkpt lat="43.96568" lon="7.12798">
        <ele>1033</ele>
        <time>2026-07-24T11:28:37+00:00</time>
      </trkpt>
      <trkpt lat="43.96563" lon="7.12815">
        <ele>1039</ele>
        <time>2026-07-24T11:28:40+00:00</time>
      </trkpt>
      <trkpt lat="43.96557" lon="7.12845">
        <ele>1032</ele>
        <time>2026-07-24T11:28:43+00:00</time>
      </trkpt>
      <trkpt lat="43.96538" lon="7.12858">
        <ele>1031</ele>
        <time>2026-07-24T11:28:46+00:00</time>
      </trkpt>
      <trkpt lat="43.96529" lon="7.12916">
        <ele>1027</ele>
        <time>2026-07-24T11:28:49+00:00</time>
      </trkpt>
      <trkpt lat="43.96516" lon="7.12961">
        <ele>1023</ele>
        <time>2026-07-24T11:28:52+00:00</time>
      </trkpt>
      <trkpt lat="43.96516" lon="7.12985">
        <ele>1023</ele>
        <time>2026-07-24T11:28:55+00:00</time>
      </trkpt>
      <trkpt lat="43.96495" lon="7.13013">
        <ele>1024</ele>
        <time>2026-07-24T11:28:58+00:00</time>
      </trkpt>
      <trkpt lat="43.96484" lon="7.13043">
        <ele>1020</ele>
        <time>2026-07-24T11:29:01+00:00</time>
      </trkpt>
      <trkpt lat="43.96482" lon="7.13075">
        <ele>1016</ele>
        <time>2026-07-24T11:29:04+00:00</time>
      </trkpt>
      <trkpt lat="43.96485" lon="7.13117">
        <ele>1008</ele>
        <time>2026-07-24T11:29:07+00:00</time>
      </trkpt>
      <trkpt lat="43.9649" lon="7.13186">
        <ele>966</ele>
        <time>2026-07-24T11:29:10+00:00</time>
      </trkpt>
      <trkpt lat="43.96484" lon="7.13204">
        <ele>978</ele>
        <time>2026-07-24T11:29:13+00:00</time>
      </trkpt>
      <trkpt lat="43.9649" lon="7.13204">
        <ele>966</ele>
        <time>2026-07-24T11:29:16+00:00</time>
      </trkpt>
      <trkpt lat="43.96501" lon="7.13184">
        <ele>966</ele>
        <time>2026-07-24T11:29:19+00:00</time>
      </trkpt>
      <trkpt lat="43.96506" lon="7.13163">
        <ele>966</ele>
        <time>2026-07-24T11:29:22+00:00</time>
      </trkpt>
      <trkpt lat="43.96512" lon="7.13141">
        <ele>961</ele>
        <time>2026-07-24T11:29:25+00:00</time>
      </trkpt>
      <trkpt lat="43.96522" lon="7.13113">
        <ele>956</ele>
        <time>2026-07-24T11:29:28+00:00</time>
      </trkpt>
      <trkpt lat="43.96522" lon="7.1315">
        <ele>946</ele>
        <time>2026-07-24T11:29:31+00:00</time>
      </trkpt>
      <trkpt lat="43.96529" lon="7.13176">
        <ele>940</ele>
        <time>2026-07-24T11:29:34+00:00</time>
      </trkpt>
      <trkpt lat="43.96527" lon="7.13223">
        <ele>946</ele>
        <time>2026-07-24T11:29:37+00:00</time>
      </trkpt>
      <trkpt lat="43.96522" lon="7.13234">
        <ele>937</ele>
        <time>2026-07-24T11:29:40+00:00</time>
      </trkpt>
      <trkpt lat="43.96497" lon="7.13262">
        <ele>938</ele>
        <time>2026-07-24T11:29:43+00:00</time>
      </trkpt>
      <trkpt lat="43.96492" lon="7.13277">
        <ele>942</ele>
        <time>2026-07-24T11:29:46+00:00</time>
      </trkpt>
      <trkpt lat="43.96491" lon="7.13307">
        <ele>937</ele>
        <time>2026-07-24T11:29:49+00:00</time>
      </trkpt>
      <trkpt lat="43.96488" lon="7.13347">
        <ele>936</ele>
        <time>2026-07-24T11:29:52+00:00</time>
      </trkpt>
      <trkpt lat="43.96479" lon="7.1338">
        <ele>916</ele>
        <time>2026-07-24T11:29:55+00:00</time>
      </trkpt>
      <trkpt lat="43.96469" lon="7.13416">
        <ele>920</ele>
        <time>2026-07-24T11:29:58+00:00</time>
      </trkpt>
      <trkpt lat="43.96456" lon="7.13435">
        <ele>927</ele>
        <time>2026-07-24T11:30:01+00:00</time>
      </trkpt>
      <trkpt lat="43.9643" lon="7.13455">
        <ele>910</ele>
        <time>2026-07-24T11:30:04+00:00</time>
      </trkpt>
      <trkpt lat="43.9643" lon="7.13463">
        <ele>913</ele>
        <time>2026-07-24T11:30:07+00:00</time>
      </trkpt>
      <trkpt lat="43.96435" lon="7.13493">
        <ele>901</ele>
        <time>2026-07-24T11:30:10+00:00</time>
      </trkpt>
      <trkpt lat="43.9643" lon="7.13528">
        <ele>891</ele>
        <time>2026-07-24T11:30:13+00:00</time>
      </trkpt>
      <trkpt lat="43.96422" lon="7.13558">
        <ele>882</ele>
        <time>2026-07-24T11:30:16+00:00</time>
      </trkpt>
      <trkpt lat="43.96452" lon="7.13521">
        <ele>871</ele>
        <time>2026-07-24T11:30:19+00:00</time>
      </trkpt>
      <trkpt lat="43.96443" lon="7.13571">
        <ele>861</ele>
        <time>2026-07-24T11:30:22+00:00</time>
      </trkpt>
      <trkpt lat="43.96469" lon="7.13538">
        <ele>861</ele>
        <time>2026-07-24T11:30:25+00:00</time>
      </trkpt>
      <trkpt lat="43.96469" lon="7.13547">
        <ele>850</ele>
        <time>2026-07-24T11:30:28+00:00</time>
      </trkpt>
      <trkpt lat="43.9645" lon="7.13594">
        <ele>861</ele>
        <time>2026-07-24T11:30:31+00:00</time>
      </trkpt>
      <trkpt lat="43.96447" lon="7.13613">
        <ele>849</ele>
        <time>2026-07-24T11:30:34+00:00</time>
      </trkpt>
      <trkpt lat="43.96432" lon="7.1365">
        <ele>845</ele>
        <time>2026-07-24T11:30:37+00:00</time>
      </trkpt>
      <trkpt lat="43.96411" lon="7.13684">
        <ele>834</ele>
        <time>2026-07-24T11:30:40+00:00</time>
      </trkpt>
      <trkpt lat="43.96402" lon="7.13686">
        <ele>843</ele>
        <time>2026-07-24T11:30:43+00:00</time>
      </trkpt>
      <trkpt lat="43.96392" lon="7.13699">
        <ele>833</ele>
        <time>2026-07-24T11:30:46+00:00</time>
      </trkpt>
      <trkpt lat="43.96368" lon="7.13701">
        <ele>841</ele>
        <time>2026-07-24T11:30:49+00:00</time>
      </trkpt>
      <trkpt lat="43.96353" lon="7.13697">
        <ele>832</ele>
        <time>2026-07-24T11:30:52+00:00</time>
      </trkpt>
      <trkpt lat="43.96351" lon="7.13699">
        <ele>832</ele>
        <time>2026-07-24T11:30:55+00:00</time>
      </trkpt>
      <trkpt lat="43.96349" lon="7.13706">
        <ele>826</ele>
        <time>2026-07-24T11:30:58+00:00</time>
      </trkpt>
      <trkpt lat="43.9634" lon="7.13719">
        <ele>830</ele>
        <time>2026-07-24T11:31:01+00:00</time>
      </trkpt>
      <trkpt lat="43.9634" lon="7.13755">
        <ele>812</ele>
        <time>2026-07-24T11:31:04+00:00</time>
      </trkpt>
      <trkpt lat="43.96353" lon="7.13751">
        <ele>805</ele>
        <time>2026-07-24T11:31:07+00:00</time>
      </trkpt>
      <trkpt lat="43.96351" lon="7.13762">
        <ele>805</ele>
        <time>2026-07-24T11:31:10+00:00</time>
      </trkpt>
      <trkpt lat="43.96338" lon="7.13783">
        <ele>808</ele>
        <time>2026-07-24T11:31:13+00:00</time>
      </trkpt>
      <trkpt lat="43.96323" lon="7.13792">
        <ele>802</ele>
        <time>2026-07-24T11:31:16+00:00</time>
      </trkpt>
      <trkpt lat="43.96309" lon="7.13814">
        <ele>812</ele>
        <time>2026-07-24T11:31:19+00:00</time>
      </trkpt>
      <trkpt lat="43.96291" lon="7.13843">
        <ele>809</ele>
        <time>2026-07-24T11:31:22+00:00</time>
      </trkpt>
      <trkpt lat="43.96263" lon="7.13869">
        <ele>807</ele>
        <time>2026-07-24T11:31:25+00:00</time>
      </trkpt>
      <trkpt lat="43.96246" lon="7.13897">
        <ele>798</ele>
        <time>2026-07-24T11:31:28+00:00</time>
      </trkpt>
      <trkpt lat="43.96239" lon="7.13918">
        <ele>784</ele>
        <time>2026-07-24T11:31:31+00:00</time>
      </trkpt>
      <trkpt lat="43.96241" lon="7.1394">
        <ele>781</ele>
        <time>2026-07-24T11:31:34+00:00</time>
      </trkpt>
      <trkpt lat="43.96214" lon="7.13978">
        <ele>772</ele>
        <time>2026-07-24T11:31:37+00:00</time>
      </trkpt>
      <trkpt lat="43.96233" lon="7.13976">
        <ele>772</ele>
        <time>2026-07-24T11:31:40+00:00</time>
      </trkpt>
      <trkpt lat="43.96215" lon="7.1401">
        <ele>755</ele>
        <time>2026-07-24T11:31:43+00:00</time>
      </trkpt>
      <trkpt lat="43.96197" lon="7.14043">
        <ele>754</ele>
        <time>2026-07-24T11:31:46+00:00</time>
      </trkpt>
      <trkpt lat="43.96166" lon="7.14101">
        <ele>741</ele>
        <time>2026-07-24T11:31:49+00:00</time>
      </trkpt>
      <trkpt lat="43.9616" lon="7.14101">
        <ele>713</ele>
        <time>2026-07-24T11:31:52+00:00</time>
      </trkpt>
      <trkpt lat="43.96128" lon="7.14068">
        <ele>738</ele>
        <time>2026-07-24T11:31:55+00:00</time>
      </trkpt>
      <trkpt lat="43.961" lon="7.14015">
        <ele>736</ele>
        <time>2026-07-24T11:31:58+00:00</time>
      </trkpt>
      <trkpt lat="43.96087" lon="7.14013">
        <ele>736</ele>
        <time>2026-07-24T11:32:01+00:00</time>
      </trkpt>
      <trkpt lat="43.9608" lon="7.14019">
        <ele>736</ele>
        <time>2026-07-24T11:32:04+00:00</time>
      </trkpt>
      <trkpt lat="43.96068" lon="7.14015">
        <ele>718</ele>
        <time>2026-07-24T11:32:07+00:00</time>
      </trkpt>
      <trkpt lat="43.96063" lon="7.14006">
        <ele>737</ele>
        <time>2026-07-24T11:32:10+00:00</time>
      </trkpt>
      <trkpt lat="43.96048" lon="7.14002">
        <ele>722</ele>
        <time>2026-07-24T11:32:13+00:00</time>
      </trkpt>
      <trkpt lat="43.9604" lon="7.13976">
        <ele>738</ele>
        <time>2026-07-24T11:32:16+00:00</time>
      </trkpt>
      <trkpt lat="43.96033" lon="7.13972">
        <ele>738</ele>
        <time>2026-07-24T11:32:19+00:00</time>
      </trkpt>
      <trkpt lat="43.96025" lon="7.13974">
        <ele>738</ele>
        <time>2026-07-24T11:32:22+00:00</time>
      </trkpt>
      <trkpt lat="43.96012" lon="7.13972">
        <ele>743</ele>
        <time>2026-07-24T11:32:25+00:00</time>
      </trkpt>
      <trkpt lat="43.95997" lon="7.1398">
        <ele>755</ele>
        <time>2026-07-24T11:32:28+00:00</time>
      </trkpt>
      <trkpt lat="43.95988" lon="7.13991">
        <ele>749</ele>
        <time>2026-07-24T11:32:31+00:00</time>
      </trkpt>
      <trkpt lat="43.9598" lon="7.13995">
        <ele>749</ele>
        <time>2026-07-24T11:32:34+00:00</time>
      </trkpt>
      <trkpt lat="43.9596" lon="7.14012">
        <ele>749</ele>
        <time>2026-07-24T11:32:37+00:00</time>
      </trkpt>
      <trkpt lat="43.95937" lon="7.14032">
        <ele>738</ele>
        <time>2026-07-24T11:32:40+00:00</time>
      </trkpt>
      <trkpt lat="43.95937" lon="7.14045">
        <ele>738</ele>
        <time>2026-07-24T11:32:43+00:00</time>
      </trkpt>
      <trkpt lat="43.95914" lon="7.1406">
        <ele>720</ele>
        <time>2026-07-24T11:32:46+00:00</time>
      </trkpt>
      <trkpt lat="43.95881" lon="7.14083">
        <ele>714</ele>
        <time>2026-07-24T11:32:49+00:00</time>
      </trkpt>
      <trkpt lat="43.95874" lon="7.14101">
        <ele>711</ele>
        <time>2026-07-24T11:32:52+00:00</time>
      </trkpt>
      <trkpt lat="43.9587" lon="7.14124">
        <ele>711</ele>
        <time>2026-07-24T11:32:55+00:00</time>
      </trkpt>
      <trkpt lat="43.95866" lon="7.14148">
        <ele>691</ele>
        <time>2026-07-24T11:32:58+00:00</time>
      </trkpt>
      <trkpt lat="43.95849" lon="7.14191">
        <ele>687</ele>
        <time>2026-07-24T11:33:01+00:00</time>
      </trkpt>
      <trkpt lat="43.95829" lon="7.1421">
        <ele>686</ele>
        <time>2026-07-24T11:33:04+00:00</time>
      </trkpt>
      <trkpt lat="43.95806" lon="7.14223">
        <ele>686</ele>
        <time>2026-07-24T11:33:07+00:00</time>
      </trkpt>
      <trkpt lat="43.95795" lon="7.14216">
        <ele>687</ele>
        <time>2026-07-24T11:33:10+00:00</time>
      </trkpt>
      <trkpt lat="43.95786" lon="7.14234">
        <ele>681</ele>
        <time>2026-07-24T11:33:13+00:00</time>
      </trkpt>
      <trkpt lat="43.9578" lon="7.14238">
        <ele>687</ele>
        <time>2026-07-24T11:33:16+00:00</time>
      </trkpt>
      <trkpt lat="43.95771" lon="7.14253">
        <ele>677</ele>
        <time>2026-07-24T11:33:19+00:00</time>
      </trkpt>
      <trkpt lat="43.95749" lon="7.14271">
        <ele>677</ele>
        <time>2026-07-24T11:33:22+00:00</time>
      </trkpt>
      <trkpt lat="43.95724" lon="7.14292">
        <ele>677</ele>
        <time>2026-07-24T11:33:25+00:00</time>
      </trkpt>
      <trkpt lat="43.95718" lon="7.14296">
        <ele>677</ele>
        <time>2026-07-24T11:33:28+00:00</time>
      </trkpt>
      <trkpt lat="43.95709" lon="7.14294">
        <ele>683</ele>
        <time>2026-07-24T11:33:31+00:00</time>
      </trkpt>
      <trkpt lat="43.95696" lon="7.14311">
        <ele>671</ele>
        <time>2026-07-24T11:33:34+00:00</time>
      </trkpt>
      <trkpt lat="43.95681" lon="7.14319">
        <ele>667</ele>
        <time>2026-07-24T11:33:37+00:00</time>
      </trkpt>
      <trkpt lat="43.95662" lon="7.14317">
        <ele>667</ele>
        <time>2026-07-24T11:33:40+00:00</time>
      </trkpt>
      <trkpt lat="43.95632" lon="7.14326">
        <ele>632</ele>
        <time>2026-07-24T11:33:43+00:00</time>
      </trkpt>
      <trkpt lat="43.956" lon="7.14324">
        <ele>622</ele>
        <time>2026-07-24T11:33:46+00:00</time>
      </trkpt>
      <trkpt lat="43.95559" lon="7.14332">
        <ele>615</ele>
        <time>2026-07-24T11:33:49+00:00</time>
      </trkpt>
      <trkpt lat="43.95529" lon="7.14356">
        <ele>612</ele>
        <time>2026-07-24T11:33:52+00:00</time>
      </trkpt>
      <trkpt lat="43.95501" lon="7.14362">
        <ele>609</ele>
        <time>2026-07-24T11:33:55+00:00</time>
      </trkpt>
      <trkpt lat="43.9548" lon="7.14388">
        <ele>606</ele>
        <time>2026-07-24T11:33:58+00:00</time>
      </trkpt>
      <trkpt lat="43.9546" lon="7.14392">
        <ele>606</ele>
        <time>2026-07-24T11:34:01+00:00</time>
      </trkpt>
      <trkpt lat="43.95456" lon="7.14388">
        <ele>596</ele>
        <time>2026-07-24T11:34:04+00:00</time>
      </trkpt>
      <trkpt lat="43.95443" lon="7.14399">
        <ele>596</ele>
        <time>2026-07-24T11:34:07+00:00</time>
      </trkpt>
      <trkpt lat="43.9543" lon="7.14403">
        <ele>585</ele>
        <time>2026-07-24T11:34:10+00:00</time>
      </trkpt>
      <trkpt lat="43.95424" lon="7.14418">
        <ele>585</ele>
        <time>2026-07-24T11:34:13+00:00</time>
      </trkpt>
      <trkpt lat="43.95407" lon="7.1442">
        <ele>572</ele>
        <time>2026-07-24T11:34:16+00:00</time>
      </trkpt>
      <trkpt lat="43.95394" lon="7.1444">
        <ele>579</ele>
        <time>2026-07-24T11:34:19+00:00</time>
      </trkpt>
      <trkpt lat="43.9539" lon="7.14465">
        <ele>576</ele>
        <time>2026-07-24T11:34:22+00:00</time>
      </trkpt>
      <trkpt lat="43.95379" lon="7.14472">
        <ele>573</ele>
        <time>2026-07-24T11:34:25+00:00</time>
      </trkpt>
      <trkpt lat="43.95368" lon="7.14474">
        <ele>573</ele>
        <time>2026-07-24T11:34:28+00:00</time>
      </trkpt>
      <trkpt lat="43.95347" lon="7.1448">
        <ele>571</ele>
        <time>2026-07-24T11:34:31+00:00</time>
      </trkpt>
      <trkpt lat="43.95325" lon="7.14468">
        <ele>571</ele>
        <time>2026-07-24T11:34:34+00:00</time>
      </trkpt>
      <trkpt lat="43.95312" lon="7.14461">
        <ele>569</ele>
        <time>2026-07-24T11:34:37+00:00</time>
      </trkpt>
      <trkpt lat="43.95302" lon="7.14463">
        <ele>569</ele>
        <time>2026-07-24T11:34:40+00:00</time>
      </trkpt>
      <trkpt lat="43.9528" lon="7.14472">
        <ele>570</ele>
        <time>2026-07-24T11:34:43+00:00</time>
      </trkpt>
      <trkpt lat="43.95256" lon="7.14491">
        <ele>568</ele>
        <time>2026-07-24T11:34:46+00:00</time>
      </trkpt>
      <trkpt lat="43.95248" lon="7.14551">
        <ele>568</ele>
        <time>2026-07-24T11:34:49+00:00</time>
      </trkpt>
      <trkpt lat="43.95237" lon="7.1457">
        <ele>568</ele>
        <time>2026-07-24T11:34:52+00:00</time>
      </trkpt>
      <trkpt lat="43.95229" lon="7.14579">
        <ele>568</ele>
        <time>2026-07-24T11:34:55+00:00</time>
      </trkpt>
      <trkpt lat="43.95224" lon="7.14603">
        <ele>562</ele>
        <time>2026-07-24T11:34:58+00:00</time>
      </trkpt>
      <trkpt lat="43.95206" lon="7.14616">
        <ele>574</ele>
        <time>2026-07-24T11:35:01+00:00</time>
      </trkpt>
      <trkpt lat="43.95179" lon="7.14635">
        <ele>574</ele>
        <time>2026-07-24T11:35:04+00:00</time>
      </trkpt>
      <trkpt lat="43.95173" lon="7.14646">
        <ele>574</ele>
        <time>2026-07-24T11:35:07+00:00</time>
      </trkpt>
      <trkpt lat="43.95151" lon="7.14654">
        <ele>574</ele>
        <time>2026-07-24T11:35:10+00:00</time>
      </trkpt>
      <trkpt lat="43.95138" lon="7.14652">
        <ele>574</ele>
        <time>2026-07-24T11:35:13+00:00</time>
      </trkpt>
      <trkpt lat="43.95123" lon="7.14665">
        <ele>575</ele>
        <time>2026-07-24T11:35:16+00:00</time>
      </trkpt>
      <trkpt lat="43.95085" lon="7.14678">
        <ele>577</ele>
        <time>2026-07-24T11:35:19+00:00</time>
      </trkpt>
      <trkpt lat="43.95059" lon="7.14701">
        <ele>579</ele>
        <time>2026-07-24T11:35:22+00:00</time>
      </trkpt>
      <trkpt lat="43.95044" lon="7.14731">
        <ele>578</ele>
        <time>2026-07-24T11:35:25+00:00</time>
      </trkpt>
      <trkpt lat="43.95027" lon="7.1474">
        <ele>573</ele>
        <time>2026-07-24T11:35:28+00:00</time>
      </trkpt>
      <trkpt lat="43.95016" lon="7.14764">
        <ele>577</ele>
        <time>2026-07-24T11:35:31+00:00</time>
      </trkpt>
      <trkpt lat="43.95001" lon="7.14779">
        <ele>567</ele>
        <time>2026-07-24T11:35:34+00:00</time>
      </trkpt>
      <trkpt lat="43.94985" lon="7.14788">
        <ele>564</ele>
        <time>2026-07-24T11:35:37+00:00</time>
      </trkpt>
      <trkpt lat="43.94965" lon="7.148">
        <ele>555</ele>
        <time>2026-07-24T11:35:40+00:00</time>
      </trkpt>
      <trkpt lat="43.94943" lon="7.1482">
        <ele>553</ele>
        <time>2026-07-24T11:35:43+00:00</time>
      </trkpt>
      <trkpt lat="43.94917" lon="7.14843">
        <ele>550</ele>
        <time>2026-07-24T11:35:46+00:00</time>
      </trkpt>
      <trkpt lat="43.94902" lon="7.14862">
        <ele>546</ele>
        <time>2026-07-24T11:35:49+00:00</time>
      </trkpt>
      <trkpt lat="43.94898" lon="7.14873">
        <ele>541</ele>
        <time>2026-07-24T11:35:52+00:00</time>
      </trkpt>
      <trkpt lat="43.94887" lon="7.14909">
        <ele>544</ele>
        <time>2026-07-24T11:35:55+00:00</time>
      </trkpt>
      <trkpt lat="43.94883" lon="7.14933">
        <ele>542</ele>
        <time>2026-07-24T11:35:58+00:00</time>
      </trkpt>
      <trkpt lat="43.94875" lon="7.14957">
        <ele>544</ele>
        <time>2026-07-24T11:36:01+00:00</time>
      </trkpt>
      <trkpt lat="43.94864" lon="7.14987">
        <ele>544</ele>
        <time>2026-07-24T11:36:04+00:00</time>
      </trkpt>
      <trkpt lat="43.94836" lon="7.15023">
        <ele>542</ele>
        <time>2026-07-24T11:36:07+00:00</time>
      </trkpt>
      <trkpt lat="43.94827" lon="7.1503">
        <ele>542</ele>
        <time>2026-07-24T11:36:10+00:00</time>
      </trkpt>
      <trkpt lat="43.94804" lon="7.15025">
        <ele>541</ele>
        <time>2026-07-24T11:36:13+00:00</time>
      </trkpt>
      <trkpt lat="43.94793" lon="7.15028">
        <ele>534</ele>
        <time>2026-07-24T11:36:16+00:00</time>
      </trkpt>
      <trkpt lat="43.9478" lon="7.1504">
        <ele>534</ele>
        <time>2026-07-24T11:36:19+00:00</time>
      </trkpt>
      <trkpt lat="43.94772" lon="7.15062">
        <ele>536</ele>
        <time>2026-07-24T11:36:22+00:00</time>
      </trkpt>
      <trkpt lat="43.94752" lon="7.15085">
        <ele>526</ele>
        <time>2026-07-24T11:36:25+00:00</time>
      </trkpt>
      <trkpt lat="43.94741" lon="7.15094">
        <ele>526</ele>
        <time>2026-07-24T11:36:28+00:00</time>
      </trkpt>
      <trkpt lat="43.94716" lon="7.15096">
        <ele>522</ele>
        <time>2026-07-24T11:36:31+00:00</time>
      </trkpt>
      <trkpt lat="43.94707" lon="7.15105">
        <ele>519</ele>
        <time>2026-07-24T11:36:34+00:00</time>
      </trkpt>
      <trkpt lat="43.94694" lon="7.15105">
        <ele>519</ele>
        <time>2026-07-24T11:36:37+00:00</time>
      </trkpt>
      <trkpt lat="43.94684" lon="7.15115">
        <ele>519</ele>
        <time>2026-07-24T11:36:40+00:00</time>
      </trkpt>
      <trkpt lat="43.94675" lon="7.15128">
        <ele>519</ele>
        <time>2026-07-24T11:36:43+00:00</time>
      </trkpt>
      <trkpt lat="43.94681" lon="7.15143">
        <ele>521</ele>
        <time>2026-07-24T11:36:46+00:00</time>
      </trkpt>
      <trkpt lat="43.9469" lon="7.15154">
        <ele>522</ele>
        <time>2026-07-24T11:36:49+00:00</time>
      </trkpt>
      <trkpt lat="43.94705" lon="7.15169">
        <ele>524</ele>
        <time>2026-07-24T11:36:52+00:00</time>
      </trkpt>
      <trkpt lat="43.94711" lon="7.15167">
        <ele>523</ele>
        <time>2026-07-24T11:36:55+00:00</time>
      </trkpt>
      <trkpt lat="43.94735" lon="7.15152">
        <ele>523</ele>
        <time>2026-07-24T11:36:58+00:00</time>
      </trkpt>
      <trkpt lat="43.94761" lon="7.15135">
        <ele>528</ele>
        <time>2026-07-24T11:37:01+00:00</time>
      </trkpt>
      <trkpt lat="43.94784" lon="7.15098">
        <ele>534</ele>
        <time>2026-07-24T11:37:04+00:00</time>
      </trkpt>
      <trkpt lat="43.94799" lon="7.15081">
        <ele>534</ele>
        <time>2026-07-24T11:37:07+00:00</time>
      </trkpt>
      <trkpt lat="43.94825" lon="7.15073">
        <ele>529</ele>
        <time>2026-07-24T11:37:10+00:00</time>
      </trkpt>
      <trkpt lat="43.94853" lon="7.1507">
        <ele>529</ele>
        <time>2026-07-24T11:37:13+00:00</time>
      </trkpt>
      <trkpt lat="43.94857" lon="7.15079">
        <ele>529</ele>
        <time>2026-07-24T11:37:16+00:00</time>
      </trkpt>
      <trkpt lat="43.94864" lon="7.15083">
        <ele>529</ele>
        <time>2026-07-24T11:37:19+00:00</time>
      </trkpt>
      <trkpt lat="43.94892" lon="7.15075">
        <ele>524</ele>
        <time>2026-07-24T11:37:22+00:00</time>
      </trkpt>
      <trkpt lat="43.94905" lon="7.15064">
        <ele>530</ele>
        <time>2026-07-24T11:37:25+00:00</time>
      </trkpt>
      <trkpt lat="43.9492" lon="7.15038">
        <ele>523</ele>
        <time>2026-07-24T11:37:28+00:00</time>
      </trkpt>
      <trkpt lat="43.94935" lon="7.15032">
        <ele>523</ele>
        <time>2026-07-24T11:37:31+00:00</time>
      </trkpt>
      <trkpt lat="43.94958" lon="7.1506">
        <ele>506</ele>
        <time>2026-07-24T11:37:34+00:00</time>
      </trkpt>
      <trkpt lat="43.94971" lon="7.15062">
        <ele>492</ele>
        <time>2026-07-24T11:37:37+00:00</time>
      </trkpt>
      <trkpt lat="43.94988" lon="7.15055">
        <ele>492</ele>
        <time>2026-07-24T11:37:40+00:00</time>
      </trkpt>
      <trkpt lat="43.95027" lon="7.1503">
        <ele>486</ele>
        <time>2026-07-24T11:37:43+00:00</time>
      </trkpt>
      <trkpt lat="43.95038" lon="7.1503">
        <ele>486</ele>
        <time>2026-07-24T11:37:46+00:00</time>
      </trkpt>
      <trkpt lat="43.95068" lon="7.15049">
        <ele>481</ele>
        <time>2026-07-24T11:37:49+00:00</time>
      </trkpt>
      <trkpt lat="43.951" lon="7.15051">
        <ele>478</ele>
        <time>2026-07-24T11:37:52+00:00</time>
      </trkpt>
      <trkpt lat="43.95121" lon="7.15045">
        <ele>476</ele>
        <time>2026-07-24T11:37:55+00:00</time>
      </trkpt>
      <trkpt lat="43.95147" lon="7.15058">
        <ele>470</ele>
        <time>2026-07-24T11:37:58+00:00</time>
      </trkpt>
      <trkpt lat="43.95149" lon="7.15062">
        <ele>470</ele>
        <time>2026-07-24T11:38:01+00:00</time>
      </trkpt>
      <trkpt lat="43.95147" lon="7.15068">
        <ele>470</ele>
        <time>2026-07-24T11:38:04+00:00</time>
      </trkpt>
      <trkpt lat="43.95132" lon="7.15073">
        <ele>463</ele>
        <time>2026-07-24T11:38:07+00:00</time>
      </trkpt>
      <trkpt lat="43.95143" lon="7.15079">
        <ele>463</ele>
        <time>2026-07-24T11:38:10+00:00</time>
      </trkpt>
      <trkpt lat="43.95158" lon="7.15079">
        <ele>463</ele>
        <time>2026-07-24T11:38:13+00:00</time>
      </trkpt>
      <trkpt lat="43.95158" lon="7.15092">
        <ele>463</ele>
        <time>2026-07-24T11:38:16+00:00</time>
      </trkpt>
      <trkpt lat="43.95169" lon="7.15094">
        <ele>462</ele>
        <time>2026-07-24T11:38:19+00:00</time>
      </trkpt>
      <trkpt lat="43.95181" lon="7.15088">
        <ele>462</ele>
        <time>2026-07-24T11:38:22+00:00</time>
      </trkpt>
      <trkpt lat="43.95181" lon="7.15092">
        <ele>462</ele>
        <time>2026-07-24T11:38:25+00:00</time>
      </trkpt>
      <trkpt lat="43.95177" lon="7.15098">
        <ele>462</ele>
        <time>2026-07-24T11:38:28+00:00</time>
      </trkpt>
      <trkpt lat="43.95164" lon="7.15107">
        <ele>451</ele>
        <time>2026-07-24T11:38:31+00:00</time>
      </trkpt>
      <trkpt lat="43.95162" lon="7.15111">
        <ele>451</ele>
        <time>2026-07-24T11:38:34+00:00</time>
      </trkpt>
      <trkpt lat="43.95171" lon="7.15118">
        <ele>451</ele>
        <time>2026-07-24T11:38:37+00:00</time>
      </trkpt>
      <trkpt lat="43.95184" lon="7.15109">
        <ele>451</ele>
        <time>2026-07-24T11:38:40+00:00</time>
      </trkpt>
      <trkpt lat="43.95184" lon="7.15113">
        <ele>451</ele>
        <time>2026-07-24T11:38:43+00:00</time>
      </trkpt>
      <trkpt lat="43.95179" lon="7.1512">
        <ele>451</ele>
        <time>2026-07-24T11:38:46+00:00</time>
      </trkpt>
      <trkpt lat="43.95181" lon="7.15131">
        <ele>433</ele>
        <time>2026-07-24T11:38:49+00:00</time>
      </trkpt>
      <trkpt lat="43.95154" lon="7.15143">
        <ele>436</ele>
        <time>2026-07-24T11:38:52+00:00</time>
      </trkpt>
      <trkpt lat="43.95134" lon="7.15165">
        <ele>423</ele>
        <time>2026-07-24T11:38:55+00:00</time>
      </trkpt>
      <trkpt lat="43.9513" lon="7.15193">
        <ele>417</ele>
        <time>2026-07-24T11:38:58+00:00</time>
      </trkpt>
      <trkpt lat="43.95141" lon="7.15195">
        <ele>412</ele>
        <time>2026-07-24T11:39:01+00:00</time>
      </trkpt>
      <trkpt lat="43.9513" lon="7.15206">
        <ele>417</ele>
        <time>2026-07-24T11:39:04+00:00</time>
      </trkpt>
      <trkpt lat="43.95136" lon="7.15216">
        <ele>404</ele>
        <time>2026-07-24T11:39:07+00:00</time>
      </trkpt>
      <trkpt lat="43.95151" lon="7.15221">
        <ele>404</ele>
        <time>2026-07-24T11:39:10+00:00</time>
      </trkpt>
      <trkpt lat="43.95151" lon="7.15227">
        <ele>404</ele>
        <time>2026-07-24T11:39:13+00:00</time>
      </trkpt>
      <trkpt lat="43.95147" lon="7.15236">
        <ele>404</ele>
        <time>2026-07-24T11:39:16+00:00</time>
      </trkpt>
      <trkpt lat="43.95162" lon="7.15264">
        <ele>393</ele>
        <time>2026-07-24T11:39:19+00:00</time>
      </trkpt>
      <trkpt lat="43.95181" lon="7.15279">
        <ele>391</ele>
        <time>2026-07-24T11:39:22+00:00</time>
      </trkpt>
      <trkpt lat="43.95179" lon="7.15289">
        <ele>388</ele>
        <time>2026-07-24T11:39:25+00:00</time>
      </trkpt>
      <trkpt lat="43.95196" lon="7.15294">
        <ele>389</ele>
        <time>2026-07-24T11:39:28+00:00</time>
      </trkpt>
      <trkpt lat="43.95199" lon="7.15302">
        <ele>383</ele>
        <time>2026-07-24T11:39:31+00:00</time>
      </trkpt>
      <trkpt lat="43.95205" lon="7.15306">
        <ele>383</ele>
        <time>2026-07-24T11:39:34+00:00</time>
      </trkpt>
      <trkpt lat="43.95211" lon="7.15319">
        <ele>376</ele>
        <time>2026-07-24T11:39:37+00:00</time>
      </trkpt>
      <trkpt lat="43.95222" lon="7.15332">
        <ele>366</ele>
        <time>2026-07-24T11:39:40+00:00</time>
      </trkpt>
      <trkpt lat="43.95216" lon="7.15345">
        <ele>366</ele>
        <time>2026-07-24T11:39:43+00:00</time>
      </trkpt>
      <trkpt lat="43.95218" lon="7.15356">
        <ele>362</ele>
        <time>2026-07-24T11:39:46+00:00</time>
      </trkpt>
      <trkpt lat="43.95229" lon="7.15358">
        <ele>362</ele>
        <time>2026-07-24T11:39:49+00:00</time>
      </trkpt>
      <trkpt lat="43.95235" lon="7.15352">
        <ele>362</ele>
        <time>2026-07-24T11:39:52+00:00</time>
      </trkpt>
      <trkpt lat="43.95237" lon="7.15343">
        <ele>366</ele>
        <time>2026-07-24T11:39:55+00:00</time>
      </trkpt>
      <trkpt lat="43.95244" lon="7.15341">
        <ele>363</ele>
        <time>2026-07-24T11:39:58+00:00</time>
      </trkpt>
      <trkpt lat="43.95246" lon="7.15358">
        <ele>358</ele>
        <time>2026-07-24T11:40:01+00:00</time>
      </trkpt>
      <trkpt lat="43.95246" lon="7.15379">
        <ele>358</ele>
        <time>2026-07-24T11:40:04+00:00</time>
      </trkpt>
      <trkpt lat="43.95254" lon="7.15367">
        <ele>358</ele>
        <time>2026-07-24T11:40:07+00:00</time>
      </trkpt>
      <trkpt lat="43.95256" lon="7.15392">
        <ele>353</ele>
        <time>2026-07-24T11:40:10+00:00</time>
      </trkpt>
      <trkpt lat="43.95263" lon="7.15386">
        <ele>353</ele>
        <time>2026-07-24T11:40:13+00:00</time>
      </trkpt>
      <trkpt lat="43.95265" lon="7.15397">
        <ele>353</ele>
        <time>2026-07-24T11:40:16+00:00</time>
      </trkpt>
      <trkpt lat="43.95274" lon="7.15399">
        <ele>353</ele>
        <time>2026-07-24T11:40:19+00:00</time>
      </trkpt>
      <trkpt lat="43.95271" lon="7.15409">
        <ele>353</ele>
        <time>2026-07-24T11:40:22+00:00</time>
      </trkpt>
      <trkpt lat="43.95282" lon="7.15407">
        <ele>353</ele>
        <time>2026-07-24T11:40:25+00:00</time>
      </trkpt>
      <trkpt lat="43.95278" lon="7.15427">
        <ele>346</ele>
        <time>2026-07-24T11:40:28+00:00</time>
      </trkpt>
      <trkpt lat="43.9528" lon="7.15437">
        <ele>346</ele>
        <time>2026-07-24T11:40:31+00:00</time>
      </trkpt>
      <trkpt lat="43.95271" lon="7.15446">
        <ele>334</ele>
        <time>2026-07-24T11:40:34+00:00</time>
      </trkpt>
      <trkpt lat="43.95259" lon="7.15446">
        <ele>340</ele>
        <time>2026-07-24T11:40:37+00:00</time>
      </trkpt>
      <trkpt lat="43.95259" lon="7.15457">
        <ele>340</ele>
        <time>2026-07-24T11:40:40+00:00</time>
      </trkpt>
      <trkpt lat="43.95265" lon="7.15467">
        <ele>329</ele>
        <time>2026-07-24T11:40:43+00:00</time>
      </trkpt>
      <trkpt lat="43.95256" lon="7.15478">
        <ele>329</ele>
        <time>2026-07-24T11:40:46+00:00</time>
      </trkpt>
      <trkpt lat="43.95237" lon="7.15482">
        <ele>327</ele>
        <time>2026-07-24T11:40:49+00:00</time>
      </trkpt>
      <trkpt lat="43.95229" lon="7.15489">
        <ele>327</ele>
        <time>2026-07-24T11:40:52+00:00</time>
      </trkpt>
      <trkpt lat="43.95226" lon="7.1551">
        <ele>315</ele>
        <time>2026-07-24T11:40:55+00:00</time>
      </trkpt>
      <trkpt lat="43.95244" lon="7.15547">
        <ele>302</ele>
        <time>2026-07-24T11:40:58+00:00</time>
      </trkpt>
      <trkpt lat="43.95265" lon="7.15545">
        <ele>302</ele>
        <time>2026-07-24T11:41:01+00:00</time>
      </trkpt>
      <trkpt lat="43.95282" lon="7.15528">
        <ele>300</ele>
        <time>2026-07-24T11:41:04+00:00</time>
      </trkpt>
      <trkpt lat="43.95276" lon="7.15553">
        <ele>292</ele>
        <time>2026-07-24T11:41:07+00:00</time>
      </trkpt>
      <trkpt lat="43.95267" lon="7.15564">
        <ele>292</ele>
        <time>2026-07-24T11:41:10+00:00</time>
      </trkpt>
      <trkpt lat="43.9525" lon="7.15577">
        <ele>288</ele>
        <time>2026-07-24T11:41:13+00:00</time>
      </trkpt>
      <trkpt lat="43.95224" lon="7.15585">
        <ele>287</ele>
        <time>2026-07-24T11:41:16+00:00</time>
      </trkpt>
      <trkpt lat="43.95211" lon="7.15596">
        <ele>285</ele>
        <time>2026-07-24T11:41:19+00:00</time>
      </trkpt>
      <trkpt lat="43.95184" lon="7.15607">
        <ele>286</ele>
        <time>2026-07-24T11:41:22+00:00</time>
      </trkpt>
      <trkpt lat="43.95175" lon="7.156">
        <ele>286</ele>
        <time>2026-07-24T11:41:25+00:00</time>
      </trkpt>
      <trkpt lat="43.95171" lon="7.15607">
        <ele>286</ele>
        <time>2026-07-24T11:41:28+00:00</time>
      </trkpt>
      <trkpt lat="43.95171" lon="7.15637">
        <ele>281</ele>
        <time>2026-07-24T11:41:31+00:00</time>
      </trkpt>
      <trkpt lat="43.95166" lon="7.15652">
        <ele>281</ele>
        <time>2026-07-24T11:41:34+00:00</time>
      </trkpt>
      <trkpt lat="43.95141" lon="7.15663">
        <ele>280</ele>
        <time>2026-07-24T11:41:37+00:00</time>
      </trkpt>
      <trkpt lat="43.95136" lon="7.15676">
        <ele>278</ele>
        <time>2026-07-24T11:41:40+00:00</time>
      </trkpt>
      <trkpt lat="43.95138" lon="7.15686">
        <ele>278</ele>
        <time>2026-07-24T11:41:43+00:00</time>
      </trkpt>
      <trkpt lat="43.95123" lon="7.15697">
        <ele>279</ele>
        <time>2026-07-24T11:41:46+00:00</time>
      </trkpt>
      <trkpt lat="43.95104" lon="7.1571">
        <ele>279</ele>
        <time>2026-07-24T11:41:49+00:00</time>
      </trkpt>
      <trkpt lat="43.95072" lon="7.15746">
        <ele>279</ele>
        <time>2026-07-24T11:41:52+00:00</time>
      </trkpt>
      <trkpt lat="43.95057" lon="7.15757">
        <ele>276</ele>
        <time>2026-07-24T11:41:55+00:00</time>
      </trkpt>
      <trkpt lat="43.95038" lon="7.15763">
        <ele>279</ele>
        <time>2026-07-24T11:41:58+00:00</time>
      </trkpt>
      <trkpt lat="43.95014" lon="7.1577">
        <ele>275</ele>
        <time>2026-07-24T11:42:01+00:00</time>
      </trkpt>
      <trkpt lat="43.94995" lon="7.15785">
        <ele>275</ele>
        <time>2026-07-24T11:42:04+00:00</time>
      </trkpt>
      <trkpt lat="43.94986" lon="7.158">
        <ele>268</ele>
        <time>2026-07-24T11:42:07+00:00</time>
      </trkpt>
      <trkpt lat="43.94982" lon="7.15821">
        <ele>270</ele>
        <time>2026-07-24T11:42:10+00:00</time>
      </trkpt>
      <trkpt lat="43.94971" lon="7.15834">
        <ele>260</ele>
        <time>2026-07-24T11:42:13+00:00</time>
      </trkpt>
      <trkpt lat="43.9495" lon="7.15841">
        <ele>276</ele>
        <time>2026-07-24T11:42:16+00:00</time>
      </trkpt>
      <trkpt lat="43.94943" lon="7.15836">
        <ele>266</ele>
        <time>2026-07-24T11:42:19+00:00</time>
      </trkpt>
      <trkpt lat="43.94932" lon="7.15815">
        <ele>275</ele>
        <time>2026-07-24T11:42:22+00:00</time>
      </trkpt>
      <trkpt lat="43.94907" lon="7.15867">
        <ele>275</ele>
        <time>2026-07-24T11:42:25+00:00</time>
      </trkpt>
      <trkpt lat="43.94894" lon="7.15877">
        <ele>275</ele>
        <time>2026-07-24T11:42:28+00:00</time>
      </trkpt>
      <trkpt lat="43.94883" lon="7.15882">
        <ele>275</ele>
        <time>2026-07-24T11:42:31+00:00</time>
      </trkpt>
      <trkpt lat="43.9486" lon="7.15899">
        <ele>275</ele>
        <time>2026-07-24T11:42:34+00:00</time>
      </trkpt>
      <trkpt lat="43.94842" lon="7.15897">
        <ele>273</ele>
        <time>2026-07-24T11:42:37+00:00</time>
      </trkpt>
      <trkpt lat="43.94827" lon="7.15909">
        <ele>273</ele>
        <time>2026-07-24T11:42:40+00:00</time>
      </trkpt>
      <trkpt lat="43.94804" lon="7.15916">
        <ele>265</ele>
        <time>2026-07-24T11:42:43+00:00</time>
      </trkpt>
      <trkpt lat="43.94797" lon="7.15924">
        <ele>268</ele>
        <time>2026-07-24T11:42:46+00:00</time>
      </trkpt>
      <trkpt lat="43.94795" lon="7.15937">
        <ele>268</ele>
        <time>2026-07-24T11:42:49+00:00</time>
      </trkpt>
      <trkpt lat="43.94802" lon="7.15978">
        <ele>258</ele>
        <time>2026-07-24T11:42:52+00:00</time>
      </trkpt>
      <trkpt lat="43.94802" lon="7.15985">
        <ele>258</ele>
        <time>2026-07-24T11:42:55+00:00</time>
      </trkpt>
      <trkpt lat="43.94787" lon="7.15993">
        <ele>258</ele>
        <time>2026-07-24T11:42:58+00:00</time>
      </trkpt>
      <trkpt lat="43.94789" lon="7.15997">
        <ele>254</ele>
        <time>2026-07-24T11:43:01+00:00</time>
      </trkpt>
      <trkpt lat="43.94802" lon="7.15997">
        <ele>258</ele>
        <time>2026-07-24T11:43:04+00:00</time>
      </trkpt>
      <trkpt lat="43.94802" lon="7.16002">
        <ele>258</ele>
        <time>2026-07-24T11:43:07+00:00</time>
      </trkpt>
      <trkpt lat="43.94776" lon="7.16006">
        <ele>254</ele>
        <time>2026-07-24T11:43:10+00:00</time>
      </trkpt>
      <trkpt lat="43.94774" lon="7.16012">
        <ele>254</ele>
        <time>2026-07-24T11:43:13+00:00</time>
      </trkpt>
      <trkpt lat="43.94796" lon="7.16012">
        <ele>254</ele>
        <time>2026-07-24T11:43:16+00:00</time>
      </trkpt>
      <trkpt lat="43.94821" lon="7.16012">
        <ele>259</ele>
        <time>2026-07-24T11:43:19+00:00</time>
      </trkpt>
      <trkpt lat="43.94847" lon="7.16015">
        <ele>259</ele>
        <time>2026-07-24T11:43:22+00:00</time>
      </trkpt>
      <trkpt lat="43.94877" lon="7.16019">
        <ele>258</ele>
        <time>2026-07-24T11:43:25+00:00</time>
      </trkpt>
      <trkpt lat="43.94877" lon="7.1603">
        <ele>258</ele>
        <time>2026-07-24T11:43:28+00:00</time>
      </trkpt>
      <trkpt lat="43.94857" lon="7.16036">
        <ele>258</ele>
        <time>2026-07-24T11:43:31+00:00</time>
      </trkpt>
      <trkpt lat="43.94842" lon="7.16055">
        <ele>265</ele>
        <time>2026-07-24T11:43:34+00:00</time>
      </trkpt>
      <trkpt lat="43.9484" lon="7.16092">
        <ele>265</ele>
        <time>2026-07-24T11:43:37+00:00</time>
      </trkpt>
      <trkpt lat="43.94838" lon="7.16137">
        <ele>281</ele>
        <time>2026-07-24T11:43:40+00:00</time>
      </trkpt>
      <trkpt lat="43.94825" lon="7.16154">
        <ele>281</ele>
        <time>2026-07-24T11:43:43+00:00</time>
      </trkpt>
      <trkpt lat="43.94812" lon="7.16136">
        <ele>277</ele>
        <time>2026-07-24T11:43:46+00:00</time>
      </trkpt>
      <trkpt lat="43.94797" lon="7.16115">
        <ele>274</ele>
        <time>2026-07-24T11:43:49+00:00</time>
      </trkpt>
      <trkpt lat="43.94778" lon="7.16111">
        <ele>274</ele>
        <time>2026-07-24T11:43:52+00:00</time>
      </trkpt>
      <trkpt lat="43.94784" lon="7.16143">
        <ele>288</ele>
        <time>2026-07-24T11:43:55+00:00</time>
      </trkpt>
      <trkpt lat="43.94763" lon="7.16193">
        <ele>318</ele>
        <time>2026-07-24T11:43:58+00:00</time>
      </trkpt>
      <trkpt lat="43.94761" lon="7.16229">
        <ele>325</ele>
        <time>2026-07-24T11:44:01+00:00</time>
      </trkpt>
      <trkpt lat="43.94759" lon="7.16274">
        <ele>329</ele>
        <time>2026-07-24T11:44:04+00:00</time>
      </trkpt>
      <trkpt lat="43.94737" lon="7.16321">
        <ele>346</ele>
        <time>2026-07-24T11:44:07+00:00</time>
      </trkpt>
      <trkpt lat="43.94722" lon="7.16369">
        <ele>350</ele>
        <time>2026-07-24T11:44:10+00:00</time>
      </trkpt>
      <trkpt lat="43.94718" lon="7.16422">
        <ele>367</ele>
        <time>2026-07-24T11:44:13+00:00</time>
      </trkpt>
      <trkpt lat="43.94726" lon="7.16448">
        <ele>369</ele>
        <time>2026-07-24T11:44:16+00:00</time>
      </trkpt>
      <trkpt lat="43.9473" lon="7.16482">
        <ele>371</ele>
        <time>2026-07-24T11:44:19+00:00</time>
      </trkpt>
      <trkpt lat="43.94733" lon="7.16517">
        <ele>373</ele>
        <time>2026-07-24T11:44:22+00:00</time>
      </trkpt>
      <trkpt lat="43.94729" lon="7.1656">
        <ele>381</ele>
        <time>2026-07-24T11:44:25+00:00</time>
      </trkpt>
      <trkpt lat="43.94746" lon="7.16581">
        <ele>391</ele>
        <time>2026-07-24T11:44:28+00:00</time>
      </trkpt>
      <trkpt lat="43.94748" lon="7.16594">
        <ele>391</ele>
        <time>2026-07-24T11:44:31+00:00</time>
      </trkpt>
      <trkpt lat="43.94754" lon="7.16605">
        <ele>397</ele>
        <time>2026-07-24T11:44:34+00:00</time>
      </trkpt>
      <trkpt lat="43.94752" lon="7.16624">
        <ele>397</ele>
        <time>2026-07-24T11:44:37+00:00</time>
      </trkpt>
      <trkpt lat="43.94765" lon="7.16648">
        <ele>400</ele>
        <time>2026-07-24T11:44:40+00:00</time>
      </trkpt>
      <trkpt lat="43.94765" lon="7.16656">
        <ele>400</ele>
        <time>2026-07-24T11:44:43+00:00</time>
      </trkpt>
      <trkpt lat="43.94772" lon="7.16658">
        <ele>411</ele>
        <time>2026-07-24T11:44:46+00:00</time>
      </trkpt>
      <trkpt lat="43.94774" lon="7.16675">
        <ele>415</ele>
        <time>2026-07-24T11:44:49+00:00</time>
      </trkpt>
      <trkpt lat="43.94799" lon="7.16678">
        <ele>415</ele>
        <time>2026-07-24T11:44:52+00:00</time>
      </trkpt>
      <trkpt lat="43.94808" lon="7.16682">
        <ele>425</ele>
        <time>2026-07-24T11:44:55+00:00</time>
      </trkpt>
      <trkpt lat="43.94825" lon="7.16671">
        <ele>431</ele>
        <time>2026-07-24T11:44:58+00:00</time>
      </trkpt>
      <trkpt lat="43.9483" lon="7.16688">
        <ele>431</ele>
        <time>2026-07-24T11:45:01+00:00</time>
      </trkpt>
      <trkpt lat="43.94842" lon="7.16688">
        <ele>431</ele>
        <time>2026-07-24T11:45:04+00:00</time>
      </trkpt>
      <trkpt lat="43.9484" lon="7.16697">
        <ele>442</ele>
        <time>2026-07-24T11:45:07+00:00</time>
      </trkpt>
      <trkpt lat="43.94847" lon="7.16701">
        <ele>442</ele>
        <time>2026-07-24T11:45:10+00:00</time>
      </trkpt>
      <trkpt lat="43.94849" lon="7.16708">
        <ele>442</ele>
        <time>2026-07-24T11:45:13+00:00</time>
      </trkpt>
      <trkpt lat="43.94841" lon="7.1673">
        <ele>459</ele>
        <time>2026-07-24T11:45:16+00:00</time>
      </trkpt>
      <trkpt lat="43.94832" lon="7.16757">
        <ele>468</ele>
        <time>2026-07-24T11:45:19+00:00</time>
      </trkpt>
      <trkpt lat="43.94832" lon="7.16766">
        <ele>468</ele>
        <time>2026-07-24T11:45:22+00:00</time>
      </trkpt>
      <trkpt lat="43.94814" lon="7.16817">
        <ele>474</ele>
        <time>2026-07-24T11:45:25+00:00</time>
      </trkpt>
      <trkpt lat="43.94821" lon="7.16819">
        <ele>488</ele>
        <time>2026-07-24T11:45:28+00:00</time>
      </trkpt>
      <trkpt lat="43.94817" lon="7.16834">
        <ele>480</ele>
        <time>2026-07-24T11:45:31+00:00</time>
      </trkpt>
      <trkpt lat="43.94825" lon="7.16832">
        <ele>496</ele>
        <time>2026-07-24T11:45:34+00:00</time>
      </trkpt>
      <trkpt lat="43.94832" lon="7.16847">
        <ele>496</ele>
        <time>2026-07-24T11:45:37+00:00</time>
      </trkpt>
      <trkpt lat="43.94855" lon="7.16843">
        <ele>502</ele>
        <time>2026-07-24T11:45:40+00:00</time>
      </trkpt>
      <trkpt lat="43.94851" lon="7.16851">
        <ele>511</ele>
        <time>2026-07-24T11:45:43+00:00</time>
      </trkpt>
      <trkpt lat="43.94857" lon="7.16854">
        <ele>511</ele>
        <time>2026-07-24T11:45:46+00:00</time>
      </trkpt>
      <trkpt lat="43.94853" lon="7.16864">
        <ele>511</ele>
        <time>2026-07-24T11:45:49+00:00</time>
      </trkpt>
      <trkpt lat="43.94872" lon="7.16866">
        <ele>511</ele>
        <time>2026-07-24T11:45:52+00:00</time>
      </trkpt>
      <trkpt lat="43.94877" lon="7.16877">
        <ele>511</ele>
        <time>2026-07-24T11:45:55+00:00</time>
      </trkpt>
      <trkpt lat="43.94877" lon="7.16903">
        <ele>519</ele>
        <time>2026-07-24T11:45:58+00:00</time>
      </trkpt>
      <trkpt lat="43.94887" lon="7.16923">
        <ele>529</ele>
        <time>2026-07-24T11:46:01+00:00</time>
      </trkpt>
      <trkpt lat="43.949" lon="7.16948">
        <ele>530</ele>
        <time>2026-07-24T11:46:04+00:00</time>
      </trkpt>
      <trkpt lat="43.94915" lon="7.16965">
        <ele>527</ele>
        <time>2026-07-24T11:46:07+00:00</time>
      </trkpt>
      <trkpt lat="43.94932" lon="7.16967">
        <ele>532</ele>
        <time>2026-07-24T11:46:10+00:00</time>
      </trkpt>
      <trkpt lat="43.94952" lon="7.16978">
        <ele>529</ele>
        <time>2026-07-24T11:46:13+00:00</time>
      </trkpt>
      <trkpt lat="43.94956" lon="7.17004">
        <ele>530</ele>
        <time>2026-07-24T11:46:16+00:00</time>
      </trkpt>
      <trkpt lat="43.9495" lon="7.17027">
        <ele>532</ele>
        <time>2026-07-24T11:46:19+00:00</time>
      </trkpt>
      <trkpt lat="43.94943" lon="7.17055">
        <ele>536</ele>
        <time>2026-07-24T11:46:22+00:00</time>
      </trkpt>
      <trkpt lat="43.94947" lon="7.17081">
        <ele>538</ele>
        <time>2026-07-24T11:46:25+00:00</time>
      </trkpt>
      <trkpt lat="43.94953" lon="7.17103">
        <ele>533</ele>
        <time>2026-07-24T11:46:28+00:00</time>
      </trkpt>
      <trkpt lat="43.9496" lon="7.17128">
        <ele>530</ele>
        <time>2026-07-24T11:46:31+00:00</time>
      </trkpt>
      <trkpt lat="43.94978" lon="7.17143">
        <ele>528</ele>
        <time>2026-07-24T11:46:34+00:00</time>
      </trkpt>
      <trkpt lat="43.94988" lon="7.17169">
        <ele>528</ele>
        <time>2026-07-24T11:46:37+00:00</time>
      </trkpt>
      <trkpt lat="43.95005" lon="7.17167">
        <ele>535</ele>
        <time>2026-07-24T11:46:40+00:00</time>
      </trkpt>
      <trkpt lat="43.95018" lon="7.17192">
        <ele>539</ele>
        <time>2026-07-24T11:46:43+00:00</time>
      </trkpt>
      <trkpt lat="43.95038" lon="7.17231">
        <ele>554</ele>
        <time>2026-07-24T11:46:46+00:00</time>
      </trkpt>
      <trkpt lat="43.95063" lon="7.17268">
        <ele>554</ele>
        <time>2026-07-24T11:46:49+00:00</time>
      </trkpt>
      <trkpt lat="43.95091" lon="7.17285">
        <ele>549</ele>
        <time>2026-07-24T11:46:52+00:00</time>
      </trkpt>
      <trkpt lat="43.95083" lon="7.17285">
        <ele>549</ele>
        <time>2026-07-24T11:46:55+00:00</time>
      </trkpt>
      <trkpt lat="43.95072" lon="7.173">
        <ele>549</ele>
        <time>2026-07-24T11:46:58+00:00</time>
      </trkpt>
      <trkpt lat="43.9507" lon="7.17334">
        <ele>550</ele>
        <time>2026-07-24T11:47:01+00:00</time>
      </trkpt>
      <trkpt lat="43.95068" lon="7.17369">
        <ele>552</ele>
        <time>2026-07-24T11:47:04+00:00</time>
      </trkpt>
      <trkpt lat="43.95048" lon="7.17422">
        <ele>553</ele>
        <time>2026-07-24T11:47:07+00:00</time>
      </trkpt>
      <trkpt lat="43.95048" lon="7.17478">
        <ele>553</ele>
        <time>2026-07-24T11:47:10+00:00</time>
      </trkpt>
      <trkpt lat="43.95033" lon="7.17512">
        <ele>555</ele>
        <time>2026-07-24T11:47:13+00:00</time>
      </trkpt>
      <trkpt lat="43.95012" lon="7.1756">
        <ele>555</ele>
        <time>2026-07-24T11:47:16+00:00</time>
      </trkpt>
      <trkpt lat="43.95009" lon="7.17601">
        <ele>556</ele>
        <time>2026-07-24T11:47:19+00:00</time>
      </trkpt>
      <trkpt lat="43.95003" lon="7.17669">
        <ele>559</ele>
        <time>2026-07-24T11:47:22+00:00</time>
      </trkpt>
      <trkpt lat="43.95003" lon="7.17686">
        <ele>559</ele>
        <time>2026-07-24T11:47:25+00:00</time>
      </trkpt>
      <trkpt lat="43.95008" lon="7.17693">
        <ele>561</ele>
        <time>2026-07-24T11:47:28+00:00</time>
      </trkpt>
      <trkpt lat="43.95021" lon="7.1771">
        <ele>561</ele>
        <time>2026-07-24T11:47:31+00:00</time>
      </trkpt>
      <trkpt lat="43.95038" lon="7.17731">
        <ele>564</ele>
        <time>2026-07-24T11:47:34+00:00</time>
      </trkpt>
      <trkpt lat="43.95044" lon="7.17727">
        <ele>564</ele>
        <time>2026-07-24T11:47:37+00:00</time>
      </trkpt>
      <trkpt lat="43.95076" lon="7.1774">
        <ele>569</ele>
        <time>2026-07-24T11:47:40+00:00</time>
      </trkpt>
      <trkpt lat="43.95081" lon="7.17744">
        <ele>574</ele>
        <time>2026-07-24T11:47:43+00:00</time>
      </trkpt>
      <trkpt lat="43.95089" lon="7.1777">
        <ele>574</ele>
        <time>2026-07-24T11:47:46+00:00</time>
      </trkpt>
      <trkpt lat="43.95102" lon="7.17787">
        <ele>576</ele>
        <time>2026-07-24T11:47:49+00:00</time>
      </trkpt>
      <trkpt lat="43.95119" lon="7.17789">
        <ele>576</ele>
        <time>2026-07-24T11:47:52+00:00</time>
      </trkpt>
      <trkpt lat="43.95145" lon="7.17783">
        <ele>582</ele>
        <time>2026-07-24T11:47:55+00:00</time>
      </trkpt>
      <trkpt lat="43.95169" lon="7.17791">
        <ele>594</ele>
        <time>2026-07-24T11:47:58+00:00</time>
      </trkpt>
      <trkpt lat="43.95201" lon="7.17787">
        <ele>595</ele>
        <time>2026-07-24T11:48:01+00:00</time>
      </trkpt>
      <trkpt lat="43.95223" lon="7.17803">
        <ele>597</ele>
        <time>2026-07-24T11:48:04+00:00</time>
      </trkpt>
      <trkpt lat="43.95246" lon="7.17819">
        <ele>591</ele>
        <time>2026-07-24T11:48:07+00:00</time>
      </trkpt>
      <trkpt lat="43.95249" lon="7.17857">
        <ele>585</ele>
        <time>2026-07-24T11:48:10+00:00</time>
      </trkpt>
      <trkpt lat="43.95252" lon="7.17905">
        <ele>579</ele>
        <time>2026-07-24T11:48:13+00:00</time>
      </trkpt>
      <trkpt lat="43.95269" lon="7.17922">
        <ele>578</ele>
        <time>2026-07-24T11:48:16+00:00</time>
      </trkpt>
      <trkpt lat="43.95244" lon="7.17956">
        <ele>577</ele>
        <time>2026-07-24T11:48:19+00:00</time>
      </trkpt>
      <trkpt lat="43.95232" lon="7.1799">
        <ele>575</ele>
        <time>2026-07-24T11:48:22+00:00</time>
      </trkpt>
      <trkpt lat="43.95218" lon="7.18032">
        <ele>574</ele>
        <time>2026-07-24T11:48:25+00:00</time>
      </trkpt>
      <trkpt lat="43.95199" lon="7.1806">
        <ele>561</ele>
        <time>2026-07-24T11:48:28+00:00</time>
      </trkpt>
      <trkpt lat="43.95181" lon="7.1812">
        <ele>564</ele>
        <time>2026-07-24T11:48:31+00:00</time>
      </trkpt>
      <trkpt lat="43.95184" lon="7.18137">
        <ele>545</ele>
        <time>2026-07-24T11:48:34+00:00</time>
      </trkpt>
      <trkpt lat="43.95208" lon="7.18147">
        <ele>567</ele>
        <time>2026-07-24T11:48:37+00:00</time>
      </trkpt>
      <trkpt lat="43.95246" lon="7.18162">
        <ele>581</ele>
        <time>2026-07-24T11:48:40+00:00</time>
      </trkpt>
      <trkpt lat="43.95271" lon="7.18152">
        <ele>581</ele>
        <time>2026-07-24T11:48:43+00:00</time>
      </trkpt>
      <trkpt lat="43.9528" lon="7.1816">
        <ele>582</ele>
        <time>2026-07-24T11:48:46+00:00</time>
      </trkpt>
      <trkpt lat="43.95289" lon="7.18201">
        <ele>569</ele>
        <time>2026-07-24T11:48:49+00:00</time>
      </trkpt>
      <trkpt lat="43.95287" lon="7.18225">
        <ele>569</ele>
        <time>2026-07-24T11:48:52+00:00</time>
      </trkpt>
      <trkpt lat="43.9527" lon="7.18252">
        <ele>558</ele>
        <time>2026-07-24T11:48:55+00:00</time>
      </trkpt>
      <trkpt lat="43.95237" lon="7.18304">
        <ele>555</ele>
        <time>2026-07-24T11:48:58+00:00</time>
      </trkpt>
      <trkpt lat="43.95235" lon="7.18315">
        <ele>548</ele>
        <time>2026-07-24T11:49:01+00:00</time>
      </trkpt>
      <trkpt lat="43.95224" lon="7.18336">
        <ele>552</ele>
        <time>2026-07-24T11:49:04+00:00</time>
      </trkpt>
      <trkpt lat="43.95226" lon="7.18368">
        <ele>552</ele>
        <time>2026-07-24T11:49:07+00:00</time>
      </trkpt>
      <trkpt lat="43.95237" lon="7.18399">
        <ele>553</ele>
        <time>2026-07-24T11:49:10+00:00</time>
      </trkpt>
      <trkpt lat="43.95254" lon="7.18429">
        <ele>554</ele>
        <time>2026-07-24T11:49:13+00:00</time>
      </trkpt>
      <trkpt lat="43.95269" lon="7.18429">
        <ele>554</ele>
        <time>2026-07-24T11:49:16+00:00</time>
      </trkpt>
      <trkpt lat="43.95276" lon="7.18433">
        <ele>557</ele>
        <time>2026-07-24T11:49:19+00:00</time>
      </trkpt>
      <trkpt lat="43.95291" lon="7.18437">
        <ele>568</ele>
        <time>2026-07-24T11:49:22+00:00</time>
      </trkpt>
      <trkpt lat="43.95308" lon="7.18452">
        <ele>555</ele>
        <time>2026-07-24T11:49:25+00:00</time>
      </trkpt>
      <trkpt lat="43.95321" lon="7.18452">
        <ele>574</ele>
        <time>2026-07-24T11:49:28+00:00</time>
      </trkpt>
      <trkpt lat="43.95325" lon="7.18469">
        <ele>554</ele>
        <time>2026-07-24T11:49:31+00:00</time>
      </trkpt>
      <trkpt lat="43.95327" lon="7.18491">
        <ele>543</ele>
        <time>2026-07-24T11:49:34+00:00</time>
      </trkpt>
      <trkpt lat="43.95314" lon="7.18523">
        <ele>543</ele>
        <time>2026-07-24T11:49:37+00:00</time>
      </trkpt>
      <trkpt lat="43.95325" lon="7.18562">
        <ele>533</ele>
        <time>2026-07-24T11:49:40+00:00</time>
      </trkpt>
      <trkpt lat="43.95314" lon="7.18592">
        <ele>524</ele>
        <time>2026-07-24T11:49:43+00:00</time>
      </trkpt>
      <trkpt lat="43.95325" lon="7.18609">
        <ele>515</ele>
        <time>2026-07-24T11:49:46+00:00</time>
      </trkpt>
      <trkpt lat="43.95332" lon="7.18609">
        <ele>515</ele>
        <time>2026-07-24T11:49:49+00:00</time>
      </trkpt>
      <trkpt lat="43.95338" lon="7.18611">
        <ele>515</ele>
        <time>2026-07-24T11:49:52+00:00</time>
      </trkpt>
      <trkpt lat="43.95338" lon="7.18617">
        <ele>515</ele>
        <time>2026-07-24T11:49:55+00:00</time>
      </trkpt>
      <trkpt lat="43.9537" lon="7.1863">
        <ele>519</ele>
        <time>2026-07-24T11:49:58+00:00</time>
      </trkpt>
      <trkpt lat="43.95398" lon="7.18635">
        <ele>523</ele>
        <time>2026-07-24T11:50:01+00:00</time>
      </trkpt>
      <trkpt lat="43.95417" lon="7.18656">
        <ele>514</ele>
        <time>2026-07-24T11:50:04+00:00</time>
      </trkpt>
      <trkpt lat="43.95413" lon="7.18667">
        <ele>513</ele>
        <time>2026-07-24T11:50:07+00:00</time>
      </trkpt>
      <trkpt lat="43.95402" lon="7.18673">
        <ele>506</ele>
        <time>2026-07-24T11:50:10+00:00</time>
      </trkpt>
      <trkpt lat="43.9539" lon="7.18671">
        <ele>506</ele>
        <time>2026-07-24T11:50:13+00:00</time>
      </trkpt>
      <trkpt lat="43.95364" lon="7.18684">
        <ele>508</ele>
        <time>2026-07-24T11:50:16+00:00</time>
      </trkpt>
      <trkpt lat="43.95347" lon="7.18712">
        <ele>510</ele>
        <time>2026-07-24T11:50:19+00:00</time>
      </trkpt>
      <trkpt lat="43.95312" lon="7.18729">
        <ele>513</ele>
        <time>2026-07-24T11:50:22+00:00</time>
      </trkpt>
      <trkpt lat="43.95299" lon="7.18742">
        <ele>515</ele>
        <time>2026-07-24T11:50:25+00:00</time>
      </trkpt>
      <trkpt lat="43.9529" lon="7.18765">
        <ele>515</ele>
        <time>2026-07-24T11:50:28+00:00</time>
      </trkpt>
      <trkpt lat="43.95278" lon="7.18793">
        <ele>518</ele>
        <time>2026-07-24T11:50:31+00:00</time>
      </trkpt>
      <trkpt lat="43.95274" lon="7.18796">
        <ele>522</ele>
        <time>2026-07-24T11:50:34+00:00</time>
      </trkpt>
      <trkpt lat="43.95256" lon="7.18791">
        <ele>521</ele>
        <time>2026-07-24T11:50:37+00:00</time>
      </trkpt>
      <trkpt lat="43.95248" lon="7.18796">
        <ele>521</ele>
        <time>2026-07-24T11:50:40+00:00</time>
      </trkpt>
      <trkpt lat="43.95241" lon="7.18796">
        <ele>521</ele>
        <time>2026-07-24T11:50:43+00:00</time>
      </trkpt>
      <trkpt lat="43.95239" lon="7.18787">
        <ele>517</ele>
        <time>2026-07-24T11:50:46+00:00</time>
      </trkpt>
      <trkpt lat="43.95218" lon="7.18768">
        <ele>522</ele>
        <time>2026-07-24T11:50:49+00:00</time>
      </trkpt>
      <trkpt lat="43.95199" lon="7.18776">
        <ele>528</ele>
        <time>2026-07-24T11:50:52+00:00</time>
      </trkpt>
      <trkpt lat="43.95158" lon="7.18806">
        <ele>538</ele>
        <time>2026-07-24T11:50:55+00:00</time>
      </trkpt>
      <trkpt lat="43.95149" lon="7.18804">
        <ele>555</ele>
        <time>2026-07-24T11:50:58+00:00</time>
      </trkpt>
      <trkpt lat="43.95143" lon="7.18791">
        <ele>542</ele>
        <time>2026-07-24T11:51:01+00:00</time>
      </trkpt>
      <trkpt lat="43.95145" lon="7.1877">
        <ele>546</ele>
        <time>2026-07-24T11:51:04+00:00</time>
      </trkpt>
      <trkpt lat="43.95136" lon="7.18749">
        <ele>546</ele>
        <time>2026-07-24T11:51:07+00:00</time>
      </trkpt>
      <trkpt lat="43.95126" lon="7.18727">
        <ele>548</ele>
        <time>2026-07-24T11:51:10+00:00</time>
      </trkpt>
      <trkpt lat="43.95117" lon="7.1872">
        <ele>548</ele>
        <time>2026-07-24T11:51:13+00:00</time>
      </trkpt>
      <trkpt lat="43.95104" lon="7.1872">
        <ele>548</ele>
        <time>2026-07-24T11:51:16+00:00</time>
      </trkpt>
      <trkpt lat="43.95089" lon="7.18735">
        <ele>556</ele>
        <time>2026-07-24T11:51:19+00:00</time>
      </trkpt>
      <trkpt lat="43.95081" lon="7.1874">
        <ele>556</ele>
        <time>2026-07-24T11:51:22+00:00</time>
      </trkpt>
      <trkpt lat="43.95068" lon="7.18731">
        <ele>563</ele>
        <time>2026-07-24T11:51:25+00:00</time>
      </trkpt>
      <trkpt lat="43.95049" lon="7.18735">
        <ele>571</ele>
        <time>2026-07-24T11:51:28+00:00</time>
      </trkpt>
      <trkpt lat="43.95027" lon="7.1874">
        <ele>571</ele>
        <time>2026-07-24T11:51:31+00:00</time>
      </trkpt>
      <trkpt lat="43.9502" lon="7.18727">
        <ele>571</ele>
        <time>2026-07-24T11:51:34+00:00</time>
      </trkpt>
      <trkpt lat="43.94995" lon="7.18725">
        <ele>590</ele>
        <time>2026-07-24T11:51:37+00:00</time>
      </trkpt>
      <trkpt lat="43.94984" lon="7.18714">
        <ele>603</ele>
        <time>2026-07-24T11:51:40+00:00</time>
      </trkpt>
      <trkpt lat="43.94952" lon="7.18705">
        <ele>591</ele>
        <time>2026-07-24T11:51:43+00:00</time>
      </trkpt>
      <trkpt lat="43.94929" lon="7.18681">
        <ele>593</ele>
        <time>2026-07-24T11:51:46+00:00</time>
      </trkpt>
      <trkpt lat="43.94896" lon="7.18645">
        <ele>593</ele>
        <time>2026-07-24T11:51:49+00:00</time>
      </trkpt>
      <trkpt lat="43.94885" lon="7.18628">
        <ele>588</ele>
        <time>2026-07-24T11:51:52+00:00</time>
      </trkpt>
      <trkpt lat="43.94879" lon="7.1863">
        <ele>593</ele>
        <time>2026-07-24T11:51:55+00:00</time>
      </trkpt>
      <trkpt lat="43.94866" lon="7.18615">
        <ele>593</ele>
        <time>2026-07-24T11:51:58+00:00</time>
      </trkpt>
      <trkpt lat="43.94864" lon="7.18605">
        <ele>593</ele>
        <time>2026-07-24T11:52:01+00:00</time>
      </trkpt>
      <trkpt lat="43.94857" lon="7.18585">
        <ele>590</ele>
        <time>2026-07-24T11:52:04+00:00</time>
      </trkpt>
      <trkpt lat="43.94855" lon="7.1858">
        <ele>592</ele>
        <time>2026-07-24T11:52:07+00:00</time>
      </trkpt>
      <trkpt lat="43.94835" lon="7.18561">
        <ele>592</ele>
        <time>2026-07-24T11:52:10+00:00</time>
      </trkpt>
      <trkpt lat="43.94815" lon="7.18523">
        <ele>593</ele>
        <time>2026-07-24T11:52:13+00:00</time>
      </trkpt>
      <trkpt lat="43.94797" lon="7.18506">
        <ele>597</ele>
        <time>2026-07-24T11:52:16+00:00</time>
      </trkpt>
      <trkpt lat="43.94789" lon="7.18489">
        <ele>603</ele>
        <time>2026-07-24T11:52:19+00:00</time>
      </trkpt>
      <trkpt lat="43.94772" lon="7.18477">
        <ele>603</ele>
        <time>2026-07-24T11:52:22+00:00</time>
      </trkpt>
      <trkpt lat="43.94754" lon="7.18465">
        <ele>611</ele>
        <time>2026-07-24T11:52:25+00:00</time>
      </trkpt>
      <trkpt lat="43.94729" lon="7.18456">
        <ele>617</ele>
        <time>2026-07-24T11:52:28+00:00</time>
      </trkpt>
      <trkpt lat="43.94701" lon="7.1845">
        <ele>617</ele>
        <time>2026-07-24T11:52:31+00:00</time>
      </trkpt>
      <trkpt lat="43.94679" lon="7.18435">
        <ele>616</ele>
        <time>2026-07-24T11:52:34+00:00</time>
      </trkpt>
      <trkpt lat="43.94679" lon="7.18426">
        <ele>618</ele>
        <time>2026-07-24T11:52:37+00:00</time>
      </trkpt>
      <trkpt lat="43.94662" lon="7.18407">
        <ele>615</ele>
        <time>2026-07-24T11:52:40+00:00</time>
      </trkpt>
      <trkpt lat="43.94647" lon="7.18394">
        <ele>611</ele>
        <time>2026-07-24T11:52:43+00:00</time>
      </trkpt>
      <trkpt lat="43.94643" lon="7.18411">
        <ele>613</ele>
        <time>2026-07-24T11:52:46+00:00</time>
      </trkpt>
      <trkpt lat="43.94632" lon="7.18429">
        <ele>613</ele>
        <time>2026-07-24T11:52:49+00:00</time>
      </trkpt>
      <trkpt lat="43.94624" lon="7.18444">
        <ele>609</ele>
        <time>2026-07-24T11:52:52+00:00</time>
      </trkpt>
      <trkpt lat="43.94621" lon="7.1845">
        <ele>609</ele>
        <time>2026-07-24T11:52:55+00:00</time>
      </trkpt>
      <trkpt lat="43.94619" lon="7.18474">
        <ele>605</ele>
        <time>2026-07-24T11:52:58+00:00</time>
      </trkpt>
      <trkpt lat="43.94608" lon="7.18509">
        <ele>602</ele>
        <time>2026-07-24T11:53:01+00:00</time>
      </trkpt>
      <trkpt lat="43.94593" lon="7.18557">
        <ele>600</ele>
        <time>2026-07-24T11:53:04+00:00</time>
      </trkpt>
      <trkpt lat="43.94596" lon="7.18562">
        <ele>590</ele>
        <time>2026-07-24T11:53:07+00:00</time>
      </trkpt>
      <trkpt lat="43.94626" lon="7.18525">
        <ele>602</ele>
        <time>2026-07-24T11:53:10+00:00</time>
      </trkpt>
      <trkpt lat="43.94639" lon="7.18523">
        <ele>604</ele>
        <time>2026-07-24T11:53:13+00:00</time>
      </trkpt>
      <trkpt lat="43.94658" lon="7.18525">
        <ele>604</ele>
        <time>2026-07-24T11:53:16+00:00</time>
      </trkpt>
      <trkpt lat="43.94679" lon="7.18527">
        <ele>606</ele>
        <time>2026-07-24T11:53:19+00:00</time>
      </trkpt>
      <trkpt lat="43.9472" lon="7.18504">
        <ele>604</ele>
        <time>2026-07-24T11:53:22+00:00</time>
      </trkpt>
      <trkpt lat="43.94735" lon="7.18499">
        <ele>607</ele>
        <time>2026-07-24T11:53:25+00:00</time>
      </trkpt>
      <trkpt lat="43.94752" lon="7.18501">
        <ele>603</ele>
        <time>2026-07-24T11:53:28+00:00</time>
      </trkpt>
      <trkpt lat="43.94772" lon="7.18512">
        <ele>597</ele>
        <time>2026-07-24T11:53:31+00:00</time>
      </trkpt>
      <trkpt lat="43.94787" lon="7.18547">
        <ele>597</ele>
        <time>2026-07-24T11:53:34+00:00</time>
      </trkpt>
      <trkpt lat="43.94819" lon="7.1857">
        <ele>591</ele>
        <time>2026-07-24T11:53:37+00:00</time>
      </trkpt>
      <trkpt lat="43.94836" lon="7.18579">
        <ele>590</ele>
        <time>2026-07-24T11:53:40+00:00</time>
      </trkpt>
      <trkpt lat="43.94851" lon="7.18587">
        <ele>592</ele>
        <time>2026-07-24T11:53:43+00:00</time>
      </trkpt>
      <trkpt lat="43.94857" lon="7.18585">
        <ele>590</ele>
        <time>2026-07-24T11:53:46+00:00</time>
      </trkpt>
      <trkpt lat="43.94864" lon="7.18605">
        <ele>590</ele>
        <time>2026-07-24T11:53:49+00:00</time>
      </trkpt>
      <trkpt lat="43.94881" lon="7.18628">
        <ele>594</ele>
        <time>2026-07-24T11:53:52+00:00</time>
      </trkpt>
      <trkpt lat="43.94885" lon="7.18643">
        <ele>595</ele>
        <time>2026-07-24T11:53:55+00:00</time>
      </trkpt>
      <trkpt lat="43.94877" lon="7.18667">
        <ele>598</ele>
        <time>2026-07-24T11:53:58+00:00</time>
      </trkpt>
      <trkpt lat="43.94872" lon="7.18701">
        <ele>603</ele>
        <time>2026-07-24T11:54:01+00:00</time>
      </trkpt>
      <trkpt lat="43.94881" lon="7.18692">
        <ele>608</ele>
        <time>2026-07-24T11:54:04+00:00</time>
      </trkpt>
      <trkpt lat="43.94885" lon="7.18697">
        <ele>608</ele>
        <time>2026-07-24T11:54:07+00:00</time>
      </trkpt>
      <trkpt lat="43.94885" lon="7.18729">
        <ele>605</ele>
        <time>2026-07-24T11:54:10+00:00</time>
      </trkpt>
      <trkpt lat="43.94877" lon="7.18755">
        <ele>608</ele>
        <time>2026-07-24T11:54:13+00:00</time>
      </trkpt>
      <trkpt lat="43.94868" lon="7.1877">
        <ele>608</ele>
        <time>2026-07-24T11:54:16+00:00</time>
      </trkpt>
      <trkpt lat="43.94866" lon="7.18808">
        <ele>619</ele>
        <time>2026-07-24T11:54:19+00:00</time>
      </trkpt>
      <trkpt lat="43.9486" lon="7.18819">
        <ele>619</ele>
        <time>2026-07-24T11:54:22+00:00</time>
      </trkpt>
      <trkpt lat="43.9486" lon="7.18826">
        <ele>635</ele>
        <time>2026-07-24T11:54:25+00:00</time>
      </trkpt>
      <trkpt lat="43.94847" lon="7.18844">
        <ele>620</ele>
        <time>2026-07-24T11:54:28+00:00</time>
      </trkpt>
      <trkpt lat="43.94834" lon="7.18865">
        <ele>629</ele>
        <time>2026-07-24T11:54:31+00:00</time>
      </trkpt>
      <trkpt lat="43.94828" lon="7.18875">
        <ele>629</ele>
        <time>2026-07-24T11:54:34+00:00</time>
      </trkpt>
      <trkpt lat="43.94821" lon="7.18883">
        <ele>640</ele>
        <time>2026-07-24T11:54:37+00:00</time>
      </trkpt>
      <trkpt lat="43.94805" lon="7.1891">
        <ele>630</ele>
        <time>2026-07-24T11:54:40+00:00</time>
      </trkpt>
      <trkpt lat="43.94805" lon="7.18923">
        <ele>630</ele>
        <time>2026-07-24T11:54:43+00:00</time>
      </trkpt>
      <trkpt lat="43.9481" lon="7.18969">
        <ele>635</ele>
        <time>2026-07-24T11:54:46+00:00</time>
      </trkpt>
      <trkpt lat="43.9481" lon="7.18992">
        <ele>642</ele>
        <time>2026-07-24T11:54:49+00:00</time>
      </trkpt>
      <trkpt lat="43.94804" lon="7.19003">
        <ele>631</ele>
        <time>2026-07-24T11:54:52+00:00</time>
      </trkpt>
      <trkpt lat="43.94796" lon="7.19009">
        <ele>632</ele>
        <time>2026-07-24T11:54:55+00:00</time>
      </trkpt>
      <trkpt lat="43.94768" lon="7.19011">
        <ele>628</ele>
        <time>2026-07-24T11:54:58+00:00</time>
      </trkpt>
      <trkpt lat="43.94762" lon="7.19013">
        <ele>628</ele>
        <time>2026-07-24T11:55:01+00:00</time>
      </trkpt>
      <trkpt lat="43.94757" lon="7.19019">
        <ele>628</ele>
        <time>2026-07-24T11:55:04+00:00</time>
      </trkpt>
      <trkpt lat="43.9475" lon="7.19018">
        <ele>628</ele>
        <time>2026-07-24T11:55:07+00:00</time>
      </trkpt>
      <trkpt lat="43.9473" lon="7.19039">
        <ele>629</ele>
        <time>2026-07-24T11:55:10+00:00</time>
      </trkpt>
      <trkpt lat="43.94708" lon="7.19085">
        <ele>628</ele>
        <time>2026-07-24T11:55:13+00:00</time>
      </trkpt>
      <trkpt lat="43.94679" lon="7.19124">
        <ele>635</ele>
        <time>2026-07-24T11:55:16+00:00</time>
      </trkpt>
      <trkpt lat="43.94693" lon="7.19162">
        <ele>642</ele>
        <time>2026-07-24T11:55:19+00:00</time>
      </trkpt>
      <trkpt lat="43.94698" lon="7.19205">
        <ele>639</ele>
        <time>2026-07-24T11:55:22+00:00</time>
      </trkpt>
      <trkpt lat="43.94707" lon="7.1928">
        <ele>646</ele>
        <time>2026-07-24T11:55:25+00:00</time>
      </trkpt>
      <trkpt lat="43.94715" lon="7.19302">
        <ele>646</ele>
        <time>2026-07-24T11:55:28+00:00</time>
      </trkpt>
      <trkpt lat="43.94741" lon="7.19313">
        <ele>648</ele>
        <time>2026-07-24T11:55:31+00:00</time>
      </trkpt>
      <trkpt lat="43.94747" lon="7.19309">
        <ele>654</ele>
        <time>2026-07-24T11:55:34+00:00</time>
      </trkpt>
      <trkpt lat="43.94764" lon="7.19323">
        <ele>646</ele>
        <time>2026-07-24T11:55:37+00:00</time>
      </trkpt>
      <trkpt lat="43.94776" lon="7.19343">
        <ele>673</ele>
        <time>2026-07-24T11:55:40+00:00</time>
      </trkpt>
      <trkpt lat="43.9477" lon="7.19382">
        <ele>645</ele>
        <time>2026-07-24T11:55:43+00:00</time>
      </trkpt>
      <trkpt lat="43.94769" lon="7.19397">
        <ele>622</ele>
        <time>2026-07-24T11:55:46+00:00</time>
      </trkpt>
      <trkpt lat="43.94766" lon="7.19406">
        <ele>622</ele>
        <time>2026-07-24T11:55:49+00:00</time>
      </trkpt>
      <trkpt lat="43.94751" lon="7.19415">
        <ele>636</ele>
        <time>2026-07-24T11:55:52+00:00</time>
      </trkpt>
      <trkpt lat="43.9475" lon="7.19421">
        <ele>625</ele>
        <time>2026-07-24T11:55:55+00:00</time>
      </trkpt>
      <trkpt lat="43.9475" lon="7.19457">
        <ele>632</ele>
        <time>2026-07-24T11:55:58+00:00</time>
      </trkpt>
      <trkpt lat="43.94764" lon="7.1948">
        <ele>638</ele>
        <time>2026-07-24T11:56:01+00:00</time>
      </trkpt>
      <trkpt lat="43.94766" lon="7.19493">
        <ele>627</ele>
        <time>2026-07-24T11:56:04+00:00</time>
      </trkpt>
      <trkpt lat="43.94769" lon="7.19499">
        <ele>627</ele>
        <time>2026-07-24T11:56:07+00:00</time>
      </trkpt>
      <trkpt lat="43.94774" lon="7.19504">
        <ele>644</ele>
        <time>2026-07-24T11:56:10+00:00</time>
      </trkpt>
      <trkpt lat="43.94786" lon="7.19502">
        <ele>644</ele>
        <time>2026-07-24T11:56:13+00:00</time>
      </trkpt>
      <trkpt lat="43.94789" lon="7.19507">
        <ele>644</ele>
        <time>2026-07-24T11:56:16+00:00</time>
      </trkpt>
      <trkpt lat="43.94789" lon="7.19514">
        <ele>644</ele>
        <time>2026-07-24T11:56:19+00:00</time>
      </trkpt>
      <trkpt lat="43.94777" lon="7.19539">
        <ele>640</ele>
        <time>2026-07-24T11:56:22+00:00</time>
      </trkpt>
      <trkpt lat="43.94774" lon="7.19554">
        <ele>639</ele>
        <time>2026-07-24T11:56:25+00:00</time>
      </trkpt>
      <trkpt lat="43.94774" lon="7.19568">
        <ele>639</ele>
        <time>2026-07-24T11:56:28+00:00</time>
      </trkpt>
      <trkpt lat="43.94779" lon="7.19587">
        <ele>639</ele>
        <time>2026-07-24T11:56:31+00:00</time>
      </trkpt>
      <trkpt lat="43.94777" lon="7.1962">
        <ele>636</ele>
        <time>2026-07-24T11:56:34+00:00</time>
      </trkpt>
      <trkpt lat="43.94773" lon="7.19669">
        <ele>633</ele>
        <time>2026-07-24T11:56:37+00:00</time>
      </trkpt>
      <trkpt lat="43.94773" lon="7.19696">
        <ele>631</ele>
        <time>2026-07-24T11:56:40+00:00</time>
      </trkpt>
      <trkpt lat="43.94772" lon="7.19695">
        <ele>631</ele>
        <time>2026-07-24T11:56:43+00:00</time>
      </trkpt>
      <trkpt lat="43.94767" lon="7.19684">
        <ele>615</ele>
        <time>2026-07-24T11:56:46+00:00</time>
      </trkpt>
      <trkpt lat="43.94766" lon="7.19685">
        <ele>615</ele>
        <time>2026-07-24T11:56:49+00:00</time>
      </trkpt>
      <trkpt lat="43.94766" lon="7.197">
        <ele>630</ele>
        <time>2026-07-24T11:56:52+00:00</time>
      </trkpt>
      <trkpt lat="43.94769" lon="7.19713">
        <ele>615</ele>
        <time>2026-07-24T11:56:55+00:00</time>
      </trkpt>
      <trkpt lat="43.94775" lon="7.19722">
        <ele>630</ele>
        <time>2026-07-24T11:56:58+00:00</time>
      </trkpt>
      <trkpt lat="43.94786" lon="7.19726">
        <ele>630</ele>
        <time>2026-07-24T11:57:01+00:00</time>
      </trkpt>
      <trkpt lat="43.94788" lon="7.19729">
        <ele>630</ele>
        <time>2026-07-24T11:57:04+00:00</time>
      </trkpt>
      <trkpt lat="43.94786" lon="7.19743">
        <ele>626</ele>
        <time>2026-07-24T11:57:07+00:00</time>
      </trkpt>
      <trkpt lat="43.94778" lon="7.19752">
        <ele>626</ele>
        <time>2026-07-24T11:57:10+00:00</time>
      </trkpt>
      <trkpt lat="43.94775" lon="7.19763">
        <ele>626</ele>
        <time>2026-07-24T11:57:13+00:00</time>
      </trkpt>
      <trkpt lat="43.94777" lon="7.19795">
        <ele>618</ele>
        <time>2026-07-24T11:57:16+00:00</time>
      </trkpt>
      <trkpt lat="43.94779" lon="7.19808">
        <ele>610</ele>
        <time>2026-07-24T11:57:19+00:00</time>
      </trkpt>
      <trkpt lat="43.94788" lon="7.19818">
        <ele>610</ele>
        <time>2026-07-24T11:57:22+00:00</time>
      </trkpt>
      <trkpt lat="43.94791" lon="7.19827">
        <ele>609</ele>
        <time>2026-07-24T11:57:25+00:00</time>
      </trkpt>
      <trkpt lat="43.94791" lon="7.19833">
        <ele>609</ele>
        <time>2026-07-24T11:57:28+00:00</time>
      </trkpt>
      <trkpt lat="43.94775" lon="7.19831">
        <ele>609</ele>
        <time>2026-07-24T11:57:31+00:00</time>
      </trkpt>
      <trkpt lat="43.94766" lon="7.19843">
        <ele>599</ele>
        <time>2026-07-24T11:57:34+00:00</time>
      </trkpt>
      <trkpt lat="43.94754" lon="7.19845">
        <ele>599</ele>
        <time>2026-07-24T11:57:37+00:00</time>
      </trkpt>
      <trkpt lat="43.9474" lon="7.19857">
        <ele>607</ele>
        <time>2026-07-24T11:57:40+00:00</time>
      </trkpt>
      <trkpt lat="43.94724" lon="7.19878">
        <ele>598</ele>
        <time>2026-07-24T11:57:43+00:00</time>
      </trkpt>
      <trkpt lat="43.9469" lon="7.19911">
        <ele>597</ele>
        <time>2026-07-24T11:57:46+00:00</time>
      </trkpt>
      <trkpt lat="43.94687" lon="7.19926">
        <ele>575</ele>
        <time>2026-07-24T11:57:49+00:00</time>
      </trkpt>
      <trkpt lat="43.94688" lon="7.19965">
        <ele>600</ele>
        <time>2026-07-24T11:57:52+00:00</time>
      </trkpt>
      <trkpt lat="43.94694" lon="7.19981">
        <ele>607</ele>
        <time>2026-07-24T11:57:55+00:00</time>
      </trkpt>
      <trkpt lat="43.94695" lon="7.20007">
        <ele>600</ele>
        <time>2026-07-24T11:57:58+00:00</time>
      </trkpt>
      <trkpt lat="43.94701" lon="7.20025">
        <ele>600</ele>
        <time>2026-07-24T11:58:01+00:00</time>
      </trkpt>
      <trkpt lat="43.94701" lon="7.20032">
        <ele>600</ele>
        <time>2026-07-24T11:58:04+00:00</time>
      </trkpt>
      <trkpt lat="43.94709" lon="7.20051">
        <ele>595</ele>
        <time>2026-07-24T11:58:07+00:00</time>
      </trkpt>
      <trkpt lat="43.94713" lon="7.20062">
        <ele>602</ele>
        <time>2026-07-24T11:58:10+00:00</time>
      </trkpt>
      <trkpt lat="43.94733" lon="7.20092">
        <ele>604</ele>
        <time>2026-07-24T11:58:13+00:00</time>
      </trkpt>
      <trkpt lat="43.94737" lon="7.20102">
        <ele>596</ele>
        <time>2026-07-24T11:58:16+00:00</time>
      </trkpt>
      <trkpt lat="43.94745" lon="7.20109">
        <ele>615</ele>
        <time>2026-07-24T11:58:19+00:00</time>
      </trkpt>
      <trkpt lat="43.94748" lon="7.20116">
        <ele>605</ele>
        <time>2026-07-24T11:58:22+00:00</time>
      </trkpt>
      <trkpt lat="43.94744" lon="7.20132">
        <ele>607</ele>
        <time>2026-07-24T11:58:25+00:00</time>
      </trkpt>
      <trkpt lat="43.94753" lon="7.20141">
        <ele>604</ele>
        <time>2026-07-24T11:58:28+00:00</time>
      </trkpt>
      <trkpt lat="43.94755" lon="7.20147">
        <ele>607</ele>
        <time>2026-07-24T11:58:31+00:00</time>
      </trkpt>
      <trkpt lat="43.94751" lon="7.2017">
        <ele>603</ele>
        <time>2026-07-24T11:58:34+00:00</time>
      </trkpt>
      <trkpt lat="43.9474" lon="7.20177">
        <ele>603</ele>
        <time>2026-07-24T11:58:37+00:00</time>
      </trkpt>
      <trkpt lat="43.94736" lon="7.20198">
        <ele>600</ele>
        <time>2026-07-24T11:58:40+00:00</time>
      </trkpt>
      <trkpt lat="43.94739" lon="7.20223">
        <ele>560</ele>
        <time>2026-07-24T11:58:43+00:00</time>
      </trkpt>
      <trkpt lat="43.94745" lon="7.20237">
        <ele>608</ele>
        <time>2026-07-24T11:58:46+00:00</time>
      </trkpt>
      <trkpt lat="43.94778" lon="7.20252">
        <ele>608</ele>
        <time>2026-07-24T11:58:49+00:00</time>
      </trkpt>
      <trkpt lat="43.94783" lon="7.2027">
        <ele>616</ele>
        <time>2026-07-24T11:58:52+00:00</time>
      </trkpt>
      <trkpt lat="43.94788" lon="7.20289">
        <ele>608</ele>
        <time>2026-07-24T11:58:55+00:00</time>
      </trkpt>
      <trkpt lat="43.94797" lon="7.20304">
        <ele>598</ele>
        <time>2026-07-24T11:58:58+00:00</time>
      </trkpt>
      <trkpt lat="43.94801" lon="7.20336">
        <ele>596</ele>
        <time>2026-07-24T11:59:01+00:00</time>
      </trkpt>
      <trkpt lat="43.94797" lon="7.20348">
        <ele>577</ele>
        <time>2026-07-24T11:59:04+00:00</time>
      </trkpt>
      <trkpt lat="43.94804" lon="7.2036">
        <ele>600</ele>
        <time>2026-07-24T11:59:07+00:00</time>
      </trkpt>
      <trkpt lat="43.94821" lon="7.20368">
        <ele>605</ele>
        <time>2026-07-24T11:59:10+00:00</time>
      </trkpt>
      <trkpt lat="43.94833" lon="7.20365">
        <ele>605</ele>
        <time>2026-07-24T11:59:13+00:00</time>
      </trkpt>
      <trkpt lat="43.94846" lon="7.20377">
        <ele>605</ele>
        <time>2026-07-24T11:59:16+00:00</time>
      </trkpt>
      <trkpt lat="43.94862" lon="7.20376">
        <ele>605</ele>
        <time>2026-07-24T11:59:19+00:00</time>
      </trkpt>
      <trkpt lat="43.94867" lon="7.20382">
        <ele>605</ele>
        <time>2026-07-24T11:59:22+00:00</time>
      </trkpt>
      <trkpt lat="43.94877" lon="7.20387">
        <ele>605</ele>
        <time>2026-07-24T11:59:25+00:00</time>
      </trkpt>
      <trkpt lat="43.94878" lon="7.20404">
        <ele>605</ele>
        <time>2026-07-24T11:59:28+00:00</time>
      </trkpt>
      <trkpt lat="43.94876" lon="7.20428">
        <ele>598</ele>
        <time>2026-07-24T11:59:31+00:00</time>
      </trkpt>
      <trkpt lat="43.94888" lon="7.20452">
        <ele>603</ele>
        <time>2026-07-24T11:59:34+00:00</time>
      </trkpt>
      <trkpt lat="43.94907" lon="7.20485">
        <ele>594</ele>
        <time>2026-07-24T11:59:37+00:00</time>
      </trkpt>
      <trkpt lat="43.94925" lon="7.20498">
        <ele>595</ele>
        <time>2026-07-24T11:59:40+00:00</time>
      </trkpt>
      <trkpt lat="43.9495" lon="7.20502">
        <ele>591</ele>
        <time>2026-07-24T11:59:43+00:00</time>
      </trkpt>
      <trkpt lat="43.94951" lon="7.2054">
        <ele>587</ele>
        <time>2026-07-24T11:59:46+00:00</time>
      </trkpt>
      <trkpt lat="43.94959" lon="7.20561">
        <ele>576</ele>
        <time>2026-07-24T11:59:49+00:00</time>
      </trkpt>
      <trkpt lat="43.94974" lon="7.2058">
        <ele>588</ele>
        <time>2026-07-24T11:59:52+00:00</time>
      </trkpt>
      <trkpt lat="43.94997" lon="7.20613">
        <ele>590</ele>
        <time>2026-07-24T11:59:55+00:00</time>
      </trkpt>
      <trkpt lat="43.95025" lon="7.20642">
        <ele>595</ele>
        <time>2026-07-24T11:59:58+00:00</time>
      </trkpt>
      <trkpt lat="43.95042" lon="7.20655">
        <ele>595</ele>
        <time>2026-07-24T12:00:01+00:00</time>
      </trkpt>
      <trkpt lat="43.95058" lon="7.20692">
        <ele>592</ele>
        <time>2026-07-24T12:00:04+00:00</time>
      </trkpt>
      <trkpt lat="43.95088" lon="7.20758">
        <ele>594</ele>
        <time>2026-07-24T12:00:07+00:00</time>
      </trkpt>
      <trkpt lat="43.95099" lon="7.20774">
        <ele>584</ele>
        <time>2026-07-24T12:00:10+00:00</time>
      </trkpt>
      <trkpt lat="43.95115" lon="7.20786">
        <ele>596</ele>
        <time>2026-07-24T12:00:13+00:00</time>
      </trkpt>
      <trkpt lat="43.95138" lon="7.20792">
        <ele>600</ele>
        <time>2026-07-24T12:00:16+00:00</time>
      </trkpt>
      <trkpt lat="43.95149" lon="7.20791">
        <ele>600</ele>
        <time>2026-07-24T12:00:19+00:00</time>
      </trkpt>
      <trkpt lat="43.95169" lon="7.20764">
        <ele>604</ele>
        <time>2026-07-24T12:00:22+00:00</time>
      </trkpt>
      <trkpt lat="43.95188" lon="7.20748">
        <ele>604</ele>
        <time>2026-07-24T12:00:25+00:00</time>
      </trkpt>
      <trkpt lat="43.95205" lon="7.20745">
        <ele>598</ele>
        <time>2026-07-24T12:00:28+00:00</time>
      </trkpt>
      <trkpt lat="43.9522" lon="7.20725">
        <ele>618</ele>
        <time>2026-07-24T12:00:31+00:00</time>
      </trkpt>
      <trkpt lat="43.95249" lon="7.20706">
        <ele>611</ele>
        <time>2026-07-24T12:00:34+00:00</time>
      </trkpt>
      <trkpt lat="43.95294" lon="7.207">
        <ele>604</ele>
        <time>2026-07-24T12:00:37+00:00</time>
      </trkpt>
      <trkpt lat="43.95298" lon="7.20701">
        <ele>604</ele>
        <time>2026-07-24T12:00:40+00:00</time>
      </trkpt>
      <trkpt lat="43.95311" lon="7.20698">
        <ele>580</ele>
        <time>2026-07-24T12:00:43+00:00</time>
      </trkpt>
      <trkpt lat="43.95321" lon="7.20689">
        <ele>602</ele>
        <time>2026-07-24T12:00:46+00:00</time>
      </trkpt>
      <trkpt lat="43.95324" lon="7.20681">
        <ele>571</ele>
        <time>2026-07-24T12:00:49+00:00</time>
      </trkpt>
      <trkpt lat="43.95316" lon="7.20669">
        <ele>592</ele>
        <time>2026-07-24T12:00:52+00:00</time>
      </trkpt>
      <trkpt lat="43.95316" lon="7.20644">
        <ele>606</ele>
        <time>2026-07-24T12:00:55+00:00</time>
      </trkpt>
      <trkpt lat="43.95316" lon="7.20614">
        <ele>601</ele>
        <time>2026-07-24T12:00:58+00:00</time>
      </trkpt>
      <trkpt lat="43.95333" lon="7.20594">
        <ele>596</ele>
        <time>2026-07-24T12:01:01+00:00</time>
      </trkpt>
      <trkpt lat="43.95356" lon="7.20573">
        <ele>569</ele>
        <time>2026-07-24T12:01:04+00:00</time>
      </trkpt>
      <trkpt lat="43.95387" lon="7.20544">
        <ele>573</ele>
        <time>2026-07-24T12:01:07+00:00</time>
      </trkpt>
      <trkpt lat="43.95398" lon="7.20504">
        <ele>569</ele>
        <time>2026-07-24T12:01:10+00:00</time>
      </trkpt>
      <trkpt lat="43.95413" lon="7.20487">
        <ele>565</ele>
        <time>2026-07-24T12:01:13+00:00</time>
      </trkpt>
      <trkpt lat="43.95427" lon="7.20479">
        <ele>565</ele>
        <time>2026-07-24T12:01:16+00:00</time>
      </trkpt>
      <trkpt lat="43.95441" lon="7.2047">
        <ele>548</ele>
        <time>2026-07-24T12:01:19+00:00</time>
      </trkpt>
      <trkpt lat="43.95481" lon="7.20461">
        <ele>549</ele>
        <time>2026-07-24T12:01:22+00:00</time>
      </trkpt>
      <trkpt lat="43.95497" lon="7.20461">
        <ele>550</ele>
        <time>2026-07-24T12:01:25+00:00</time>
      </trkpt>
      <trkpt lat="43.95517" lon="7.20484">
        <ele>548</ele>
        <time>2026-07-24T12:01:28+00:00</time>
      </trkpt>
      <trkpt lat="43.95515" lon="7.20513">
        <ele>548</ele>
        <time>2026-07-24T12:01:31+00:00</time>
      </trkpt>
      <trkpt lat="43.9552" lon="7.20523">
        <ele>544</ele>
        <time>2026-07-24T12:01:34+00:00</time>
      </trkpt>
      <trkpt lat="43.95528" lon="7.20556">
        <ele>532</ele>
        <time>2026-07-24T12:01:37+00:00</time>
      </trkpt>
      <trkpt lat="43.95508" lon="7.20575">
        <ele>528</ele>
        <time>2026-07-24T12:01:40+00:00</time>
      </trkpt>
      <trkpt lat="43.95487" lon="7.20595">
        <ele>528</ele>
        <time>2026-07-24T12:01:43+00:00</time>
      </trkpt>
      <trkpt lat="43.95485" lon="7.20602">
        <ele>525</ele>
        <time>2026-07-24T12:01:46+00:00</time>
      </trkpt>
      <trkpt lat="43.95512" lon="7.20599">
        <ele>528</ele>
        <time>2026-07-24T12:01:49+00:00</time>
      </trkpt>
      <trkpt lat="43.95524" lon="7.20614">
        <ele>537</ele>
        <time>2026-07-24T12:01:52+00:00</time>
      </trkpt>
      <trkpt lat="43.95525" lon="7.20642">
        <ele>541</ele>
        <time>2026-07-24T12:01:55+00:00</time>
      </trkpt>
      <trkpt lat="43.95527" lon="7.20677">
        <ele>548</ele>
        <time>2026-07-24T12:01:58+00:00</time>
      </trkpt>
      <trkpt lat="43.95504" lon="7.20704">
        <ele>556</ele>
        <time>2026-07-24T12:02:01+00:00</time>
      </trkpt>
      <trkpt lat="43.95524" lon="7.20743">
        <ele>563</ele>
        <time>2026-07-24T12:02:04+00:00</time>
      </trkpt>
      <trkpt lat="43.9552" lon="7.20748">
        <ele>563</ele>
        <time>2026-07-24T12:02:07+00:00</time>
      </trkpt>
      <trkpt lat="43.95525" lon="7.2075">
        <ele>563</ele>
        <time>2026-07-24T12:02:10+00:00</time>
      </trkpt>
      <trkpt lat="43.95528" lon="7.20758">
        <ele>563</ele>
        <time>2026-07-24T12:02:13+00:00</time>
      </trkpt>
      <trkpt lat="43.95531" lon="7.2079">
        <ele>567</ele>
        <time>2026-07-24T12:02:16+00:00</time>
      </trkpt>
      <trkpt lat="43.95535" lon="7.20838">
        <ele>579</ele>
        <time>2026-07-24T12:02:19+00:00</time>
      </trkpt>
      <trkpt lat="43.95564" lon="7.20872">
        <ele>583</ele>
        <time>2026-07-24T12:02:22+00:00</time>
      </trkpt>
      <trkpt lat="43.95586" lon="7.20905">
        <ele>587</ele>
        <time>2026-07-24T12:02:25+00:00</time>
      </trkpt>
      <trkpt lat="43.95608" lon="7.20939">
        <ele>591</ele>
        <time>2026-07-24T12:02:28+00:00</time>
      </trkpt>
      <trkpt lat="43.95632" lon="7.20976">
        <ele>603</ele>
        <time>2026-07-24T12:02:31+00:00</time>
      </trkpt>
      <trkpt lat="43.95657" lon="7.21008">
        <ele>607</ele>
        <time>2026-07-24T12:02:34+00:00</time>
      </trkpt>
      <trkpt lat="43.95682" lon="7.21041">
        <ele>612</ele>
        <time>2026-07-24T12:02:37+00:00</time>
      </trkpt>
      <trkpt lat="43.95716" lon="7.21085">
        <ele>612</ele>
        <time>2026-07-24T12:02:40+00:00</time>
      </trkpt>
      <trkpt lat="43.95714" lon="7.21097">
        <ele>612</ele>
        <time>2026-07-24T12:02:43+00:00</time>
      </trkpt>
      <trkpt lat="43.95718" lon="7.211">
        <ele>619</ele>
        <time>2026-07-24T12:02:46+00:00</time>
      </trkpt>
      <trkpt lat="43.95719" lon="7.21104">
        <ele>619</ele>
        <time>2026-07-24T12:02:49+00:00</time>
      </trkpt>
      <trkpt lat="43.95733" lon="7.2111">
        <ele>612</ele>
        <time>2026-07-24T12:02:52+00:00</time>
      </trkpt>
      <trkpt lat="43.95733" lon="7.21117">
        <ele>619</ele>
        <time>2026-07-24T12:02:55+00:00</time>
      </trkpt>
      <trkpt lat="43.95751" lon="7.21129">
        <ele>612</ele>
        <time>2026-07-24T12:02:58+00:00</time>
      </trkpt>
      <trkpt lat="43.95777" lon="7.21134">
        <ele>612</ele>
        <time>2026-07-24T12:03:01+00:00</time>
      </trkpt>
      <trkpt lat="43.95806" lon="7.2114">
        <ele>612</ele>
        <time>2026-07-24T12:03:04+00:00</time>
      </trkpt>
      <trkpt lat="43.95829" lon="7.21151">
        <ele>611</ele>
        <time>2026-07-24T12:03:07+00:00</time>
      </trkpt>
      <trkpt lat="43.95854" lon="7.21162">
        <ele>611</ele>
        <time>2026-07-24T12:03:10+00:00</time>
      </trkpt>
      <trkpt lat="43.95868" lon="7.21176">
        <ele>607</ele>
        <time>2026-07-24T12:03:13+00:00</time>
      </trkpt>
      <trkpt lat="43.95883" lon="7.21205">
        <ele>612</ele>
        <time>2026-07-24T12:03:16+00:00</time>
      </trkpt>
      <trkpt lat="43.95901" lon="7.21222">
        <ele>613</ele>
        <time>2026-07-24T12:03:19+00:00</time>
      </trkpt>
      <trkpt lat="43.95916" lon="7.2125">
        <ele>621</ele>
        <time>2026-07-24T12:03:22+00:00</time>
      </trkpt>
      <trkpt lat="43.95922" lon="7.21311">
        <ele>629</ele>
        <time>2026-07-24T12:03:25+00:00</time>
      </trkpt>
      <trkpt lat="43.95916" lon="7.21325">
        <ele>634</ele>
        <time>2026-07-24T12:03:28+00:00</time>
      </trkpt>
      <trkpt lat="43.95921" lon="7.21339">
        <ele>634</ele>
        <time>2026-07-24T12:03:31+00:00</time>
      </trkpt>
      <trkpt lat="43.95925" lon="7.21339">
        <ele>634</ele>
        <time>2026-07-24T12:03:34+00:00</time>
      </trkpt>
      <trkpt lat="43.95925" lon="7.21347">
        <ele>634</ele>
        <time>2026-07-24T12:03:37+00:00</time>
      </trkpt>
      <trkpt lat="43.95928" lon="7.21356">
        <ele>638</ele>
        <time>2026-07-24T12:03:40+00:00</time>
      </trkpt>
      <trkpt lat="43.95937" lon="7.2135">
        <ele>638</ele>
        <time>2026-07-24T12:03:43+00:00</time>
      </trkpt>
      <trkpt lat="43.95944" lon="7.21349">
        <ele>641</ele>
        <time>2026-07-24T12:03:46+00:00</time>
      </trkpt>
      <trkpt lat="43.95954" lon="7.21355">
        <ele>645</ele>
        <time>2026-07-24T12:03:49+00:00</time>
      </trkpt>
      <trkpt lat="43.95952" lon="7.21381">
        <ele>649</ele>
        <time>2026-07-24T12:03:52+00:00</time>
      </trkpt>
      <trkpt lat="43.9599" lon="7.21391">
        <ele>658</ele>
        <time>2026-07-24T12:03:55+00:00</time>
      </trkpt>
      <trkpt lat="43.95989" lon="7.21404">
        <ele>655</ele>
        <time>2026-07-24T12:03:58+00:00</time>
      </trkpt>
      <trkpt lat="43.95982" lon="7.21419">
        <ele>661</ele>
        <time>2026-07-24T12:04:01+00:00</time>
      </trkpt>
      <trkpt lat="43.96007" lon="7.21425">
        <ele>667</ele>
        <time>2026-07-24T12:04:04+00:00</time>
      </trkpt>
      <trkpt lat="43.96034" lon="7.21432">
        <ele>673</ele>
        <time>2026-07-24T12:04:07+00:00</time>
      </trkpt>
      <trkpt lat="43.96064" lon="7.21443">
        <ele>695</ele>
        <time>2026-07-24T12:04:10+00:00</time>
      </trkpt>
      <trkpt lat="43.96093" lon="7.21459">
        <ele>696</ele>
        <time>2026-07-24T12:04:13+00:00</time>
      </trkpt>
      <trkpt lat="43.96099" lon="7.21466">
        <ele>711</ele>
        <time>2026-07-24T12:04:16+00:00</time>
      </trkpt>
      <trkpt lat="43.96105" lon="7.21469">
        <ele>718</ele>
        <time>2026-07-24T12:04:19+00:00</time>
      </trkpt>
      <trkpt lat="43.96114" lon="7.21479">
        <ele>718</ele>
        <time>2026-07-24T12:04:22+00:00</time>
      </trkpt>
      <trkpt lat="43.96119" lon="7.21493">
        <ele>737</ele>
        <time>2026-07-24T12:04:25+00:00</time>
      </trkpt>
      <trkpt lat="43.96097" lon="7.21498">
        <ele>718</ele>
        <time>2026-07-24T12:04:28+00:00</time>
      </trkpt>
      <trkpt lat="43.96083" lon="7.21497">
        <ele>731</ele>
        <time>2026-07-24T12:04:31+00:00</time>
      </trkpt>
      <trkpt lat="43.96065" lon="7.21503">
        <ele>719</ele>
        <time>2026-07-24T12:04:34+00:00</time>
      </trkpt>
      <trkpt lat="43.96061" lon="7.21516">
        <ele>719</ele>
        <time>2026-07-24T12:04:37+00:00</time>
      </trkpt>
      <trkpt lat="43.9607" lon="7.21531">
        <ele>733</ele>
        <time>2026-07-24T12:04:40+00:00</time>
      </trkpt>
      <trkpt lat="43.96075" lon="7.2153">
        <ele>737</ele>
        <time>2026-07-24T12:04:43+00:00</time>
      </trkpt>
      <trkpt lat="43.96099" lon="7.21562">
        <ele>743</ele>
        <time>2026-07-24T12:04:46+00:00</time>
      </trkpt>
      <trkpt lat="43.96105" lon="7.21564">
        <ele>751</ele>
        <time>2026-07-24T12:04:49+00:00</time>
      </trkpt>
      <trkpt lat="43.96104" lon="7.21572">
        <ele>758</ele>
        <time>2026-07-24T12:04:52+00:00</time>
      </trkpt>
      <trkpt lat="43.96111" lon="7.21572">
        <ele>758</ele>
        <time>2026-07-24T12:04:55+00:00</time>
      </trkpt>
      <trkpt lat="43.96111" lon="7.2158">
        <ele>758</ele>
        <time>2026-07-24T12:04:58+00:00</time>
      </trkpt>
      <trkpt lat="43.96116" lon="7.21582">
        <ele>758</ele>
        <time>2026-07-24T12:05:01+00:00</time>
      </trkpt>
      <trkpt lat="43.96126" lon="7.21602">
        <ele>763</ele>
        <time>2026-07-24T12:05:04+00:00</time>
      </trkpt>
      <trkpt lat="43.96134" lon="7.21604">
        <ele>769</ele>
        <time>2026-07-24T12:05:07+00:00</time>
      </trkpt>
      <trkpt lat="43.96151" lon="7.21615">
        <ele>769</ele>
        <time>2026-07-24T12:05:10+00:00</time>
      </trkpt>
      <trkpt lat="43.96192" lon="7.21635">
        <ele>776</ele>
        <time>2026-07-24T12:05:13+00:00</time>
      </trkpt>
      <trkpt lat="43.96225" lon="7.21647">
        <ele>783</ele>
        <time>2026-07-24T12:05:16+00:00</time>
      </trkpt>
      <trkpt lat="43.96233" lon="7.21654">
        <ele>783</ele>
        <time>2026-07-24T12:05:19+00:00</time>
      </trkpt>
      <trkpt lat="43.96242" lon="7.21656">
        <ele>779</ele>
        <time>2026-07-24T12:05:22+00:00</time>
      </trkpt>
      <trkpt lat="43.96247" lon="7.21664">
        <ele>794</ele>
        <time>2026-07-24T12:05:25+00:00</time>
      </trkpt>
      <trkpt lat="43.9625" lon="7.21664">
        <ele>794</ele>
        <time>2026-07-24T12:05:28+00:00</time>
      </trkpt>
      <trkpt lat="43.96251" lon="7.21669">
        <ele>794</ele>
        <time>2026-07-24T12:05:31+00:00</time>
      </trkpt>
      <trkpt lat="43.96261" lon="7.21676">
        <ele>794</ele>
        <time>2026-07-24T12:05:34+00:00</time>
      </trkpt>
      <trkpt lat="43.96261" lon="7.21678">
        <ele>794</ele>
        <time>2026-07-24T12:05:37+00:00</time>
      </trkpt>
      <trkpt lat="43.96252" lon="7.21677">
        <ele>794</ele>
        <time>2026-07-24T12:05:40+00:00</time>
      </trkpt>
      <trkpt lat="43.9625" lon="7.2168">
        <ele>794</ele>
        <time>2026-07-24T12:05:43+00:00</time>
      </trkpt>
      <trkpt lat="43.96247" lon="7.21682">
        <ele>794</ele>
        <time>2026-07-24T12:05:46+00:00</time>
      </trkpt>
      <trkpt lat="43.96229" lon="7.21677">
        <ele>800</ele>
        <time>2026-07-24T12:05:49+00:00</time>
      </trkpt>
      <trkpt lat="43.96229" lon="7.21682">
        <ele>800</ele>
        <time>2026-07-24T12:05:52+00:00</time>
      </trkpt>
      <trkpt lat="43.96208" lon="7.2169">
        <ele>801</ele>
        <time>2026-07-24T12:05:55+00:00</time>
      </trkpt>
      <trkpt lat="43.96197" lon="7.21698">
        <ele>813</ele>
        <time>2026-07-24T12:05:58+00:00</time>
      </trkpt>
      <trkpt lat="43.96191" lon="7.21701">
        <ele>813</ele>
        <time>2026-07-24T12:06:01+00:00</time>
      </trkpt>
      <trkpt lat="43.9619" lon="7.21706">
        <ele>803</ele>
        <time>2026-07-24T12:06:04+00:00</time>
      </trkpt>
      <trkpt lat="43.96187" lon="7.21707">
        <ele>803</ele>
        <time>2026-07-24T12:06:07+00:00</time>
      </trkpt>
      <trkpt lat="43.96185" lon="7.21712">
        <ele>814</ele>
        <time>2026-07-24T12:06:10+00:00</time>
      </trkpt>
      <trkpt lat="43.9618" lon="7.21714">
        <ele>814</ele>
        <time>2026-07-24T12:06:13+00:00</time>
      </trkpt>
      <trkpt lat="43.96176" lon="7.21723">
        <ele>814</ele>
        <time>2026-07-24T12:06:16+00:00</time>
      </trkpt>
      <trkpt lat="43.96173" lon="7.21737">
        <ele>814</ele>
        <time>2026-07-24T12:06:19+00:00</time>
      </trkpt>
      <trkpt lat="43.96179" lon="7.21733">
        <ele>814</ele>
        <time>2026-07-24T12:06:22+00:00</time>
      </trkpt>
      <trkpt lat="43.96181" lon="7.21729">
        <ele>814</ele>
        <time>2026-07-24T12:06:25+00:00</time>
      </trkpt>
      <trkpt lat="43.96185" lon="7.21726">
        <ele>814</ele>
        <time>2026-07-24T12:06:28+00:00</time>
      </trkpt>
      <trkpt lat="43.96195" lon="7.2173">
        <ele>825</ele>
        <time>2026-07-24T12:06:31+00:00</time>
      </trkpt>
      <trkpt lat="43.96191" lon="7.21739">
        <ele>825</ele>
        <time>2026-07-24T12:06:34+00:00</time>
      </trkpt>
      <trkpt lat="43.96207" lon="7.21742">
        <ele>844</ele>
        <time>2026-07-24T12:06:37+00:00</time>
      </trkpt>
      <trkpt lat="43.96234" lon="7.21754">
        <ele>856</ele>
        <time>2026-07-24T12:06:40+00:00</time>
      </trkpt>
      <trkpt lat="43.96212" lon="7.21764">
        <ele>856</ele>
        <time>2026-07-24T12:06:43+00:00</time>
      </trkpt>
      <trkpt lat="43.96209" lon="7.21772">
        <ele>858</ele>
        <time>2026-07-24T12:06:46+00:00</time>
      </trkpt>
      <trkpt lat="43.96206" lon="7.21774">
        <ele>858</ele>
        <time>2026-07-24T12:06:49+00:00</time>
      </trkpt>
      <trkpt lat="43.96203" lon="7.21785">
        <ele>858</ele>
        <time>2026-07-24T12:06:52+00:00</time>
      </trkpt>
      <trkpt lat="43.96201" lon="7.21796">
        <ele>858</ele>
        <time>2026-07-24T12:06:55+00:00</time>
      </trkpt>
      <trkpt lat="43.96203" lon="7.218">
        <ele>858</ele>
        <time>2026-07-24T12:06:58+00:00</time>
      </trkpt>
      <trkpt lat="43.9621" lon="7.218">
        <ele>868</ele>
        <time>2026-07-24T12:07:01+00:00</time>
      </trkpt>
      <trkpt lat="43.96224" lon="7.21805">
        <ele>870</ele>
        <time>2026-07-24T12:07:04+00:00</time>
      </trkpt>
      <trkpt lat="43.96232" lon="7.21818">
        <ele>870</ele>
        <time>2026-07-24T12:07:07+00:00</time>
      </trkpt>
      <trkpt lat="43.96238" lon="7.21821">
        <ele>880</ele>
        <time>2026-07-24T12:07:10+00:00</time>
      </trkpt>
      <trkpt lat="43.96241" lon="7.21828">
        <ele>886</ele>
        <time>2026-07-24T12:07:13+00:00</time>
      </trkpt>
      <trkpt lat="43.96241" lon="7.21837">
        <ele>886</ele>
        <time>2026-07-24T12:07:16+00:00</time>
      </trkpt>
      <trkpt lat="43.96248" lon="7.21836">
        <ele>886</ele>
        <time>2026-07-24T12:07:19+00:00</time>
      </trkpt>
      <trkpt lat="43.96247" lon="7.21847">
        <ele>886</ele>
        <time>2026-07-24T12:07:22+00:00</time>
      </trkpt>
      <trkpt lat="43.96254" lon="7.21848">
        <ele>886</ele>
        <time>2026-07-24T12:07:25+00:00</time>
      </trkpt>
      <trkpt lat="43.96253" lon="7.21861">
        <ele>887</ele>
        <time>2026-07-24T12:07:28+00:00</time>
      </trkpt>
      <trkpt lat="43.96263" lon="7.2186">
        <ele>887</ele>
        <time>2026-07-24T12:07:31+00:00</time>
      </trkpt>
      <trkpt lat="43.96262" lon="7.21878">
        <ele>887</ele>
        <time>2026-07-24T12:07:34+00:00</time>
      </trkpt>
      <trkpt lat="43.96265" lon="7.21878">
        <ele>887</ele>
        <time>2026-07-24T12:07:37+00:00</time>
      </trkpt>
      <trkpt lat="43.96267" lon="7.21883">
        <ele>892</ele>
        <time>2026-07-24T12:07:40+00:00</time>
      </trkpt>
      <trkpt lat="43.96265" lon="7.21896">
        <ele>892</ele>
        <time>2026-07-24T12:07:43+00:00</time>
      </trkpt>
      <trkpt lat="43.9627" lon="7.21924">
        <ele>903</ele>
        <time>2026-07-24T12:07:46+00:00</time>
      </trkpt>
      <trkpt lat="43.96275" lon="7.21954">
        <ele>918</ele>
        <time>2026-07-24T12:07:49+00:00</time>
      </trkpt>
      <trkpt lat="43.96287" lon="7.21984">
        <ele>931</ele>
        <time>2026-07-24T12:07:52+00:00</time>
      </trkpt>
      <trkpt lat="43.96287" lon="7.22012">
        <ele>931</ele>
        <time>2026-07-24T12:07:55+00:00</time>
      </trkpt>
      <trkpt lat="43.96296" lon="7.22038">
        <ele>932</ele>
        <time>2026-07-24T12:07:58+00:00</time>
      </trkpt>
      <trkpt lat="43.96294" lon="7.22056">
        <ele>937</ele>
        <time>2026-07-24T12:08:01+00:00</time>
      </trkpt>
      <trkpt lat="43.96287" lon="7.22071">
        <ele>940</ele>
        <time>2026-07-24T12:08:04+00:00</time>
      </trkpt>
      <trkpt lat="43.96289" lon="7.22089">
        <ele>940</ele>
        <time>2026-07-24T12:08:07+00:00</time>
      </trkpt>
      <trkpt lat="43.96295" lon="7.22112">
        <ele>949</ele>
        <time>2026-07-24T12:08:10+00:00</time>
      </trkpt>
      <trkpt lat="43.96284" lon="7.22132">
        <ele>949</ele>
        <time>2026-07-24T12:08:13+00:00</time>
      </trkpt>
      <trkpt lat="43.96275" lon="7.2216">
        <ele>954</ele>
        <time>2026-07-24T12:08:16+00:00</time>
      </trkpt>
      <trkpt lat="43.96278" lon="7.22177">
        <ele>954</ele>
        <time>2026-07-24T12:08:19+00:00</time>
      </trkpt>
      <trkpt lat="43.96283" lon="7.2219">
        <ele>956</ele>
        <time>2026-07-24T12:08:22+00:00</time>
      </trkpt>
      <trkpt lat="43.96304" lon="7.22213">
        <ele>971</ele>
        <time>2026-07-24T12:08:25+00:00</time>
      </trkpt>
      <trkpt lat="43.96308" lon="7.22223">
        <ele>971</ele>
        <time>2026-07-24T12:08:28+00:00</time>
      </trkpt>
      <trkpt lat="43.96332" lon="7.22246">
        <ele>997</ele>
        <time>2026-07-24T12:08:31+00:00</time>
      </trkpt>
      <trkpt lat="43.96341" lon="7.2225">
        <ele>997</ele>
        <time>2026-07-24T12:08:34+00:00</time>
      </trkpt>
      <trkpt lat="43.96332" lon="7.2228">
        <ele>999</ele>
        <time>2026-07-24T12:08:37+00:00</time>
      </trkpt>
      <trkpt lat="43.96342" lon="7.22292">
        <ele>999</ele>
        <time>2026-07-24T12:08:40+00:00</time>
      </trkpt>
      <trkpt lat="43.96368" lon="7.22294">
        <ele>1010</ele>
        <time>2026-07-24T12:08:43+00:00</time>
      </trkpt>
      <trkpt lat="43.96402" lon="7.22316">
        <ele>1014</ele>
        <time>2026-07-24T12:08:46+00:00</time>
      </trkpt>
      <trkpt lat="43.96412" lon="7.22309">
        <ele>1046</ele>
        <time>2026-07-24T12:08:49+00:00</time>
      </trkpt>
      <trkpt lat="43.96424" lon="7.22313">
        <ele>1046</ele>
        <time>2026-07-24T12:08:52+00:00</time>
      </trkpt>
      <trkpt lat="43.96436" lon="7.22315">
        <ele>1046</ele>
        <time>2026-07-24T12:08:55+00:00</time>
      </trkpt>
      <trkpt lat="43.96451" lon="7.22312">
        <ele>1050</ele>
        <time>2026-07-24T12:08:58+00:00</time>
      </trkpt>
      <trkpt lat="43.96461" lon="7.22312">
        <ele>1051</ele>
        <time>2026-07-24T12:09:01+00:00</time>
      </trkpt>
      <trkpt lat="43.96471" lon="7.22321">
        <ele>1044</ele>
        <time>2026-07-24T12:09:04+00:00</time>
      </trkpt>
      <trkpt lat="43.96483" lon="7.22341">
        <ele>1051</ele>
        <time>2026-07-24T12:09:07+00:00</time>
      </trkpt>
      <trkpt lat="43.96495" lon="7.22378">
        <ele>1043</ele>
        <time>2026-07-24T12:09:10+00:00</time>
      </trkpt>
      <trkpt lat="43.96499" lon="7.22414">
        <ele>1043</ele>
        <time>2026-07-24T12:09:13+00:00</time>
      </trkpt>
      <trkpt lat="43.96504" lon="7.22457">
        <ele>1048</ele>
        <time>2026-07-24T12:09:16+00:00</time>
      </trkpt>
      <trkpt lat="43.96507" lon="7.2246">
        <ele>1057</ele>
        <time>2026-07-24T12:09:19+00:00</time>
      </trkpt>
      <trkpt lat="43.96494" lon="7.22504">
        <ele>1065</ele>
        <time>2026-07-24T12:09:22+00:00</time>
      </trkpt>
      <trkpt lat="43.96515" lon="7.22502">
        <ele>1065</ele>
        <time>2026-07-24T12:09:25+00:00</time>
      </trkpt>
      <trkpt lat="43.96515" lon="7.22512">
        <ele>1065</ele>
        <time>2026-07-24T12:09:28+00:00</time>
      </trkpt>
      <trkpt lat="43.96536" lon="7.22514">
        <ele>1076</ele>
        <time>2026-07-24T12:09:31+00:00</time>
      </trkpt>
      <trkpt lat="43.96557" lon="7.22561">
        <ele>1087</ele>
        <time>2026-07-24T12:09:34+00:00</time>
      </trkpt>
      <trkpt lat="43.96569" lon="7.2262">
        <ele>1117</ele>
        <time>2026-07-24T12:09:37+00:00</time>
      </trkpt>
      <trkpt lat="43.96587" lon="7.22665">
        <ele>1134</ele>
        <time>2026-07-24T12:09:40+00:00</time>
      </trkpt>
      <trkpt lat="43.96605" lon="7.2271">
        <ele>1153</ele>
        <time>2026-07-24T12:09:43+00:00</time>
      </trkpt>
      <trkpt lat="43.96623" lon="7.22755">
        <ele>1162</ele>
        <time>2026-07-24T12:09:46+00:00</time>
      </trkpt>
      <trkpt lat="43.96647" lon="7.22813">
        <ele>1165</ele>
        <time>2026-07-24T12:09:49+00:00</time>
      </trkpt>
      <trkpt lat="43.9665" lon="7.22828">
        <ele>1165</ele>
        <time>2026-07-24T12:09:52+00:00</time>
      </trkpt>
      <trkpt lat="43.96635" lon="7.22841">
        <ele>1165</ele>
        <time>2026-07-24T12:09:55+00:00</time>
      </trkpt>
      <trkpt lat="43.96635" lon="7.22856">
        <ele>1169</ele>
        <time>2026-07-24T12:09:58+00:00</time>
      </trkpt>
      <trkpt lat="43.96628" lon="7.2286">
        <ele>1178</ele>
        <time>2026-07-24T12:10:01+00:00</time>
      </trkpt>
      <trkpt lat="43.96622" lon="7.22854">
        <ele>1178</ele>
        <time>2026-07-24T12:10:04+00:00</time>
      </trkpt>
      <trkpt lat="43.96614" lon="7.22862">
        <ele>1178</ele>
        <time>2026-07-24T12:10:07+00:00</time>
      </trkpt>
      <trkpt lat="43.96617" lon="7.22872">
        <ele>1178</ele>
        <time>2026-07-24T12:10:10+00:00</time>
      </trkpt>
      <trkpt lat="43.96614" lon="7.22893">
        <ele>1181</ele>
        <time>2026-07-24T12:10:13+00:00</time>
      </trkpt>
      <trkpt lat="43.96622" lon="7.22914">
        <ele>1185</ele>
        <time>2026-07-24T12:10:16+00:00</time>
      </trkpt>
      <trkpt lat="43.96639" lon="7.22922">
        <ele>1186</ele>
        <time>2026-07-24T12:10:19+00:00</time>
      </trkpt>
      <trkpt lat="43.96646" lon="7.22927">
        <ele>1186</ele>
        <time>2026-07-24T12:10:22+00:00</time>
      </trkpt>
      <trkpt lat="43.96667" lon="7.22958">
        <ele>1200</ele>
        <time>2026-07-24T12:10:25+00:00</time>
      </trkpt>
      <trkpt lat="43.96644" lon="7.22973">
        <ele>1211</ele>
        <time>2026-07-24T12:10:28+00:00</time>
      </trkpt>
      <trkpt lat="43.96633" lon="7.22992">
        <ele>1222</ele>
        <time>2026-07-24T12:10:31+00:00</time>
      </trkpt>
      <trkpt lat="43.96641" lon="7.22999">
        <ele>1222</ele>
        <time>2026-07-24T12:10:34+00:00</time>
      </trkpt>
      <trkpt lat="43.96639" lon="7.23003">
        <ele>1222</ele>
        <time>2026-07-24T12:10:37+00:00</time>
      </trkpt>
      <trkpt lat="43.96635" lon="7.23009">
        <ele>1222</ele>
        <time>2026-07-24T12:10:40+00:00</time>
      </trkpt>
      <trkpt lat="43.96642" lon="7.23012">
        <ele>1222</ele>
        <time>2026-07-24T12:10:43+00:00</time>
      </trkpt>
      <trkpt lat="43.96643" lon="7.23016">
        <ele>1222</ele>
        <time>2026-07-24T12:10:46+00:00</time>
      </trkpt>
      <trkpt lat="43.96639" lon="7.23019">
        <ele>1222</ele>
        <time>2026-07-24T12:10:49+00:00</time>
      </trkpt>
      <trkpt lat="43.96643" lon="7.23022">
        <ele>1228</ele>
        <time>2026-07-24T12:10:52+00:00</time>
      </trkpt>
      <trkpt lat="43.96646" lon="7.2303">
        <ele>1228</ele>
        <time>2026-07-24T12:10:55+00:00</time>
      </trkpt>
      <trkpt lat="43.96653" lon="7.23032">
        <ele>1228</ele>
        <time>2026-07-24T12:10:58+00:00</time>
      </trkpt>
      <trkpt lat="43.96664" lon="7.23047">
        <ele>1237</ele>
        <time>2026-07-24T12:11:01+00:00</time>
      </trkpt>
      <trkpt lat="43.96656" lon="7.23053">
        <ele>1240</ele>
        <time>2026-07-24T12:11:04+00:00</time>
      </trkpt>
      <trkpt lat="43.96664" lon="7.23061">
        <ele>1250</ele>
        <time>2026-07-24T12:11:07+00:00</time>
      </trkpt>
      <trkpt lat="43.96667" lon="7.2307">
        <ele>1250</ele>
        <time>2026-07-24T12:11:10+00:00</time>
      </trkpt>
      <trkpt lat="43.96687" lon="7.23088">
        <ele>1264</ele>
        <time>2026-07-24T12:11:13+00:00</time>
      </trkpt>
      <trkpt lat="43.96695" lon="7.231">
        <ele>1264</ele>
        <time>2026-07-24T12:11:16+00:00</time>
      </trkpt>
      <trkpt lat="43.96678" lon="7.23108">
        <ele>1277</ele>
        <time>2026-07-24T12:11:19+00:00</time>
      </trkpt>
      <trkpt lat="43.96683" lon="7.23114">
        <ele>1277</ele>
        <time>2026-07-24T12:11:22+00:00</time>
      </trkpt>
      <trkpt lat="43.96688" lon="7.23121">
        <ele>1277</ele>
        <time>2026-07-24T12:11:25+00:00</time>
      </trkpt>
      <trkpt lat="43.96688" lon="7.23127">
        <ele>1277</ele>
        <time>2026-07-24T12:11:28+00:00</time>
      </trkpt>
      <trkpt lat="43.9668" lon="7.23134">
        <ele>1296</ele>
        <time>2026-07-24T12:11:31+00:00</time>
      </trkpt>
      <trkpt lat="43.96693" lon="7.2314">
        <ele>1307</ele>
        <time>2026-07-24T12:11:34+00:00</time>
      </trkpt>
      <trkpt lat="43.96693" lon="7.23147">
        <ele>1307</ele>
        <time>2026-07-24T12:11:37+00:00</time>
      </trkpt>
      <trkpt lat="43.96677" lon="7.23156">
        <ele>1296</ele>
        <time>2026-07-24T12:11:40+00:00</time>
      </trkpt>
      <trkpt lat="43.96671" lon="7.23161">
        <ele>1309</ele>
        <time>2026-07-24T12:11:43+00:00</time>
      </trkpt>
      <trkpt lat="43.96671" lon="7.2317">
        <ele>1309</ele>
        <time>2026-07-24T12:11:46+00:00</time>
      </trkpt>
      <trkpt lat="43.96678" lon="7.23187">
        <ele>1309</ele>
        <time>2026-07-24T12:11:49+00:00</time>
      </trkpt>
      <trkpt lat="43.96681" lon="7.23189">
        <ele>1309</ele>
        <time>2026-07-24T12:11:52+00:00</time>
      </trkpt>
      <trkpt lat="43.96684" lon="7.23198">
        <ele>1325</ele>
        <time>2026-07-24T12:11:55+00:00</time>
      </trkpt>
      <trkpt lat="43.96693" lon="7.2321">
        <ele>1347</ele>
        <time>2026-07-24T12:11:58+00:00</time>
      </trkpt>
      <trkpt lat="43.96731" lon="7.23236">
        <ele>1353</ele>
        <time>2026-07-24T12:12:01+00:00</time>
      </trkpt>
      <trkpt lat="43.96742" lon="7.23254">
        <ele>1359</ele>
        <time>2026-07-24T12:12:04+00:00</time>
      </trkpt>
      <trkpt lat="43.96753" lon="7.23258">
        <ele>1359</ele>
        <time>2026-07-24T12:12:07+00:00</time>
      </trkpt>
      <trkpt lat="43.96791" lon="7.23287">
        <ele>1359</ele>
        <time>2026-07-24T12:12:10+00:00</time>
      </trkpt>
      <trkpt lat="43.96815" lon="7.23312">
        <ele>1364</ele>
        <time>2026-07-24T12:12:13+00:00</time>
      </trkpt>
      <trkpt lat="43.96825" lon="7.23328">
        <ele>1375</ele>
        <time>2026-07-24T12:12:16+00:00</time>
      </trkpt>
      <trkpt lat="43.96829" lon="7.23351">
        <ele>1382</ele>
        <time>2026-07-24T12:12:19+00:00</time>
      </trkpt>
      <trkpt lat="43.96829" lon="7.2337">
        <ele>1382</ele>
        <time>2026-07-24T12:12:22+00:00</time>
      </trkpt>
      <trkpt lat="43.96824" lon="7.23387">
        <ele>1387</ele>
        <time>2026-07-24T12:12:25+00:00</time>
      </trkpt>
      <trkpt lat="43.96823" lon="7.23422">
        <ele>1386</ele>
        <time>2026-07-24T12:12:28+00:00</time>
      </trkpt>
      <trkpt lat="43.96814" lon="7.23466">
        <ele>1386</ele>
        <time>2026-07-24T12:12:31+00:00</time>
      </trkpt>
      <trkpt lat="43.96796" lon="7.23505">
        <ele>1388</ele>
        <time>2026-07-24T12:12:34+00:00</time>
      </trkpt>
      <trkpt lat="43.96779" lon="7.23534">
        <ele>1388</ele>
        <time>2026-07-24T12:12:37+00:00</time>
      </trkpt>
      <trkpt lat="43.96759" lon="7.23568">
        <ele>1388</ele>
        <time>2026-07-24T12:12:40+00:00</time>
      </trkpt>
      <trkpt lat="43.96743" lon="7.23607">
        <ele>1389</ele>
        <time>2026-07-24T12:12:43+00:00</time>
      </trkpt>
      <trkpt lat="43.96711" lon="7.23684">
        <ele>1390</ele>
        <time>2026-07-24T12:12:46+00:00</time>
      </trkpt>
      <trkpt lat="43.96687" lon="7.23714">
        <ele>1398</ele>
        <time>2026-07-24T12:12:49+00:00</time>
      </trkpt>
      <trkpt lat="43.96669" lon="7.23767">
        <ele>1409</ele>
        <time>2026-07-24T12:12:52+00:00</time>
      </trkpt>
      <trkpt lat="43.96657" lon="7.23779">
        <ele>1416</ele>
        <time>2026-07-24T12:12:55+00:00</time>
      </trkpt>
      <trkpt lat="43.96639" lon="7.2378">
        <ele>1410</ele>
        <time>2026-07-24T12:12:58+00:00</time>
      </trkpt>
      <trkpt lat="43.96622" lon="7.23778">
        <ele>1412</ele>
        <time>2026-07-24T12:13:01+00:00</time>
      </trkpt>
      <trkpt lat="43.96601" lon="7.23781">
        <ele>1409</ele>
        <time>2026-07-24T12:13:04+00:00</time>
      </trkpt>
      <trkpt lat="43.96573" lon="7.23784">
        <ele>1409</ele>
        <time>2026-07-24T12:13:07+00:00</time>
      </trkpt>
      <trkpt lat="43.96549" lon="7.23793">
        <ele>1405</ele>
        <time>2026-07-24T12:13:10+00:00</time>
      </trkpt>
      <trkpt lat="43.96526" lon="7.23803">
        <ele>1408</ele>
        <time>2026-07-24T12:13:13+00:00</time>
      </trkpt>
      <trkpt lat="43.96495" lon="7.23821">
        <ele>1411</ele>
        <time>2026-07-24T12:13:16+00:00</time>
      </trkpt>
      <trkpt lat="43.9647" lon="7.23842">
        <ele>1413</ele>
        <time>2026-07-24T12:13:19+00:00</time>
      </trkpt>
      <trkpt lat="43.96431" lon="7.23876">
        <ele>1412</ele>
        <time>2026-07-24T12:13:22+00:00</time>
      </trkpt>
      <trkpt lat="43.96398" lon="7.23893">
        <ele>1412</ele>
        <time>2026-07-24T12:13:25+00:00</time>
      </trkpt>
      <trkpt lat="43.96364" lon="7.2391">
        <ele>1404</ele>
        <time>2026-07-24T12:13:28+00:00</time>
      </trkpt>
      <trkpt lat="43.96303" lon="7.23941">
        <ele>1404</ele>
        <time>2026-07-24T12:13:31+00:00</time>
      </trkpt>
      <trkpt lat="43.96274" lon="7.23965">
        <ele>1402</ele>
        <time>2026-07-24T12:13:34+00:00</time>
      </trkpt>
      <trkpt lat="43.96245" lon="7.23989">
        <ele>1401</ele>
        <time>2026-07-24T12:13:37+00:00</time>
      </trkpt>
      <trkpt lat="43.96209" lon="7.24019">
        <ele>1400</ele>
        <time>2026-07-24T12:13:40+00:00</time>
      </trkpt>
      <trkpt lat="43.96196" lon="7.24045">
        <ele>1400</ele>
        <time>2026-07-24T12:13:43+00:00</time>
      </trkpt>
      <trkpt lat="43.96182" lon="7.24057">
        <ele>1394</ele>
        <time>2026-07-24T12:13:46+00:00</time>
      </trkpt>
      <trkpt lat="43.96158" lon="7.2407">
        <ele>1400</ele>
        <time>2026-07-24T12:13:49+00:00</time>
      </trkpt>
      <trkpt lat="43.96109" lon="7.24094">
        <ele>1400</ele>
        <time>2026-07-24T12:13:52+00:00</time>
      </trkpt>
      <trkpt lat="43.96077" lon="7.24138">
        <ele>1403</ele>
        <time>2026-07-24T12:13:55+00:00</time>
      </trkpt>
      <trkpt lat="43.96056" lon="7.2417">
        <ele>1412</ele>
        <time>2026-07-24T12:13:58+00:00</time>
      </trkpt>
      <trkpt lat="43.96018" lon="7.24226">
        <ele>1409</ele>
        <time>2026-07-24T12:14:01+00:00</time>
      </trkpt>
      <trkpt lat="43.95999" lon="7.24248">
        <ele>1406</ele>
        <time>2026-07-24T12:14:04+00:00</time>
      </trkpt>
      <trkpt lat="43.95977" lon="7.24271">
        <ele>1399</ele>
        <time>2026-07-24T12:14:07+00:00</time>
      </trkpt>
      <trkpt lat="43.95966" lon="7.24282">
        <ele>1399</ele>
        <time>2026-07-24T12:14:10+00:00</time>
      </trkpt>
      <trkpt lat="43.95933" lon="7.24294">
        <ele>1403</ele>
        <time>2026-07-24T12:14:13+00:00</time>
      </trkpt>
      <trkpt lat="43.95897" lon="7.24299">
        <ele>1397</ele>
        <time>2026-07-24T12:14:16+00:00</time>
      </trkpt>
      <trkpt lat="43.95857" lon="7.2432">
        <ele>1403</ele>
        <time>2026-07-24T12:14:19+00:00</time>
      </trkpt>
      <trkpt lat="43.95826" lon="7.24317">
        <ele>1409</ele>
        <time>2026-07-24T12:14:22+00:00</time>
      </trkpt>
      <trkpt lat="43.95769" lon="7.24311">
        <ele>1414</ele>
        <time>2026-07-24T12:14:25+00:00</time>
      </trkpt>
      <trkpt lat="43.9576" lon="7.24297">
        <ele>1428</ele>
        <time>2026-07-24T12:14:28+00:00</time>
      </trkpt>
      <trkpt lat="43.95739" lon="7.24292">
        <ele>1426</ele>
        <time>2026-07-24T12:14:31+00:00</time>
      </trkpt>
      <trkpt lat="43.95715" lon="7.24285">
        <ele>1426</ele>
        <time>2026-07-24T12:14:34+00:00</time>
      </trkpt>
      <trkpt lat="43.95673" lon="7.24268">
        <ele>1425</ele>
        <time>2026-07-24T12:14:37+00:00</time>
      </trkpt>
      <trkpt lat="43.95648" lon="7.2425">
        <ele>1427</ele>
        <time>2026-07-24T12:14:40+00:00</time>
      </trkpt>
      <trkpt lat="43.95613" lon="7.24225">
        <ele>1430</ele>
        <time>2026-07-24T12:14:43+00:00</time>
      </trkpt>
      <trkpt lat="43.95597" lon="7.24206">
        <ele>1442</ele>
        <time>2026-07-24T12:14:46+00:00</time>
      </trkpt>
      <trkpt lat="43.95565" lon="7.24198">
        <ele>1444</ele>
        <time>2026-07-24T12:14:49+00:00</time>
      </trkpt>
      <trkpt lat="43.95506" lon="7.24182">
        <ele>1451</ele>
        <time>2026-07-24T12:14:52+00:00</time>
      </trkpt>
      <trkpt lat="43.95498" lon="7.24184">
        <ele>1451</ele>
        <time>2026-07-24T12:14:55+00:00</time>
      </trkpt>
      <trkpt lat="43.95491" lon="7.2419">
        <ele>1451</ele>
        <time>2026-07-24T12:14:58+00:00</time>
      </trkpt>
      <trkpt lat="43.95481" lon="7.24189">
        <ele>1458</ele>
        <time>2026-07-24T12:15:01+00:00</time>
      </trkpt>
      <trkpt lat="43.95475" lon="7.24193">
        <ele>1455</ele>
        <time>2026-07-24T12:15:04+00:00</time>
      </trkpt>
      <trkpt lat="43.95474" lon="7.24196">
        <ele>1455</ele>
        <time>2026-07-24T12:15:07+00:00</time>
      </trkpt>
      <trkpt lat="43.95464" lon="7.24188">
        <ele>1458</ele>
        <time>2026-07-24T12:15:10+00:00</time>
      </trkpt>
      <trkpt lat="43.95431" lon="7.24223">
        <ele>1467</ele>
        <time>2026-07-24T12:15:13+00:00</time>
      </trkpt>
      <trkpt lat="43.95416" lon="7.24252">
        <ele>1467</ele>
        <time>2026-07-24T12:15:16+00:00</time>
      </trkpt>
      <trkpt lat="43.95401" lon="7.2426">
        <ele>1472</ele>
        <time>2026-07-24T12:15:19+00:00</time>
      </trkpt>
      <trkpt lat="43.95386" lon="7.24265">
        <ele>1472</ele>
        <time>2026-07-24T12:15:22+00:00</time>
      </trkpt>
      <trkpt lat="43.95366" lon="7.24262">
        <ele>1490</ele>
        <time>2026-07-24T12:15:25+00:00</time>
      </trkpt>
      <trkpt lat="43.95355" lon="7.24263">
        <ele>1490</ele>
        <time>2026-07-24T12:15:28+00:00</time>
      </trkpt>
      <trkpt lat="43.95347" lon="7.24267">
        <ele>1494</ele>
        <time>2026-07-24T12:15:31+00:00</time>
      </trkpt>
      <trkpt lat="43.95327" lon="7.24267">
        <ele>1507</ele>
        <time>2026-07-24T12:15:34+00:00</time>
      </trkpt>
      <trkpt lat="43.95321" lon="7.24274">
        <ele>1499</ele>
        <time>2026-07-24T12:15:37+00:00</time>
      </trkpt>
      <trkpt lat="43.95304" lon="7.24268">
        <ele>1513</ele>
        <time>2026-07-24T12:15:40+00:00</time>
      </trkpt>
      <trkpt lat="43.95295" lon="7.24275">
        <ele>1504</ele>
        <time>2026-07-24T12:15:43+00:00</time>
      </trkpt>
      <trkpt lat="43.95283" lon="7.24274">
        <ele>1504</ele>
        <time>2026-07-24T12:15:46+00:00</time>
      </trkpt>
      <trkpt lat="43.95273" lon="7.24266">
        <ele>1503</ele>
        <time>2026-07-24T12:15:49+00:00</time>
      </trkpt>
      <trkpt lat="43.95264" lon="7.24269">
        <ele>1504</ele>
        <time>2026-07-24T12:15:52+00:00</time>
      </trkpt>
      <trkpt lat="43.95248" lon="7.24283">
        <ele>1503</ele>
        <time>2026-07-24T12:15:55+00:00</time>
      </trkpt>
      <trkpt lat="43.9524" lon="7.24294">
        <ele>1503</ele>
        <time>2026-07-24T12:15:58+00:00</time>
      </trkpt>
      <trkpt lat="43.9523" lon="7.24294">
        <ele>1494</ele>
        <time>2026-07-24T12:16:01+00:00</time>
      </trkpt>
      <trkpt lat="43.95224" lon="7.243">
        <ele>1500</ele>
        <time>2026-07-24T12:16:04+00:00</time>
      </trkpt>
      <trkpt lat="43.95218" lon="7.24298">
        <ele>1494</ele>
        <time>2026-07-24T12:16:07+00:00</time>
      </trkpt>
      <trkpt lat="43.95211" lon="7.24295">
        <ele>1494</ele>
        <time>2026-07-24T12:16:10+00:00</time>
      </trkpt>
      <trkpt lat="43.95203" lon="7.24299">
        <ele>1494</ele>
        <time>2026-07-24T12:16:13+00:00</time>
      </trkpt>
      <trkpt lat="43.95199" lon="7.24289">
        <ele>1494</ele>
        <time>2026-07-24T12:16:16+00:00</time>
      </trkpt>
      <trkpt lat="43.9519" lon="7.24289">
        <ele>1494</ele>
        <time>2026-07-24T12:16:19+00:00</time>
      </trkpt>
      <trkpt lat="43.95196" lon="7.24299">
        <ele>1494</ele>
        <time>2026-07-24T12:16:22+00:00</time>
      </trkpt>
      <trkpt lat="43.95189" lon="7.24299">
        <ele>1495</ele>
        <time>2026-07-24T12:16:25+00:00</time>
      </trkpt>
      <trkpt lat="43.95193" lon="7.24306">
        <ele>1502</ele>
        <time>2026-07-24T12:16:28+00:00</time>
      </trkpt>
      <trkpt lat="43.95186" lon="7.24313">
        <ele>1500</ele>
        <time>2026-07-24T12:16:31+00:00</time>
      </trkpt>
      <trkpt lat="43.95179" lon="7.24312">
        <ele>1500</ele>
        <time>2026-07-24T12:16:34+00:00</time>
      </trkpt>
      <trkpt lat="43.95171" lon="7.24325">
        <ele>1508</ele>
        <time>2026-07-24T12:16:37+00:00</time>
      </trkpt>
      <trkpt lat="43.95169" lon="7.24323">
        <ele>1508</ele>
        <time>2026-07-24T12:16:40+00:00</time>
      </trkpt>
      <trkpt lat="43.95167" lon="7.24315">
        <ele>1500</ele>
        <time>2026-07-24T12:16:43+00:00</time>
      </trkpt>
      <trkpt lat="43.95164" lon="7.24317">
        <ele>1500</ele>
        <time>2026-07-24T12:16:46+00:00</time>
      </trkpt>
      <trkpt lat="43.95164" lon="7.24326">
        <ele>1508</ele>
        <time>2026-07-24T12:16:49+00:00</time>
      </trkpt>
      <trkpt lat="43.95159" lon="7.24327">
        <ele>1508</ele>
        <time>2026-07-24T12:16:52+00:00</time>
      </trkpt>
      <trkpt lat="43.95159" lon="7.24334">
        <ele>1508</ele>
        <time>2026-07-24T12:16:55+00:00</time>
      </trkpt>
      <trkpt lat="43.95155" lon="7.24336">
        <ele>1508</ele>
        <time>2026-07-24T12:16:58+00:00</time>
      </trkpt>
      <trkpt lat="43.95159" lon="7.24349">
        <ele>1508</ele>
        <time>2026-07-24T12:17:01+00:00</time>
      </trkpt>
      <trkpt lat="43.95157" lon="7.24354">
        <ele>1522</ele>
        <time>2026-07-24T12:17:04+00:00</time>
      </trkpt>
      <trkpt lat="43.9513" lon="7.24371">
        <ele>1522</ele>
        <time>2026-07-24T12:17:07+00:00</time>
      </trkpt>
      <trkpt lat="43.95116" lon="7.24361">
        <ele>1522</ele>
        <time>2026-07-24T12:17:10+00:00</time>
      </trkpt>
      <trkpt lat="43.95107" lon="7.24363">
        <ele>1522</ele>
        <time>2026-07-24T12:17:13+00:00</time>
      </trkpt>
      <trkpt lat="43.95097" lon="7.24371">
        <ele>1525</ele>
        <time>2026-07-24T12:17:16+00:00</time>
      </trkpt>
      <trkpt lat="43.95079" lon="7.24364">
        <ele>1521</ele>
        <time>2026-07-24T12:17:19+00:00</time>
      </trkpt>
      <trkpt lat="43.95076" lon="7.24354">
        <ele>1525</ele>
        <time>2026-07-24T12:17:22+00:00</time>
      </trkpt>
      <trkpt lat="43.95072" lon="7.24351">
        <ele>1525</ele>
        <time>2026-07-24T12:17:25+00:00</time>
      </trkpt>
      <trkpt lat="43.95063" lon="7.24337">
        <ele>1521</ele>
        <time>2026-07-24T12:17:28+00:00</time>
      </trkpt>
      <trkpt lat="43.95055" lon="7.24308">
        <ele>1503</ele>
        <time>2026-07-24T12:17:31+00:00</time>
      </trkpt>
      <trkpt lat="43.95048" lon="7.24307">
        <ele>1496</ele>
        <time>2026-07-24T12:17:34+00:00</time>
      </trkpt>
      <trkpt lat="43.95042" lon="7.24314">
        <ele>1496</ele>
        <time>2026-07-24T12:17:37+00:00</time>
      </trkpt>
      <trkpt lat="43.95034" lon="7.24319">
        <ele>1514</ele>
        <time>2026-07-24T12:17:40+00:00</time>
      </trkpt>
      <trkpt lat="43.95031" lon="7.24326">
        <ele>1526</ele>
        <time>2026-07-24T12:17:43+00:00</time>
      </trkpt>
      <trkpt lat="43.95019" lon="7.24328">
        <ele>1525</ele>
        <time>2026-07-24T12:17:46+00:00</time>
      </trkpt>
      <trkpt lat="43.9501" lon="7.24341">
        <ele>1525</ele>
        <time>2026-07-24T12:17:49+00:00</time>
      </trkpt>
      <trkpt lat="43.94983" lon="7.24362">
        <ele>1513</ele>
        <time>2026-07-24T12:17:52+00:00</time>
      </trkpt>
      <trkpt lat="43.94968" lon="7.24357">
        <ele>1530</ele>
        <time>2026-07-24T12:17:55+00:00</time>
      </trkpt>
      <trkpt lat="43.94958" lon="7.24347">
        <ele>1502</ele>
        <time>2026-07-24T12:17:58+00:00</time>
      </trkpt>
      <trkpt lat="43.94949" lon="7.24343">
        <ele>1502</ele>
        <time>2026-07-24T12:18:01+00:00</time>
      </trkpt>
      <trkpt lat="43.94937" lon="7.24336">
        <ele>1501</ele>
        <time>2026-07-24T12:18:04+00:00</time>
      </trkpt>
      <trkpt lat="43.94922" lon="7.24355">
        <ele>1501</ele>
        <time>2026-07-24T12:18:07+00:00</time>
      </trkpt>
      <trkpt lat="43.94908" lon="7.24379">
        <ele>1491</ele>
        <time>2026-07-24T12:18:10+00:00</time>
      </trkpt>
      <trkpt lat="43.94894" lon="7.24393">
        <ele>1481</ele>
        <time>2026-07-24T12:18:13+00:00</time>
      </trkpt>
      <trkpt lat="43.94882" lon="7.24399">
        <ele>1481</ele>
        <time>2026-07-24T12:18:16+00:00</time>
      </trkpt>
      <trkpt lat="43.94879" lon="7.24398">
        <ele>1467</ele>
        <time>2026-07-24T12:18:19+00:00</time>
      </trkpt>
      <trkpt lat="43.94872" lon="7.244">
        <ele>1467</ele>
        <time>2026-07-24T12:18:22+00:00</time>
      </trkpt>
      <trkpt lat="43.9487" lon="7.24397">
        <ele>1467</ele>
        <time>2026-07-24T12:18:25+00:00</time>
      </trkpt>
      <trkpt lat="43.94877" lon="7.24391">
        <ele>1479</ele>
        <time>2026-07-24T12:18:28+00:00</time>
      </trkpt>
      <trkpt lat="43.94876" lon="7.24381">
        <ele>1467</ele>
        <time>2026-07-24T12:18:31+00:00</time>
      </trkpt>
      <trkpt lat="43.94882" lon="7.24374">
        <ele>1478</ele>
        <time>2026-07-24T12:18:34+00:00</time>
      </trkpt>
      <trkpt lat="43.94884" lon="7.24368">
        <ele>1479</ele>
        <time>2026-07-24T12:18:37+00:00</time>
      </trkpt>
      <trkpt lat="43.94884" lon="7.24355">
        <ele>1478</ele>
        <time>2026-07-24T12:18:40+00:00</time>
      </trkpt>
      <trkpt lat="43.94888" lon="7.2435">
        <ele>1480</ele>
        <time>2026-07-24T12:18:43+00:00</time>
      </trkpt>
      <trkpt lat="43.9489" lon="7.24337">
        <ele>1480</ele>
        <time>2026-07-24T12:18:46+00:00</time>
      </trkpt>
      <trkpt lat="43.94888" lon="7.24337">
        <ele>1480</ele>
        <time>2026-07-24T12:18:49+00:00</time>
      </trkpt>
      <trkpt lat="43.94884" lon="7.2435">
        <ele>1480</ele>
        <time>2026-07-24T12:18:52+00:00</time>
      </trkpt>
      <trkpt lat="43.94883" lon="7.24348">
        <ele>1480</ele>
        <time>2026-07-24T12:18:55+00:00</time>
      </trkpt>
      <trkpt lat="43.94882" lon="7.24335">
        <ele>1480</ele>
        <time>2026-07-24T12:18:58+00:00</time>
      </trkpt>
      <trkpt lat="43.94879" lon="7.24334">
        <ele>1467</ele>
        <time>2026-07-24T12:19:01+00:00</time>
      </trkpt>
      <trkpt lat="43.94869" lon="7.24344">
        <ele>1467</ele>
        <time>2026-07-24T12:19:04+00:00</time>
      </trkpt>
      <trkpt lat="43.94863" lon="7.24357">
        <ele>1464</ele>
        <time>2026-07-24T12:19:07+00:00</time>
      </trkpt>
      <trkpt lat="43.94849" lon="7.24377">
        <ele>1458</ele>
        <time>2026-07-24T12:19:10+00:00</time>
      </trkpt>
      <trkpt lat="43.94831" lon="7.24391">
        <ele>1457</ele>
        <time>2026-07-24T12:19:13+00:00</time>
      </trkpt>
      <trkpt lat="43.94819" lon="7.24407">
        <ele>1439</ele>
        <time>2026-07-24T12:19:16+00:00</time>
      </trkpt>
      <trkpt lat="43.94803" lon="7.24417">
        <ele>1456</ele>
        <time>2026-07-24T12:19:19+00:00</time>
      </trkpt>
      <trkpt lat="43.94791" lon="7.24422">
        <ele>1436</ele>
        <time>2026-07-24T12:19:22+00:00</time>
      </trkpt>
      <trkpt lat="43.94789" lon="7.24416">
        <ele>1436</ele>
        <time>2026-07-24T12:19:25+00:00</time>
      </trkpt>
      <trkpt lat="43.94795" lon="7.24395">
        <ele>1421</ele>
        <time>2026-07-24T12:19:28+00:00</time>
      </trkpt>
      <trkpt lat="43.94794" lon="7.24392">
        <ele>1421</ele>
        <time>2026-07-24T12:19:31+00:00</time>
      </trkpt>
      <trkpt lat="43.94778" lon="7.24404">
        <ele>1421</ele>
        <time>2026-07-24T12:19:34+00:00</time>
      </trkpt>
      <trkpt lat="43.94776" lon="7.24403">
        <ele>1421</ele>
        <time>2026-07-24T12:19:37+00:00</time>
      </trkpt>
      <trkpt lat="43.94786" lon="7.2437">
        <ele>1406</ele>
        <time>2026-07-24T12:19:40+00:00</time>
      </trkpt>
      <trkpt lat="43.9478" lon="7.24367">
        <ele>1406</ele>
        <time>2026-07-24T12:19:43+00:00</time>
      </trkpt>
      <trkpt lat="43.94775" lon="7.24371">
        <ele>1406</ele>
        <time>2026-07-24T12:19:46+00:00</time>
      </trkpt>
      <trkpt lat="43.94768" lon="7.2437">
        <ele>1403</ele>
        <time>2026-07-24T12:19:49+00:00</time>
      </trkpt>
      <trkpt lat="43.94758" lon="7.24374">
        <ele>1403</ele>
        <time>2026-07-24T12:19:52+00:00</time>
      </trkpt>
      <trkpt lat="43.94757" lon="7.24359">
        <ele>1403</ele>
        <time>2026-07-24T12:19:55+00:00</time>
      </trkpt>
      <trkpt lat="43.9476" lon="7.24353">
        <ele>1403</ele>
        <time>2026-07-24T12:19:58+00:00</time>
      </trkpt>
      <trkpt lat="43.94753" lon="7.24349">
        <ele>1393</ele>
        <time>2026-07-24T12:20:01+00:00</time>
      </trkpt>
      <trkpt lat="43.94735" lon="7.24357">
        <ele>1396</ele>
        <time>2026-07-24T12:20:04+00:00</time>
      </trkpt>
      <trkpt lat="43.9473" lon="7.24349">
        <ele>1389</ele>
        <time>2026-07-24T12:20:07+00:00</time>
      </trkpt>
      <trkpt lat="43.94726" lon="7.24356">
        <ele>1396</ele>
        <time>2026-07-24T12:20:10+00:00</time>
      </trkpt>
      <trkpt lat="43.94722" lon="7.24349">
        <ele>1389</ele>
        <time>2026-07-24T12:20:13+00:00</time>
      </trkpt>
      <trkpt lat="43.94717" lon="7.24353">
        <ele>1396</ele>
        <time>2026-07-24T12:20:16+00:00</time>
      </trkpt>
      <trkpt lat="43.94717" lon="7.24345">
        <ele>1389</ele>
        <time>2026-07-24T12:20:19+00:00</time>
      </trkpt>
      <trkpt lat="43.94709" lon="7.2435">
        <ele>1376</ele>
        <time>2026-07-24T12:20:22+00:00</time>
      </trkpt>
      <trkpt lat="43.9471" lon="7.24341">
        <ele>1389</ele>
        <time>2026-07-24T12:20:25+00:00</time>
      </trkpt>
      <trkpt lat="43.94703" lon="7.24345">
        <ele>1376</ele>
        <time>2026-07-24T12:20:28+00:00</time>
      </trkpt>
      <trkpt lat="43.947" lon="7.24338">
        <ele>1376</ele>
        <time>2026-07-24T12:20:31+00:00</time>
      </trkpt>
      <trkpt lat="43.94694" lon="7.24341">
        <ele>1376</ele>
        <time>2026-07-24T12:20:34+00:00</time>
      </trkpt>
      <trkpt lat="43.94694" lon="7.24333">
        <ele>1376</ele>
        <time>2026-07-24T12:20:37+00:00</time>
      </trkpt>
      <trkpt lat="43.94699" lon="7.2432">
        <ele>1371</ele>
        <time>2026-07-24T12:20:40+00:00</time>
      </trkpt>
      <trkpt lat="43.9469" lon="7.24318">
        <ele>1371</ele>
        <time>2026-07-24T12:20:43+00:00</time>
      </trkpt>
      <trkpt lat="43.94684" lon="7.2432">
        <ele>1364</ele>
        <time>2026-07-24T12:20:46+00:00</time>
      </trkpt>
      <trkpt lat="43.94679" lon="7.24317">
        <ele>1364</ele>
        <time>2026-07-24T12:20:49+00:00</time>
      </trkpt>
      <trkpt lat="43.94676" lon="7.2431">
        <ele>1364</ele>
        <time>2026-07-24T12:20:52+00:00</time>
      </trkpt>
      <trkpt lat="43.94677" lon="7.24299">
        <ele>1363</ele>
        <time>2026-07-24T12:20:55+00:00</time>
      </trkpt>
      <trkpt lat="43.94675" lon="7.24293">
        <ele>1363</ele>
        <time>2026-07-24T12:20:58+00:00</time>
      </trkpt>
      <trkpt lat="43.94657" lon="7.24288">
        <ele>1360</ele>
        <time>2026-07-24T12:21:01+00:00</time>
      </trkpt>
      <trkpt lat="43.94652" lon="7.24281">
        <ele>1360</ele>
        <time>2026-07-24T12:21:04+00:00</time>
      </trkpt>
      <trkpt lat="43.94641" lon="7.24269">
        <ele>1360</ele>
        <time>2026-07-24T12:21:07+00:00</time>
      </trkpt>
      <trkpt lat="43.94626" lon="7.24241">
        <ele>1360</ele>
        <time>2026-07-24T12:21:10+00:00</time>
      </trkpt>
      <trkpt lat="43.94611" lon="7.2421">
        <ele>1370</ele>
        <time>2026-07-24T12:21:13+00:00</time>
      </trkpt>
      <trkpt lat="43.94593" lon="7.24188">
        <ele>1371</ele>
        <time>2026-07-24T12:21:16+00:00</time>
      </trkpt>
      <trkpt lat="43.94582" lon="7.24167">
        <ele>1381</ele>
        <time>2026-07-24T12:21:19+00:00</time>
      </trkpt>
      <trkpt lat="43.94574" lon="7.24145">
        <ele>1373</ele>
        <time>2026-07-24T12:21:22+00:00</time>
      </trkpt>
      <trkpt lat="43.94561" lon="7.24131">
        <ele>1391</ele>
        <time>2026-07-24T12:21:25+00:00</time>
      </trkpt>
      <trkpt lat="43.94558" lon="7.24121">
        <ele>1371</ele>
        <time>2026-07-24T12:21:28+00:00</time>
      </trkpt>
      <trkpt lat="43.94557" lon="7.24101">
        <ele>1380</ele>
        <time>2026-07-24T12:21:31+00:00</time>
      </trkpt>
      <trkpt lat="43.94558" lon="7.24065">
        <ele>1370</ele>
        <time>2026-07-24T12:21:34+00:00</time>
      </trkpt>
      <trkpt lat="43.94554" lon="7.24059">
        <ele>1370</ele>
        <time>2026-07-24T12:21:37+00:00</time>
      </trkpt>
      <trkpt lat="43.94553" lon="7.24048">
        <ele>1363</ele>
        <time>2026-07-24T12:21:40+00:00</time>
      </trkpt>
      <trkpt lat="43.94558" lon="7.24028">
        <ele>1363</ele>
        <time>2026-07-24T12:21:43+00:00</time>
      </trkpt>
      <trkpt lat="43.94551" lon="7.23981">
        <ele>1354</ele>
        <time>2026-07-24T12:21:46+00:00</time>
      </trkpt>
      <trkpt lat="43.94545" lon="7.23973">
        <ele>1345</ele>
        <time>2026-07-24T12:21:49+00:00</time>
      </trkpt>
      <trkpt lat="43.94523" lon="7.23985">
        <ele>1350</ele>
        <time>2026-07-24T12:21:52+00:00</time>
      </trkpt>
      <trkpt lat="43.94495" lon="7.23999">
        <ele>1347</ele>
        <time>2026-07-24T12:21:55+00:00</time>
      </trkpt>
      <trkpt lat="43.94451" lon="7.24011">
        <ele>1343</ele>
        <time>2026-07-24T12:21:58+00:00</time>
      </trkpt>
      <trkpt lat="43.94425" lon="7.2401">
        <ele>1345</ele>
        <time>2026-07-24T12:22:01+00:00</time>
      </trkpt>
      <trkpt lat="43.94396" lon="7.2401">
        <ele>1347</ele>
        <time>2026-07-24T12:22:04+00:00</time>
      </trkpt>
      <trkpt lat="43.94355" lon="7.24005">
        <ele>1351</ele>
        <time>2026-07-24T12:22:07+00:00</time>
      </trkpt>
      <trkpt lat="43.94317" lon="7.24009">
        <ele>1343</ele>
        <time>2026-07-24T12:22:10+00:00</time>
      </trkpt>
      <trkpt lat="43.94279" lon="7.23989">
        <ele>1343</ele>
        <time>2026-07-24T12:22:13+00:00</time>
      </trkpt>
      <trkpt lat="43.94268" lon="7.23991">
        <ele>1361</ele>
        <time>2026-07-24T12:22:16+00:00</time>
      </trkpt>
      <trkpt lat="43.94244" lon="7.23978">
        <ele>1343</ele>
        <time>2026-07-24T12:22:19+00:00</time>
      </trkpt>
      <trkpt lat="43.94235" lon="7.23966">
        <ele>1353</ele>
        <time>2026-07-24T12:22:22+00:00</time>
      </trkpt>
      <trkpt lat="43.94232" lon="7.23941">
        <ele>1341</ele>
        <time>2026-07-24T12:22:25+00:00</time>
      </trkpt>
      <trkpt lat="43.94232" lon="7.23909">
        <ele>1332</ele>
        <time>2026-07-24T12:22:28+00:00</time>
      </trkpt>
      <trkpt lat="43.9423" lon="7.23892">
        <ele>1332</ele>
        <time>2026-07-24T12:22:31+00:00</time>
      </trkpt>
      <trkpt lat="43.94242" lon="7.23847">
        <ele>1332</ele>
        <time>2026-07-24T12:22:34+00:00</time>
      </trkpt>
      <trkpt lat="43.94248" lon="7.23806">
        <ele>1328</ele>
        <time>2026-07-24T12:22:37+00:00</time>
      </trkpt>
      <trkpt lat="43.94254" lon="7.23778">
        <ele>1328</ele>
        <time>2026-07-24T12:22:40+00:00</time>
      </trkpt>
      <trkpt lat="43.94276" lon="7.2373">
        <ele>1328</ele>
        <time>2026-07-24T12:22:43+00:00</time>
      </trkpt>
      <trkpt lat="43.94276" lon="7.23721">
        <ele>1328</ele>
        <time>2026-07-24T12:22:46+00:00</time>
      </trkpt>
      <trkpt lat="43.94273" lon="7.23714">
        <ele>1328</ele>
        <time>2026-07-24T12:22:49+00:00</time>
      </trkpt>
      <trkpt lat="43.94266" lon="7.23717">
        <ele>1315</ele>
        <time>2026-07-24T12:22:52+00:00</time>
      </trkpt>
      <trkpt lat="43.94258" lon="7.23725">
        <ele>1325</ele>
        <time>2026-07-24T12:22:55+00:00</time>
      </trkpt>
      <trkpt lat="43.94248" lon="7.23755">
        <ele>1323</ele>
        <time>2026-07-24T12:22:58+00:00</time>
      </trkpt>
      <trkpt lat="43.94234" lon="7.23777">
        <ele>1311</ele>
        <time>2026-07-24T12:23:01+00:00</time>
      </trkpt>
      <trkpt lat="43.9422" lon="7.23812">
        <ele>1310</ele>
        <time>2026-07-24T12:23:04+00:00</time>
      </trkpt>
      <trkpt lat="43.94219" lon="7.23828">
        <ele>1317</ele>
        <time>2026-07-24T12:23:07+00:00</time>
      </trkpt>
      <trkpt lat="43.94204" lon="7.23854">
        <ele>1306</ele>
        <time>2026-07-24T12:23:10+00:00</time>
      </trkpt>
      <trkpt lat="43.94196" lon="7.23863">
        <ele>1306</ele>
        <time>2026-07-24T12:23:13+00:00</time>
      </trkpt>
      <trkpt lat="43.94176" lon="7.23862">
        <ele>1303</ele>
        <time>2026-07-24T12:23:16+00:00</time>
      </trkpt>
      <trkpt lat="43.94164" lon="7.23866">
        <ele>1298</ele>
        <time>2026-07-24T12:23:19+00:00</time>
      </trkpt>
      <trkpt lat="43.9416" lon="7.23863">
        <ele>1298</ele>
        <time>2026-07-24T12:23:22+00:00</time>
      </trkpt>
      <trkpt lat="43.94137" lon="7.23858">
        <ele>1300</ele>
        <time>2026-07-24T12:23:25+00:00</time>
      </trkpt>
      <trkpt lat="43.94112" lon="7.23849">
        <ele>1284</ele>
        <time>2026-07-24T12:23:28+00:00</time>
      </trkpt>
      <trkpt lat="43.94087" lon="7.23838">
        <ele>1285</ele>
        <time>2026-07-24T12:23:31+00:00</time>
      </trkpt>
      <trkpt lat="43.9408" lon="7.23846">
        <ele>1271</ele>
        <time>2026-07-24T12:23:34+00:00</time>
      </trkpt>
      <trkpt lat="43.94076" lon="7.23858">
        <ele>1286</ele>
        <time>2026-07-24T12:23:37+00:00</time>
      </trkpt>
      <trkpt lat="43.94078" lon="7.23879">
        <ele>1286</ele>
        <time>2026-07-24T12:23:40+00:00</time>
      </trkpt>
      <trkpt lat="43.94073" lon="7.23909">
        <ele>1278</ele>
        <time>2026-07-24T12:23:43+00:00</time>
      </trkpt>
      <trkpt lat="43.94053" lon="7.23927">
        <ele>1270</ele>
        <time>2026-07-24T12:23:46+00:00</time>
      </trkpt>
      <trkpt lat="43.94039" lon="7.23945">
        <ele>1264</ele>
        <time>2026-07-24T12:23:49+00:00</time>
      </trkpt>
      <trkpt lat="43.94031" lon="7.2395">
        <ele>1264</ele>
        <time>2026-07-24T12:23:52+00:00</time>
      </trkpt>
      <trkpt lat="43.93989" lon="7.23944">
        <ele>1249</ele>
        <time>2026-07-24T12:23:55+00:00</time>
      </trkpt>
      <trkpt lat="43.93961" lon="7.23958">
        <ele>1249</ele>
        <time>2026-07-24T12:23:58+00:00</time>
      </trkpt>
      <trkpt lat="43.93913" lon="7.2398">
        <ele>1256</ele>
        <time>2026-07-24T12:24:01+00:00</time>
      </trkpt>
      <trkpt lat="43.93902" lon="7.23989">
        <ele>1242</ele>
        <time>2026-07-24T12:24:04+00:00</time>
      </trkpt>
      <trkpt lat="43.93881" lon="7.23995">
        <ele>1242</ele>
        <time>2026-07-24T12:24:07+00:00</time>
      </trkpt>
      <trkpt lat="43.93869" lon="7.23991">
        <ele>1254</ele>
        <time>2026-07-24T12:24:10+00:00</time>
      </trkpt>
      <trkpt lat="43.93848" lon="7.23979">
        <ele>1229</ele>
        <time>2026-07-24T12:24:13+00:00</time>
      </trkpt>
      <trkpt lat="43.93837" lon="7.23986">
        <ele>1229</ele>
        <time>2026-07-24T12:24:16+00:00</time>
      </trkpt>
      <trkpt lat="43.9382" lon="7.23981">
        <ele>1225</ele>
        <time>2026-07-24T12:24:19+00:00</time>
      </trkpt>
      <trkpt lat="43.93806" lon="7.23978">
        <ele>1225</ele>
        <time>2026-07-24T12:24:22+00:00</time>
      </trkpt>
      <trkpt lat="43.93795" lon="7.2399">
        <ele>1224</ele>
        <time>2026-07-24T12:24:25+00:00</time>
      </trkpt>
      <trkpt lat="43.93788" lon="7.24009">
        <ele>1224</ele>
        <time>2026-07-24T12:24:28+00:00</time>
      </trkpt>
      <trkpt lat="43.9379" lon="7.24027">
        <ele>1224</ele>
        <time>2026-07-24T12:24:31+00:00</time>
      </trkpt>
      <trkpt lat="43.9378" lon="7.24046">
        <ele>1224</ele>
        <time>2026-07-24T12:24:34+00:00</time>
      </trkpt>
      <trkpt lat="43.9378" lon="7.24053">
        <ele>1222</ele>
        <time>2026-07-24T12:24:37+00:00</time>
      </trkpt>
      <trkpt lat="43.93796" lon="7.24078">
        <ele>1218</ele>
        <time>2026-07-24T12:24:40+00:00</time>
      </trkpt>
      <trkpt lat="43.93795" lon="7.241">
        <ele>1218</ele>
        <time>2026-07-24T12:24:43+00:00</time>
      </trkpt>
      <trkpt lat="43.93797" lon="7.24115">
        <ele>1230</ele>
        <time>2026-07-24T12:24:46+00:00</time>
      </trkpt>
      <trkpt lat="43.93799" lon="7.24115">
        <ele>1215</ele>
        <time>2026-07-24T12:24:49+00:00</time>
      </trkpt>
      <trkpt lat="43.93802" lon="7.24131">
        <ele>1242</ele>
        <time>2026-07-24T12:24:52+00:00</time>
      </trkpt>
      <trkpt lat="43.93802" lon="7.24145">
        <ele>1224</ele>
        <time>2026-07-24T12:24:55+00:00</time>
      </trkpt>
      <trkpt lat="43.93794" lon="7.24157">
        <ele>1215</ele>
        <time>2026-07-24T12:24:58+00:00</time>
      </trkpt>
      <trkpt lat="43.93786" lon="7.24169">
        <ele>1221</ele>
        <time>2026-07-24T12:25:01+00:00</time>
      </trkpt>
      <trkpt lat="43.93782" lon="7.24186">
        <ele>1218</ele>
        <time>2026-07-24T12:25:04+00:00</time>
      </trkpt>
      <trkpt lat="43.93777" lon="7.24202">
        <ele>1219</ele>
        <time>2026-07-24T12:25:07+00:00</time>
      </trkpt>
      <trkpt lat="43.93765" lon="7.24223">
        <ele>1205</ele>
        <time>2026-07-24T12:25:10+00:00</time>
      </trkpt>
      <trkpt lat="43.93749" lon="7.24235">
        <ele>1205</ele>
        <time>2026-07-24T12:25:13+00:00</time>
      </trkpt>
      <trkpt lat="43.93731" lon="7.24234">
        <ele>1192</ele>
        <time>2026-07-24T12:25:16+00:00</time>
      </trkpt>
      <trkpt lat="43.93719" lon="7.24241">
        <ele>1210</ele>
        <time>2026-07-24T12:25:19+00:00</time>
      </trkpt>
      <trkpt lat="43.93709" lon="7.24254">
        <ele>1200</ele>
        <time>2026-07-24T12:25:22+00:00</time>
      </trkpt>
      <trkpt lat="43.93707" lon="7.24269">
        <ele>1191</ele>
        <time>2026-07-24T12:25:25+00:00</time>
      </trkpt>
      <trkpt lat="43.93699" lon="7.24279">
        <ele>1193</ele>
        <time>2026-07-24T12:25:28+00:00</time>
      </trkpt>
      <trkpt lat="43.93686" lon="7.24283">
        <ele>1187</ele>
        <time>2026-07-24T12:25:31+00:00</time>
      </trkpt>
      <trkpt lat="43.93676" lon="7.24291">
        <ele>1210</ele>
        <time>2026-07-24T12:25:34+00:00</time>
      </trkpt>
      <trkpt lat="43.93668" lon="7.24311">
        <ele>1210</ele>
        <time>2026-07-24T12:25:37+00:00</time>
      </trkpt>
      <trkpt lat="43.93656" lon="7.24321">
        <ele>1212</ele>
        <time>2026-07-24T12:25:40+00:00</time>
      </trkpt>
      <trkpt lat="43.93628" lon="7.24334">
        <ele>1214</ele>
        <time>2026-07-24T12:25:43+00:00</time>
      </trkpt>
      <trkpt lat="43.93605" lon="7.24336">
        <ele>1214</ele>
        <time>2026-07-24T12:25:46+00:00</time>
      </trkpt>
      <trkpt lat="43.93596" lon="7.24328">
        <ele>1203</ele>
        <time>2026-07-24T12:25:49+00:00</time>
      </trkpt>
      <trkpt lat="43.93586" lon="7.24327">
        <ele>1203</ele>
        <time>2026-07-24T12:25:52+00:00</time>
      </trkpt>
      <trkpt lat="43.93573" lon="7.24348">
        <ele>1203</ele>
        <time>2026-07-24T12:25:55+00:00</time>
      </trkpt>
      <trkpt lat="43.9356" lon="7.24351">
        <ele>1209</ele>
        <time>2026-07-24T12:25:58+00:00</time>
      </trkpt>
      <trkpt lat="43.93538" lon="7.24346">
        <ele>1203</ele>
        <time>2026-07-24T12:26:01+00:00</time>
      </trkpt>
      <trkpt lat="43.93508" lon="7.2434">
        <ele>1203</ele>
        <time>2026-07-24T12:26:04+00:00</time>
      </trkpt>
      <trkpt lat="43.93481" lon="7.24324">
        <ele>1200</ele>
        <time>2026-07-24T12:26:07+00:00</time>
      </trkpt>
      <trkpt lat="43.93443" lon="7.243">
        <ele>1199</ele>
        <time>2026-07-24T12:26:10+00:00</time>
      </trkpt>
      <trkpt lat="43.9343" lon="7.243">
        <ele>1198</ele>
        <time>2026-07-24T12:26:13+00:00</time>
      </trkpt>
      <trkpt lat="43.93422" lon="7.24306">
        <ele>1205</ele>
        <time>2026-07-24T12:26:16+00:00</time>
      </trkpt>
      <trkpt lat="43.9342" lon="7.24314">
        <ele>1198</ele>
        <time>2026-07-24T12:26:19+00:00</time>
      </trkpt>
      <trkpt lat="43.93393" lon="7.24332">
        <ele>1211</ele>
        <time>2026-07-24T12:26:22+00:00</time>
      </trkpt>
      <trkpt lat="43.93374" lon="7.24349">
        <ele>1209</ele>
        <time>2026-07-24T12:26:25+00:00</time>
      </trkpt>
      <trkpt lat="43.93357" lon="7.24365">
        <ele>1208</ele>
        <time>2026-07-24T12:26:28+00:00</time>
      </trkpt>
      <trkpt lat="43.93341" lon="7.24371">
        <ele>1202</ele>
        <time>2026-07-24T12:26:31+00:00</time>
      </trkpt>
      <trkpt lat="43.93335" lon="7.24369">
        <ele>1202</ele>
        <time>2026-07-24T12:26:34+00:00</time>
      </trkpt>
      <trkpt lat="43.93327" lon="7.2437">
        <ele>1202</ele>
        <time>2026-07-24T12:26:37+00:00</time>
      </trkpt>
      <trkpt lat="43.93307" lon="7.24387">
        <ele>1189</ele>
        <time>2026-07-24T12:26:40+00:00</time>
      </trkpt>
      <trkpt lat="43.93275" lon="7.24395">
        <ele>1189</ele>
        <time>2026-07-24T12:26:43+00:00</time>
      </trkpt>
      <trkpt lat="43.93267" lon="7.24409">
        <ele>1192</ele>
        <time>2026-07-24T12:26:46+00:00</time>
      </trkpt>
      <trkpt lat="43.9325" lon="7.24417">
        <ele>1189</ele>
        <time>2026-07-24T12:26:49+00:00</time>
      </trkpt>
      <trkpt lat="43.93242" lon="7.24431">
        <ele>1189</ele>
        <time>2026-07-24T12:26:52+00:00</time>
      </trkpt>
      <trkpt lat="43.93213" lon="7.24451">
        <ele>1184</ele>
        <time>2026-07-24T12:26:55+00:00</time>
      </trkpt>
      <trkpt lat="43.93207" lon="7.24465">
        <ele>1175</ele>
        <time>2026-07-24T12:26:58+00:00</time>
      </trkpt>
      <trkpt lat="43.93195" lon="7.24485">
        <ele>1175</ele>
        <time>2026-07-24T12:27:01+00:00</time>
      </trkpt>
      <trkpt lat="43.93183" lon="7.24505">
        <ele>1170</ele>
        <time>2026-07-24T12:27:04+00:00</time>
      </trkpt>
      <trkpt lat="43.93169" lon="7.24526">
        <ele>1163</ele>
        <time>2026-07-24T12:27:07+00:00</time>
      </trkpt>
      <trkpt lat="43.93154" lon="7.24536">
        <ele>1157</ele>
        <time>2026-07-24T12:27:10+00:00</time>
      </trkpt>
      <trkpt lat="43.93145" lon="7.24541">
        <ele>1166</ele>
        <time>2026-07-24T12:27:13+00:00</time>
      </trkpt>
      <trkpt lat="43.93117" lon="7.24516">
        <ele>1157</ele>
        <time>2026-07-24T12:27:16+00:00</time>
      </trkpt>
      <trkpt lat="43.93075" lon="7.24528">
        <ele>1159</ele>
        <time>2026-07-24T12:27:19+00:00</time>
      </trkpt>
      <trkpt lat="43.93066" lon="7.24528">
        <ele>1142</ele>
        <time>2026-07-24T12:27:22+00:00</time>
      </trkpt>
      <trkpt lat="43.93059" lon="7.24512">
        <ele>1150</ele>
        <time>2026-07-24T12:27:25+00:00</time>
      </trkpt>
      <trkpt lat="43.93047" lon="7.245">
        <ele>1141</ele>
        <time>2026-07-24T12:27:28+00:00</time>
      </trkpt>
      <trkpt lat="43.93037" lon="7.24494">
        <ele>1141</ele>
        <time>2026-07-24T12:27:31+00:00</time>
      </trkpt>
      <trkpt lat="43.93028" lon="7.24493">
        <ele>1141</ele>
        <time>2026-07-24T12:27:34+00:00</time>
      </trkpt>
      <trkpt lat="43.93017" lon="7.24501">
        <ele>1123</ele>
        <time>2026-07-24T12:27:37+00:00</time>
      </trkpt>
      <trkpt lat="43.93012" lon="7.24506">
        <ele>1123</ele>
        <time>2026-07-24T12:27:40+00:00</time>
      </trkpt>
      <trkpt lat="43.92995" lon="7.24512">
        <ele>1123</ele>
        <time>2026-07-24T12:27:43+00:00</time>
      </trkpt>
      <trkpt lat="43.92986" lon="7.24506">
        <ele>1103</ele>
        <time>2026-07-24T12:27:46+00:00</time>
      </trkpt>
      <trkpt lat="43.92967" lon="7.24502">
        <ele>1119</ele>
        <time>2026-07-24T12:27:49+00:00</time>
      </trkpt>
      <trkpt lat="43.92958" lon="7.24501">
        <ele>1096</ele>
        <time>2026-07-24T12:27:52+00:00</time>
      </trkpt>
      <trkpt lat="43.92949" lon="7.24489">
        <ele>1116</ele>
        <time>2026-07-24T12:27:55+00:00</time>
      </trkpt>
      <trkpt lat="43.92943" lon="7.2449">
        <ele>1096</ele>
        <time>2026-07-24T12:27:58+00:00</time>
      </trkpt>
      <trkpt lat="43.92925" lon="7.24502">
        <ele>1115</ele>
        <time>2026-07-24T12:28:01+00:00</time>
      </trkpt>
      <trkpt lat="43.92911" lon="7.245">
        <ele>1101</ele>
        <time>2026-07-24T12:28:04+00:00</time>
      </trkpt>
      <trkpt lat="43.92893" lon="7.245">
        <ele>1117</ele>
        <time>2026-07-24T12:28:07+00:00</time>
      </trkpt>
      <trkpt lat="43.9289" lon="7.24511">
        <ele>1114</ele>
        <time>2026-07-24T12:28:10+00:00</time>
      </trkpt>
      <trkpt lat="43.92883" lon="7.2452">
        <ele>1092</ele>
        <time>2026-07-24T12:28:13+00:00</time>
      </trkpt>
      <trkpt lat="43.92867" lon="7.24519">
        <ele>1109</ele>
        <time>2026-07-24T12:28:16+00:00</time>
      </trkpt>
      <trkpt lat="43.92851" lon="7.24536">
        <ele>1113</ele>
        <time>2026-07-24T12:28:19+00:00</time>
      </trkpt>
      <trkpt lat="43.92845" lon="7.24533">
        <ele>1096</ele>
        <time>2026-07-24T12:28:22+00:00</time>
      </trkpt>
      <trkpt lat="43.92841" lon="7.24521">
        <ele>1096</ele>
        <time>2026-07-24T12:28:25+00:00</time>
      </trkpt>
      <trkpt lat="43.92834" lon="7.24513">
        <ele>1105</ele>
        <time>2026-07-24T12:28:28+00:00</time>
      </trkpt>
      <trkpt lat="43.92825" lon="7.24512">
        <ele>1117</ele>
        <time>2026-07-24T12:28:31+00:00</time>
      </trkpt>
      <trkpt lat="43.92805" lon="7.24521">
        <ele>1097</ele>
        <time>2026-07-24T12:28:34+00:00</time>
      </trkpt>
      <trkpt lat="43.92784" lon="7.24531">
        <ele>1083</ele>
        <time>2026-07-24T12:28:37+00:00</time>
      </trkpt>
      <trkpt lat="43.92775" lon="7.2453">
        <ele>1083</ele>
        <time>2026-07-24T12:28:40+00:00</time>
      </trkpt>
      <trkpt lat="43.92756" lon="7.24535">
        <ele>1072</ele>
        <time>2026-07-24T12:28:43+00:00</time>
      </trkpt>
      <trkpt lat="43.92756" lon="7.2454">
        <ele>1072</ele>
        <time>2026-07-24T12:28:46+00:00</time>
      </trkpt>
      <trkpt lat="43.92755" lon="7.24544">
        <ele>1072</ele>
        <time>2026-07-24T12:28:49+00:00</time>
      </trkpt>
      <trkpt lat="43.92748" lon="7.24534">
        <ele>1072</ele>
        <time>2026-07-24T12:28:52+00:00</time>
      </trkpt>
      <trkpt lat="43.92747" lon="7.24524">
        <ele>1072</ele>
        <time>2026-07-24T12:28:55+00:00</time>
      </trkpt>
      <trkpt lat="43.92728" lon="7.24487">
        <ele>1078</ele>
        <time>2026-07-24T12:28:58+00:00</time>
      </trkpt>
      <trkpt lat="43.92723" lon="7.24469">
        <ele>1078</ele>
        <time>2026-07-24T12:29:01+00:00</time>
      </trkpt>
      <trkpt lat="43.92718" lon="7.24465">
        <ele>1078</ele>
        <time>2026-07-24T12:29:04+00:00</time>
      </trkpt>
      <trkpt lat="43.92691" lon="7.24465">
        <ele>1078</ele>
        <time>2026-07-24T12:29:07+00:00</time>
      </trkpt>
      <trkpt lat="43.92682" lon="7.24458">
        <ele>1100</ele>
        <time>2026-07-24T12:29:10+00:00</time>
      </trkpt>
      <trkpt lat="43.92674" lon="7.24443">
        <ele>1085</ele>
        <time>2026-07-24T12:29:13+00:00</time>
      </trkpt>
      <trkpt lat="43.92668" lon="7.2444">
        <ele>1111</ele>
        <time>2026-07-24T12:29:16+00:00</time>
      </trkpt>
      <trkpt lat="43.92655" lon="7.24447">
        <ele>1092</ele>
        <time>2026-07-24T12:29:19+00:00</time>
      </trkpt>
      <trkpt lat="43.92642" lon="7.24451">
        <ele>1092</ele>
        <time>2026-07-24T12:29:22+00:00</time>
      </trkpt>
      <trkpt lat="43.92632" lon="7.24455">
        <ele>1092</ele>
        <time>2026-07-24T12:29:25+00:00</time>
      </trkpt>
      <trkpt lat="43.92624" lon="7.24455">
        <ele>1078</ele>
        <time>2026-07-24T12:29:28+00:00</time>
      </trkpt>
      <trkpt lat="43.92615" lon="7.24459">
        <ele>1078</ele>
        <time>2026-07-24T12:29:31+00:00</time>
      </trkpt>
      <trkpt lat="43.92608" lon="7.24467">
        <ele>1084</ele>
        <time>2026-07-24T12:29:34+00:00</time>
      </trkpt>
      <trkpt lat="43.92604" lon="7.24467">
        <ele>1066</ele>
        <time>2026-07-24T12:29:37+00:00</time>
      </trkpt>
      <trkpt lat="43.92589" lon="7.24432">
        <ele>1086</ele>
        <time>2026-07-24T12:29:40+00:00</time>
      </trkpt>
      <trkpt lat="43.92586" lon="7.24421">
        <ele>1077</ele>
        <time>2026-07-24T12:29:43+00:00</time>
      </trkpt>
      <trkpt lat="43.92581" lon="7.24414">
        <ele>1077</ele>
        <time>2026-07-24T12:29:46+00:00</time>
      </trkpt>
      <trkpt lat="43.92576" lon="7.24401">
        <ele>1086</ele>
        <time>2026-07-24T12:29:49+00:00</time>
      </trkpt>
      <trkpt lat="43.92569" lon="7.244">
        <ele>1086</ele>
        <time>2026-07-24T12:29:52+00:00</time>
      </trkpt>
      <trkpt lat="43.92558" lon="7.24408">
        <ele>1086</ele>
        <time>2026-07-24T12:29:55+00:00</time>
      </trkpt>
      <trkpt lat="43.92531" lon="7.24414">
        <ele>1080</ele>
        <time>2026-07-24T12:29:58+00:00</time>
      </trkpt>
      <trkpt lat="43.92531" lon="7.24417">
        <ele>1070</ele>
        <time>2026-07-24T12:30:01+00:00</time>
      </trkpt>
      <trkpt lat="43.92543" lon="7.24423">
        <ele>1070</ele>
        <time>2026-07-24T12:30:04+00:00</time>
      </trkpt>
      <trkpt lat="43.92552" lon="7.24435">
        <ele>1074</ele>
        <time>2026-07-24T12:30:07+00:00</time>
      </trkpt>
      <trkpt lat="43.92547" lon="7.24437">
        <ele>1070</ele>
        <time>2026-07-24T12:30:10+00:00</time>
      </trkpt>
      <trkpt lat="43.92536" lon="7.24434">
        <ele>1070</ele>
        <time>2026-07-24T12:30:13+00:00</time>
      </trkpt>
      <trkpt lat="43.92532" lon="7.2444">
        <ele>1070</ele>
        <time>2026-07-24T12:30:16+00:00</time>
      </trkpt>
      <trkpt lat="43.9252" lon="7.24443">
        <ele>1047</ele>
        <time>2026-07-24T12:30:19+00:00</time>
      </trkpt>
      <trkpt lat="43.92492" lon="7.2446">
        <ele>1029</ele>
        <time>2026-07-24T12:30:22+00:00</time>
      </trkpt>
      <trkpt lat="43.92479" lon="7.24474">
        <ele>1023</ele>
        <time>2026-07-24T12:30:25+00:00</time>
      </trkpt>
      <trkpt lat="43.92479" lon="7.24479">
        <ele>1023</ele>
        <time>2026-07-24T12:30:28+00:00</time>
      </trkpt>
      <trkpt lat="43.92488" lon="7.24477">
        <ele>1023</ele>
        <time>2026-07-24T12:30:31+00:00</time>
      </trkpt>
      <trkpt lat="43.92487" lon="7.24483">
        <ele>1023</ele>
        <time>2026-07-24T12:30:34+00:00</time>
      </trkpt>
      <trkpt lat="43.92477" lon="7.24494">
        <ele>1015</ele>
        <time>2026-07-24T12:30:37+00:00</time>
      </trkpt>
      <trkpt lat="43.92465" lon="7.24498">
        <ele>1003</ele>
        <time>2026-07-24T12:30:40+00:00</time>
      </trkpt>
      <trkpt lat="43.92455" lon="7.24498">
        <ele>1007</ele>
        <time>2026-07-24T12:30:43+00:00</time>
      </trkpt>
      <trkpt lat="43.92448" lon="7.24505">
        <ele>1007</ele>
        <time>2026-07-24T12:30:46+00:00</time>
      </trkpt>
      <trkpt lat="43.92446" lon="7.24512">
        <ele>1007</ele>
        <time>2026-07-24T12:30:49+00:00</time>
      </trkpt>
      <trkpt lat="43.9245" lon="7.24511">
        <ele>1007</ele>
        <time>2026-07-24T12:30:52+00:00</time>
      </trkpt>
      <trkpt lat="43.92455" lon="7.24517">
        <ele>1007</ele>
        <time>2026-07-24T12:30:55+00:00</time>
      </trkpt>
      <trkpt lat="43.92442" lon="7.24531">
        <ele>994</ele>
        <time>2026-07-24T12:30:58+00:00</time>
      </trkpt>
      <trkpt lat="43.92434" lon="7.24547">
        <ele>997</ele>
        <time>2026-07-24T12:31:01+00:00</time>
      </trkpt>
      <trkpt lat="43.92431" lon="7.24559">
        <ele>987</ele>
        <time>2026-07-24T12:31:04+00:00</time>
      </trkpt>
      <trkpt lat="43.92417" lon="7.24579">
        <ele>988</ele>
        <time>2026-07-24T12:31:07+00:00</time>
      </trkpt>
      <trkpt lat="43.92409" lon="7.2458">
        <ele>976</ele>
        <time>2026-07-24T12:31:10+00:00</time>
      </trkpt>
      <trkpt lat="43.92396" lon="7.24565">
        <ele>980</ele>
        <time>2026-07-24T12:31:13+00:00</time>
      </trkpt>
      <trkpt lat="43.9238" lon="7.24565">
        <ele>980</ele>
        <time>2026-07-24T12:31:16+00:00</time>
      </trkpt>
      <trkpt lat="43.92374" lon="7.2456">
        <ele>979</ele>
        <time>2026-07-24T12:31:19+00:00</time>
      </trkpt>
      <trkpt lat="43.92361" lon="7.24532">
        <ele>979</ele>
        <time>2026-07-24T12:31:22+00:00</time>
      </trkpt>
      <trkpt lat="43.92351" lon="7.24516">
        <ele>981</ele>
        <time>2026-07-24T12:31:25+00:00</time>
      </trkpt>
      <trkpt lat="43.9235" lon="7.24503">
        <ele>970</ele>
        <time>2026-07-24T12:31:28+00:00</time>
      </trkpt>
      <trkpt lat="43.92347" lon="7.2451">
        <ele>961</ele>
        <time>2026-07-24T12:31:31+00:00</time>
      </trkpt>
      <trkpt lat="43.9234" lon="7.24488">
        <ele>962</ele>
        <time>2026-07-24T12:31:34+00:00</time>
      </trkpt>
      <trkpt lat="43.92337" lon="7.24485">
        <ele>962</ele>
        <time>2026-07-24T12:31:37+00:00</time>
      </trkpt>
      <trkpt lat="43.92335" lon="7.24482">
        <ele>962</ele>
        <time>2026-07-24T12:31:40+00:00</time>
      </trkpt>
      <trkpt lat="43.92335" lon="7.24495">
        <ele>961</ele>
        <time>2026-07-24T12:31:43+00:00</time>
      </trkpt>
      <trkpt lat="43.92332" lon="7.24491">
        <ele>961</ele>
        <time>2026-07-24T12:31:46+00:00</time>
      </trkpt>
      <trkpt lat="43.92321" lon="7.24471">
        <ele>962</ele>
        <time>2026-07-24T12:31:49+00:00</time>
      </trkpt>
      <trkpt lat="43.92316" lon="7.24468">
        <ele>943</ele>
        <time>2026-07-24T12:31:52+00:00</time>
      </trkpt>
      <trkpt lat="43.92316" lon="7.24458">
        <ele>940</ele>
        <time>2026-07-24T12:31:55+00:00</time>
      </trkpt>
      <trkpt lat="43.92314" lon="7.2445">
        <ele>940</ele>
        <time>2026-07-24T12:31:58+00:00</time>
      </trkpt>
      <trkpt lat="43.92308" lon="7.24445">
        <ele>944</ele>
        <time>2026-07-24T12:32:01+00:00</time>
      </trkpt>
      <trkpt lat="43.92307" lon="7.24438">
        <ele>945</ele>
        <time>2026-07-24T12:32:04+00:00</time>
      </trkpt>
      <trkpt lat="43.92316" lon="7.24412">
        <ele>945</ele>
        <time>2026-07-24T12:32:07+00:00</time>
      </trkpt>
      <trkpt lat="43.92315" lon="7.24397">
        <ele>957</ele>
        <time>2026-07-24T12:32:10+00:00</time>
      </trkpt>
      <trkpt lat="43.92304" lon="7.24387">
        <ele>927</ele>
        <time>2026-07-24T12:32:13+00:00</time>
      </trkpt>
      <trkpt lat="43.92286" lon="7.24391">
        <ele>931</ele>
        <time>2026-07-24T12:32:16+00:00</time>
      </trkpt>
      <trkpt lat="43.92269" lon="7.24381">
        <ele>909</ele>
        <time>2026-07-24T12:32:19+00:00</time>
      </trkpt>
      <trkpt lat="43.92272" lon="7.24387">
        <ele>931</ele>
        <time>2026-07-24T12:32:22+00:00</time>
      </trkpt>
      <trkpt lat="43.92253" lon="7.24385">
        <ele>909</ele>
        <time>2026-07-24T12:32:25+00:00</time>
      </trkpt>
      <trkpt lat="43.92249" lon="7.24367">
        <ele>924</ele>
        <time>2026-07-24T12:32:28+00:00</time>
      </trkpt>
      <trkpt lat="43.92244" lon="7.24365">
        <ele>907</ele>
        <time>2026-07-24T12:32:31+00:00</time>
      </trkpt>
      <trkpt lat="43.92231" lon="7.24366">
        <ele>906</ele>
        <time>2026-07-24T12:32:34+00:00</time>
      </trkpt>
      <trkpt lat="43.92225" lon="7.24371">
        <ele>906</ele>
        <time>2026-07-24T12:32:37+00:00</time>
      </trkpt>
      <trkpt lat="43.92216" lon="7.24371">
        <ele>906</ele>
        <time>2026-07-24T12:32:40+00:00</time>
      </trkpt>
      <trkpt lat="43.922" lon="7.24335">
        <ele>899</ele>
        <time>2026-07-24T12:32:43+00:00</time>
      </trkpt>
      <trkpt lat="43.92184" lon="7.24323">
        <ele>883</ele>
        <time>2026-07-24T12:32:46+00:00</time>
      </trkpt>
      <trkpt lat="43.9217" lon="7.24321">
        <ele>883</ele>
        <time>2026-07-24T12:32:49+00:00</time>
      </trkpt>
      <trkpt lat="43.92156" lon="7.24338">
        <ele>871</ele>
        <time>2026-07-24T12:32:52+00:00</time>
      </trkpt>
      <trkpt lat="43.92144" lon="7.24348">
        <ele>871</ele>
        <time>2026-07-24T12:32:55+00:00</time>
      </trkpt>
      <trkpt lat="43.92134" lon="7.24371">
        <ele>866</ele>
        <time>2026-07-24T12:32:58+00:00</time>
      </trkpt>
      <trkpt lat="43.92127" lon="7.24373">
        <ele>862</ele>
        <time>2026-07-24T12:33:01+00:00</time>
      </trkpt>
      <trkpt lat="43.92103" lon="7.24368">
        <ele>862</ele>
        <time>2026-07-24T12:33:04+00:00</time>
      </trkpt>
      <trkpt lat="43.92101" lon="7.24379">
        <ele>862</ele>
        <time>2026-07-24T12:33:07+00:00</time>
      </trkpt>
      <trkpt lat="43.92094" lon="7.24376">
        <ele>861</ele>
        <time>2026-07-24T12:33:10+00:00</time>
      </trkpt>
      <trkpt lat="43.92089" lon="7.24378">
        <ele>861</ele>
        <time>2026-07-24T12:33:13+00:00</time>
      </trkpt>
      <trkpt lat="43.92072" lon="7.24364">
        <ele>861</ele>
        <time>2026-07-24T12:33:16+00:00</time>
      </trkpt>
      <trkpt lat="43.92062" lon="7.24366">
        <ele>854</ele>
        <time>2026-07-24T12:33:19+00:00</time>
      </trkpt>
      <trkpt lat="43.92057" lon="7.24354">
        <ele>854</ele>
        <time>2026-07-24T12:33:22+00:00</time>
      </trkpt>
      <trkpt lat="43.92054" lon="7.24353">
        <ele>854</ele>
        <time>2026-07-24T12:33:25+00:00</time>
      </trkpt>
      <trkpt lat="43.92054" lon="7.24357">
        <ele>854</ele>
        <time>2026-07-24T12:33:28+00:00</time>
      </trkpt>
      <trkpt lat="43.92055" lon="7.24367">
        <ele>854</ele>
        <time>2026-07-24T12:33:31+00:00</time>
      </trkpt>
      <trkpt lat="43.92044" lon="7.24387">
        <ele>832</ele>
        <time>2026-07-24T12:33:34+00:00</time>
      </trkpt>
      <trkpt lat="43.92028" lon="7.24414">
        <ele>830</ele>
        <time>2026-07-24T12:33:37+00:00</time>
      </trkpt>
      <trkpt lat="43.9202" lon="7.24426">
        <ele>828</ele>
        <time>2026-07-24T12:33:40+00:00</time>
      </trkpt>
      <trkpt lat="43.92016" lon="7.2444">
        <ele>828</ele>
        <time>2026-07-24T12:33:43+00:00</time>
      </trkpt>
      <trkpt lat="43.92002" lon="7.24459">
        <ele>828</ele>
        <time>2026-07-24T12:33:46+00:00</time>
      </trkpt>
      <trkpt lat="43.91988" lon="7.24472">
        <ele>829</ele>
        <time>2026-07-24T12:33:49+00:00</time>
      </trkpt>
      <trkpt lat="43.91966" lon="7.24481">
        <ele>826</ele>
        <time>2026-07-24T12:33:52+00:00</time>
      </trkpt>
      <trkpt lat="43.91951" lon="7.24482">
        <ele>824</ele>
        <time>2026-07-24T12:33:55+00:00</time>
      </trkpt>
      <trkpt lat="43.91943" lon="7.2449">
        <ele>825</ele>
        <time>2026-07-24T12:33:58+00:00</time>
      </trkpt>
      <trkpt lat="43.91937" lon="7.24503">
        <ele>824</ele>
        <time>2026-07-24T12:34:01+00:00</time>
      </trkpt>
      <trkpt lat="43.91932" lon="7.24511">
        <ele>824</ele>
        <time>2026-07-24T12:34:04+00:00</time>
      </trkpt>
      <trkpt lat="43.91923" lon="7.24519">
        <ele>824</ele>
        <time>2026-07-24T12:34:07+00:00</time>
      </trkpt>
      <trkpt lat="43.91883" lon="7.24532">
        <ele>820</ele>
        <time>2026-07-24T12:34:10+00:00</time>
      </trkpt>
      <trkpt lat="43.9188" lon="7.24531">
        <ele>820</ele>
        <time>2026-07-24T12:34:13+00:00</time>
      </trkpt>
      <trkpt lat="43.91865" lon="7.24535">
        <ele>820</ele>
        <time>2026-07-24T12:34:16+00:00</time>
      </trkpt>
      <trkpt lat="43.91855" lon="7.24544">
        <ele>820</ele>
        <time>2026-07-24T12:34:19+00:00</time>
      </trkpt>
      <trkpt lat="43.91839" lon="7.24571">
        <ele>809</ele>
        <time>2026-07-24T12:34:22+00:00</time>
      </trkpt>
      <trkpt lat="43.91828" lon="7.246">
        <ele>809</ele>
        <time>2026-07-24T12:34:25+00:00</time>
      </trkpt>
      <trkpt lat="43.91809" lon="7.24623">
        <ele>803</ele>
        <time>2026-07-24T12:34:28+00:00</time>
      </trkpt>
      <trkpt lat="43.91791" lon="7.24652">
        <ele>804</ele>
        <time>2026-07-24T12:34:31+00:00</time>
      </trkpt>
      <trkpt lat="43.91776" lon="7.24683">
        <ele>805</ele>
        <time>2026-07-24T12:34:34+00:00</time>
      </trkpt>
      <trkpt lat="43.91776" lon="7.24691">
        <ele>805</ele>
        <time>2026-07-24T12:34:37+00:00</time>
      </trkpt>
      <trkpt lat="43.91763" lon="7.24706">
        <ele>807</ele>
        <time>2026-07-24T12:34:40+00:00</time>
      </trkpt>
      <trkpt lat="43.91727" lon="7.24745">
        <ele>807</ele>
        <time>2026-07-24T12:34:43+00:00</time>
      </trkpt>
      <trkpt lat="43.91719" lon="7.24749">
        <ele>807</ele>
        <time>2026-07-24T12:34:46+00:00</time>
      </trkpt>
      <trkpt lat="43.91712" lon="7.24748">
        <ele>807</ele>
        <time>2026-07-24T12:34:49+00:00</time>
      </trkpt>
      <trkpt lat="43.91701" lon="7.24751">
        <ele>803</ele>
        <time>2026-07-24T12:34:52+00:00</time>
      </trkpt>
      <trkpt lat="43.91701" lon="7.24747">
        <ele>809</ele>
        <time>2026-07-24T12:34:55+00:00</time>
      </trkpt>
      <trkpt lat="43.9171" lon="7.24688">
        <ele>800</ele>
        <time>2026-07-24T12:34:58+00:00</time>
      </trkpt>
      <trkpt lat="43.91711" lon="7.24675">
        <ele>804</ele>
        <time>2026-07-24T12:35:01+00:00</time>
      </trkpt>
      <trkpt lat="43.91706" lon="7.24638">
        <ele>798</ele>
        <time>2026-07-24T12:35:04+00:00</time>
      </trkpt>
      <trkpt lat="43.91703" lon="7.2463">
        <ele>793</ele>
        <time>2026-07-24T12:35:07+00:00</time>
      </trkpt>
      <trkpt lat="43.91703" lon="7.24624">
        <ele>793</ele>
        <time>2026-07-24T12:35:10+00:00</time>
      </trkpt>
      <trkpt lat="43.91713" lon="7.24601">
        <ele>797</ele>
        <time>2026-07-24T12:35:13+00:00</time>
      </trkpt>
      <trkpt lat="43.91718" lon="7.24571">
        <ele>793</ele>
        <time>2026-07-24T12:35:16+00:00</time>
      </trkpt>
      <trkpt lat="43.91715" lon="7.24513">
        <ele>780</ele>
        <time>2026-07-24T12:35:19+00:00</time>
      </trkpt>
      <trkpt lat="43.91707" lon="7.24489">
        <ele>774</ele>
        <time>2026-07-24T12:35:22+00:00</time>
      </trkpt>
      <trkpt lat="43.91705" lon="7.24465">
        <ele>774</ele>
        <time>2026-07-24T12:35:25+00:00</time>
      </trkpt>
      <trkpt lat="43.91716" lon="7.24423">
        <ele>773</ele>
        <time>2026-07-24T12:35:28+00:00</time>
      </trkpt>
      <trkpt lat="43.91711" lon="7.24374">
        <ele>773</ele>
        <time>2026-07-24T12:35:31+00:00</time>
      </trkpt>
      <trkpt lat="43.91697" lon="7.24353">
        <ele>773</ele>
        <time>2026-07-24T12:35:34+00:00</time>
      </trkpt>
      <trkpt lat="43.91688" lon="7.24336">
        <ele>790</ele>
        <time>2026-07-24T12:35:37+00:00</time>
      </trkpt>
      <trkpt lat="43.91684" lon="7.24324">
        <ele>790</ele>
        <time>2026-07-24T12:35:40+00:00</time>
      </trkpt>
      <trkpt lat="43.91673" lon="7.24323">
        <ele>790</ele>
        <time>2026-07-24T12:35:43+00:00</time>
      </trkpt>
      <trkpt lat="43.91662" lon="7.24332">
        <ele>790</ele>
        <time>2026-07-24T12:35:46+00:00</time>
      </trkpt>
      <trkpt lat="43.91639" lon="7.24322">
        <ele>790</ele>
        <time>2026-07-24T12:35:49+00:00</time>
      </trkpt>
      <trkpt lat="43.91615" lon="7.24327">
        <ele>774</ele>
        <time>2026-07-24T12:35:52+00:00</time>
      </trkpt>
      <trkpt lat="43.91586" lon="7.24345">
        <ele>775</ele>
        <time>2026-07-24T12:35:55+00:00</time>
      </trkpt>
      <trkpt lat="43.91565" lon="7.24339">
        <ele>776</ele>
        <time>2026-07-24T12:35:58+00:00</time>
      </trkpt>
      <trkpt lat="43.91531" lon="7.24317">
        <ele>787</ele>
        <time>2026-07-24T12:36:01+00:00</time>
      </trkpt>
      <trkpt lat="43.91521" lon="7.24306">
        <ele>787</ele>
        <time>2026-07-24T12:36:04+00:00</time>
      </trkpt>
      <trkpt lat="43.91518" lon="7.24291">
        <ele>791</ele>
        <time>2026-07-24T12:36:07+00:00</time>
      </trkpt>
      <trkpt lat="43.91511" lon="7.24291">
        <ele>803</ele>
        <time>2026-07-24T12:36:10+00:00</time>
      </trkpt>
      <trkpt lat="43.91499" lon="7.2431">
        <ele>789</ele>
        <time>2026-07-24T12:36:13+00:00</time>
      </trkpt>
      <trkpt lat="43.91482" lon="7.24309">
        <ele>798</ele>
        <time>2026-07-24T12:36:16+00:00</time>
      </trkpt>
      <trkpt lat="43.91476" lon="7.24338">
        <ele>788</ele>
        <time>2026-07-24T12:36:19+00:00</time>
      </trkpt>
      <trkpt lat="43.91466" lon="7.24381">
        <ele>797</ele>
        <time>2026-07-24T12:36:22+00:00</time>
      </trkpt>
      <trkpt lat="43.9145" lon="7.24424">
        <ele>798</ele>
        <time>2026-07-24T12:36:25+00:00</time>
      </trkpt>
      <trkpt lat="43.91449" lon="7.24446">
        <ele>806</ele>
        <time>2026-07-24T12:36:28+00:00</time>
      </trkpt>
      <trkpt lat="43.9144" lon="7.24487">
        <ele>800</ele>
        <time>2026-07-24T12:36:31+00:00</time>
      </trkpt>
      <trkpt lat="43.91434" lon="7.24502">
        <ele>808</ele>
        <time>2026-07-24T12:36:34+00:00</time>
      </trkpt>
      <trkpt lat="43.91413" lon="7.24505">
        <ele>808</ele>
        <time>2026-07-24T12:36:37+00:00</time>
      </trkpt>
      <trkpt lat="43.91387" lon="7.24508">
        <ele>821</ele>
        <time>2026-07-24T12:36:40+00:00</time>
      </trkpt>
      <trkpt lat="43.91362" lon="7.24514">
        <ele>819</ele>
        <time>2026-07-24T12:36:43+00:00</time>
      </trkpt>
      <trkpt lat="43.91334" lon="7.2452">
        <ele>821</ele>
        <time>2026-07-24T12:36:46+00:00</time>
      </trkpt>
      <trkpt lat="43.91319" lon="7.24515">
        <ele>825</ele>
        <time>2026-07-24T12:36:49+00:00</time>
      </trkpt>
      <trkpt lat="43.91299" lon="7.24529">
        <ele>824</ele>
        <time>2026-07-24T12:36:52+00:00</time>
      </trkpt>
      <trkpt lat="43.91272" lon="7.24529">
        <ele>824</ele>
        <time>2026-07-24T12:36:55+00:00</time>
      </trkpt>
      <trkpt lat="43.91241" lon="7.2453">
        <ele>817</ele>
        <time>2026-07-24T12:36:58+00:00</time>
      </trkpt>
      <trkpt lat="43.91235" lon="7.24525">
        <ele>817</ele>
        <time>2026-07-24T12:37:01+00:00</time>
      </trkpt>
      <trkpt lat="43.91207" lon="7.2452">
        <ele>803</ele>
        <time>2026-07-24T12:37:04+00:00</time>
      </trkpt>
      <trkpt lat="43.91158" lon="7.24512">
        <ele>796</ele>
        <time>2026-07-24T12:37:07+00:00</time>
      </trkpt>
      <trkpt lat="43.91133" lon="7.24496">
        <ele>796</ele>
        <time>2026-07-24T12:37:10+00:00</time>
      </trkpt>
      <trkpt lat="43.911" lon="7.24476">
        <ele>782</ele>
        <time>2026-07-24T12:37:13+00:00</time>
      </trkpt>
      <trkpt lat="43.91088" lon="7.24466">
        <ele>787</ele>
        <time>2026-07-24T12:37:16+00:00</time>
      </trkpt>
      <trkpt lat="43.91068" lon="7.24432">
        <ele>781</ele>
        <time>2026-07-24T12:37:19+00:00</time>
      </trkpt>
      <trkpt lat="43.91071" lon="7.24425">
        <ele>782</ele>
        <time>2026-07-24T12:37:22+00:00</time>
      </trkpt>
      <trkpt lat="43.91073" lon="7.24396">
        <ele>781</ele>
        <time>2026-07-24T12:37:25+00:00</time>
      </trkpt>
      <trkpt lat="43.91071" lon="7.24382">
        <ele>781</ele>
        <time>2026-07-24T12:37:28+00:00</time>
      </trkpt>
      <trkpt lat="43.91068" lon="7.24374">
        <ele>765</ele>
        <time>2026-07-24T12:37:31+00:00</time>
      </trkpt>
      <trkpt lat="43.91067" lon="7.24351">
        <ele>774</ele>
        <time>2026-07-24T12:37:34+00:00</time>
      </trkpt>
      <trkpt lat="43.91066" lon="7.24327">
        <ele>772</ele>
        <time>2026-07-24T12:37:37+00:00</time>
      </trkpt>
      <trkpt lat="43.91059" lon="7.243">
        <ele>779</ele>
        <time>2026-07-24T12:37:40+00:00</time>
      </trkpt>
      <trkpt lat="43.91051" lon="7.24282">
        <ele>779</ele>
        <time>2026-07-24T12:37:43+00:00</time>
      </trkpt>
      <trkpt lat="43.91027" lon="7.24262">
        <ele>771</ele>
        <time>2026-07-24T12:37:46+00:00</time>
      </trkpt>
      <trkpt lat="43.91003" lon="7.24242">
        <ele>764</ele>
        <time>2026-07-24T12:37:49+00:00</time>
      </trkpt>
      <trkpt lat="43.90976" lon="7.24219">
        <ele>764</ele>
        <time>2026-07-24T12:37:52+00:00</time>
      </trkpt>
      <trkpt lat="43.90953" lon="7.24205">
        <ele>764</ele>
        <time>2026-07-24T12:37:55+00:00</time>
      </trkpt>
      <trkpt lat="43.90928" lon="7.2419">
        <ele>762</ele>
        <time>2026-07-24T12:37:58+00:00</time>
      </trkpt>
      <trkpt lat="43.90914" lon="7.2415">
        <ele>769</ele>
        <time>2026-07-24T12:38:01+00:00</time>
      </trkpt>
      <trkpt lat="43.90913" lon="7.24105">
        <ele>764</ele>
        <time>2026-07-24T12:38:04+00:00</time>
      </trkpt>
      <trkpt lat="43.90905" lon="7.24079">
        <ele>759</ele>
        <time>2026-07-24T12:38:07+00:00</time>
      </trkpt>
      <trkpt lat="43.90897" lon="7.24067">
        <ele>774</ele>
        <time>2026-07-24T12:38:10+00:00</time>
      </trkpt>
      <trkpt lat="43.90879" lon="7.24056">
        <ele>759</ele>
        <time>2026-07-24T12:38:13+00:00</time>
      </trkpt>
      <trkpt lat="43.90867" lon="7.24038">
        <ele>774</ele>
        <time>2026-07-24T12:38:16+00:00</time>
      </trkpt>
      <trkpt lat="43.90864" lon="7.24018">
        <ele>776</ele>
        <time>2026-07-24T12:38:19+00:00</time>
      </trkpt>
      <trkpt lat="43.90863" lon="7.23998">
        <ele>776</ele>
        <time>2026-07-24T12:38:22+00:00</time>
      </trkpt>
      <trkpt lat="43.90859" lon="7.23984">
        <ele>781</ele>
        <time>2026-07-24T12:38:25+00:00</time>
      </trkpt>
      <trkpt lat="43.90854" lon="7.23958">
        <ele>790</ele>
        <time>2026-07-24T12:38:28+00:00</time>
      </trkpt>
      <trkpt lat="43.90833" lon="7.23936">
        <ele>782</ele>
        <time>2026-07-24T12:38:31+00:00</time>
      </trkpt>
      <trkpt lat="43.90817" lon="7.23927">
        <ele>769</ele>
        <time>2026-07-24T12:38:34+00:00</time>
      </trkpt>
      <trkpt lat="43.90801" lon="7.23906">
        <ele>771</ele>
        <time>2026-07-24T12:38:37+00:00</time>
      </trkpt>
      <trkpt lat="43.90779" lon="7.23877">
        <ele>760</ele>
        <time>2026-07-24T12:38:40+00:00</time>
      </trkpt>
      <trkpt lat="43.90768" lon="7.23844">
        <ele>760</ele>
        <time>2026-07-24T12:38:43+00:00</time>
      </trkpt>
      <trkpt lat="43.90765" lon="7.23828">
        <ele>757</ele>
        <time>2026-07-24T12:38:46+00:00</time>
      </trkpt>
      <trkpt lat="43.90773" lon="7.23815">
        <ele>761</ele>
        <time>2026-07-24T12:38:49+00:00</time>
      </trkpt>
      <trkpt lat="43.90776" lon="7.23775">
        <ele>776</ele>
        <time>2026-07-24T12:38:52+00:00</time>
      </trkpt>
      <trkpt lat="43.90797" lon="7.23719">
        <ele>783</ele>
        <time>2026-07-24T12:38:55+00:00</time>
      </trkpt>
      <trkpt lat="43.90797" lon="7.23682">
        <ele>821</ele>
        <time>2026-07-24T12:38:58+00:00</time>
      </trkpt>
      <trkpt lat="43.90774" lon="7.23677">
        <ele>821</ele>
        <time>2026-07-24T12:39:01+00:00</time>
      </trkpt>
      <trkpt lat="43.90758" lon="7.23682">
        <ele>804</ele>
        <time>2026-07-24T12:39:04+00:00</time>
      </trkpt>
      <trkpt lat="43.90745" lon="7.23677">
        <ele>804</ele>
        <time>2026-07-24T12:39:07+00:00</time>
      </trkpt>
      <trkpt lat="43.90701" lon="7.23673">
        <ele>810</ele>
        <time>2026-07-24T12:39:10+00:00</time>
      </trkpt>
      <trkpt lat="43.90684" lon="7.23659">
        <ele>812</ele>
        <time>2026-07-24T12:39:13+00:00</time>
      </trkpt>
      <trkpt lat="43.9066" lon="7.23601">
        <ele>815</ele>
        <time>2026-07-24T12:39:16+00:00</time>
      </trkpt>
      <trkpt lat="43.90656" lon="7.23566">
        <ele>820</ele>
        <time>2026-07-24T12:39:19+00:00</time>
      </trkpt>
      <trkpt lat="43.90651" lon="7.23528">
        <ele>820</ele>
        <time>2026-07-24T12:39:22+00:00</time>
      </trkpt>
      <trkpt lat="43.90642" lon="7.23499">
        <ele>817</ele>
        <time>2026-07-24T12:39:25+00:00</time>
      </trkpt>
      <trkpt lat="43.90639" lon="7.23479">
        <ele>819</ele>
        <time>2026-07-24T12:39:28+00:00</time>
      </trkpt>
      <trkpt lat="43.90627" lon="7.23449">
        <ele>814</ele>
        <time>2026-07-24T12:39:31+00:00</time>
      </trkpt>
      <trkpt lat="43.90616" lon="7.23416">
        <ele>814</ele>
        <time>2026-07-24T12:39:34+00:00</time>
      </trkpt>
      <trkpt lat="43.9061" lon="7.23412">
        <ele>811</ele>
        <time>2026-07-24T12:39:37+00:00</time>
      </trkpt>
      <trkpt lat="43.90606" lon="7.23419">
        <ele>811</ele>
        <time>2026-07-24T12:39:40+00:00</time>
      </trkpt>
      <trkpt lat="43.906" lon="7.23446">
        <ele>814</ele>
        <time>2026-07-24T12:39:43+00:00</time>
      </trkpt>
      <trkpt lat="43.90594" lon="7.23478">
        <ele>815</ele>
        <time>2026-07-24T12:39:46+00:00</time>
      </trkpt>
      <trkpt lat="43.90577" lon="7.23525">
        <ele>827</ele>
        <time>2026-07-24T12:39:49+00:00</time>
      </trkpt>
      <trkpt lat="43.90572" lon="7.23559">
        <ele>827</ele>
        <time>2026-07-24T12:39:52+00:00</time>
      </trkpt>
      <trkpt lat="43.90563" lon="7.23593">
        <ele>827</ele>
        <time>2026-07-24T12:39:55+00:00</time>
      </trkpt>
      <trkpt lat="43.90528" lon="7.23619">
        <ele>809</ele>
        <time>2026-07-24T12:39:58+00:00</time>
      </trkpt>
      <trkpt lat="43.9052" lon="7.2363">
        <ele>796</ele>
        <time>2026-07-24T12:40:01+00:00</time>
      </trkpt>
      <trkpt lat="43.90523" lon="7.23666">
        <ele>780</ele>
        <time>2026-07-24T12:40:04+00:00</time>
      </trkpt>
      <trkpt lat="43.90519" lon="7.23675">
        <ele>776</ele>
        <time>2026-07-24T12:40:07+00:00</time>
      </trkpt>
      <trkpt lat="43.90522" lon="7.2371">
        <ele>762</ele>
        <time>2026-07-24T12:40:10+00:00</time>
      </trkpt>
      <trkpt lat="43.90526" lon="7.2376">
        <ele>752</ele>
        <time>2026-07-24T12:40:13+00:00</time>
      </trkpt>
      <trkpt lat="43.90514" lon="7.238">
        <ele>751</ele>
        <time>2026-07-24T12:40:16+00:00</time>
      </trkpt>
      <trkpt lat="43.90495" lon="7.23834">
        <ele>749</ele>
        <time>2026-07-24T12:40:19+00:00</time>
      </trkpt>
      <trkpt lat="43.90474" lon="7.23841">
        <ele>752</ele>
        <time>2026-07-24T12:40:22+00:00</time>
      </trkpt>
      <trkpt lat="43.90457" lon="7.23815">
        <ele>750</ele>
        <time>2026-07-24T12:40:25+00:00</time>
      </trkpt>
      <trkpt lat="43.9045" lon="7.23851">
        <ele>749</ele>
        <time>2026-07-24T12:40:28+00:00</time>
      </trkpt>
      <trkpt lat="43.90438" lon="7.23885">
        <ele>749</ele>
        <time>2026-07-24T12:40:31+00:00</time>
      </trkpt>
      <trkpt lat="43.90423" lon="7.23905">
        <ele>749</ele>
        <time>2026-07-24T12:40:34+00:00</time>
      </trkpt>
      <trkpt lat="43.90403" lon="7.23905">
        <ele>742</ele>
        <time>2026-07-24T12:40:37+00:00</time>
      </trkpt>
      <trkpt lat="43.90403" lon="7.23964">
        <ele>736</ele>
        <time>2026-07-24T12:40:40+00:00</time>
      </trkpt>
      <trkpt lat="43.904" lon="7.23978">
        <ele>736</ele>
        <time>2026-07-24T12:40:43+00:00</time>
      </trkpt>
      <trkpt lat="43.90373" lon="7.23967">
        <ele>735</ele>
        <time>2026-07-24T12:40:46+00:00</time>
      </trkpt>
      <trkpt lat="43.90346" lon="7.23969">
        <ele>734</ele>
        <time>2026-07-24T12:40:49+00:00</time>
      </trkpt>
      <trkpt lat="43.90314" lon="7.23972">
        <ele>736</ele>
        <time>2026-07-24T12:40:52+00:00</time>
      </trkpt>
      <trkpt lat="43.90289" lon="7.23961">
        <ele>739</ele>
        <time>2026-07-24T12:40:55+00:00</time>
      </trkpt>
      <trkpt lat="43.90261" lon="7.23949">
        <ele>742</ele>
        <time>2026-07-24T12:40:58+00:00</time>
      </trkpt>
      <trkpt lat="43.90253" lon="7.23972">
        <ele>751</ele>
        <time>2026-07-24T12:41:01+00:00</time>
      </trkpt>
      <trkpt lat="43.90263" lon="7.2401">
        <ele>745</ele>
        <time>2026-07-24T12:41:04+00:00</time>
      </trkpt>
      <trkpt lat="43.90267" lon="7.24043">
        <ele>736</ele>
        <time>2026-07-24T12:41:07+00:00</time>
      </trkpt>
      <trkpt lat="43.90271" lon="7.24077">
        <ele>735</ele>
        <time>2026-07-24T12:41:10+00:00</time>
      </trkpt>
      <trkpt lat="43.90256" lon="7.24109">
        <ele>735</ele>
        <time>2026-07-24T12:41:13+00:00</time>
      </trkpt>
      <trkpt lat="43.90236" lon="7.2415">
        <ele>740</ele>
        <time>2026-07-24T12:41:16+00:00</time>
      </trkpt>
      <trkpt lat="43.90226" lon="7.24207">
        <ele>741</ele>
        <time>2026-07-24T12:41:19+00:00</time>
      </trkpt>
      <trkpt lat="43.90223" lon="7.2425">
        <ele>738</ele>
        <time>2026-07-24T12:41:22+00:00</time>
      </trkpt>
      <trkpt lat="43.90217" lon="7.24327">
        <ele>739</ele>
        <time>2026-07-24T12:41:25+00:00</time>
      </trkpt>
      <trkpt lat="43.90209" lon="7.24364">
        <ele>737</ele>
        <time>2026-07-24T12:41:28+00:00</time>
      </trkpt>
      <trkpt lat="43.90199" lon="7.24413">
        <ele>735</ele>
        <time>2026-07-24T12:41:31+00:00</time>
      </trkpt>
      <trkpt lat="43.90181" lon="7.24449">
        <ele>734</ele>
        <time>2026-07-24T12:41:34+00:00</time>
      </trkpt>
      <trkpt lat="43.90146" lon="7.24518">
        <ele>729</ele>
        <time>2026-07-24T12:41:37+00:00</time>
      </trkpt>
      <trkpt lat="43.90108" lon="7.24541">
        <ele>723</ele>
        <time>2026-07-24T12:41:40+00:00</time>
      </trkpt>
      <trkpt lat="43.90087" lon="7.24569">
        <ele>716</ele>
        <time>2026-07-24T12:41:43+00:00</time>
      </trkpt>
      <trkpt lat="43.90058" lon="7.24561">
        <ele>716</ele>
        <time>2026-07-24T12:41:46+00:00</time>
      </trkpt>
      <trkpt lat="43.90009" lon="7.24547">
        <ele>711</ele>
        <time>2026-07-24T12:41:49+00:00</time>
      </trkpt>
      <trkpt lat="43.8999" lon="7.24574">
        <ele>706</ele>
        <time>2026-07-24T12:41:52+00:00</time>
      </trkpt>
      <trkpt lat="43.89996" lon="7.2462">
        <ele>700</ele>
        <time>2026-07-24T12:41:55+00:00</time>
      </trkpt>
      <trkpt lat="43.89993" lon="7.2465">
        <ele>690</ele>
        <time>2026-07-24T12:41:58+00:00</time>
      </trkpt>
      <trkpt lat="43.89988" lon="7.24667">
        <ele>685</ele>
        <time>2026-07-24T12:42:01+00:00</time>
      </trkpt>
      <trkpt lat="43.89964" lon="7.247">
        <ele>685</ele>
        <time>2026-07-24T12:42:04+00:00</time>
      </trkpt>
      <trkpt lat="43.89945" lon="7.24709">
        <ele>685</ele>
        <time>2026-07-24T12:42:07+00:00</time>
      </trkpt>
      <trkpt lat="43.8991" lon="7.24704">
        <ele>686</ele>
        <time>2026-07-24T12:42:10+00:00</time>
      </trkpt>
      <trkpt lat="43.89876" lon="7.24707">
        <ele>690</ele>
        <time>2026-07-24T12:42:13+00:00</time>
      </trkpt>
      <trkpt lat="43.89841" lon="7.24709">
        <ele>683</ele>
        <time>2026-07-24T12:42:16+00:00</time>
      </trkpt>
      <trkpt lat="43.89789" lon="7.24714">
        <ele>676</ele>
        <time>2026-07-24T12:42:19+00:00</time>
      </trkpt>
      <trkpt lat="43.89758" lon="7.24718">
        <ele>670</ele>
        <time>2026-07-24T12:42:22+00:00</time>
      </trkpt>
      <trkpt lat="43.89703" lon="7.24726">
        <ele>662</ele>
        <time>2026-07-24T12:42:25+00:00</time>
      </trkpt>
      <trkpt lat="43.8968" lon="7.24742">
        <ele>653</ele>
        <time>2026-07-24T12:42:28+00:00</time>
      </trkpt>
      <trkpt lat="43.89654" lon="7.24759">
        <ele>649</ele>
        <time>2026-07-24T12:42:31+00:00</time>
      </trkpt>
      <trkpt lat="43.89661" lon="7.24709">
        <ele>645</ele>
        <time>2026-07-24T12:42:34+00:00</time>
      </trkpt>
      <trkpt lat="43.89668" lon="7.24659">
        <ele>640</ele>
        <time>2026-07-24T12:42:37+00:00</time>
      </trkpt>
      <trkpt lat="43.89675" lon="7.24609">
        <ele>639</ele>
        <time>2026-07-24T12:42:40+00:00</time>
      </trkpt>
      <trkpt lat="43.89683" lon="7.24555">
        <ele>638</ele>
        <time>2026-07-24T12:42:43+00:00</time>
      </trkpt>
      <trkpt lat="43.89675" lon="7.24517">
        <ele>643</ele>
        <time>2026-07-24T12:42:46+00:00</time>
      </trkpt>
      <trkpt lat="43.89665" lon="7.24465">
        <ele>633</ele>
        <time>2026-07-24T12:42:49+00:00</time>
      </trkpt>
      <trkpt lat="43.89642" lon="7.24519">
        <ele>630</ele>
        <time>2026-07-24T12:42:52+00:00</time>
      </trkpt>
      <trkpt lat="43.89619" lon="7.24541">
        <ele>631</ele>
        <time>2026-07-24T12:42:55+00:00</time>
      </trkpt>
      <trkpt lat="43.89587" lon="7.24571">
        <ele>632</ele>
        <time>2026-07-24T12:42:58+00:00</time>
      </trkpt>
      <trkpt lat="43.8956" lon="7.24589">
        <ele>645</ele>
        <time>2026-07-24T12:43:01+00:00</time>
      </trkpt>
      <trkpt lat="43.89512" lon="7.24621">
        <ele>644</ele>
        <time>2026-07-24T12:43:04+00:00</time>
      </trkpt>
      <trkpt lat="43.89488" lon="7.24631">
        <ele>644</ele>
        <time>2026-07-24T12:43:07+00:00</time>
      </trkpt>
      <trkpt lat="43.89463" lon="7.24641">
        <ele>644</ele>
        <time>2026-07-24T12:43:10+00:00</time>
      </trkpt>
      <trkpt lat="43.89439" lon="7.24667">
        <ele>641</ele>
        <time>2026-07-24T12:43:13+00:00</time>
      </trkpt>
      <trkpt lat="43.894" lon="7.24712">
        <ele>636</ele>
        <time>2026-07-24T12:43:16+00:00</time>
      </trkpt>
      <trkpt lat="43.89381" lon="7.24711">
        <ele>625</ele>
        <time>2026-07-24T12:43:19+00:00</time>
      </trkpt>
      <trkpt lat="43.89367" lon="7.24734">
        <ele>632</ele>
        <time>2026-07-24T12:43:22+00:00</time>
      </trkpt>
      <trkpt lat="43.89345" lon="7.24768">
        <ele>615</ele>
        <time>2026-07-24T12:43:25+00:00</time>
      </trkpt>
      <trkpt lat="43.89316" lon="7.24758">
        <ele>608</ele>
        <time>2026-07-24T12:43:28+00:00</time>
      </trkpt>
      <trkpt lat="43.89308" lon="7.24758">
        <ele>608</ele>
        <time>2026-07-24T12:43:31+00:00</time>
      </trkpt>
      <trkpt lat="43.89306" lon="7.24761">
        <ele>608</ele>
        <time>2026-07-24T12:43:34+00:00</time>
      </trkpt>
      <trkpt lat="43.89312" lon="7.24762">
        <ele>608</ele>
        <time>2026-07-24T12:43:37+00:00</time>
      </trkpt>
      <trkpt lat="43.89313" lon="7.24765">
        <ele>608</ele>
        <time>2026-07-24T12:43:40+00:00</time>
      </trkpt>
      <trkpt lat="43.89287" lon="7.24774">
        <ele>598</ele>
        <time>2026-07-24T12:43:43+00:00</time>
      </trkpt>
      <trkpt lat="43.89268" lon="7.2475">
        <ele>602</ele>
        <time>2026-07-24T12:43:46+00:00</time>
      </trkpt>
      <trkpt lat="43.89261" lon="7.24722">
        <ele>593</ele>
        <time>2026-07-24T12:43:49+00:00</time>
      </trkpt>
      <trkpt lat="43.89231" lon="7.24716">
        <ele>598</ele>
        <time>2026-07-24T12:43:52+00:00</time>
      </trkpt>
      <trkpt lat="43.89211" lon="7.24691">
        <ele>576</ele>
        <time>2026-07-24T12:43:55+00:00</time>
      </trkpt>
      <trkpt lat="43.89187" lon="7.24662">
        <ele>586</ele>
        <time>2026-07-24T12:43:58+00:00</time>
      </trkpt>
      <trkpt lat="43.89182" lon="7.24628">
        <ele>596</ele>
        <time>2026-07-24T12:44:01+00:00</time>
      </trkpt>
      <trkpt lat="43.89174" lon="7.24598">
        <ele>593</ele>
        <time>2026-07-24T12:44:04+00:00</time>
      </trkpt>
      <trkpt lat="43.89159" lon="7.24586">
        <ele>590</ele>
        <time>2026-07-24T12:44:07+00:00</time>
      </trkpt>
      <trkpt lat="43.89138" lon="7.24587">
        <ele>590</ele>
        <time>2026-07-24T12:44:10+00:00</time>
      </trkpt>
      <trkpt lat="43.89108" lon="7.24588">
        <ele>587</ele>
        <time>2026-07-24T12:44:13+00:00</time>
      </trkpt>
      <trkpt lat="43.89094" lon="7.2457">
        <ele>566</ele>
        <time>2026-07-24T12:44:16+00:00</time>
      </trkpt>
      <trkpt lat="43.8909" lon="7.2454">
        <ele>594</ele>
        <time>2026-07-24T12:44:19+00:00</time>
      </trkpt>
      <trkpt lat="43.89083" lon="7.24495">
        <ele>582</ele>
        <time>2026-07-24T12:44:22+00:00</time>
      </trkpt>
      <trkpt lat="43.8904" lon="7.2447">
        <ele>586</ele>
        <time>2026-07-24T12:44:25+00:00</time>
      </trkpt>
      <trkpt lat="43.89029" lon="7.24438">
        <ele>578</ele>
        <time>2026-07-24T12:44:28+00:00</time>
      </trkpt>
      <trkpt lat="43.89017" lon="7.24402">
        <ele>578</ele>
        <time>2026-07-24T12:44:31+00:00</time>
      </trkpt>
      <trkpt lat="43.89017" lon="7.24368">
        <ele>579</ele>
        <time>2026-07-24T12:44:34+00:00</time>
      </trkpt>
      <trkpt lat="43.89018" lon="7.24334">
        <ele>588</ele>
        <time>2026-07-24T12:44:37+00:00</time>
      </trkpt>
      <trkpt lat="43.88996" lon="7.24314">
        <ele>583</ele>
        <time>2026-07-24T12:44:40+00:00</time>
      </trkpt>
      <trkpt lat="43.88969" lon="7.2429">
        <ele>590</ele>
        <time>2026-07-24T12:44:43+00:00</time>
      </trkpt>
      <trkpt lat="43.88986" lon="7.24275">
        <ele>578</ele>
        <time>2026-07-24T12:44:46+00:00</time>
      </trkpt>
      <trkpt lat="43.88993" lon="7.24254">
        <ele>593</ele>
        <time>2026-07-24T12:44:49+00:00</time>
      </trkpt>
      <trkpt lat="43.89" lon="7.2423">
        <ele>596</ele>
        <time>2026-07-24T12:44:52+00:00</time>
      </trkpt>
      <trkpt lat="43.88997" lon="7.24201">
        <ele>595</ele>
        <time>2026-07-24T12:44:55+00:00</time>
      </trkpt>
      <trkpt lat="43.88972" lon="7.242">
        <ele>595</ele>
        <time>2026-07-24T12:44:58+00:00</time>
      </trkpt>
      <trkpt lat="43.88945" lon="7.242">
        <ele>604</ele>
        <time>2026-07-24T12:45:01+00:00</time>
      </trkpt>
      <trkpt lat="43.88944" lon="7.24151">
        <ele>613</ele>
        <time>2026-07-24T12:45:04+00:00</time>
      </trkpt>
      <trkpt lat="43.88911" lon="7.2415">
        <ele>604</ele>
        <time>2026-07-24T12:45:07+00:00</time>
      </trkpt>
      <trkpt lat="43.88876" lon="7.24147">
        <ele>595</ele>
        <time>2026-07-24T12:45:10+00:00</time>
      </trkpt>
      <trkpt lat="43.88864" lon="7.24187">
        <ele>575</ele>
        <time>2026-07-24T12:45:13+00:00</time>
      </trkpt>
      <trkpt lat="43.88873" lon="7.24179">
        <ele>575</ele>
        <time>2026-07-24T12:45:16+00:00</time>
      </trkpt>
      <trkpt lat="43.88861" lon="7.24205">
        <ele>562</ele>
        <time>2026-07-24T12:45:19+00:00</time>
      </trkpt>
      <trkpt lat="43.88859" lon="7.24238">
        <ele>555</ele>
        <time>2026-07-24T12:45:22+00:00</time>
      </trkpt>
      <trkpt lat="43.88843" lon="7.24234">
        <ele>552</ele>
        <time>2026-07-24T12:45:25+00:00</time>
      </trkpt>
      <trkpt lat="43.88818" lon="7.2425">
        <ele>545</ele>
        <time>2026-07-24T12:45:28+00:00</time>
      </trkpt>
      <trkpt lat="43.88793" lon="7.24265">
        <ele>538</ele>
        <time>2026-07-24T12:45:31+00:00</time>
      </trkpt>
      <trkpt lat="43.88767" lon="7.24282">
        <ele>535</ele>
        <time>2026-07-24T12:45:34+00:00</time>
      </trkpt>
      <trkpt lat="43.88753" lon="7.24221">
        <ele>532</ele>
        <time>2026-07-24T12:45:37+00:00</time>
      </trkpt>
      <trkpt lat="43.88744" lon="7.24258">
        <ele>530</ele>
        <time>2026-07-24T12:45:40+00:00</time>
      </trkpt>
      <trkpt lat="43.88732" lon="7.24309">
        <ele>512</ele>
        <time>2026-07-24T12:45:43+00:00</time>
      </trkpt>
      <trkpt lat="43.88723" lon="7.24248">
        <ele>512</ele>
        <time>2026-07-24T12:45:46+00:00</time>
      </trkpt>
      <trkpt lat="43.88719" lon="7.24261">
        <ele>509</ele>
        <time>2026-07-24T12:45:49+00:00</time>
      </trkpt>
      <trkpt lat="43.88715" lon="7.24237">
        <ele>500</ele>
        <time>2026-07-24T12:45:52+00:00</time>
      </trkpt>
      <trkpt lat="43.88709" lon="7.24247">
        <ele>489</ele>
        <time>2026-07-24T12:45:55+00:00</time>
      </trkpt>
      <trkpt lat="43.88699" lon="7.2421">
        <ele>488</ele>
        <time>2026-07-24T12:45:58+00:00</time>
      </trkpt>
      <trkpt lat="43.8869" lon="7.24229">
        <ele>488</ele>
        <time>2026-07-24T12:46:01+00:00</time>
      </trkpt>
      <trkpt lat="43.88688" lon="7.24199">
        <ele>473</ele>
        <time>2026-07-24T12:46:04+00:00</time>
      </trkpt>
      <trkpt lat="43.8868" lon="7.24206">
        <ele>473</ele>
        <time>2026-07-24T12:46:07+00:00</time>
      </trkpt>
      <trkpt lat="43.88671" lon="7.24175">
        <ele>469</ele>
        <time>2026-07-24T12:46:10+00:00</time>
      </trkpt>
      <trkpt lat="43.88678" lon="7.24122">
        <ele>462</ele>
        <time>2026-07-24T12:46:13+00:00</time>
      </trkpt>
      <trkpt lat="43.88645" lon="7.24154">
        <ele>455</ele>
        <time>2026-07-24T12:46:16+00:00</time>
      </trkpt>
      <trkpt lat="43.88646" lon="7.24131">
        <ele>455</ele>
        <time>2026-07-24T12:46:19+00:00</time>
      </trkpt>
      <trkpt lat="43.88632" lon="7.24145">
        <ele>455</ele>
        <time>2026-07-24T12:46:22+00:00</time>
      </trkpt>
      <trkpt lat="43.88623" lon="7.24187">
        <ele>447</ele>
        <time>2026-07-24T12:46:25+00:00</time>
      </trkpt>
      <trkpt lat="43.88604" lon="7.24267">
        <ele>440</ele>
        <time>2026-07-24T12:46:28+00:00</time>
      </trkpt>
      <trkpt lat="43.88594" lon="7.24222">
        <ele>431</ele>
        <time>2026-07-24T12:46:31+00:00</time>
      </trkpt>
      <trkpt lat="43.88585" lon="7.24176">
        <ele>429</ele>
        <time>2026-07-24T12:46:34+00:00</time>
      </trkpt>
      <trkpt lat="43.88571" lon="7.24113">
        <ele>427</ele>
        <time>2026-07-24T12:46:37+00:00</time>
      </trkpt>
      <trkpt lat="43.88541" lon="7.24083">
        <ele>421</ele>
        <time>2026-07-24T12:46:40+00:00</time>
      </trkpt>
      <trkpt lat="43.88513" lon="7.24069">
        <ele>416</ele>
        <time>2026-07-24T12:46:43+00:00</time>
      </trkpt>
      <trkpt lat="43.88482" lon="7.24069">
        <ele>410</ele>
        <time>2026-07-24T12:46:46+00:00</time>
      </trkpt>
      <trkpt lat="43.88463" lon="7.24047">
        <ele>404</ele>
        <time>2026-07-24T12:46:49+00:00</time>
      </trkpt>
      <trkpt lat="43.88446" lon="7.24004">
        <ele>395</ele>
        <time>2026-07-24T12:46:52+00:00</time>
      </trkpt>
      <trkpt lat="43.8843" lon="7.2396">
        <ele>379</ele>
        <time>2026-07-24T12:46:55+00:00</time>
      </trkpt>
      <trkpt lat="43.88402" lon="7.23886">
        <ele>372</ele>
        <time>2026-07-24T12:46:58+00:00</time>
      </trkpt>
      <trkpt lat="43.88389" lon="7.239">
        <ele>364</ele>
        <time>2026-07-24T12:47:01+00:00</time>
      </trkpt>
      <trkpt lat="43.8839" lon="7.23869">
        <ele>365</ele>
        <time>2026-07-24T12:47:04+00:00</time>
      </trkpt>
      <trkpt lat="43.88376" lon="7.23835">
        <ele>363</ele>
        <time>2026-07-24T12:47:07+00:00</time>
      </trkpt>
      <trkpt lat="43.88357" lon="7.23787">
        <ele>362</ele>
        <time>2026-07-24T12:47:10+00:00</time>
      </trkpt>
      <trkpt lat="43.88339" lon="7.23747">
        <ele>361</ele>
        <time>2026-07-24T12:47:13+00:00</time>
      </trkpt>
      <trkpt lat="43.88327" lon="7.23714">
        <ele>360</ele>
        <time>2026-07-24T12:47:16+00:00</time>
      </trkpt>
      <trkpt lat="43.88314" lon="7.23675">
        <ele>353</ele>
        <time>2026-07-24T12:47:19+00:00</time>
      </trkpt>
      <trkpt lat="43.88317" lon="7.2365">
        <ele>350</ele>
        <time>2026-07-24T12:47:22+00:00</time>
      </trkpt>
      <trkpt lat="43.88307" lon="7.23626">
        <ele>349</ele>
        <time>2026-07-24T12:47:25+00:00</time>
      </trkpt>
      <trkpt lat="43.88302" lon="7.2362">
        <ele>349</ele>
        <time>2026-07-24T12:47:28+00:00</time>
      </trkpt>
      <trkpt lat="43.88295" lon="7.23589">
        <ele>340</ele>
        <time>2026-07-24T12:47:31+00:00</time>
      </trkpt>
      <trkpt lat="43.88269" lon="7.23576">
        <ele>329</ele>
        <time>2026-07-24T12:47:34+00:00</time>
      </trkpt>
      <trkpt lat="43.88249" lon="7.23563">
        <ele>328</ele>
        <time>2026-07-24T12:47:37+00:00</time>
      </trkpt>
      <trkpt lat="43.88237" lon="7.2355">
        <ele>320</ele>
        <time>2026-07-24T12:47:40+00:00</time>
      </trkpt>
      <trkpt lat="43.88233" lon="7.23549">
        <ele>318</ele>
        <time>2026-07-24T12:47:43+00:00</time>
      </trkpt>
      <trkpt lat="43.88228" lon="7.23538">
        <ele>318</ele>
        <time>2026-07-24T12:47:46+00:00</time>
      </trkpt>
      <trkpt lat="43.88227" lon="7.23529">
        <ele>318</ele>
        <time>2026-07-24T12:47:49+00:00</time>
      </trkpt>
      <trkpt lat="43.88228" lon="7.23522">
        <ele>318</ele>
        <time>2026-07-24T12:47:52+00:00</time>
      </trkpt>
      <trkpt lat="43.88205" lon="7.23513">
        <ele>311</ele>
        <time>2026-07-24T12:47:55+00:00</time>
      </trkpt>
      <trkpt lat="43.88197" lon="7.23495">
        <ele>311</ele>
        <time>2026-07-24T12:47:58+00:00</time>
      </trkpt>
      <trkpt lat="43.88189" lon="7.2347">
        <ele>299</ele>
        <time>2026-07-24T12:48:01+00:00</time>
      </trkpt>
      <trkpt lat="43.88189" lon="7.23458">
        <ele>287</ele>
        <time>2026-07-24T12:48:04+00:00</time>
      </trkpt>
      <trkpt lat="43.88195" lon="7.23451">
        <ele>293</ele>
        <time>2026-07-24T12:48:07+00:00</time>
      </trkpt>
      <trkpt lat="43.88183" lon="7.23456">
        <ele>287</ele>
        <time>2026-07-24T12:48:10+00:00</time>
      </trkpt>
      <trkpt lat="43.88177" lon="7.23455">
        <ele>287</ele>
        <time>2026-07-24T12:48:13+00:00</time>
      </trkpt>
      <trkpt lat="43.88186" lon="7.23438">
        <ele>274</ele>
        <time>2026-07-24T12:48:16+00:00</time>
      </trkpt>
      <trkpt lat="43.88187" lon="7.23434">
        <ele>274</ele>
        <time>2026-07-24T12:48:19+00:00</time>
      </trkpt>
      <trkpt lat="43.88179" lon="7.23434">
        <ele>274</ele>
        <time>2026-07-24T12:48:22+00:00</time>
      </trkpt>
      <trkpt lat="43.88155" lon="7.23425">
        <ele>273</ele>
        <time>2026-07-24T12:48:25+00:00</time>
      </trkpt>
      <trkpt lat="43.8812" lon="7.23412">
        <ele>268</ele>
        <time>2026-07-24T12:48:28+00:00</time>
      </trkpt>
      <trkpt lat="43.88099" lon="7.23425">
        <ele>263</ele>
        <time>2026-07-24T12:48:31+00:00</time>
      </trkpt>
      <trkpt lat="43.88102" lon="7.23412">
        <ele>268</ele>
        <time>2026-07-24T12:48:34+00:00</time>
      </trkpt>
      <trkpt lat="43.8811" lon="7.23402">
        <ele>258</ele>
        <time>2026-07-24T12:48:37+00:00</time>
      </trkpt>
      <trkpt lat="43.88096" lon="7.23399">
        <ele>246</ele>
        <time>2026-07-24T12:48:40+00:00</time>
      </trkpt>
      <trkpt lat="43.88106" lon="7.23393">
        <ele>258</ele>
        <time>2026-07-24T12:48:43+00:00</time>
      </trkpt>
      <trkpt lat="43.88101" lon="7.23387">
        <ele>258</ele>
        <time>2026-07-24T12:48:46+00:00</time>
      </trkpt>
      <trkpt lat="43.88108" lon="7.23384">
        <ele>258</ele>
        <time>2026-07-24T12:48:49+00:00</time>
      </trkpt>
      <trkpt lat="43.88105" lon="7.23375">
        <ele>248</ele>
        <time>2026-07-24T12:48:52+00:00</time>
      </trkpt>
      <trkpt lat="43.88098" lon="7.23372">
        <ele>239</ele>
        <time>2026-07-24T12:48:55+00:00</time>
      </trkpt>
      <trkpt lat="43.88085" lon="7.23376">
        <ele>239</ele>
        <time>2026-07-24T12:48:58+00:00</time>
      </trkpt>
      <trkpt lat="43.88081" lon="7.23371">
        <ele>239</ele>
        <time>2026-07-24T12:49:01+00:00</time>
      </trkpt>
      <trkpt lat="43.88082" lon="7.23365">
        <ele>239</ele>
        <time>2026-07-24T12:49:04+00:00</time>
      </trkpt>
      <trkpt lat="43.88088" lon="7.23359">
        <ele>239</ele>
        <time>2026-07-24T12:49:07+00:00</time>
      </trkpt>
      <trkpt lat="43.88096" lon="7.23357">
        <ele>239</ele>
        <time>2026-07-24T12:49:10+00:00</time>
      </trkpt>
      <trkpt lat="43.88119" lon="7.23349">
        <ele>246</ele>
        <time>2026-07-24T12:49:13+00:00</time>
      </trkpt>
      <trkpt lat="43.88145" lon="7.23351">
        <ele>248</ele>
        <time>2026-07-24T12:49:16+00:00</time>
      </trkpt>
      <trkpt lat="43.88152" lon="7.23346">
        <ele>250</ele>
        <time>2026-07-24T12:49:19+00:00</time>
      </trkpt>
      <trkpt lat="43.88155" lon="7.23335">
        <ele>250</ele>
        <time>2026-07-24T12:49:22+00:00</time>
      </trkpt>
      <trkpt lat="43.88152" lon="7.23334">
        <ele>250</ele>
        <time>2026-07-24T12:49:25+00:00</time>
      </trkpt>
      <trkpt lat="43.88155" lon="7.23328">
        <ele>250</ele>
        <time>2026-07-24T12:49:28+00:00</time>
      </trkpt>
      <trkpt lat="43.88133" lon="7.23314">
        <ele>251</ele>
        <time>2026-07-24T12:49:31+00:00</time>
      </trkpt>
      <trkpt lat="43.8811" lon="7.23299">
        <ele>251</ele>
        <time>2026-07-24T12:49:34+00:00</time>
      </trkpt>
      <trkpt lat="43.88089" lon="7.23274">
        <ele>251</ele>
        <time>2026-07-24T12:49:37+00:00</time>
      </trkpt>
      <trkpt lat="43.88062" lon="7.23274">
        <ele>235</ele>
        <time>2026-07-24T12:49:40+00:00</time>
      </trkpt>
      <trkpt lat="43.88026" lon="7.23275">
        <ele>229</ele>
        <time>2026-07-24T12:49:43+00:00</time>
      </trkpt>
      <trkpt lat="43.88022" lon="7.2326">
        <ele>231</ele>
        <time>2026-07-24T12:49:46+00:00</time>
      </trkpt>
      <trkpt lat="43.88003" lon="7.23256">
        <ele>226</ele>
        <time>2026-07-24T12:49:49+00:00</time>
      </trkpt>
      <trkpt lat="43.87984" lon="7.23252">
        <ele>217</ele>
        <time>2026-07-24T12:49:52+00:00</time>
      </trkpt>
      <trkpt lat="43.87972" lon="7.23275">
        <ele>217</ele>
        <time>2026-07-24T12:49:55+00:00</time>
      </trkpt>
      <trkpt lat="43.87963" lon="7.2323">
        <ele>208</ele>
        <time>2026-07-24T12:49:58+00:00</time>
      </trkpt>
      <trkpt lat="43.87954" lon="7.23185">
        <ele>205</ele>
        <time>2026-07-24T12:50:01+00:00</time>
      </trkpt>
      <trkpt lat="43.87943" lon="7.23131">
        <ele>202</ele>
        <time>2026-07-24T12:50:04+00:00</time>
      </trkpt>
      <trkpt lat="43.87944" lon="7.23169">
        <ele>200</ele>
        <time>2026-07-24T12:50:07+00:00</time>
      </trkpt>
      <trkpt lat="43.87945" lon="7.23217">
        <ele>200</ele>
        <time>2026-07-24T12:50:10+00:00</time>
      </trkpt>
      <trkpt lat="43.87946" lon="7.23217">
        <ele>200</ele>
        <time>2026-07-24T12:50:13+00:00</time>
      </trkpt>
      <trkpt lat="43.87946" lon="7.23251">
        <ele>199</ele>
        <time>2026-07-24T12:50:16+00:00</time>
      </trkpt>
      <trkpt lat="43.87947" lon="7.23289">
        <ele>199</ele>
        <time>2026-07-24T12:50:19+00:00</time>
      </trkpt>
      <trkpt lat="43.87942" lon="7.23252">
        <ele>199</ele>
        <time>2026-07-24T12:50:22+00:00</time>
      </trkpt>
      <trkpt lat="43.87936" lon="7.23247">
        <ele>185</ele>
        <time>2026-07-24T12:50:25+00:00</time>
      </trkpt>
      <trkpt lat="43.87931" lon="7.23223">
        <ele>193</ele>
        <time>2026-07-24T12:50:28+00:00</time>
      </trkpt>
      <trkpt lat="43.8793" lon="7.2321">
        <ele>187</ele>
        <time>2026-07-24T12:50:31+00:00</time>
      </trkpt>
      <trkpt lat="43.87923" lon="7.23181">
        <ele>188</ele>
        <time>2026-07-24T12:50:34+00:00</time>
      </trkpt>
      <trkpt lat="43.87914" lon="7.23146">
        <ele>188</ele>
        <time>2026-07-24T12:50:37+00:00</time>
      </trkpt>
      <trkpt lat="43.879" lon="7.23128">
        <ele>182</ele>
        <time>2026-07-24T12:50:40+00:00</time>
      </trkpt>
      <trkpt lat="43.87878" lon="7.23132">
        <ele>190</ele>
        <time>2026-07-24T12:50:43+00:00</time>
      </trkpt>
      <trkpt lat="43.87845" lon="7.23138">
        <ele>193</ele>
        <time>2026-07-24T12:50:46+00:00</time>
      </trkpt>
      <trkpt lat="43.87844" lon="7.23172">
        <ele>193</ele>
        <time>2026-07-24T12:50:49+00:00</time>
      </trkpt>
      <trkpt lat="43.87835" lon="7.23197">
        <ele>193</ele>
        <time>2026-07-24T12:50:52+00:00</time>
      </trkpt>
      <trkpt lat="43.87828" lon="7.23156">
        <ele>193</ele>
        <time>2026-07-24T12:50:55+00:00</time>
      </trkpt>
      <trkpt lat="43.87815" lon="7.23085">
        <ele>198</ele>
        <time>2026-07-24T12:50:58+00:00</time>
      </trkpt>
      <trkpt lat="43.87805" lon="7.2308">
        <ele>198</ele>
        <time>2026-07-24T12:51:01+00:00</time>
      </trkpt>
      <trkpt lat="43.878" lon="7.2309">
        <ele>226</ele>
        <time>2026-07-24T12:51:04+00:00</time>
      </trkpt>
      <trkpt lat="43.87796" lon="7.23077">
        <ele>205</ele>
        <time>2026-07-24T12:51:07+00:00</time>
      </trkpt>
      <trkpt lat="43.87771" lon="7.23061">
        <ele>212</ele>
        <time>2026-07-24T12:51:10+00:00</time>
      </trkpt>
      <trkpt lat="43.87739" lon="7.2304">
        <ele>235</ele>
        <time>2026-07-24T12:51:13+00:00</time>
      </trkpt>
      <trkpt lat="43.87731" lon="7.23026">
        <ele>235</ele>
        <time>2026-07-24T12:51:16+00:00</time>
      </trkpt>
      <trkpt lat="43.8771" lon="7.23016">
        <ele>238</ele>
        <time>2026-07-24T12:51:19+00:00</time>
      </trkpt>
      <trkpt lat="43.87681" lon="7.23003">
        <ele>245</ele>
        <time>2026-07-24T12:51:22+00:00</time>
      </trkpt>
      <trkpt lat="43.87646" lon="7.22973">
        <ele>246</ele>
        <time>2026-07-24T12:51:25+00:00</time>
      </trkpt>
      <trkpt lat="43.87631" lon="7.22922">
        <ele>248</ele>
        <time>2026-07-24T12:51:28+00:00</time>
      </trkpt>
      <trkpt lat="43.87605" lon="7.22871">
        <ele>253</ele>
        <time>2026-07-24T12:51:31+00:00</time>
      </trkpt>
      <trkpt lat="43.87593" lon="7.22859">
        <ele>257</ele>
        <time>2026-07-24T12:51:34+00:00</time>
      </trkpt>
      <trkpt lat="43.87573" lon="7.22855">
        <ele>257</ele>
        <time>2026-07-24T12:51:37+00:00</time>
      </trkpt>
      <trkpt lat="43.87548" lon="7.22851">
        <ele>261</ele>
        <time>2026-07-24T12:51:40+00:00</time>
      </trkpt>
      <trkpt lat="43.87545" lon="7.22832">
        <ele>290</ele>
        <time>2026-07-24T12:51:43+00:00</time>
      </trkpt>
      <trkpt lat="43.87556" lon="7.22811">
        <ele>266</ele>
        <time>2026-07-24T12:51:46+00:00</time>
      </trkpt>
      <trkpt lat="43.87568" lon="7.22788">
        <ele>270</ele>
        <time>2026-07-24T12:51:49+00:00</time>
      </trkpt>
      <trkpt lat="43.87569" lon="7.22756">
        <ele>276</ele>
        <time>2026-07-24T12:51:52+00:00</time>
      </trkpt>
      <trkpt lat="43.8754" lon="7.22705">
        <ele>294</ele>
        <time>2026-07-24T12:51:55+00:00</time>
      </trkpt>
      <trkpt lat="43.87537" lon="7.22766">
        <ele>299</ele>
        <time>2026-07-24T12:51:58+00:00</time>
      </trkpt>
      <trkpt lat="43.87524" lon="7.22721">
        <ele>300</ele>
        <time>2026-07-24T12:52:01+00:00</time>
      </trkpt>
      <trkpt lat="43.8752" lon="7.2272">
        <ele>310</ele>
        <time>2026-07-24T12:52:04+00:00</time>
      </trkpt>
      <trkpt lat="43.87514" lon="7.22751">
        <ele>306</ele>
        <time>2026-07-24T12:52:07+00:00</time>
      </trkpt>
      <trkpt lat="43.87502" lon="7.22707">
        <ele>313</ele>
        <time>2026-07-24T12:52:10+00:00</time>
      </trkpt>
      <trkpt lat="43.875" lon="7.2273">
        <ele>310</ele>
        <time>2026-07-24T12:52:13+00:00</time>
      </trkpt>
      <trkpt lat="43.87491" lon="7.22748">
        <ele>314</ele>
        <time>2026-07-24T12:52:16+00:00</time>
      </trkpt>
      <trkpt lat="43.87454" lon="7.2271">
        <ele>317</ele>
        <time>2026-07-24T12:52:19+00:00</time>
      </trkpt>
      <trkpt lat="43.87454" lon="7.22647">
        <ele>321</ele>
        <time>2026-07-24T12:52:22+00:00</time>
      </trkpt>
      <trkpt lat="43.87445" lon="7.22629">
        <ele>314</ele>
        <time>2026-07-24T12:52:25+00:00</time>
      </trkpt>
      <trkpt lat="43.87443" lon="7.22647">
        <ele>321</ele>
        <time>2026-07-24T12:52:28+00:00</time>
      </trkpt>
      <trkpt lat="43.8743" lon="7.22634">
        <ele>330</ele>
        <time>2026-07-24T12:52:31+00:00</time>
      </trkpt>
      <trkpt lat="43.87416" lon="7.22631">
        <ele>330</ele>
        <time>2026-07-24T12:52:34+00:00</time>
      </trkpt>
      <trkpt lat="43.8739" lon="7.22648">
        <ele>338</ele>
        <time>2026-07-24T12:52:37+00:00</time>
      </trkpt>
      <trkpt lat="43.87373" lon="7.22671">
        <ele>363</ele>
        <time>2026-07-24T12:52:40+00:00</time>
      </trkpt>
      <trkpt lat="43.87344" lon="7.22687">
        <ele>367</ele>
        <time>2026-07-24T12:52:43+00:00</time>
      </trkpt>
      <trkpt lat="43.87328" lon="7.22691">
        <ele>385</ele>
        <time>2026-07-24T12:52:46+00:00</time>
      </trkpt>
      <trkpt lat="43.87311" lon="7.22683">
        <ele>386</ele>
        <time>2026-07-24T12:52:49+00:00</time>
      </trkpt>
      <trkpt lat="43.87292" lon="7.22646">
        <ele>387</ele>
        <time>2026-07-24T12:52:52+00:00</time>
      </trkpt>
      <trkpt lat="43.87272" lon="7.22609">
        <ele>386</ele>
        <time>2026-07-24T12:52:55+00:00</time>
      </trkpt>
      <trkpt lat="43.87251" lon="7.22569">
        <ele>386</ele>
        <time>2026-07-24T12:52:58+00:00</time>
      </trkpt>
      <trkpt lat="43.87216" lon="7.22538">
        <ele>385</ele>
        <time>2026-07-24T12:53:01+00:00</time>
      </trkpt>
      <trkpt lat="43.87211" lon="7.22523">
        <ele>385</ele>
        <time>2026-07-24T12:53:04+00:00</time>
      </trkpt>
      <trkpt lat="43.87189" lon="7.225">
        <ele>391</ele>
        <time>2026-07-24T12:53:07+00:00</time>
      </trkpt>
      <trkpt lat="43.87183" lon="7.22525">
        <ele>397</ele>
        <time>2026-07-24T12:53:10+00:00</time>
      </trkpt>
      <trkpt lat="43.87165" lon="7.2254">
        <ele>397</ele>
        <time>2026-07-24T12:53:13+00:00</time>
      </trkpt>
      <trkpt lat="43.8714" lon="7.22562">
        <ele>397</ele>
        <time>2026-07-24T12:53:16+00:00</time>
      </trkpt>
      <trkpt lat="43.87122" lon="7.22587">
        <ele>405</ele>
        <time>2026-07-24T12:53:19+00:00</time>
      </trkpt>
      <trkpt lat="43.87101" lon="7.22616">
        <ele>413</ele>
        <time>2026-07-24T12:53:22+00:00</time>
      </trkpt>
      <trkpt lat="43.87088" lon="7.22653">
        <ele>417</ele>
        <time>2026-07-24T12:53:25+00:00</time>
      </trkpt>
      <trkpt lat="43.87082" lon="7.22657">
        <ele>417</ele>
        <time>2026-07-24T12:53:28+00:00</time>
      </trkpt>
      <trkpt lat="43.87053" lon="7.22643">
        <ele>420</ele>
        <time>2026-07-24T12:53:31+00:00</time>
      </trkpt>
      <trkpt lat="43.87024" lon="7.22629">
        <ele>424</ele>
        <time>2026-07-24T12:53:34+00:00</time>
      </trkpt>
      <trkpt lat="43.86991" lon="7.22613">
        <ele>432</ele>
        <time>2026-07-24T12:53:37+00:00</time>
      </trkpt>
      <trkpt lat="43.86967" lon="7.22621">
        <ele>428</ele>
        <time>2026-07-24T12:53:40+00:00</time>
      </trkpt>
      <trkpt lat="43.86942" lon="7.22629">
        <ele>427</ele>
        <time>2026-07-24T12:53:43+00:00</time>
      </trkpt>
      <trkpt lat="43.86924" lon="7.2264">
        <ele>427</ele>
        <time>2026-07-24T12:53:46+00:00</time>
      </trkpt>
      <trkpt lat="43.86897" lon="7.2268">
        <ele>437</ele>
        <time>2026-07-24T12:53:49+00:00</time>
      </trkpt>
      <trkpt lat="43.86876" lon="7.22696">
        <ele>452</ele>
        <time>2026-07-24T12:53:52+00:00</time>
      </trkpt>
      <trkpt lat="43.86854" lon="7.22713">
        <ele>465</ele>
        <time>2026-07-24T12:53:55+00:00</time>
      </trkpt>
      <trkpt lat="43.86853" lon="7.2275">
        <ele>472</ele>
        <time>2026-07-24T12:53:58+00:00</time>
      </trkpt>
      <trkpt lat="43.86839" lon="7.22756">
        <ele>474</ele>
        <time>2026-07-24T12:54:01+00:00</time>
      </trkpt>
      <trkpt lat="43.86826" lon="7.22779">
        <ele>474</ele>
        <time>2026-07-24T12:54:04+00:00</time>
      </trkpt>
      <trkpt lat="43.86809" lon="7.22809">
        <ele>478</ele>
        <time>2026-07-24T12:54:07+00:00</time>
      </trkpt>
      <trkpt lat="43.86794" lon="7.22824">
        <ele>487</ele>
        <time>2026-07-24T12:54:10+00:00</time>
      </trkpt>
      <trkpt lat="43.86777" lon="7.22827">
        <ele>487</ele>
        <time>2026-07-24T12:54:13+00:00</time>
      </trkpt>
      <trkpt lat="43.86771" lon="7.22821">
        <ele>487</ele>
        <time>2026-07-24T12:54:16+00:00</time>
      </trkpt>
      <trkpt lat="43.86745" lon="7.22831">
        <ele>493</ele>
        <time>2026-07-24T12:54:19+00:00</time>
      </trkpt>
      <trkpt lat="43.86716" lon="7.22852">
        <ele>497</ele>
        <time>2026-07-24T12:54:22+00:00</time>
      </trkpt>
      <trkpt lat="43.86682" lon="7.2282">
        <ele>501</ele>
        <time>2026-07-24T12:54:25+00:00</time>
      </trkpt>
      <trkpt lat="43.86657" lon="7.2284">
        <ele>501</ele>
        <time>2026-07-24T12:54:28+00:00</time>
      </trkpt>
      <trkpt lat="43.86619" lon="7.22869">
        <ele>502</ele>
        <time>2026-07-24T12:54:31+00:00</time>
      </trkpt>
      <trkpt lat="43.86599" lon="7.22925">
        <ele>512</ele>
        <time>2026-07-24T12:54:34+00:00</time>
      </trkpt>
      <trkpt lat="43.86592" lon="7.22917">
        <ele>512</ele>
        <time>2026-07-24T12:54:37+00:00</time>
      </trkpt>
      <trkpt lat="43.86577" lon="7.22919">
        <ele>512</ele>
        <time>2026-07-24T12:54:40+00:00</time>
      </trkpt>
      <trkpt lat="43.8657" lon="7.2291">
        <ele>523</ele>
        <time>2026-07-24T12:54:43+00:00</time>
      </trkpt>
      <trkpt lat="43.86571" lon="7.2287">
        <ele>514</ele>
        <time>2026-07-24T12:54:46+00:00</time>
      </trkpt>
      <trkpt lat="43.86574" lon="7.2279">
        <ele>521</ele>
        <time>2026-07-24T12:54:49+00:00</time>
      </trkpt>
      <trkpt lat="43.86565" lon="7.22767">
        <ele>522</ele>
        <time>2026-07-24T12:54:52+00:00</time>
      </trkpt>
      <trkpt lat="43.86539" lon="7.22769">
        <ele>522</ele>
        <time>2026-07-24T12:54:55+00:00</time>
      </trkpt>
      <trkpt lat="43.86489" lon="7.22773">
        <ele>523</ele>
        <time>2026-07-24T12:54:58+00:00</time>
      </trkpt>
      <trkpt lat="43.86454" lon="7.2278">
        <ele>523</ele>
        <time>2026-07-24T12:55:01+00:00</time>
      </trkpt>
      <trkpt lat="43.86419" lon="7.22788">
        <ele>523</ele>
        <time>2026-07-24T12:55:04+00:00</time>
      </trkpt>
      <trkpt lat="43.86363" lon="7.228">
        <ele>523</ele>
        <time>2026-07-24T12:55:07+00:00</time>
      </trkpt>
      <trkpt lat="43.86363" lon="7.22801">
        <ele>522</ele>
        <time>2026-07-24T12:55:10+00:00</time>
      </trkpt>
      <trkpt lat="43.86356" lon="7.22803">
        <ele>522</ele>
        <time>2026-07-24T12:55:13+00:00</time>
      </trkpt>
      <trkpt lat="43.86352" lon="7.22809">
        <ele>522</ele>
        <time>2026-07-24T12:55:16+00:00</time>
      </trkpt>
      <trkpt lat="43.86347" lon="7.22822">
        <ele>524</ele>
        <time>2026-07-24T12:55:19+00:00</time>
      </trkpt>
      <trkpt lat="43.86342" lon="7.22829">
        <ele>524</ele>
        <time>2026-07-24T12:55:22+00:00</time>
      </trkpt>
      <trkpt lat="43.86328" lon="7.22833">
        <ele>524</ele>
        <time>2026-07-24T12:55:25+00:00</time>
      </trkpt>
      <trkpt lat="43.86311" lon="7.22847">
        <ele>518</ele>
        <time>2026-07-24T12:55:28+00:00</time>
      </trkpt>
      <trkpt lat="43.86307" lon="7.2284">
        <ele>518</ele>
        <time>2026-07-24T12:55:31+00:00</time>
      </trkpt>
      <trkpt lat="43.86287" lon="7.22857">
        <ele>516</ele>
        <time>2026-07-24T12:55:34+00:00</time>
      </trkpt>
      <trkpt lat="43.86256" lon="7.2287">
        <ele>511</ele>
        <time>2026-07-24T12:55:37+00:00</time>
      </trkpt>
      <trkpt lat="43.86244" lon="7.22879">
        <ele>511</ele>
        <time>2026-07-24T12:55:40+00:00</time>
      </trkpt>
      <trkpt lat="43.86232" lon="7.22893">
        <ele>511</ele>
        <time>2026-07-24T12:55:43+00:00</time>
      </trkpt>
      <trkpt lat="43.86226" lon="7.22894">
        <ele>511</ele>
        <time>2026-07-24T12:55:46+00:00</time>
      </trkpt>
      <trkpt lat="43.86217" lon="7.22901">
        <ele>511</ele>
        <time>2026-07-24T12:55:49+00:00</time>
      </trkpt>
      <trkpt lat="43.86206" lon="7.22903">
        <ele>509</ele>
        <time>2026-07-24T12:55:52+00:00</time>
      </trkpt>
      <trkpt lat="43.86191" lon="7.22909">
        <ele>507</ele>
        <time>2026-07-24T12:55:55+00:00</time>
      </trkpt>
      <trkpt lat="43.86181" lon="7.2291">
        <ele>509</ele>
        <time>2026-07-24T12:55:58+00:00</time>
      </trkpt>
      <trkpt lat="43.86146" lon="7.22909">
        <ele>509</ele>
        <time>2026-07-24T12:56:01+00:00</time>
      </trkpt>
      <trkpt lat="43.86112" lon="7.22908">
        <ele>511</ele>
        <time>2026-07-24T12:56:04+00:00</time>
      </trkpt>
      <trkpt lat="43.8606" lon="7.22907">
        <ele>514</ele>
        <time>2026-07-24T12:56:07+00:00</time>
      </trkpt>
      <trkpt lat="43.86069" lon="7.22907">
        <ele>519</ele>
        <time>2026-07-24T12:56:10+00:00</time>
      </trkpt>
      <trkpt lat="43.8607" lon="7.22926">
        <ele>517</ele>
        <time>2026-07-24T12:56:13+00:00</time>
      </trkpt>
      <trkpt lat="43.86076" lon="7.22972">
        <ele>523</ele>
        <time>2026-07-24T12:56:16+00:00</time>
      </trkpt>
      <trkpt lat="43.86078" lon="7.23011">
        <ele>524</ele>
        <time>2026-07-24T12:56:19+00:00</time>
      </trkpt>
      <trkpt lat="43.86076" lon="7.23045">
        <ele>523</ele>
        <time>2026-07-24T12:56:22+00:00</time>
      </trkpt>
      <trkpt lat="43.86064" lon="7.231">
        <ele>523</ele>
        <time>2026-07-24T12:56:25+00:00</time>
      </trkpt>
      <trkpt lat="43.86062" lon="7.23105">
        <ele>524</ele>
        <time>2026-07-24T12:56:28+00:00</time>
      </trkpt>
      <trkpt lat="43.86063" lon="7.23106">
        <ele>524</ele>
        <time>2026-07-24T12:56:31+00:00</time>
      </trkpt>
      <trkpt lat="43.86061" lon="7.23112">
        <ele>524</ele>
        <time>2026-07-24T12:56:34+00:00</time>
      </trkpt>
      <trkpt lat="43.86043" lon="7.23135">
        <ele>527</ele>
        <time>2026-07-24T12:56:37+00:00</time>
      </trkpt>
      <trkpt lat="43.86017" lon="7.23169">
        <ele>530</ele>
        <time>2026-07-24T12:56:40+00:00</time>
      </trkpt>
      <trkpt lat="43.86021" lon="7.23189">
        <ele>530</ele>
        <time>2026-07-24T12:56:43+00:00</time>
      </trkpt>
      <trkpt lat="43.86021" lon="7.23203">
        <ele>533</ele>
        <time>2026-07-24T12:56:46+00:00</time>
      </trkpt>
      <trkpt lat="43.86009" lon="7.23238">
        <ele>534</ele>
        <time>2026-07-24T12:56:49+00:00</time>
      </trkpt>
      <trkpt lat="43.86007" lon="7.23257">
        <ele>538</ele>
        <time>2026-07-24T12:56:52+00:00</time>
      </trkpt>
      <trkpt lat="43.86009" lon="7.23275">
        <ele>536</ele>
        <time>2026-07-24T12:56:55+00:00</time>
      </trkpt>
      <trkpt lat="43.86016" lon="7.23281">
        <ele>543</ele>
        <time>2026-07-24T12:56:58+00:00</time>
      </trkpt>
      <trkpt lat="43.8604" lon="7.23296">
        <ele>538</ele>
        <time>2026-07-24T12:57:01+00:00</time>
      </trkpt>
      <trkpt lat="43.86041" lon="7.23307">
        <ele>542</ele>
        <time>2026-07-24T12:57:04+00:00</time>
      </trkpt>
      <trkpt lat="43.86044" lon="7.23311">
        <ele>542</ele>
        <time>2026-07-24T12:57:07+00:00</time>
      </trkpt>
      <trkpt lat="43.86062" lon="7.23305">
        <ele>547</ele>
        <time>2026-07-24T12:57:10+00:00</time>
      </trkpt>
      <trkpt lat="43.86063" lon="7.23309">
        <ele>547</ele>
        <time>2026-07-24T12:57:13+00:00</time>
      </trkpt>
      <trkpt lat="43.8606" lon="7.23321">
        <ele>554</ele>
        <time>2026-07-24T12:57:16+00:00</time>
      </trkpt>
      <trkpt lat="43.8607" lon="7.23316">
        <ele>549</ele>
        <time>2026-07-24T12:57:19+00:00</time>
      </trkpt>
      <trkpt lat="43.86069" lon="7.23326">
        <ele>554</ele>
        <time>2026-07-24T12:57:22+00:00</time>
      </trkpt>
      <trkpt lat="43.86072" lon="7.23328">
        <ele>556</ele>
        <time>2026-07-24T12:57:25+00:00</time>
      </trkpt>
      <trkpt lat="43.86068" lon="7.23334">
        <ele>554</ele>
        <time>2026-07-24T12:57:28+00:00</time>
      </trkpt>
      <trkpt lat="43.8607" lon="7.2334">
        <ele>556</ele>
        <time>2026-07-24T12:57:31+00:00</time>
      </trkpt>
      <trkpt lat="43.8608" lon="7.23337">
        <ele>556</ele>
        <time>2026-07-24T12:57:34+00:00</time>
      </trkpt>
      <trkpt lat="43.86077" lon="7.23344">
        <ele>556</ele>
        <time>2026-07-24T12:57:37+00:00</time>
      </trkpt>
      <trkpt lat="43.86078" lon="7.23347">
        <ele>556</ele>
        <time>2026-07-24T12:57:40+00:00</time>
      </trkpt>
      <trkpt lat="43.86084" lon="7.23346">
        <ele>556</ele>
        <time>2026-07-24T12:57:43+00:00</time>
      </trkpt>
      <trkpt lat="43.86084" lon="7.23351">
        <ele>565</ele>
        <time>2026-07-24T12:57:46+00:00</time>
      </trkpt>
      <trkpt lat="43.86088" lon="7.23356">
        <ele>565</ele>
        <time>2026-07-24T12:57:49+00:00</time>
      </trkpt>
      <trkpt lat="43.86094" lon="7.23356">
        <ele>565</ele>
        <time>2026-07-24T12:57:52+00:00</time>
      </trkpt>
      <trkpt lat="43.86093" lon="7.23362">
        <ele>565</ele>
        <time>2026-07-24T12:57:55+00:00</time>
      </trkpt>
      <trkpt lat="43.86103" lon="7.23375">
        <ele>568</ele>
        <time>2026-07-24T12:57:58+00:00</time>
      </trkpt>
      <trkpt lat="43.86103" lon="7.23379">
        <ele>568</ele>
        <time>2026-07-24T12:58:01+00:00</time>
      </trkpt>
      <trkpt lat="43.86106" lon="7.23397">
        <ele>578</ele>
        <time>2026-07-24T12:58:04+00:00</time>
      </trkpt>
      <trkpt lat="43.8612" lon="7.23417">
        <ele>586</ele>
        <time>2026-07-24T12:58:07+00:00</time>
      </trkpt>
      <trkpt lat="43.86124" lon="7.23415">
        <ele>586</ele>
        <time>2026-07-24T12:58:10+00:00</time>
      </trkpt>
      <trkpt lat="43.86127" lon="7.23411">
        <ele>586</ele>
        <time>2026-07-24T12:58:13+00:00</time>
      </trkpt>
      <trkpt lat="43.86132" lon="7.2341">
        <ele>589</ele>
        <time>2026-07-24T12:58:16+00:00</time>
      </trkpt>
      <trkpt lat="43.86134" lon="7.23415">
        <ele>589</ele>
        <time>2026-07-24T12:58:19+00:00</time>
      </trkpt>
      <trkpt lat="43.86137" lon="7.23419">
        <ele>583</ele>
        <time>2026-07-24T12:58:22+00:00</time>
      </trkpt>
      <trkpt lat="43.8615" lon="7.23412">
        <ele>589</ele>
        <time>2026-07-24T12:58:25+00:00</time>
      </trkpt>
      <trkpt lat="43.86154" lon="7.23407">
        <ele>586</ele>
        <time>2026-07-24T12:58:28+00:00</time>
      </trkpt>
      <trkpt lat="43.86161" lon="7.23407">
        <ele>583</ele>
        <time>2026-07-24T12:58:31+00:00</time>
      </trkpt>
      <trkpt lat="43.86163" lon="7.2341">
        <ele>590</ele>
        <time>2026-07-24T12:58:34+00:00</time>
      </trkpt>
      <trkpt lat="43.86157" lon="7.23436">
        <ele>589</ele>
        <time>2026-07-24T12:58:37+00:00</time>
      </trkpt>
      <trkpt lat="43.86153" lon="7.23445">
        <ele>593</ele>
        <time>2026-07-24T12:58:40+00:00</time>
      </trkpt>
      <trkpt lat="43.86153" lon="7.23451">
        <ele>593</ele>
        <time>2026-07-24T12:58:43+00:00</time>
      </trkpt>
      <trkpt lat="43.86163" lon="7.23446">
        <ele>595</ele>
        <time>2026-07-24T12:58:46+00:00</time>
      </trkpt>
      <trkpt lat="43.86167" lon="7.23448">
        <ele>595</ele>
        <time>2026-07-24T12:58:49+00:00</time>
      </trkpt>
      <trkpt lat="43.86186" lon="7.23464">
        <ele>595</ele>
        <time>2026-07-24T12:58:52+00:00</time>
      </trkpt>
      <trkpt lat="43.86201" lon="7.23486">
        <ele>595</ele>
        <time>2026-07-24T12:58:55+00:00</time>
      </trkpt>
      <trkpt lat="43.86212" lon="7.23507">
        <ele>596</ele>
        <time>2026-07-24T12:58:58+00:00</time>
      </trkpt>
      <trkpt lat="43.86218" lon="7.23516">
        <ele>596</ele>
        <time>2026-07-24T12:59:01+00:00</time>
      </trkpt>
      <trkpt lat="43.86223" lon="7.23545">
        <ele>602</ele>
        <time>2026-07-24T12:59:04+00:00</time>
      </trkpt>
      <trkpt lat="43.8622" lon="7.23561">
        <ele>605</ele>
        <time>2026-07-24T12:59:07+00:00</time>
      </trkpt>
      <trkpt lat="43.86218" lon="7.23575">
        <ele>606</ele>
        <time>2026-07-24T12:59:10+00:00</time>
      </trkpt>
      <trkpt lat="43.86209" lon="7.23592">
        <ele>621</ele>
        <time>2026-07-24T12:59:13+00:00</time>
      </trkpt>
      <trkpt lat="43.86205" lon="7.23618">
        <ele>627</ele>
        <time>2026-07-24T12:59:16+00:00</time>
      </trkpt>
      <trkpt lat="43.862" lon="7.23648">
        <ele>629</ele>
        <time>2026-07-24T12:59:19+00:00</time>
      </trkpt>
      <trkpt lat="43.86199" lon="7.23687">
        <ele>636</ele>
        <time>2026-07-24T12:59:22+00:00</time>
      </trkpt>
      <trkpt lat="43.86196" lon="7.2371">
        <ele>642</ele>
        <time>2026-07-24T12:59:25+00:00</time>
      </trkpt>
      <trkpt lat="43.86193" lon="7.23713">
        <ele>642</ele>
        <time>2026-07-24T12:59:28+00:00</time>
      </trkpt>
      <trkpt lat="43.86188" lon="7.23724">
        <ele>659</ele>
        <time>2026-07-24T12:59:31+00:00</time>
      </trkpt>
      <trkpt lat="43.86184" lon="7.23747">
        <ele>655</ele>
        <time>2026-07-24T12:59:34+00:00</time>
      </trkpt>
      <trkpt lat="43.86183" lon="7.23761">
        <ele>655</ele>
        <time>2026-07-24T12:59:37+00:00</time>
      </trkpt>
      <trkpt lat="43.8618" lon="7.23754">
        <ele>655</ele>
        <time>2026-07-24T12:59:40+00:00</time>
      </trkpt>
      <trkpt lat="43.86179" lon="7.23743">
        <ele>655</ele>
        <time>2026-07-24T12:59:43+00:00</time>
      </trkpt>
      <trkpt lat="43.86177" lon="7.23743">
        <ele>655</ele>
        <time>2026-07-24T12:59:46+00:00</time>
      </trkpt>
      <trkpt lat="43.86168" lon="7.23784">
        <ele>660</ele>
        <time>2026-07-24T12:59:49+00:00</time>
      </trkpt>
      <trkpt lat="43.86163" lon="7.2379">
        <ele>653</ele>
        <time>2026-07-24T12:59:52+00:00</time>
      </trkpt>
      <trkpt lat="43.86162" lon="7.238">
        <ele>658</ele>
        <time>2026-07-24T12:59:55+00:00</time>
      </trkpt>
      <trkpt lat="43.86154" lon="7.23804">
        <ele>666</ele>
        <time>2026-07-24T12:59:58+00:00</time>
      </trkpt>
      <trkpt lat="43.86132" lon="7.23841">
        <ele>669</ele>
        <time>2026-07-24T13:00:01+00:00</time>
      </trkpt>
      <trkpt lat="43.86136" lon="7.23876">
        <ele>672</ele>
        <time>2026-07-24T13:00:04+00:00</time>
      </trkpt>
      <trkpt lat="43.86134" lon="7.23907">
        <ele>675</ele>
        <time>2026-07-24T13:00:07+00:00</time>
      </trkpt>
      <trkpt lat="43.8613" lon="7.23923">
        <ele>678</ele>
        <time>2026-07-24T13:00:10+00:00</time>
      </trkpt>
      <trkpt lat="43.86135" lon="7.23946">
        <ele>680</ele>
        <time>2026-07-24T13:00:13+00:00</time>
      </trkpt>
      <trkpt lat="43.86141" lon="7.23967">
        <ele>681</ele>
        <time>2026-07-24T13:00:16+00:00</time>
      </trkpt>
      <trkpt lat="43.86142" lon="7.23975">
        <ele>681</ele>
        <time>2026-07-24T13:00:19+00:00</time>
      </trkpt>
      <trkpt lat="43.86138" lon="7.23999">
        <ele>681</ele>
        <time>2026-07-24T13:00:22+00:00</time>
      </trkpt>
      <trkpt lat="43.86133" lon="7.24019">
        <ele>681</ele>
        <time>2026-07-24T13:00:25+00:00</time>
      </trkpt>
      <trkpt lat="43.86135" lon="7.24034">
        <ele>680</ele>
        <time>2026-07-24T13:00:28+00:00</time>
      </trkpt>
      <trkpt lat="43.86149" lon="7.2406">
        <ele>680</ele>
        <time>2026-07-24T13:00:31+00:00</time>
      </trkpt>
      <trkpt lat="43.86154" lon="7.24075">
        <ele>680</ele>
        <time>2026-07-24T13:00:34+00:00</time>
      </trkpt>
      <trkpt lat="43.86151" lon="7.24094">
        <ele>680</ele>
        <time>2026-07-24T13:00:37+00:00</time>
      </trkpt>
      <trkpt lat="43.86151" lon="7.24105">
        <ele>678</ele>
        <time>2026-07-24T13:00:40+00:00</time>
      </trkpt>
      <trkpt lat="43.86154" lon="7.24117">
        <ele>678</ele>
        <time>2026-07-24T13:00:43+00:00</time>
      </trkpt>
      <trkpt lat="43.86171" lon="7.24133">
        <ele>680</ele>
        <time>2026-07-24T13:00:46+00:00</time>
      </trkpt>
      <trkpt lat="43.86195" lon="7.24156">
        <ele>683</ele>
        <time>2026-07-24T13:00:49+00:00</time>
      </trkpt>
      <trkpt lat="43.862" lon="7.2417">
        <ele>685</ele>
        <time>2026-07-24T13:00:52+00:00</time>
      </trkpt>
      <trkpt lat="43.862" lon="7.24187">
        <ele>685</ele>
        <time>2026-07-24T13:00:55+00:00</time>
      </trkpt>
      <trkpt lat="43.86194" lon="7.24204">
        <ele>685</ele>
        <time>2026-07-24T13:00:58+00:00</time>
      </trkpt>
      <trkpt lat="43.86197" lon="7.24208">
        <ele>685</ele>
        <time>2026-07-24T13:01:01+00:00</time>
      </trkpt>
      <trkpt lat="43.86198" lon="7.24216">
        <ele>685</ele>
        <time>2026-07-24T13:01:04+00:00</time>
      </trkpt>
      <trkpt lat="43.86191" lon="7.24255">
        <ele>683</ele>
        <time>2026-07-24T13:01:07+00:00</time>
      </trkpt>
      <trkpt lat="43.86191" lon="7.24264">
        <ele>683</ele>
        <time>2026-07-24T13:01:10+00:00</time>
      </trkpt>
      <trkpt lat="43.86197" lon="7.24279">
        <ele>681</ele>
        <time>2026-07-24T13:01:13+00:00</time>
      </trkpt>
      <trkpt lat="43.86198" lon="7.24294">
        <ele>681</ele>
        <time>2026-07-24T13:01:16+00:00</time>
      </trkpt>
      <trkpt lat="43.86195" lon="7.24329">
        <ele>679</ele>
        <time>2026-07-24T13:01:19+00:00</time>
      </trkpt>
      <trkpt lat="43.86199" lon="7.24344">
        <ele>676</ele>
        <time>2026-07-24T13:01:22+00:00</time>
      </trkpt>
      <trkpt lat="43.862" lon="7.24357">
        <ele>680</ele>
        <time>2026-07-24T13:01:25+00:00</time>
      </trkpt>
      <trkpt lat="43.86192" lon="7.24406">
        <ele>679</ele>
        <time>2026-07-24T13:01:28+00:00</time>
      </trkpt>
      <trkpt lat="43.86188" lon="7.24436">
        <ele>679</ele>
        <time>2026-07-24T13:01:31+00:00</time>
      </trkpt>
      <trkpt lat="43.86191" lon="7.24459">
        <ele>691</ele>
        <time>2026-07-24T13:01:34+00:00</time>
      </trkpt>
      <trkpt lat="43.862" lon="7.24489">
        <ele>685</ele>
        <time>2026-07-24T13:01:37+00:00</time>
      </trkpt>
      <trkpt lat="43.86206" lon="7.24512">
        <ele>694</ele>
        <time>2026-07-24T13:01:40+00:00</time>
      </trkpt>
      <trkpt lat="43.86209" lon="7.24535">
        <ele>687</ele>
        <time>2026-07-24T13:01:43+00:00</time>
      </trkpt>
      <trkpt lat="43.8621" lon="7.24564">
        <ele>690</ele>
        <time>2026-07-24T13:01:46+00:00</time>
      </trkpt>
      <trkpt lat="43.86209" lon="7.24616">
        <ele>686</ele>
        <time>2026-07-24T13:01:49+00:00</time>
      </trkpt>
      <trkpt lat="43.86207" lon="7.24628">
        <ele>694</ele>
        <time>2026-07-24T13:01:52+00:00</time>
      </trkpt>
      <trkpt lat="43.86201" lon="7.24637">
        <ele>695</ele>
        <time>2026-07-24T13:01:55+00:00</time>
      </trkpt>
      <trkpt lat="43.8619" lon="7.24648">
        <ele>689</ele>
        <time>2026-07-24T13:01:58+00:00</time>
      </trkpt>
      <trkpt lat="43.8618" lon="7.24663">
        <ele>686</ele>
        <time>2026-07-24T13:02:01+00:00</time>
      </trkpt>
      <trkpt lat="43.86164" lon="7.24696">
        <ele>692</ele>
        <time>2026-07-24T13:02:04+00:00</time>
      </trkpt>
      <trkpt lat="43.86178" lon="7.24695">
        <ele>692</ele>
        <time>2026-07-24T13:02:07+00:00</time>
      </trkpt>
      <trkpt lat="43.86184" lon="7.24693">
        <ele>692</ele>
        <time>2026-07-24T13:02:10+00:00</time>
      </trkpt>
      <trkpt lat="43.86186" lon="7.24697">
        <ele>692</ele>
        <time>2026-07-24T13:02:13+00:00</time>
      </trkpt>
      <trkpt lat="43.86179" lon="7.24724">
        <ele>697</ele>
        <time>2026-07-24T13:02:16+00:00</time>
      </trkpt>
      <trkpt lat="43.86179" lon="7.2474">
        <ele>699</ele>
        <time>2026-07-24T13:02:19+00:00</time>
      </trkpt>
      <trkpt lat="43.86184" lon="7.24746">
        <ele>699</ele>
        <time>2026-07-24T13:02:22+00:00</time>
      </trkpt>
      <trkpt lat="43.8618" lon="7.24778">
        <ele>704</ele>
        <time>2026-07-24T13:02:25+00:00</time>
      </trkpt>
      <trkpt lat="43.86183" lon="7.24805">
        <ele>709</ele>
        <time>2026-07-24T13:02:28+00:00</time>
      </trkpt>
      <trkpt lat="43.86192" lon="7.2484">
        <ele>717</ele>
        <time>2026-07-24T13:02:31+00:00</time>
      </trkpt>
      <trkpt lat="43.86199" lon="7.24838">
        <ele>717</ele>
        <time>2026-07-24T13:02:34+00:00</time>
      </trkpt>
      <trkpt lat="43.86202" lon="7.24855">
        <ele>720</ele>
        <time>2026-07-24T13:02:37+00:00</time>
      </trkpt>
      <trkpt lat="43.86217" lon="7.2488">
        <ele>726</ele>
        <time>2026-07-24T13:02:40+00:00</time>
      </trkpt>
      <trkpt lat="43.86222" lon="7.24879">
        <ele>726</ele>
        <time>2026-07-24T13:02:43+00:00</time>
      </trkpt>
      <trkpt lat="43.86229" lon="7.24887">
        <ele>731</ele>
        <time>2026-07-24T13:02:46+00:00</time>
      </trkpt>
      <trkpt lat="43.86241" lon="7.24922">
        <ele>752</ele>
        <time>2026-07-24T13:02:49+00:00</time>
      </trkpt>
      <trkpt lat="43.86253" lon="7.24964">
        <ele>753</ele>
        <time>2026-07-24T13:02:52+00:00</time>
      </trkpt>
      <trkpt lat="43.86265" lon="7.24977">
        <ele>753</ele>
        <time>2026-07-24T13:02:55+00:00</time>
      </trkpt>
      <trkpt lat="43.86265" lon="7.24986">
        <ele>753</ele>
        <time>2026-07-24T13:02:58+00:00</time>
      </trkpt>
      <trkpt lat="43.86291" lon="7.25039">
        <ele>766</ele>
        <time>2026-07-24T13:03:01+00:00</time>
      </trkpt>
      <trkpt lat="43.8632" lon="7.25084">
        <ele>773</ele>
        <time>2026-07-24T13:03:04+00:00</time>
      </trkpt>
      <trkpt lat="43.8634" lon="7.25138">
        <ele>781</ele>
        <time>2026-07-24T13:03:07+00:00</time>
      </trkpt>
      <trkpt lat="43.86356" lon="7.25166">
        <ele>789</ele>
        <time>2026-07-24T13:03:10+00:00</time>
      </trkpt>
      <trkpt lat="43.86375" lon="7.25198">
        <ele>798</ele>
        <time>2026-07-24T13:03:13+00:00</time>
      </trkpt>
      <trkpt lat="43.86381" lon="7.2524">
        <ele>802</ele>
        <time>2026-07-24T13:03:16+00:00</time>
      </trkpt>
      <trkpt lat="43.86396" lon="7.25272">
        <ele>800</ele>
        <time>2026-07-24T13:03:19+00:00</time>
      </trkpt>
      <trkpt lat="43.86408" lon="7.25323">
        <ele>814</ele>
        <time>2026-07-24T13:03:22+00:00</time>
      </trkpt>
      <trkpt lat="43.86418" lon="7.25344">
        <ele>829</ele>
        <time>2026-07-24T13:03:25+00:00</time>
      </trkpt>
      <trkpt lat="43.86428" lon="7.25361">
        <ele>828</ele>
        <time>2026-07-24T13:03:28+00:00</time>
      </trkpt>
      <trkpt lat="43.86437" lon="7.25378">
        <ele>828</ele>
        <time>2026-07-24T13:03:31+00:00</time>
      </trkpt>
      <trkpt lat="43.86444" lon="7.25385">
        <ele>836</ele>
        <time>2026-07-24T13:03:34+00:00</time>
      </trkpt>
      <trkpt lat="43.86448" lon="7.25379">
        <ele>838</ele>
        <time>2026-07-24T13:03:37+00:00</time>
      </trkpt>
      <trkpt lat="43.86448" lon="7.25369">
        <ele>832</ele>
        <time>2026-07-24T13:03:40+00:00</time>
      </trkpt>
      <trkpt lat="43.86451" lon="7.2536">
        <ele>838</ele>
        <time>2026-07-24T13:03:43+00:00</time>
      </trkpt>
      <trkpt lat="43.86456" lon="7.25389">
        <ele>836</ele>
        <time>2026-07-24T13:03:46+00:00</time>
      </trkpt>
      <trkpt lat="43.86456" lon="7.25412">
        <ele>836</ele>
        <time>2026-07-24T13:03:49+00:00</time>
      </trkpt>
      <trkpt lat="43.86474" lon="7.25426">
        <ele>849</ele>
        <time>2026-07-24T13:03:52+00:00</time>
      </trkpt>
      <trkpt lat="43.86491" lon="7.25448">
        <ele>857</ele>
        <time>2026-07-24T13:03:55+00:00</time>
      </trkpt>
      <trkpt lat="43.86505" lon="7.25476">
        <ele>859</ele>
        <time>2026-07-24T13:03:58+00:00</time>
      </trkpt>
      <trkpt lat="43.86519" lon="7.25504">
        <ele>862</ele>
        <time>2026-07-24T13:04:01+00:00</time>
      </trkpt>
      <trkpt lat="43.8653" lon="7.25535">
        <ele>869</ele>
        <time>2026-07-24T13:04:04+00:00</time>
      </trkpt>
      <trkpt lat="43.86546" lon="7.25559">
        <ele>877</ele>
        <time>2026-07-24T13:04:07+00:00</time>
      </trkpt>
      <trkpt lat="43.86546" lon="7.25544">
        <ele>878</ele>
        <time>2026-07-24T13:04:10+00:00</time>
      </trkpt>
      <trkpt lat="43.86561" lon="7.25589">
        <ele>883</ele>
        <time>2026-07-24T13:04:13+00:00</time>
      </trkpt>
      <trkpt lat="43.86568" lon="7.25605">
        <ele>881</ele>
        <time>2026-07-24T13:04:16+00:00</time>
      </trkpt>
      <trkpt lat="43.86593" lon="7.25635">
        <ele>885</ele>
        <time>2026-07-24T13:04:19+00:00</time>
      </trkpt>
      <trkpt lat="43.86618" lon="7.25666">
        <ele>897</ele>
        <time>2026-07-24T13:04:22+00:00</time>
      </trkpt>
      <trkpt lat="43.86643" lon="7.25696">
        <ele>903</ele>
        <time>2026-07-24T13:04:25+00:00</time>
      </trkpt>
      <trkpt lat="43.8667" lon="7.25728">
        <ele>911</ele>
        <time>2026-07-24T13:04:28+00:00</time>
      </trkpt>
      <trkpt lat="43.86681" lon="7.25754">
        <ele>911</ele>
        <time>2026-07-24T13:04:31+00:00</time>
      </trkpt>
      <trkpt lat="43.86682" lon="7.25759">
        <ele>911</ele>
        <time>2026-07-24T13:04:34+00:00</time>
      </trkpt>
      <trkpt lat="43.867" lon="7.25771">
        <ele>923</ele>
        <time>2026-07-24T13:04:37+00:00</time>
      </trkpt>
      <trkpt lat="43.86705" lon="7.25785">
        <ele>923</ele>
        <time>2026-07-24T13:04:40+00:00</time>
      </trkpt>
      <trkpt lat="43.86721" lon="7.25813">
        <ele>936</ele>
        <time>2026-07-24T13:04:43+00:00</time>
      </trkpt>
      <trkpt lat="43.86728" lon="7.2582">
        <ele>936</ele>
        <time>2026-07-24T13:04:46+00:00</time>
      </trkpt>
      <trkpt lat="43.8673" lon="7.25813">
        <ele>936</ele>
        <time>2026-07-24T13:04:49+00:00</time>
      </trkpt>
      <trkpt lat="43.8673" lon="7.25804">
        <ele>936</ele>
        <time>2026-07-24T13:04:52+00:00</time>
      </trkpt>
      <trkpt lat="43.86734" lon="7.258">
        <ele>936</ele>
        <time>2026-07-24T13:04:55+00:00</time>
      </trkpt>
      <trkpt lat="43.86749" lon="7.25838">
        <ele>946</ele>
        <time>2026-07-24T13:04:58+00:00</time>
      </trkpt>
      <trkpt lat="43.86751" lon="7.25828">
        <ele>946</ele>
        <time>2026-07-24T13:05:01+00:00</time>
      </trkpt>
      <trkpt lat="43.86747" lon="7.25776">
        <ele>960</ele>
        <time>2026-07-24T13:05:04+00:00</time>
      </trkpt>
      <trkpt lat="43.86743" lon="7.25756">
        <ele>957</ele>
        <time>2026-07-24T13:05:07+00:00</time>
      </trkpt>
      <trkpt lat="43.86763" lon="7.25775">
        <ele>960</ele>
        <time>2026-07-24T13:05:10+00:00</time>
      </trkpt>
      <trkpt lat="43.86796" lon="7.25805">
        <ele>963</ele>
        <time>2026-07-24T13:05:13+00:00</time>
      </trkpt>
      <trkpt lat="43.86815" lon="7.25833">
        <ele>967</ele>
        <time>2026-07-24T13:05:16+00:00</time>
      </trkpt>
      <trkpt lat="43.86823" lon="7.25831">
        <ele>982</ele>
        <time>2026-07-24T13:05:19+00:00</time>
      </trkpt>
      <trkpt lat="43.86841" lon="7.25859">
        <ele>970</ele>
        <time>2026-07-24T13:05:22+00:00</time>
      </trkpt>
      <trkpt lat="43.86857" lon="7.2587">
        <ele>988</ele>
        <time>2026-07-24T13:05:25+00:00</time>
      </trkpt>
      <trkpt lat="43.86862" lon="7.25877">
        <ele>988</ele>
        <time>2026-07-24T13:05:28+00:00</time>
      </trkpt>
      <trkpt lat="43.86894" lon="7.259">
        <ele>994</ele>
        <time>2026-07-24T13:05:31+00:00</time>
      </trkpt>
      <trkpt lat="43.86912" lon="7.25922">
        <ele>1005</ele>
        <time>2026-07-24T13:05:34+00:00</time>
      </trkpt>
      <trkpt lat="43.86937" lon="7.25943">
        <ele>1011</ele>
        <time>2026-07-24T13:05:37+00:00</time>
      </trkpt>
      <trkpt lat="43.86954" lon="7.2595">
        <ele>1018</ele>
        <time>2026-07-24T13:05:40+00:00</time>
      </trkpt>
      <trkpt lat="43.86962" lon="7.2596">
        <ele>1021</ele>
        <time>2026-07-24T13:05:43+00:00</time>
      </trkpt>
      <trkpt lat="43.86965" lon="7.25953">
        <ele>1023</ele>
        <time>2026-07-24T13:05:46+00:00</time>
      </trkpt>
      <trkpt lat="43.86978" lon="7.25952">
        <ele>1023</ele>
        <time>2026-07-24T13:05:49+00:00</time>
      </trkpt>
      <trkpt lat="43.86985" lon="7.25956">
        <ele>1023</ele>
        <time>2026-07-24T13:05:52+00:00</time>
      </trkpt>
      <trkpt lat="43.86991" lon="7.25947">
        <ele>1038</ele>
        <time>2026-07-24T13:05:55+00:00</time>
      </trkpt>
      <trkpt lat="43.87" lon="7.25951">
        <ele>1038</ele>
        <time>2026-07-24T13:05:58+00:00</time>
      </trkpt>
      <trkpt lat="43.87004" lon="7.25941">
        <ele>1038</ele>
        <time>2026-07-24T13:06:01+00:00</time>
      </trkpt>
      <trkpt lat="43.8701" lon="7.25941">
        <ele>1038</ele>
        <time>2026-07-24T13:06:04+00:00</time>
      </trkpt>
      <trkpt lat="43.87025" lon="7.2595">
        <ele>1050</ele>
        <time>2026-07-24T13:06:07+00:00</time>
      </trkpt>
      <trkpt lat="43.87032" lon="7.25948">
        <ele>1050</ele>
        <time>2026-07-24T13:06:10+00:00</time>
      </trkpt>
      <trkpt lat="43.87026" lon="7.2594">
        <ele>1060</ele>
        <time>2026-07-24T13:06:13+00:00</time>
      </trkpt>
      <trkpt lat="43.87014" lon="7.25929">
        <ele>1052</ele>
        <time>2026-07-24T13:06:16+00:00</time>
      </trkpt>
      <trkpt lat="43.87018" lon="7.25927">
        <ele>1052</ele>
        <time>2026-07-24T13:06:19+00:00</time>
      </trkpt>
      <trkpt lat="43.87032" lon="7.25931">
        <ele>1060</ele>
        <time>2026-07-24T13:06:22+00:00</time>
      </trkpt>
      <trkpt lat="43.87038" lon="7.25931">
        <ele>1060</ele>
        <time>2026-07-24T13:06:25+00:00</time>
      </trkpt>
      <trkpt lat="43.87047" lon="7.25937">
        <ele>1060</ele>
        <time>2026-07-24T13:06:28+00:00</time>
      </trkpt>
      <trkpt lat="43.87049" lon="7.25924">
        <ele>1060</ele>
        <time>2026-07-24T13:06:31+00:00</time>
      </trkpt>
      <trkpt lat="43.87074" lon="7.2593">
        <ele>1080</ele>
        <time>2026-07-24T13:06:34+00:00</time>
      </trkpt>
      <trkpt lat="43.87088" lon="7.25929">
        <ele>1080</ele>
        <time>2026-07-24T13:06:37+00:00</time>
      </trkpt>
      <trkpt lat="43.87095" lon="7.25931">
        <ele>1080</ele>
        <time>2026-07-24T13:06:40+00:00</time>
      </trkpt>
      <trkpt lat="43.87124" lon="7.25953">
        <ele>1077</ele>
        <time>2026-07-24T13:06:43+00:00</time>
      </trkpt>
      <trkpt lat="43.87112" lon="7.25957">
        <ele>1077</ele>
        <time>2026-07-24T13:06:46+00:00</time>
      </trkpt>
      <trkpt lat="43.87126" lon="7.2596">
        <ele>1074</ele>
        <time>2026-07-24T13:06:49+00:00</time>
      </trkpt>
      <trkpt lat="43.87117" lon="7.25973">
        <ele>1074</ele>
        <time>2026-07-24T13:06:52+00:00</time>
      </trkpt>
      <trkpt lat="43.87103" lon="7.26006">
        <ele>1075</ele>
        <time>2026-07-24T13:06:55+00:00</time>
      </trkpt>
      <trkpt lat="43.87103" lon="7.26017">
        <ele>1069</ele>
        <time>2026-07-24T13:06:58+00:00</time>
      </trkpt>
      <trkpt lat="43.87094" lon="7.2603">
        <ele>1076</ele>
        <time>2026-07-24T13:07:01+00:00</time>
      </trkpt>
      <trkpt lat="43.8709" lon="7.26047">
        <ele>1076</ele>
        <time>2026-07-24T13:07:04+00:00</time>
      </trkpt>
      <trkpt lat="43.87076" lon="7.26064">
        <ele>1077</ele>
        <time>2026-07-24T13:07:07+00:00</time>
      </trkpt>
      <trkpt lat="43.87074" lon="7.26079">
        <ele>1078</ele>
        <time>2026-07-24T13:07:10+00:00</time>
      </trkpt>
      <trkpt lat="43.87058" lon="7.26105">
        <ele>1086</ele>
        <time>2026-07-24T13:07:13+00:00</time>
      </trkpt>
      <trkpt lat="43.87053" lon="7.26139">
        <ele>1093</ele>
        <time>2026-07-24T13:07:16+00:00</time>
      </trkpt>
      <trkpt lat="43.87048" lon="7.26176">
        <ele>1098</ele>
        <time>2026-07-24T13:07:19+00:00</time>
      </trkpt>
      <trkpt lat="43.8704" lon="7.26206">
        <ele>1103</ele>
        <time>2026-07-24T13:07:22+00:00</time>
      </trkpt>
      <trkpt lat="43.87048" lon="7.26246">
        <ele>1111</ele>
        <time>2026-07-24T13:07:25+00:00</time>
      </trkpt>
      <trkpt lat="43.87042" lon="7.26254">
        <ele>1111</ele>
        <time>2026-07-24T13:07:28+00:00</time>
      </trkpt>
      <trkpt lat="43.87041" lon="7.26287">
        <ele>1113</ele>
        <time>2026-07-24T13:07:31+00:00</time>
      </trkpt>
      <trkpt lat="43.87045" lon="7.26316">
        <ele>1115</ele>
        <time>2026-07-24T13:07:34+00:00</time>
      </trkpt>
      <trkpt lat="43.87054" lon="7.26338">
        <ele>1117</ele>
        <time>2026-07-24T13:07:37+00:00</time>
      </trkpt>
      <trkpt lat="43.87061" lon="7.26369">
        <ele>1116</ele>
        <time>2026-07-24T13:07:40+00:00</time>
      </trkpt>
      <trkpt lat="43.87071" lon="7.26419">
        <ele>1113</ele>
        <time>2026-07-24T13:07:43+00:00</time>
      </trkpt>
      <trkpt lat="43.87081" lon="7.26484">
        <ele>1111</ele>
        <time>2026-07-24T13:07:46+00:00</time>
      </trkpt>
      <trkpt lat="43.87079" lon="7.26501">
        <ele>1106</ele>
        <time>2026-07-24T13:07:49+00:00</time>
      </trkpt>
      <trkpt lat="43.87055" lon="7.26532">
        <ele>1095</ele>
        <time>2026-07-24T13:07:52+00:00</time>
      </trkpt>
      <trkpt lat="43.87051" lon="7.26543">
        <ele>1095</ele>
        <time>2026-07-24T13:07:55+00:00</time>
      </trkpt>
      <trkpt lat="43.87038" lon="7.26568">
        <ele>1096</ele>
        <time>2026-07-24T13:07:58+00:00</time>
      </trkpt>
      <trkpt lat="43.87023" lon="7.26597">
        <ele>1098</ele>
        <time>2026-07-24T13:08:01+00:00</time>
      </trkpt>
      <trkpt lat="43.87011" lon="7.26625">
        <ele>1103</ele>
        <time>2026-07-24T13:08:04+00:00</time>
      </trkpt>
      <trkpt lat="43.87007" lon="7.26651">
        <ele>1111</ele>
        <time>2026-07-24T13:08:07+00:00</time>
      </trkpt>
      <trkpt lat="43.87002" lon="7.26664">
        <ele>1120</ele>
        <time>2026-07-24T13:08:10+00:00</time>
      </trkpt>
      <trkpt lat="43.87001" lon="7.26674">
        <ele>1120</ele>
        <time>2026-07-24T13:08:13+00:00</time>
      </trkpt>
      <trkpt lat="43.86994" lon="7.26691">
        <ele>1132</ele>
        <time>2026-07-24T13:08:16+00:00</time>
      </trkpt>
      <trkpt lat="43.87002" lon="7.26695">
        <ele>1132</ele>
        <time>2026-07-24T13:08:19+00:00</time>
      </trkpt>
      <trkpt lat="43.86994" lon="7.26705">
        <ele>1132</ele>
        <time>2026-07-24T13:08:22+00:00</time>
      </trkpt>
      <trkpt lat="43.87004" lon="7.26719">
        <ele>1142</ele>
        <time>2026-07-24T13:08:25+00:00</time>
      </trkpt>
      <trkpt lat="43.86981" lon="7.26734">
        <ele>1142</ele>
        <time>2026-07-24T13:08:28+00:00</time>
      </trkpt>
      <trkpt lat="43.86958" lon="7.26751">
        <ele>1151</ele>
        <time>2026-07-24T13:08:31+00:00</time>
      </trkpt>
      <trkpt lat="43.86967" lon="7.26763">
        <ele>1154</ele>
        <time>2026-07-24T13:08:34+00:00</time>
      </trkpt>
      <trkpt lat="43.86954" lon="7.26783">
        <ele>1168</ele>
        <time>2026-07-24T13:08:37+00:00</time>
      </trkpt>
      <trkpt lat="43.86939" lon="7.26806">
        <ele>1177</ele>
        <time>2026-07-24T13:08:40+00:00</time>
      </trkpt>
      <trkpt lat="43.86933" lon="7.26811">
        <ele>1177</ele>
        <time>2026-07-24T13:08:43+00:00</time>
      </trkpt>
      <trkpt lat="43.86937" lon="7.26822">
        <ele>1186</ele>
        <time>2026-07-24T13:08:46+00:00</time>
      </trkpt>
      <trkpt lat="43.86928" lon="7.26829">
        <ele>1186</ele>
        <time>2026-07-24T13:08:49+00:00</time>
      </trkpt>
      <trkpt lat="43.86929" lon="7.26834">
        <ele>1186</ele>
        <time>2026-07-24T13:08:52+00:00</time>
      </trkpt>
      <trkpt lat="43.86933" lon="7.26838">
        <ele>1186</ele>
        <time>2026-07-24T13:08:55+00:00</time>
      </trkpt>
      <trkpt lat="43.86927" lon="7.26846">
        <ele>1186</ele>
        <time>2026-07-24T13:08:58+00:00</time>
      </trkpt>
      <trkpt lat="43.86937" lon="7.2686">
        <ele>1198</ele>
        <time>2026-07-24T13:09:01+00:00</time>
      </trkpt>
      <trkpt lat="43.86928" lon="7.26871">
        <ele>1198</ele>
        <time>2026-07-24T13:09:04+00:00</time>
      </trkpt>
      <trkpt lat="43.8693" lon="7.2688">
        <ele>1198</ele>
        <time>2026-07-24T13:09:07+00:00</time>
      </trkpt>
      <trkpt lat="43.86942" lon="7.26894">
        <ele>1215</ele>
        <time>2026-07-24T13:09:10+00:00</time>
      </trkpt>
      <trkpt lat="43.86956" lon="7.26909">
        <ele>1215</ele>
        <time>2026-07-24T13:09:13+00:00</time>
      </trkpt>
      <trkpt lat="43.86948" lon="7.2692">
        <ele>1235</ele>
        <time>2026-07-24T13:09:16+00:00</time>
      </trkpt>
      <trkpt lat="43.86963" lon="7.26938">
        <ele>1238</ele>
        <time>2026-07-24T13:09:19+00:00</time>
      </trkpt>
      <trkpt lat="43.86943" lon="7.26949">
        <ele>1250</ele>
        <time>2026-07-24T13:09:22+00:00</time>
      </trkpt>
      <trkpt lat="43.8693" lon="7.26971">
        <ele>1253</ele>
        <time>2026-07-24T13:09:25+00:00</time>
      </trkpt>
      <trkpt lat="43.86953" lon="7.27">
        <ele>1277</ele>
        <time>2026-07-24T13:09:28+00:00</time>
      </trkpt>
      <trkpt lat="43.86942" lon="7.2701">
        <ele>1277</ele>
        <time>2026-07-24T13:09:31+00:00</time>
      </trkpt>
      <trkpt lat="43.86949" lon="7.27015">
        <ele>1277</ele>
        <time>2026-07-24T13:09:34+00:00</time>
      </trkpt>
      <trkpt lat="43.86945" lon="7.27018">
        <ele>1277</ele>
        <time>2026-07-24T13:09:37+00:00</time>
      </trkpt>
      <trkpt lat="43.86953" lon="7.27029">
        <ele>1289</ele>
        <time>2026-07-24T13:09:40+00:00</time>
      </trkpt>
      <trkpt lat="43.86937" lon="7.27035">
        <ele>1281</ele>
        <time>2026-07-24T13:09:43+00:00</time>
      </trkpt>
      <trkpt lat="43.86946" lon="7.2705">
        <ele>1296</ele>
        <time>2026-07-24T13:09:46+00:00</time>
      </trkpt>
      <trkpt lat="43.86937" lon="7.27055">
        <ele>1291</ele>
        <time>2026-07-24T13:09:49+00:00</time>
      </trkpt>
      <trkpt lat="43.86948" lon="7.2707">
        <ele>1296</ele>
        <time>2026-07-24T13:09:52+00:00</time>
      </trkpt>
      <trkpt lat="43.86975" lon="7.27086">
        <ele>1313</ele>
        <time>2026-07-24T13:09:55+00:00</time>
      </trkpt>
      <trkpt lat="43.86986" lon="7.27103">
        <ele>1323</ele>
        <time>2026-07-24T13:09:58+00:00</time>
      </trkpt>
      <trkpt lat="43.86988" lon="7.27102">
        <ele>1323</ele>
        <time>2026-07-24T13:10:01+00:00</time>
      </trkpt>
      <trkpt lat="43.87003" lon="7.27115">
        <ele>1322</ele>
        <time>2026-07-24T13:10:04+00:00</time>
      </trkpt>
      <trkpt lat="43.8702" lon="7.27131">
        <ele>1331</ele>
        <time>2026-07-24T13:10:07+00:00</time>
      </trkpt>
      <trkpt lat="43.87017" lon="7.27148">
        <ele>1331</ele>
        <time>2026-07-24T13:10:10+00:00</time>
      </trkpt>
      <trkpt lat="43.87027" lon="7.27188">
        <ele>1347</ele>
        <time>2026-07-24T13:10:13+00:00</time>
      </trkpt>
      <trkpt lat="43.87032" lon="7.27254">
        <ele>1361</ele>
        <time>2026-07-24T13:10:16+00:00</time>
      </trkpt>
      <trkpt lat="43.87023" lon="7.27296">
        <ele>1365</ele>
        <time>2026-07-24T13:10:19+00:00</time>
      </trkpt>
      <trkpt lat="43.87017" lon="7.27306">
        <ele>1369</ele>
        <time>2026-07-24T13:10:22+00:00</time>
      </trkpt>
      <trkpt lat="43.87008" lon="7.27308">
        <ele>1369</ele>
        <time>2026-07-24T13:10:25+00:00</time>
      </trkpt>
      <trkpt lat="43.8699" lon="7.27287">
        <ele>1369</ele>
        <time>2026-07-24T13:10:28+00:00</time>
      </trkpt>
      <trkpt lat="43.8695" lon="7.27282">
        <ele>1380</ele>
        <time>2026-07-24T13:10:31+00:00</time>
      </trkpt>
      <trkpt lat="43.86937" lon="7.27272">
        <ele>1385</ele>
        <time>2026-07-24T13:10:34+00:00</time>
      </trkpt>
      <trkpt lat="43.86915" lon="7.27274">
        <ele>1385</ele>
        <time>2026-07-24T13:10:37+00:00</time>
      </trkpt>
      <trkpt lat="43.86912" lon="7.27286">
        <ele>1385</ele>
        <time>2026-07-24T13:10:40+00:00</time>
      </trkpt>
      <trkpt lat="43.86901" lon="7.27288">
        <ele>1386</ele>
        <time>2026-07-24T13:10:43+00:00</time>
      </trkpt>
      <trkpt lat="43.86891" lon="7.2728">
        <ele>1386</ele>
        <time>2026-07-24T13:10:46+00:00</time>
      </trkpt>
      <trkpt lat="43.86862" lon="7.27283">
        <ele>1390</ele>
        <time>2026-07-24T13:10:49+00:00</time>
      </trkpt>
      <trkpt lat="43.86832" lon="7.27256">
        <ele>1394</ele>
        <time>2026-07-24T13:10:52+00:00</time>
      </trkpt>
      <trkpt lat="43.86806" lon="7.27251">
        <ele>1390</ele>
        <time>2026-07-24T13:10:55+00:00</time>
      </trkpt>
      <trkpt lat="43.8678" lon="7.27236">
        <ele>1387</ele>
        <time>2026-07-24T13:10:58+00:00</time>
      </trkpt>
      <trkpt lat="43.86745" lon="7.27215">
        <ele>1383</ele>
        <time>2026-07-24T13:11:01+00:00</time>
      </trkpt>
      <trkpt lat="43.86707" lon="7.27209">
        <ele>1372</ele>
        <time>2026-07-24T13:11:04+00:00</time>
      </trkpt>
      <trkpt lat="43.86665" lon="7.27223">
        <ele>1361</ele>
        <time>2026-07-24T13:11:07+00:00</time>
      </trkpt>
      <trkpt lat="43.86629" lon="7.27222">
        <ele>1343</ele>
        <time>2026-07-24T13:11:10+00:00</time>
      </trkpt>
      <trkpt lat="43.86603" lon="7.27227">
        <ele>1343</ele>
        <time>2026-07-24T13:11:13+00:00</time>
      </trkpt>
      <trkpt lat="43.86571" lon="7.27233">
        <ele>1337</ele>
        <time>2026-07-24T13:11:16+00:00</time>
      </trkpt>
      <trkpt lat="43.86555" lon="7.27243">
        <ele>1341</ele>
        <time>2026-07-24T13:11:19+00:00</time>
      </trkpt>
      <trkpt lat="43.86536" lon="7.2724">
        <ele>1331</ele>
        <time>2026-07-24T13:11:22+00:00</time>
      </trkpt>
      <trkpt lat="43.865" lon="7.27249">
        <ele>1329</ele>
        <time>2026-07-24T13:11:25+00:00</time>
      </trkpt>
      <trkpt lat="43.86463" lon="7.27258">
        <ele>1323</ele>
        <time>2026-07-24T13:11:28+00:00</time>
      </trkpt>
      <trkpt lat="43.86427" lon="7.27267">
        <ele>1326</ele>
        <time>2026-07-24T13:11:31+00:00</time>
      </trkpt>
      <trkpt lat="43.86383" lon="7.27278">
        <ele>1325</ele>
        <time>2026-07-24T13:11:34+00:00</time>
      </trkpt>
      <trkpt lat="43.86351" lon="7.27261">
        <ele>1325</ele>
        <time>2026-07-24T13:11:37+00:00</time>
      </trkpt>
      <trkpt lat="43.86319" lon="7.27244">
        <ele>1324</ele>
        <time>2026-07-24T13:11:40+00:00</time>
      </trkpt>
      <trkpt lat="43.86273" lon="7.2722">
        <ele>1312</ele>
        <time>2026-07-24T13:11:43+00:00</time>
      </trkpt>
      <trkpt lat="43.86255" lon="7.27232">
        <ele>1304</ele>
        <time>2026-07-24T13:11:46+00:00</time>
      </trkpt>
      <trkpt lat="43.86238" lon="7.27227">
        <ele>1298</ele>
        <time>2026-07-24T13:11:49+00:00</time>
      </trkpt>
      <trkpt lat="43.86212" lon="7.27234">
        <ele>1298</ele>
        <time>2026-07-24T13:11:52+00:00</time>
      </trkpt>
      <trkpt lat="43.86163" lon="7.27247">
        <ele>1293</ele>
        <time>2026-07-24T13:11:55+00:00</time>
      </trkpt>
      <trkpt lat="43.86138" lon="7.27237">
        <ele>1284</ele>
        <time>2026-07-24T13:11:58+00:00</time>
      </trkpt>
      <trkpt lat="43.86121" lon="7.27242">
        <ele>1275</ele>
        <time>2026-07-24T13:12:01+00:00</time>
      </trkpt>
      <trkpt lat="43.861" lon="7.27236">
        <ele>1272</ele>
        <time>2026-07-24T13:12:04+00:00</time>
      </trkpt>
      <trkpt lat="43.86068" lon="7.27227">
        <ele>1271</ele>
        <time>2026-07-24T13:12:07+00:00</time>
      </trkpt>
      <trkpt lat="43.86062" lon="7.27237">
        <ele>1269</ele>
        <time>2026-07-24T13:12:10+00:00</time>
      </trkpt>
      <trkpt lat="43.86061" lon="7.27267">
        <ele>1271</ele>
        <time>2026-07-24T13:12:13+00:00</time>
      </trkpt>
      <trkpt lat="43.86041" lon="7.27268">
        <ele>1265</ele>
        <time>2026-07-24T13:12:16+00:00</time>
      </trkpt>
      <trkpt lat="43.86001" lon="7.27251">
        <ele>1260</ele>
        <time>2026-07-24T13:12:19+00:00</time>
      </trkpt>
      <trkpt lat="43.85977" lon="7.27248">
        <ele>1253</ele>
        <time>2026-07-24T13:12:22+00:00</time>
      </trkpt>
      <trkpt lat="43.85968" lon="7.27239">
        <ele>1255</ele>
        <time>2026-07-24T13:12:25+00:00</time>
      </trkpt>
      <trkpt lat="43.85938" lon="7.27234">
        <ele>1243</ele>
        <time>2026-07-24T13:12:28+00:00</time>
      </trkpt>
      <trkpt lat="43.85916" lon="7.2722">
        <ele>1243</ele>
        <time>2026-07-24T13:12:31+00:00</time>
      </trkpt>
      <trkpt lat="43.85893" lon="7.27205">
        <ele>1243</ele>
        <time>2026-07-24T13:12:34+00:00</time>
      </trkpt>
      <trkpt lat="43.85865" lon="7.27202">
        <ele>1243</ele>
        <time>2026-07-24T13:12:37+00:00</time>
      </trkpt>
      <trkpt lat="43.85826" lon="7.27197">
        <ele>1245</ele>
        <time>2026-07-24T13:12:40+00:00</time>
      </trkpt>
      <trkpt lat="43.85801" lon="7.27201">
        <ele>1244</ele>
        <time>2026-07-24T13:12:43+00:00</time>
      </trkpt>
      <trkpt lat="43.85776" lon="7.27206">
        <ele>1244</ele>
        <time>2026-07-24T13:12:46+00:00</time>
      </trkpt>
      <trkpt lat="43.8575" lon="7.27204">
        <ele>1240</ele>
        <time>2026-07-24T13:12:49+00:00</time>
      </trkpt>
      <trkpt lat="43.85721" lon="7.27201">
        <ele>1237</ele>
        <time>2026-07-24T13:12:52+00:00</time>
      </trkpt>
      <trkpt lat="43.85694" lon="7.27187">
        <ele>1232</ele>
        <time>2026-07-24T13:12:55+00:00</time>
      </trkpt>
      <trkpt lat="43.85665" lon="7.27186">
        <ele>1232</ele>
        <time>2026-07-24T13:12:58+00:00</time>
      </trkpt>
      <trkpt lat="43.85651" lon="7.27177">
        <ele>1229</ele>
        <time>2026-07-24T13:13:01+00:00</time>
      </trkpt>
      <trkpt lat="43.85636" lon="7.27171">
        <ele>1229</ele>
        <time>2026-07-24T13:13:04+00:00</time>
      </trkpt>
      <trkpt lat="43.85625" lon="7.27176">
        <ele>1226</ele>
        <time>2026-07-24T13:13:07+00:00</time>
      </trkpt>
      <trkpt lat="43.85622" lon="7.2718">
        <ele>1226</ele>
        <time>2026-07-24T13:13:10+00:00</time>
      </trkpt>
      <trkpt lat="43.85621" lon="7.27188">
        <ele>1226</ele>
        <time>2026-07-24T13:13:13+00:00</time>
      </trkpt>
      <trkpt lat="43.85614" lon="7.27204">
        <ele>1222</ele>
        <time>2026-07-24T13:13:16+00:00</time>
      </trkpt>
      <trkpt lat="43.8561" lon="7.27229">
        <ele>1225</ele>
        <time>2026-07-24T13:13:19+00:00</time>
      </trkpt>
      <trkpt lat="43.85606" lon="7.27232">
        <ele>1222</ele>
        <time>2026-07-24T13:13:22+00:00</time>
      </trkpt>
      <trkpt lat="43.85598" lon="7.27226">
        <ele>1225</ele>
        <time>2026-07-24T13:13:25+00:00</time>
      </trkpt>
      <trkpt lat="43.85583" lon="7.27225">
        <ele>1225</ele>
        <time>2026-07-24T13:13:28+00:00</time>
      </trkpt>
      <trkpt lat="43.85576" lon="7.27221">
        <ele>1225</ele>
        <time>2026-07-24T13:13:31+00:00</time>
      </trkpt>
      <trkpt lat="43.85545" lon="7.27234">
        <ele>1226</ele>
        <time>2026-07-24T13:13:34+00:00</time>
      </trkpt>
      <trkpt lat="43.85538" lon="7.27235">
        <ele>1223</ele>
        <time>2026-07-24T13:13:37+00:00</time>
      </trkpt>
      <trkpt lat="43.85532" lon="7.27239">
        <ele>1223</ele>
        <time>2026-07-24T13:13:40+00:00</time>
      </trkpt>
      <trkpt lat="43.85518" lon="7.2724">
        <ele>1228</ele>
        <time>2026-07-24T13:13:43+00:00</time>
      </trkpt>
      <trkpt lat="43.85501" lon="7.27246">
        <ele>1228</ele>
        <time>2026-07-24T13:13:46+00:00</time>
      </trkpt>
      <trkpt lat="43.85495" lon="7.2725">
        <ele>1228</ele>
        <time>2026-07-24T13:13:49+00:00</time>
      </trkpt>
      <trkpt lat="43.85487" lon="7.2725">
        <ele>1224</ele>
        <time>2026-07-24T13:13:52+00:00</time>
      </trkpt>
      <trkpt lat="43.85478" lon="7.27248">
        <ele>1224</ele>
        <time>2026-07-24T13:13:55+00:00</time>
      </trkpt>
      <trkpt lat="43.85474" lon="7.27243">
        <ele>1224</ele>
        <time>2026-07-24T13:13:58+00:00</time>
      </trkpt>
      <trkpt lat="43.85448" lon="7.27239">
        <ele>1214</ele>
        <time>2026-07-24T13:14:01+00:00</time>
      </trkpt>
      <trkpt lat="43.8544" lon="7.27249">
        <ele>1209</ele>
        <time>2026-07-24T13:14:04+00:00</time>
      </trkpt>
      <trkpt lat="43.85433" lon="7.27251">
        <ele>1209</ele>
        <time>2026-07-24T13:14:07+00:00</time>
      </trkpt>
      <trkpt lat="43.85427" lon="7.27248">
        <ele>1213</ele>
        <time>2026-07-24T13:14:10+00:00</time>
      </trkpt>
      <trkpt lat="43.85407" lon="7.27254">
        <ele>1212</ele>
        <time>2026-07-24T13:14:13+00:00</time>
      </trkpt>
      <trkpt lat="43.85393" lon="7.27254">
        <ele>1212</ele>
        <time>2026-07-24T13:14:16+00:00</time>
      </trkpt>
      <trkpt lat="43.85387" lon="7.27259">
        <ele>1212</ele>
        <time>2026-07-24T13:14:19+00:00</time>
      </trkpt>
      <trkpt lat="43.85381" lon="7.27256">
        <ele>1212</ele>
        <time>2026-07-24T13:14:22+00:00</time>
      </trkpt>
      <trkpt lat="43.85368" lon="7.27262">
        <ele>1207</ele>
        <time>2026-07-24T13:14:25+00:00</time>
      </trkpt>
      <trkpt lat="43.85363" lon="7.27266">
        <ele>1207</ele>
        <time>2026-07-24T13:14:28+00:00</time>
      </trkpt>
      <trkpt lat="43.85357" lon="7.27267">
        <ele>1207</ele>
        <time>2026-07-24T13:14:31+00:00</time>
      </trkpt>
      <trkpt lat="43.85347" lon="7.27276">
        <ele>1197</ele>
        <time>2026-07-24T13:14:34+00:00</time>
      </trkpt>
      <trkpt lat="43.85346" lon="7.27281">
        <ele>1197</ele>
        <time>2026-07-24T13:14:37+00:00</time>
      </trkpt>
      <trkpt lat="43.85337" lon="7.27291">
        <ele>1197</ele>
        <time>2026-07-24T13:14:40+00:00</time>
      </trkpt>
      <trkpt lat="43.85323" lon="7.27292">
        <ele>1197</ele>
        <time>2026-07-24T13:14:43+00:00</time>
      </trkpt>
      <trkpt lat="43.85314" lon="7.2729">
        <ele>1192</ele>
        <time>2026-07-24T13:14:46+00:00</time>
      </trkpt>
      <trkpt lat="43.85291" lon="7.27296">
        <ele>1187</ele>
        <time>2026-07-24T13:14:49+00:00</time>
      </trkpt>
      <trkpt lat="43.85262" lon="7.27303">
        <ele>1183</ele>
        <time>2026-07-24T13:14:52+00:00</time>
      </trkpt>
      <trkpt lat="43.85255" lon="7.27297">
        <ele>1181</ele>
        <time>2026-07-24T13:14:55+00:00</time>
      </trkpt>
      <trkpt lat="43.85242" lon="7.27293">
        <ele>1181</ele>
        <time>2026-07-24T13:14:58+00:00</time>
      </trkpt>
      <trkpt lat="43.85225" lon="7.27295">
        <ele>1177</ele>
        <time>2026-07-24T13:15:01+00:00</time>
      </trkpt>
      <trkpt lat="43.85213" lon="7.27291">
        <ele>1177</ele>
        <time>2026-07-24T13:15:04+00:00</time>
      </trkpt>
      <trkpt lat="43.85189" lon="7.27299">
        <ele>1172</ele>
        <time>2026-07-24T13:15:07+00:00</time>
      </trkpt>
      <trkpt lat="43.85187" lon="7.27295">
        <ele>1172</ele>
        <time>2026-07-24T13:15:10+00:00</time>
      </trkpt>
      <trkpt lat="43.85181" lon="7.27297">
        <ele>1172</ele>
        <time>2026-07-24T13:15:13+00:00</time>
      </trkpt>
      <trkpt lat="43.85172" lon="7.27295">
        <ele>1172</ele>
        <time>2026-07-24T13:15:16+00:00</time>
      </trkpt>
      <trkpt lat="43.85156" lon="7.27295">
        <ele>1172</ele>
        <time>2026-07-24T13:15:19+00:00</time>
      </trkpt>
      <trkpt lat="43.85132" lon="7.27307">
        <ele>1172</ele>
        <time>2026-07-24T13:15:22+00:00</time>
      </trkpt>
      <trkpt lat="43.85118" lon="7.27301">
        <ele>1165</ele>
        <time>2026-07-24T13:15:25+00:00</time>
      </trkpt>
      <trkpt lat="43.85101" lon="7.27297">
        <ele>1160</ele>
        <time>2026-07-24T13:15:28+00:00</time>
      </trkpt>
      <trkpt lat="43.8508" lon="7.27298">
        <ele>1159</ele>
        <time>2026-07-24T13:15:31+00:00</time>
      </trkpt>
      <trkpt lat="43.85047" lon="7.27283">
        <ele>1152</ele>
        <time>2026-07-24T13:15:34+00:00</time>
      </trkpt>
      <trkpt lat="43.8503" lon="7.27283">
        <ele>1152</ele>
        <time>2026-07-24T13:15:37+00:00</time>
      </trkpt>
      <trkpt lat="43.85013" lon="7.27292">
        <ele>1149</ele>
        <time>2026-07-24T13:15:40+00:00</time>
      </trkpt>
      <trkpt lat="43.85" lon="7.27289">
        <ele>1149</ele>
        <time>2026-07-24T13:15:43+00:00</time>
      </trkpt>
      <trkpt lat="43.84986" lon="7.273">
        <ele>1148</ele>
        <time>2026-07-24T13:15:46+00:00</time>
      </trkpt>
      <trkpt lat="43.84961" lon="7.27298">
        <ele>1148</ele>
        <time>2026-07-24T13:15:49+00:00</time>
      </trkpt>
      <trkpt lat="43.84934" lon="7.27295">
        <ele>1135</ele>
        <time>2026-07-24T13:15:52+00:00</time>
      </trkpt>
      <trkpt lat="43.84913" lon="7.27283">
        <ele>1135</ele>
        <time>2026-07-24T13:15:55+00:00</time>
      </trkpt>
      <trkpt lat="43.84908" lon="7.27288">
        <ele>1131</ele>
        <time>2026-07-24T13:15:58+00:00</time>
      </trkpt>
      <trkpt lat="43.84872" lon="7.27273">
        <ele>1123</ele>
        <time>2026-07-24T13:16:01+00:00</time>
      </trkpt>
      <trkpt lat="43.84847" lon="7.2727">
        <ele>1120</ele>
        <time>2026-07-24T13:16:04+00:00</time>
      </trkpt>
      <trkpt lat="43.84823" lon="7.27276">
        <ele>1118</ele>
        <time>2026-07-24T13:16:07+00:00</time>
      </trkpt>
      <trkpt lat="43.84798" lon="7.27283">
        <ele>1107</ele>
        <time>2026-07-24T13:16:10+00:00</time>
      </trkpt>
      <trkpt lat="43.84771" lon="7.2728">
        <ele>1107</ele>
        <time>2026-07-24T13:16:13+00:00</time>
      </trkpt>
      <trkpt lat="43.84739" lon="7.27276">
        <ele>1101</ele>
        <time>2026-07-24T13:16:16+00:00</time>
      </trkpt>
      <trkpt lat="43.84715" lon="7.27267">
        <ele>1101</ele>
        <time>2026-07-24T13:16:19+00:00</time>
      </trkpt>
      <trkpt lat="43.8469" lon="7.27257">
        <ele>1095</ele>
        <time>2026-07-24T13:16:22+00:00</time>
      </trkpt>
      <trkpt lat="43.84683" lon="7.27245">
        <ele>1089</ele>
        <time>2026-07-24T13:16:25+00:00</time>
      </trkpt>
      <trkpt lat="43.84675" lon="7.27271">
        <ele>1090</ele>
        <time>2026-07-24T13:16:28+00:00</time>
      </trkpt>
      <trkpt lat="43.84662" lon="7.27262">
        <ele>1089</ele>
        <time>2026-07-24T13:16:31+00:00</time>
      </trkpt>
      <trkpt lat="43.84647" lon="7.27264">
        <ele>1080</ele>
        <time>2026-07-24T13:16:34+00:00</time>
      </trkpt>
      <trkpt lat="43.84641" lon="7.27288">
        <ele>1082</ele>
        <time>2026-07-24T13:16:37+00:00</time>
      </trkpt>
      <trkpt lat="43.84618" lon="7.27284">
        <ele>1080</ele>
        <time>2026-07-24T13:16:40+00:00</time>
      </trkpt>
      <trkpt lat="43.84583" lon="7.27277">
        <ele>1081</ele>
        <time>2026-07-24T13:16:43+00:00</time>
      </trkpt>
      <trkpt lat="43.84575" lon="7.27282">
        <ele>1081</ele>
        <time>2026-07-24T13:16:46+00:00</time>
      </trkpt>
      <trkpt lat="43.84556" lon="7.27248">
        <ele>1078</ele>
        <time>2026-07-24T13:16:49+00:00</time>
      </trkpt>
      <trkpt lat="43.84554" lon="7.2722">
        <ele>1075</ele>
        <time>2026-07-24T13:16:52+00:00</time>
      </trkpt>
      <trkpt lat="43.84545" lon="7.2722">
        <ele>1074</ele>
        <time>2026-07-24T13:16:55+00:00</time>
      </trkpt>
      <trkpt lat="43.84524" lon="7.27197">
        <ele>1067</ele>
        <time>2026-07-24T13:16:58+00:00</time>
      </trkpt>
      <trkpt lat="43.84514" lon="7.272">
        <ele>1056</ele>
        <time>2026-07-24T13:17:01+00:00</time>
      </trkpt>
      <trkpt lat="43.84511" lon="7.27214">
        <ele>1065</ele>
        <time>2026-07-24T13:17:04+00:00</time>
      </trkpt>
      <trkpt lat="43.8448" lon="7.27222">
        <ele>1061</ele>
        <time>2026-07-24T13:17:07+00:00</time>
      </trkpt>
      <trkpt lat="43.84432" lon="7.27216">
        <ele>1054</ele>
        <time>2026-07-24T13:17:10+00:00</time>
      </trkpt>
      <trkpt lat="43.84407" lon="7.2722">
        <ele>1051</ele>
        <time>2026-07-24T13:17:13+00:00</time>
      </trkpt>
      <trkpt lat="43.8438" lon="7.27225">
        <ele>1045</ele>
        <time>2026-07-24T13:17:16+00:00</time>
      </trkpt>
      <trkpt lat="43.84353" lon="7.27239">
        <ele>1045</ele>
        <time>2026-07-24T13:17:19+00:00</time>
      </trkpt>
      <trkpt lat="43.84346" lon="7.27236">
        <ele>1035</ele>
        <time>2026-07-24T13:17:22+00:00</time>
      </trkpt>
      <trkpt lat="43.84323" lon="7.27263">
        <ele>1044</ele>
        <time>2026-07-24T13:17:25+00:00</time>
      </trkpt>
      <trkpt lat="43.84299" lon="7.2729">
        <ele>1040</ele>
        <time>2026-07-24T13:17:28+00:00</time>
      </trkpt>
      <trkpt lat="43.84274" lon="7.27319">
        <ele>1036</ele>
        <time>2026-07-24T13:17:31+00:00</time>
      </trkpt>
      <trkpt lat="43.84269" lon="7.27318">
        <ele>1025</ele>
        <time>2026-07-24T13:17:34+00:00</time>
      </trkpt>
      <trkpt lat="43.84266" lon="7.27328">
        <ele>1025</ele>
        <time>2026-07-24T13:17:37+00:00</time>
      </trkpt>
      <trkpt lat="43.84257" lon="7.27324">
        <ele>1025</ele>
        <time>2026-07-24T13:17:40+00:00</time>
      </trkpt>
      <trkpt lat="43.84252" lon="7.27348">
        <ele>1025</ele>
        <time>2026-07-24T13:17:43+00:00</time>
      </trkpt>
      <trkpt lat="43.84243" lon="7.27348">
        <ele>1025</ele>
        <time>2026-07-24T13:17:46+00:00</time>
      </trkpt>
      <trkpt lat="43.84236" lon="7.27362">
        <ele>1016</ele>
        <time>2026-07-24T13:17:49+00:00</time>
      </trkpt>
      <trkpt lat="43.84224" lon="7.27351">
        <ele>1016</ele>
        <time>2026-07-24T13:17:52+00:00</time>
      </trkpt>
      <trkpt lat="43.84219" lon="7.27359">
        <ele>1016</ele>
        <time>2026-07-24T13:17:55+00:00</time>
      </trkpt>
      <trkpt lat="43.84199" lon="7.27348">
        <ele>1004</ele>
        <time>2026-07-24T13:17:58+00:00</time>
      </trkpt>
      <trkpt lat="43.84178" lon="7.27337">
        <ele>983</ele>
        <time>2026-07-24T13:18:01+00:00</time>
      </trkpt>
      <trkpt lat="43.8415" lon="7.2733">
        <ele>975</ele>
        <time>2026-07-24T13:18:04+00:00</time>
      </trkpt>
      <trkpt lat="43.84142" lon="7.27341">
        <ele>975</ele>
        <time>2026-07-24T13:18:07+00:00</time>
      </trkpt>
      <trkpt lat="43.84134" lon="7.27339">
        <ele>975</ele>
        <time>2026-07-24T13:18:10+00:00</time>
      </trkpt>
      <trkpt lat="43.84116" lon="7.27318">
        <ele>967</ele>
        <time>2026-07-24T13:18:13+00:00</time>
      </trkpt>
      <trkpt lat="43.84073" lon="7.27312">
        <ele>962</ele>
        <time>2026-07-24T13:18:16+00:00</time>
      </trkpt>
      <trkpt lat="43.84039" lon="7.27323">
        <ele>961</ele>
        <time>2026-07-24T13:18:19+00:00</time>
      </trkpt>
      <trkpt lat="43.84019" lon="7.27337">
        <ele>953</ele>
        <time>2026-07-24T13:18:22+00:00</time>
      </trkpt>
      <trkpt lat="43.83982" lon="7.27338">
        <ele>942</ele>
        <time>2026-07-24T13:18:25+00:00</time>
      </trkpt>
      <trkpt lat="43.83963" lon="7.27349">
        <ele>942</ele>
        <time>2026-07-24T13:18:28+00:00</time>
      </trkpt>
      <trkpt lat="43.8395" lon="7.27342">
        <ele>937</ele>
        <time>2026-07-24T13:18:31+00:00</time>
      </trkpt>
      <trkpt lat="43.8394" lon="7.27349">
        <ele>938</ele>
        <time>2026-07-24T13:18:34+00:00</time>
      </trkpt>
      <trkpt lat="43.83936" lon="7.27343">
        <ele>929</ele>
        <time>2026-07-24T13:18:37+00:00</time>
      </trkpt>
      <trkpt lat="43.83928" lon="7.27345">
        <ele>929</ele>
        <time>2026-07-24T13:18:40+00:00</time>
      </trkpt>
      <trkpt lat="43.83916" lon="7.27371">
        <ele>934</ele>
        <time>2026-07-24T13:18:43+00:00</time>
      </trkpt>
      <trkpt lat="43.83913" lon="7.27362">
        <ele>934</ele>
        <time>2026-07-24T13:18:46+00:00</time>
      </trkpt>
      <trkpt lat="43.83882" lon="7.27381">
        <ele>923</ele>
        <time>2026-07-24T13:18:49+00:00</time>
      </trkpt>
      <trkpt lat="43.83857" lon="7.27369">
        <ele>919</ele>
        <time>2026-07-24T13:18:52+00:00</time>
      </trkpt>
      <trkpt lat="43.83844" lon="7.27338">
        <ele>916</ele>
        <time>2026-07-24T13:18:55+00:00</time>
      </trkpt>
      <trkpt lat="43.83847" lon="7.27301">
        <ele>911</ele>
        <time>2026-07-24T13:18:58+00:00</time>
      </trkpt>
      <trkpt lat="43.83851" lon="7.27256">
        <ele>899</ele>
        <time>2026-07-24T13:19:01+00:00</time>
      </trkpt>
      <trkpt lat="43.83846" lon="7.27226">
        <ele>887</ele>
        <time>2026-07-24T13:19:04+00:00</time>
      </trkpt>
      <trkpt lat="43.83862" lon="7.27189">
        <ele>881</ele>
        <time>2026-07-24T13:19:07+00:00</time>
      </trkpt>
      <trkpt lat="43.83885" lon="7.27161">
        <ele>875</ele>
        <time>2026-07-24T13:19:10+00:00</time>
      </trkpt>
      <trkpt lat="43.83924" lon="7.27113">
        <ele>862</ele>
        <time>2026-07-24T13:19:13+00:00</time>
      </trkpt>
      <trkpt lat="43.8392" lon="7.27109">
        <ele>862</ele>
        <time>2026-07-24T13:19:16+00:00</time>
      </trkpt>
      <trkpt lat="43.83944" lon="7.27086">
        <ele>862</ele>
        <time>2026-07-24T13:19:19+00:00</time>
      </trkpt>
      <trkpt lat="43.83913" lon="7.27101">
        <ele>862</ele>
        <time>2026-07-24T13:19:22+00:00</time>
      </trkpt>
      <trkpt lat="43.83882" lon="7.27116">
        <ele>867</ele>
        <time>2026-07-24T13:19:25+00:00</time>
      </trkpt>
      <trkpt lat="43.8385" lon="7.27131">
        <ele>866</ele>
        <time>2026-07-24T13:19:28+00:00</time>
      </trkpt>
      <trkpt lat="43.83826" lon="7.27127">
        <ele>867</ele>
        <time>2026-07-24T13:19:31+00:00</time>
      </trkpt>
      <trkpt lat="43.83811" lon="7.27105">
        <ele>865</ele>
        <time>2026-07-24T13:19:34+00:00</time>
      </trkpt>
      <trkpt lat="43.83794" lon="7.27093">
        <ele>863</ele>
        <time>2026-07-24T13:19:37+00:00</time>
      </trkpt>
      <trkpt lat="43.83779" lon="7.27089">
        <ele>865</ele>
        <time>2026-07-24T13:19:40+00:00</time>
      </trkpt>
      <trkpt lat="43.83765" lon="7.27086">
        <ele>866</ele>
        <time>2026-07-24T13:19:43+00:00</time>
      </trkpt>
      <trkpt lat="43.83747" lon="7.27089">
        <ele>866</ele>
        <time>2026-07-24T13:19:46+00:00</time>
      </trkpt>
      <trkpt lat="43.83725" lon="7.27087">
        <ele>875</ele>
        <time>2026-07-24T13:19:49+00:00</time>
      </trkpt>
      <trkpt lat="43.83709" lon="7.27092">
        <ele>880</ele>
        <time>2026-07-24T13:19:52+00:00</time>
      </trkpt>
      <trkpt lat="43.83694" lon="7.27106">
        <ele>878</ele>
        <time>2026-07-24T13:19:55+00:00</time>
      </trkpt>
      <trkpt lat="43.83649" lon="7.27118">
        <ele>881</ele>
        <time>2026-07-24T13:19:58+00:00</time>
      </trkpt>
      <trkpt lat="43.83623" lon="7.27137">
        <ele>883</ele>
        <time>2026-07-24T13:20:01+00:00</time>
      </trkpt>
      <trkpt lat="43.83581" lon="7.27166">
        <ele>883</ele>
        <time>2026-07-24T13:20:04+00:00</time>
      </trkpt>
      <trkpt lat="43.83558" lon="7.27156">
        <ele>884</ele>
        <time>2026-07-24T13:20:07+00:00</time>
      </trkpt>
      <trkpt lat="43.83531" lon="7.2716">
        <ele>888</ele>
        <time>2026-07-24T13:20:10+00:00</time>
      </trkpt>
      <trkpt lat="43.835" lon="7.27164">
        <ele>888</ele>
        <time>2026-07-24T13:20:13+00:00</time>
      </trkpt>
      <trkpt lat="43.83471" lon="7.27181">
        <ele>892</ele>
        <time>2026-07-24T13:20:16+00:00</time>
      </trkpt>
      <trkpt lat="43.83421" lon="7.27211">
        <ele>889</ele>
        <time>2026-07-24T13:20:19+00:00</time>
      </trkpt>
      <trkpt lat="43.83401" lon="7.27239">
        <ele>886</ele>
        <time>2026-07-24T13:20:22+00:00</time>
      </trkpt>
      <trkpt lat="43.8337" lon="7.2728">
        <ele>887</ele>
        <time>2026-07-24T13:20:25+00:00</time>
      </trkpt>
      <trkpt lat="43.83358" lon="7.27314">
        <ele>882</ele>
        <time>2026-07-24T13:20:28+00:00</time>
      </trkpt>
      <trkpt lat="43.83349" lon="7.27323">
        <ele>878</ele>
        <time>2026-07-24T13:20:31+00:00</time>
      </trkpt>
      <trkpt lat="43.83337" lon="7.27341">
        <ele>884</ele>
        <time>2026-07-24T13:20:34+00:00</time>
      </trkpt>
      <trkpt lat="43.83332" lon="7.27361">
        <ele>885</ele>
        <time>2026-07-24T13:20:37+00:00</time>
      </trkpt>
      <trkpt lat="43.83328" lon="7.27392">
        <ele>886</ele>
        <time>2026-07-24T13:20:40+00:00</time>
      </trkpt>
      <trkpt lat="43.83337" lon="7.27397">
        <ele>886</ele>
        <time>2026-07-24T13:20:43+00:00</time>
      </trkpt>
      <trkpt lat="43.8335" lon="7.27392">
        <ele>886</ele>
        <time>2026-07-24T13:20:46+00:00</time>
      </trkpt>
      <trkpt lat="43.83373" lon="7.27389">
        <ele>892</ele>
        <time>2026-07-24T13:20:49+00:00</time>
      </trkpt>
      <trkpt lat="43.83384" lon="7.2739">
        <ele>898</ele>
        <time>2026-07-24T13:20:52+00:00</time>
      </trkpt>
      <trkpt lat="43.83402" lon="7.27387">
        <ele>898</ele>
        <time>2026-07-24T13:20:55+00:00</time>
      </trkpt>
      <trkpt lat="43.83419" lon="7.27392">
        <ele>906</ele>
        <time>2026-07-24T13:20:58+00:00</time>
      </trkpt>
      <trkpt lat="43.83421" lon="7.27397">
        <ele>893</ele>
        <time>2026-07-24T13:21:01+00:00</time>
      </trkpt>
      <trkpt lat="43.8342" lon="7.27401">
        <ele>906</ele>
        <time>2026-07-24T13:21:04+00:00</time>
      </trkpt>
      <trkpt lat="43.83409" lon="7.27411">
        <ele>889</ele>
        <time>2026-07-24T13:21:07+00:00</time>
      </trkpt>
      <trkpt lat="43.83408" lon="7.27417">
        <ele>889</ele>
        <time>2026-07-24T13:21:10+00:00</time>
      </trkpt>
      <trkpt lat="43.83417" lon="7.27435">
        <ele>896</ele>
        <time>2026-07-24T13:21:13+00:00</time>
      </trkpt>
      <trkpt lat="43.83424" lon="7.27442">
        <ele>884</ele>
        <time>2026-07-24T13:21:16+00:00</time>
      </trkpt>
      <trkpt lat="43.8342" lon="7.27455">
        <ele>884</ele>
        <time>2026-07-24T13:21:19+00:00</time>
      </trkpt>
      <trkpt lat="43.8342" lon="7.27464">
        <ele>865</ele>
        <time>2026-07-24T13:21:22+00:00</time>
      </trkpt>
      <trkpt lat="43.83428" lon="7.27484">
        <ele>865</ele>
        <time>2026-07-24T13:21:25+00:00</time>
      </trkpt>
      <trkpt lat="43.83434" lon="7.2749">
        <ele>853</ele>
        <time>2026-07-24T13:21:28+00:00</time>
      </trkpt>
      <trkpt lat="43.83449" lon="7.27501">
        <ele>855</ele>
        <time>2026-07-24T13:21:31+00:00</time>
      </trkpt>
      <trkpt lat="43.83445" lon="7.27521">
        <ele>851</ele>
        <time>2026-07-24T13:21:34+00:00</time>
      </trkpt>
      <trkpt lat="43.83439" lon="7.27528">
        <ele>854</ele>
        <time>2026-07-24T13:21:37+00:00</time>
      </trkpt>
      <trkpt lat="43.83426" lon="7.27527">
        <ele>848</ele>
        <time>2026-07-24T13:21:40+00:00</time>
      </trkpt>
      <trkpt lat="43.83412" lon="7.27518">
        <ele>853</ele>
        <time>2026-07-24T13:21:43+00:00</time>
      </trkpt>
      <trkpt lat="43.83406" lon="7.27518">
        <ele>843</ele>
        <time>2026-07-24T13:21:46+00:00</time>
      </trkpt>
      <trkpt lat="43.83401" lon="7.27524">
        <ele>837</ele>
        <time>2026-07-24T13:21:49+00:00</time>
      </trkpt>
      <trkpt lat="43.83396" lon="7.27524">
        <ele>837</ele>
        <time>2026-07-24T13:21:52+00:00</time>
      </trkpt>
      <trkpt lat="43.83374" lon="7.27517">
        <ele>842</ele>
        <time>2026-07-24T13:21:55+00:00</time>
      </trkpt>
      <trkpt lat="43.83366" lon="7.27512">
        <ele>842</ele>
        <time>2026-07-24T13:21:58+00:00</time>
      </trkpt>
      <trkpt lat="43.8336" lon="7.27512">
        <ele>842</ele>
        <time>2026-07-24T13:22:01+00:00</time>
      </trkpt>
      <trkpt lat="43.83352" lon="7.27524">
        <ele>840</ele>
        <time>2026-07-24T13:22:04+00:00</time>
      </trkpt>
      <trkpt lat="43.83346" lon="7.2753">
        <ele>834</ele>
        <time>2026-07-24T13:22:07+00:00</time>
      </trkpt>
      <trkpt lat="43.83339" lon="7.27531">
        <ele>834</ele>
        <time>2026-07-24T13:22:10+00:00</time>
      </trkpt>
      <trkpt lat="43.83319" lon="7.27526">
        <ele>843</ele>
        <time>2026-07-24T13:22:13+00:00</time>
      </trkpt>
      <trkpt lat="43.83303" lon="7.27531">
        <ele>839</ele>
        <time>2026-07-24T13:22:16+00:00</time>
      </trkpt>
      <trkpt lat="43.83294" lon="7.27545">
        <ele>833</ele>
        <time>2026-07-24T13:22:19+00:00</time>
      </trkpt>
      <trkpt lat="43.83283" lon="7.2758">
        <ele>823</ele>
        <time>2026-07-24T13:22:22+00:00</time>
      </trkpt>
      <trkpt lat="43.8327" lon="7.27606">
        <ele>827</ele>
        <time>2026-07-24T13:22:25+00:00</time>
      </trkpt>
      <trkpt lat="43.83236" lon="7.27608">
        <ele>831</ele>
        <time>2026-07-24T13:22:28+00:00</time>
      </trkpt>
      <trkpt lat="43.83223" lon="7.27604">
        <ele>831</ele>
        <time>2026-07-24T13:22:31+00:00</time>
      </trkpt>
      <trkpt lat="43.83205" lon="7.27604">
        <ele>838</ele>
        <time>2026-07-24T13:22:34+00:00</time>
      </trkpt>
      <trkpt lat="43.83194" lon="7.27608">
        <ele>846</ele>
        <time>2026-07-24T13:22:37+00:00</time>
      </trkpt>
      <trkpt lat="43.83183" lon="7.27635">
        <ele>838</ele>
        <time>2026-07-24T13:22:40+00:00</time>
      </trkpt>
      <trkpt lat="43.8318" lon="7.2766">
        <ele>845</ele>
        <time>2026-07-24T13:22:43+00:00</time>
      </trkpt>
      <trkpt lat="43.83175" lon="7.27677">
        <ele>839</ele>
        <time>2026-07-24T13:22:46+00:00</time>
      </trkpt>
      <trkpt lat="43.8314" lon="7.27721">
        <ele>842</ele>
        <time>2026-07-24T13:22:49+00:00</time>
      </trkpt>
      <trkpt lat="43.83118" lon="7.27741">
        <ele>850</ele>
        <time>2026-07-24T13:22:52+00:00</time>
      </trkpt>
      <trkpt lat="43.83103" lon="7.27759">
        <ele>850</ele>
        <time>2026-07-24T13:22:55+00:00</time>
      </trkpt>
      <trkpt lat="43.83099" lon="7.27763">
        <ele>849</ele>
        <time>2026-07-24T13:22:58+00:00</time>
      </trkpt>
      <trkpt lat="43.83071" lon="7.27763">
        <ele>852</ele>
        <time>2026-07-24T13:23:01+00:00</time>
      </trkpt>
      <trkpt lat="43.83028" lon="7.27763">
        <ele>855</ele>
        <time>2026-07-24T13:23:04+00:00</time>
      </trkpt>
      <trkpt lat="43.83013" lon="7.2777">
        <ele>858</ele>
        <time>2026-07-24T13:23:07+00:00</time>
      </trkpt>
      <trkpt lat="43.82994" lon="7.27785">
        <ele>858</ele>
        <time>2026-07-24T13:23:10+00:00</time>
      </trkpt>
      <trkpt lat="43.82969" lon="7.27807">
        <ele>859</ele>
        <time>2026-07-24T13:23:13+00:00</time>
      </trkpt>
      <trkpt lat="43.82953" lon="7.27812">
        <ele>864</ele>
        <time>2026-07-24T13:23:16+00:00</time>
      </trkpt>
      <trkpt lat="43.82928" lon="7.27828">
        <ele>860</ele>
        <time>2026-07-24T13:23:19+00:00</time>
      </trkpt>
      <trkpt lat="43.82901" lon="7.27838">
        <ele>868</ele>
        <time>2026-07-24T13:23:22+00:00</time>
      </trkpt>
      <trkpt lat="43.82873" lon="7.27841">
        <ele>867</ele>
        <time>2026-07-24T13:23:25+00:00</time>
      </trkpt>
      <trkpt lat="43.82834" lon="7.27845">
        <ele>867</ele>
        <time>2026-07-24T13:23:28+00:00</time>
      </trkpt>
      <trkpt lat="43.82795" lon="7.27843">
        <ele>859</ele>
        <time>2026-07-24T13:23:31+00:00</time>
      </trkpt>
      <trkpt lat="43.8276" lon="7.27854">
        <ele>861</ele>
        <time>2026-07-24T13:23:34+00:00</time>
      </trkpt>
      <trkpt lat="43.82747" lon="7.27852">
        <ele>857</ele>
        <time>2026-07-24T13:23:37+00:00</time>
      </trkpt>
      <trkpt lat="43.82734" lon="7.27829">
        <ele>860</ele>
        <time>2026-07-24T13:23:40+00:00</time>
      </trkpt>
      <trkpt lat="43.82732" lon="7.27821">
        <ele>863</ele>
        <time>2026-07-24T13:23:43+00:00</time>
      </trkpt>
      <trkpt lat="43.82731" lon="7.27799">
        <ele>860</ele>
        <time>2026-07-24T13:23:46+00:00</time>
      </trkpt>
      <trkpt lat="43.82719" lon="7.27769">
        <ele>860</ele>
        <time>2026-07-24T13:23:49+00:00</time>
      </trkpt>
      <trkpt lat="43.8272" lon="7.27751">
        <ele>860</ele>
        <time>2026-07-24T13:23:52+00:00</time>
      </trkpt>
      <trkpt lat="43.82717" lon="7.27731">
        <ele>863</ele>
        <time>2026-07-24T13:23:55+00:00</time>
      </trkpt>
      <trkpt lat="43.82719" lon="7.27715">
        <ele>863</ele>
        <time>2026-07-24T13:23:58+00:00</time>
      </trkpt>
      <trkpt lat="43.8271" lon="7.27704">
        <ele>864</ele>
        <time>2026-07-24T13:24:01+00:00</time>
      </trkpt>
      <trkpt lat="43.82699" lon="7.277">
        <ele>863</ele>
        <time>2026-07-24T13:24:04+00:00</time>
      </trkpt>
      <trkpt lat="43.82674" lon="7.27706">
        <ele>859</ele>
        <time>2026-07-24T13:24:07+00:00</time>
      </trkpt>
      <trkpt lat="43.82659" lon="7.27713">
        <ele>854</ele>
        <time>2026-07-24T13:24:10+00:00</time>
      </trkpt>
      <trkpt lat="43.82635" lon="7.27718">
        <ele>861</ele>
        <time>2026-07-24T13:24:13+00:00</time>
      </trkpt>
      <trkpt lat="43.82611" lon="7.27706">
        <ele>864</ele>
        <time>2026-07-24T13:24:16+00:00</time>
      </trkpt>
      <trkpt lat="43.82585" lon="7.27693">
        <ele>873</ele>
        <time>2026-07-24T13:24:19+00:00</time>
      </trkpt>
      <trkpt lat="43.82573" lon="7.2769">
        <ele>876</ele>
        <time>2026-07-24T13:24:22+00:00</time>
      </trkpt>
      <trkpt lat="43.8256" lon="7.27695">
        <ele>879</ele>
        <time>2026-07-24T13:24:25+00:00</time>
      </trkpt>
      <trkpt lat="43.82539" lon="7.27716">
        <ele>884</ele>
        <time>2026-07-24T13:24:28+00:00</time>
      </trkpt>
      <trkpt lat="43.82515" lon="7.27739">
        <ele>886</ele>
        <time>2026-07-24T13:24:31+00:00</time>
      </trkpt>
      <trkpt lat="43.82496" lon="7.27746">
        <ele>888</ele>
        <time>2026-07-24T13:24:34+00:00</time>
      </trkpt>
      <trkpt lat="43.82479" lon="7.27762">
        <ele>889</ele>
        <time>2026-07-24T13:24:37+00:00</time>
      </trkpt>
      <trkpt lat="43.82461" lon="7.27774">
        <ele>890</ele>
        <time>2026-07-24T13:24:40+00:00</time>
      </trkpt>
      <trkpt lat="43.82445" lon="7.27779">
        <ele>897</ele>
        <time>2026-07-24T13:24:43+00:00</time>
      </trkpt>
      <trkpt lat="43.82439" lon="7.27786">
        <ele>899</ele>
        <time>2026-07-24T13:24:46+00:00</time>
      </trkpt>
      <trkpt lat="43.8243" lon="7.27784">
        <ele>899</ele>
        <time>2026-07-24T13:24:49+00:00</time>
      </trkpt>
      <trkpt lat="43.82426" lon="7.27774">
        <ele>899</ele>
        <time>2026-07-24T13:24:52+00:00</time>
      </trkpt>
      <trkpt lat="43.8241" lon="7.27779">
        <ele>899</ele>
        <time>2026-07-24T13:24:55+00:00</time>
      </trkpt>
      <trkpt lat="43.82395" lon="7.27783">
        <ele>890</ele>
        <time>2026-07-24T13:24:58+00:00</time>
      </trkpt>
      <trkpt lat="43.82388" lon="7.27783">
        <ele>890</ele>
        <time>2026-07-24T13:25:01+00:00</time>
      </trkpt>
      <trkpt lat="43.82381" lon="7.27777">
        <ele>890</ele>
        <time>2026-07-24T13:25:04+00:00</time>
      </trkpt>
      <trkpt lat="43.82375" lon="7.27768">
        <ele>883</ele>
        <time>2026-07-24T13:25:07+00:00</time>
      </trkpt>
      <trkpt lat="43.82371" lon="7.27767">
        <ele>883</ele>
        <time>2026-07-24T13:25:10+00:00</time>
      </trkpt>
      <trkpt lat="43.8236" lon="7.27768">
        <ele>883</ele>
        <time>2026-07-24T13:25:13+00:00</time>
      </trkpt>
      <trkpt lat="43.82349" lon="7.27781">
        <ele>883</ele>
        <time>2026-07-24T13:25:16+00:00</time>
      </trkpt>
      <trkpt lat="43.8234" lon="7.27785">
        <ele>883</ele>
        <time>2026-07-24T13:25:19+00:00</time>
      </trkpt>
      <trkpt lat="43.82325" lon="7.27779">
        <ele>883</ele>
        <time>2026-07-24T13:25:22+00:00</time>
      </trkpt>
      <trkpt lat="43.82307" lon="7.2778">
        <ele>880</ele>
        <time>2026-07-24T13:25:25+00:00</time>
      </trkpt>
      <trkpt lat="43.8229" lon="7.27776">
        <ele>870</ele>
        <time>2026-07-24T13:25:28+00:00</time>
      </trkpt>
      <trkpt lat="43.82272" lon="7.27772">
        <ele>870</ele>
        <time>2026-07-24T13:25:31+00:00</time>
      </trkpt>
      <trkpt lat="43.82254" lon="7.27779">
        <ele>864</ele>
        <time>2026-07-24T13:25:34+00:00</time>
      </trkpt>
      <trkpt lat="43.82237" lon="7.27787">
        <ele>862</ele>
        <time>2026-07-24T13:25:37+00:00</time>
      </trkpt>
      <trkpt lat="43.82218" lon="7.27797">
        <ele>862</ele>
        <time>2026-07-24T13:25:40+00:00</time>
      </trkpt>
      <trkpt lat="43.822" lon="7.27798">
        <ele>863</ele>
        <time>2026-07-24T13:25:43+00:00</time>
      </trkpt>
      <trkpt lat="43.82183" lon="7.27807">
        <ele>861</ele>
        <time>2026-07-24T13:25:46+00:00</time>
      </trkpt>
      <trkpt lat="43.82168" lon="7.27808">
        <ele>861</ele>
        <time>2026-07-24T13:25:49+00:00</time>
      </trkpt>
      <trkpt lat="43.82164" lon="7.2781">
        <ele>861</ele>
        <time>2026-07-24T13:25:52+00:00</time>
      </trkpt>
      <trkpt lat="43.82148" lon="7.27827">
        <ele>854</ele>
        <time>2026-07-24T13:25:55+00:00</time>
      </trkpt>
      <trkpt lat="43.82128" lon="7.27843">
        <ele>853</ele>
        <time>2026-07-24T13:25:58+00:00</time>
      </trkpt>
      <trkpt lat="43.82115" lon="7.27868">
        <ele>853</ele>
        <time>2026-07-24T13:26:01+00:00</time>
      </trkpt>
      <trkpt lat="43.82094" lon="7.27879">
        <ele>858</ele>
        <time>2026-07-24T13:26:04+00:00</time>
      </trkpt>
      <trkpt lat="43.82076" lon="7.27894">
        <ele>860</ele>
        <time>2026-07-24T13:26:07+00:00</time>
      </trkpt>
      <trkpt lat="43.82065" lon="7.27913">
        <ele>867</ele>
        <time>2026-07-24T13:26:10+00:00</time>
      </trkpt>
      <trkpt lat="43.8206" lon="7.27919">
        <ele>867</ele>
        <time>2026-07-24T13:26:13+00:00</time>
      </trkpt>
      <trkpt lat="43.82041" lon="7.27927">
        <ele>870</ele>
        <time>2026-07-24T13:26:16+00:00</time>
      </trkpt>
      <trkpt lat="43.82015" lon="7.27946">
        <ele>870</ele>
        <time>2026-07-24T13:26:19+00:00</time>
      </trkpt>
      <trkpt lat="43.82004" lon="7.27961">
        <ele>873</ele>
        <time>2026-07-24T13:26:22+00:00</time>
      </trkpt>
      <trkpt lat="43.81997" lon="7.27985">
        <ele>873</ele>
        <time>2026-07-24T13:26:25+00:00</time>
      </trkpt>
      <trkpt lat="43.81987" lon="7.27996">
        <ele>878</ele>
        <time>2026-07-24T13:26:28+00:00</time>
      </trkpt>
      <trkpt lat="43.81983" lon="7.28013">
        <ele>878</ele>
        <time>2026-07-24T13:26:31+00:00</time>
      </trkpt>
      <trkpt lat="43.81972" lon="7.28032">
        <ele>882</ele>
        <time>2026-07-24T13:26:34+00:00</time>
      </trkpt>
      <trkpt lat="43.81951" lon="7.28048">
        <ele>882</ele>
        <time>2026-07-24T13:26:37+00:00</time>
      </trkpt>
      <trkpt lat="43.81943" lon="7.28064">
        <ele>886</ele>
        <time>2026-07-24T13:26:40+00:00</time>
      </trkpt>
      <trkpt lat="43.81929" lon="7.28075">
        <ele>883</ele>
        <time>2026-07-24T13:26:43+00:00</time>
      </trkpt>
      <trkpt lat="43.819" lon="7.28109">
        <ele>883</ele>
        <time>2026-07-24T13:26:46+00:00</time>
      </trkpt>
      <trkpt lat="43.81892" lon="7.28113">
        <ele>885</ele>
        <time>2026-07-24T13:26:49+00:00</time>
      </trkpt>
      <trkpt lat="43.8188" lon="7.28116">
        <ele>884</ele>
        <time>2026-07-24T13:26:52+00:00</time>
      </trkpt>
      <trkpt lat="43.81877" lon="7.28127">
        <ele>884</ele>
        <time>2026-07-24T13:26:55+00:00</time>
      </trkpt>
      <trkpt lat="43.81871" lon="7.28133">
        <ele>887</ele>
        <time>2026-07-24T13:26:58+00:00</time>
      </trkpt>
      <trkpt lat="43.81848" lon="7.28144">
        <ele>890</ele>
        <time>2026-07-24T13:27:01+00:00</time>
      </trkpt>
      <trkpt lat="43.81827" lon="7.28145">
        <ele>890</ele>
        <time>2026-07-24T13:27:04+00:00</time>
      </trkpt>
      <trkpt lat="43.81805" lon="7.28152">
        <ele>892</ele>
        <time>2026-07-24T13:27:07+00:00</time>
      </trkpt>
      <trkpt lat="43.81778" lon="7.28147">
        <ele>893</ele>
        <time>2026-07-24T13:27:10+00:00</time>
      </trkpt>
      <trkpt lat="43.81768" lon="7.28148">
        <ele>895</ele>
        <time>2026-07-24T13:27:13+00:00</time>
      </trkpt>
      <trkpt lat="43.81752" lon="7.28156">
        <ele>892</ele>
        <time>2026-07-24T13:27:16+00:00</time>
      </trkpt>
      <trkpt lat="43.81707" lon="7.28157">
        <ele>891</ele>
        <time>2026-07-24T13:27:19+00:00</time>
      </trkpt>
      <trkpt lat="43.81689" lon="7.28165">
        <ele>887</ele>
        <time>2026-07-24T13:27:22+00:00</time>
      </trkpt>
      <trkpt lat="43.81675" lon="7.28175">
        <ele>887</ele>
        <time>2026-07-24T13:27:25+00:00</time>
      </trkpt>
      <trkpt lat="43.81661" lon="7.28175">
        <ele>887</ele>
        <time>2026-07-24T13:27:28+00:00</time>
      </trkpt>
      <trkpt lat="43.81659" lon="7.28178">
        <ele>882</ele>
        <time>2026-07-24T13:27:31+00:00</time>
      </trkpt>
      <trkpt lat="43.81644" lon="7.28183">
        <ele>882</ele>
        <time>2026-07-24T13:27:34+00:00</time>
      </trkpt>
      <trkpt lat="43.81621" lon="7.28184">
        <ele>879</ele>
        <time>2026-07-24T13:27:37+00:00</time>
      </trkpt>
      <trkpt lat="43.81604" lon="7.28195">
        <ele>878</ele>
        <time>2026-07-24T13:27:40+00:00</time>
      </trkpt>
      <trkpt lat="43.81588" lon="7.28199">
        <ele>871</ele>
        <time>2026-07-24T13:27:43+00:00</time>
      </trkpt>
      <trkpt lat="43.81574" lon="7.28212">
        <ele>870</ele>
        <time>2026-07-24T13:27:46+00:00</time>
      </trkpt>
      <trkpt lat="43.81558" lon="7.2822">
        <ele>871</ele>
        <time>2026-07-24T13:27:49+00:00</time>
      </trkpt>
      <trkpt lat="43.81541" lon="7.28228">
        <ele>872</ele>
        <time>2026-07-24T13:27:52+00:00</time>
      </trkpt>
      <trkpt lat="43.81516" lon="7.28258">
        <ele>877</ele>
        <time>2026-07-24T13:27:55+00:00</time>
      </trkpt>
      <trkpt lat="43.81504" lon="7.28257">
        <ele>877</ele>
        <time>2026-07-24T13:27:58+00:00</time>
      </trkpt>
      <trkpt lat="43.81494" lon="7.28263">
        <ele>877</ele>
        <time>2026-07-24T13:28:01+00:00</time>
      </trkpt>
      <trkpt lat="43.81465" lon="7.28254">
        <ele>877</ele>
        <time>2026-07-24T13:28:04+00:00</time>
      </trkpt>
      <trkpt lat="43.81453" lon="7.28253">
        <ele>871</ele>
        <time>2026-07-24T13:28:07+00:00</time>
      </trkpt>
      <trkpt lat="43.81433" lon="7.2826">
        <ele>871</ele>
        <time>2026-07-24T13:28:10+00:00</time>
      </trkpt>
      <trkpt lat="43.81411" lon="7.28267">
        <ele>871</ele>
        <time>2026-07-24T13:28:13+00:00</time>
      </trkpt>
      <trkpt lat="43.81403" lon="7.28268">
        <ele>869</ele>
        <time>2026-07-24T13:28:16+00:00</time>
      </trkpt>
      <trkpt lat="43.81398" lon="7.28264">
        <ele>869</ele>
        <time>2026-07-24T13:28:19+00:00</time>
      </trkpt>
      <trkpt lat="43.81392" lon="7.28249">
        <ele>869</ele>
        <time>2026-07-24T13:28:22+00:00</time>
      </trkpt>
      <trkpt lat="43.81386" lon="7.28233">
        <ele>870</ele>
        <time>2026-07-24T13:28:25+00:00</time>
      </trkpt>
      <trkpt lat="43.81366" lon="7.28222">
        <ele>864</ele>
        <time>2026-07-24T13:28:28+00:00</time>
      </trkpt>
      <trkpt lat="43.81363" lon="7.28212">
        <ele>864</ele>
        <time>2026-07-24T13:28:31+00:00</time>
      </trkpt>
      <trkpt lat="43.81349" lon="7.28204">
        <ele>858</ele>
        <time>2026-07-24T13:28:34+00:00</time>
      </trkpt>
      <trkpt lat="43.81337" lon="7.28178">
        <ele>853</ele>
        <time>2026-07-24T13:28:37+00:00</time>
      </trkpt>
      <trkpt lat="43.81329" lon="7.28147">
        <ele>851</ele>
        <time>2026-07-24T13:28:40+00:00</time>
      </trkpt>
      <trkpt lat="43.81323" lon="7.2814">
        <ele>851</ele>
        <time>2026-07-24T13:28:43+00:00</time>
      </trkpt>
      <trkpt lat="43.81308" lon="7.28141">
        <ele>844</ele>
        <time>2026-07-24T13:28:46+00:00</time>
      </trkpt>
      <trkpt lat="43.81307" lon="7.2813">
        <ele>844</ele>
        <time>2026-07-24T13:28:49+00:00</time>
      </trkpt>
      <trkpt lat="43.81311" lon="7.28091">
        <ele>844</ele>
        <time>2026-07-24T13:28:52+00:00</time>
      </trkpt>
      <trkpt lat="43.81293" lon="7.28109">
        <ele>838</ele>
        <time>2026-07-24T13:28:55+00:00</time>
      </trkpt>
      <trkpt lat="43.81276" lon="7.28109">
        <ele>838</ele>
        <time>2026-07-24T13:28:58+00:00</time>
      </trkpt>
      <trkpt lat="43.81253" lon="7.28122">
        <ele>833</ele>
        <time>2026-07-24T13:29:01+00:00</time>
      </trkpt>
      <trkpt lat="43.8123" lon="7.28132">
        <ele>831</ele>
        <time>2026-07-24T13:29:04+00:00</time>
      </trkpt>
      <trkpt lat="43.81206" lon="7.28141">
        <ele>828</ele>
        <time>2026-07-24T13:29:07+00:00</time>
      </trkpt>
      <trkpt lat="43.81176" lon="7.28161">
        <ele>820</ele>
        <time>2026-07-24T13:29:10+00:00</time>
      </trkpt>
      <trkpt lat="43.81158" lon="7.28175">
        <ele>815</ele>
        <time>2026-07-24T13:29:13+00:00</time>
      </trkpt>
      <trkpt lat="43.81166" lon="7.28197">
        <ele>818</ele>
        <time>2026-07-24T13:29:16+00:00</time>
      </trkpt>
      <trkpt lat="43.81148" lon="7.28218">
        <ele>812</ele>
        <time>2026-07-24T13:29:19+00:00</time>
      </trkpt>
      <trkpt lat="43.81127" lon="7.2823">
        <ele>808</ele>
        <time>2026-07-24T13:29:22+00:00</time>
      </trkpt>
      <trkpt lat="43.81102" lon="7.28256">
        <ele>808</ele>
        <time>2026-07-24T13:29:25+00:00</time>
      </trkpt>
      <trkpt lat="43.81071" lon="7.2828">
        <ele>803</ele>
        <time>2026-07-24T13:29:28+00:00</time>
      </trkpt>
      <trkpt lat="43.81042" lon="7.28298">
        <ele>799</ele>
        <time>2026-07-24T13:29:31+00:00</time>
      </trkpt>
      <trkpt lat="43.81013" lon="7.28322">
        <ele>796</ele>
        <time>2026-07-24T13:29:34+00:00</time>
      </trkpt>
      <trkpt lat="43.80981" lon="7.28342">
        <ele>788</ele>
        <time>2026-07-24T13:29:37+00:00</time>
      </trkpt>
      <trkpt lat="43.8095" lon="7.28361">
        <ele>787</ele>
        <time>2026-07-24T13:29:40+00:00</time>
      </trkpt>
      <trkpt lat="43.80902" lon="7.28391">
        <ele>772</ele>
        <time>2026-07-24T13:29:43+00:00</time>
      </trkpt>
      <trkpt lat="43.80869" lon="7.28409">
        <ele>772</ele>
        <time>2026-07-24T13:29:46+00:00</time>
      </trkpt>
      <trkpt lat="43.80841" lon="7.2842">
        <ele>772</ele>
        <time>2026-07-24T13:29:49+00:00</time>
      </trkpt>
      <trkpt lat="43.80796" lon="7.28439">
        <ele>767</ele>
        <time>2026-07-24T13:29:52+00:00</time>
      </trkpt>
      <trkpt lat="43.80774" lon="7.28456">
        <ele>763</ele>
        <time>2026-07-24T13:29:55+00:00</time>
      </trkpt>
      <trkpt lat="43.80748" lon="7.28467">
        <ele>763</ele>
        <time>2026-07-24T13:29:58+00:00</time>
      </trkpt>
      <trkpt lat="43.80718" lon="7.2848">
        <ele>758</ele>
        <time>2026-07-24T13:30:01+00:00</time>
      </trkpt>
      <trkpt lat="43.80695" lon="7.28494">
        <ele>753</ele>
        <time>2026-07-24T13:30:04+00:00</time>
      </trkpt>
      <trkpt lat="43.80672" lon="7.28518">
        <ele>748</ele>
        <time>2026-07-24T13:30:07+00:00</time>
      </trkpt>
      <trkpt lat="43.80637" lon="7.28552">
        <ele>743</ele>
        <time>2026-07-24T13:30:10+00:00</time>
      </trkpt>
      <trkpt lat="43.80615" lon="7.28581">
        <ele>743</ele>
        <time>2026-07-24T13:30:13+00:00</time>
      </trkpt>
      <trkpt lat="43.80578" lon="7.28631">
        <ele>741</ele>
        <time>2026-07-24T13:30:16+00:00</time>
      </trkpt>
      <trkpt lat="43.80559" lon="7.28643">
        <ele>724</ele>
        <time>2026-07-24T13:30:19+00:00</time>
      </trkpt>
      <trkpt lat="43.80548" lon="7.28664">
        <ele>719</ele>
        <time>2026-07-24T13:30:22+00:00</time>
      </trkpt>
      <trkpt lat="43.80533" lon="7.28669">
        <ele>722</ele>
        <time>2026-07-24T13:30:25+00:00</time>
      </trkpt>
      <trkpt lat="43.80515" lon="7.28695">
        <ele>726</ele>
        <time>2026-07-24T13:30:28+00:00</time>
      </trkpt>
      <trkpt lat="43.80491" lon="7.28714">
        <ele>724</ele>
        <time>2026-07-24T13:30:31+00:00</time>
      </trkpt>
      <trkpt lat="43.80457" lon="7.28741">
        <ele>722</ele>
        <time>2026-07-24T13:30:34+00:00</time>
      </trkpt>
      <trkpt lat="43.80435" lon="7.28762">
        <ele>710</ele>
        <time>2026-07-24T13:30:37+00:00</time>
      </trkpt>
      <trkpt lat="43.80408" lon="7.28788">
        <ele>710</ele>
        <time>2026-07-24T13:30:40+00:00</time>
      </trkpt>
      <trkpt lat="43.80384" lon="7.28799">
        <ele>710</ele>
        <time>2026-07-24T13:30:43+00:00</time>
      </trkpt>
      <trkpt lat="43.80358" lon="7.2881">
        <ele>712</ele>
        <time>2026-07-24T13:30:46+00:00</time>
      </trkpt>
      <trkpt lat="43.80327" lon="7.28827">
        <ele>708</ele>
        <time>2026-07-24T13:30:49+00:00</time>
      </trkpt>
      <trkpt lat="43.80301" lon="7.28839">
        <ele>705</ele>
        <time>2026-07-24T13:30:52+00:00</time>
      </trkpt>
      <trkpt lat="43.80264" lon="7.28855">
        <ele>686</ele>
        <time>2026-07-24T13:30:55+00:00</time>
      </trkpt>
      <trkpt lat="43.80233" lon="7.28871">
        <ele>685</ele>
        <time>2026-07-24T13:30:58+00:00</time>
      </trkpt>
      <trkpt lat="43.80202" lon="7.28887">
        <ele>684</ele>
        <time>2026-07-24T13:31:01+00:00</time>
      </trkpt>
      <trkpt lat="43.80169" lon="7.28905">
        <ele>670</ele>
        <time>2026-07-24T13:31:04+00:00</time>
      </trkpt>
      <trkpt lat="43.80135" lon="7.28931">
        <ele>668</ele>
        <time>2026-07-24T13:31:07+00:00</time>
      </trkpt>
      <trkpt lat="43.80107" lon="7.28956">
        <ele>662</ele>
        <time>2026-07-24T13:31:10+00:00</time>
      </trkpt>
      <trkpt lat="43.80097" lon="7.28981">
        <ele>659</ele>
        <time>2026-07-24T13:31:13+00:00</time>
      </trkpt>
      <trkpt lat="43.80085" lon="7.29046">
        <ele>656</ele>
        <time>2026-07-24T13:31:16+00:00</time>
      </trkpt>
      <trkpt lat="43.80086" lon="7.29081">
        <ele>658</ele>
        <time>2026-07-24T13:31:19+00:00</time>
      </trkpt>
      <trkpt lat="43.80102" lon="7.29128">
        <ele>657</ele>
        <time>2026-07-24T13:31:22+00:00</time>
      </trkpt>
      <trkpt lat="43.80101" lon="7.29139">
        <ele>659</ele>
        <time>2026-07-24T13:31:25+00:00</time>
      </trkpt>
      <trkpt lat="43.80106" lon="7.29167">
        <ele>656</ele>
        <time>2026-07-24T13:31:28+00:00</time>
      </trkpt>
      <trkpt lat="43.80112" lon="7.29196">
        <ele>650</ele>
        <time>2026-07-24T13:31:31+00:00</time>
      </trkpt>
      <trkpt lat="43.8011" lon="7.29225">
        <ele>643</ele>
        <time>2026-07-24T13:31:34+00:00</time>
      </trkpt>
      <trkpt lat="43.80116" lon="7.29247">
        <ele>638</ele>
        <time>2026-07-24T13:31:37+00:00</time>
      </trkpt>
      <trkpt lat="43.80127" lon="7.29273">
        <ele>636</ele>
        <time>2026-07-24T13:31:40+00:00</time>
      </trkpt>
      <trkpt lat="43.80121" lon="7.29274">
        <ele>636</ele>
        <time>2026-07-24T13:31:43+00:00</time>
      </trkpt>
      <trkpt lat="43.80111" lon="7.29268">
        <ele>638</ele>
        <time>2026-07-24T13:31:46+00:00</time>
      </trkpt>
      <trkpt lat="43.80096" lon="7.29267">
        <ele>633</ele>
        <time>2026-07-24T13:31:49+00:00</time>
      </trkpt>
      <trkpt lat="43.80087" lon="7.29269">
        <ele>633</ele>
        <time>2026-07-24T13:31:52+00:00</time>
      </trkpt>
      <trkpt lat="43.80067" lon="7.29279">
        <ele>630</ele>
        <time>2026-07-24T13:31:55+00:00</time>
      </trkpt>
      <trkpt lat="43.80046" lon="7.2929">
        <ele>623</ele>
        <time>2026-07-24T13:31:58+00:00</time>
      </trkpt>
      <trkpt lat="43.80043" lon="7.29286">
        <ele>623</ele>
        <time>2026-07-24T13:32:01+00:00</time>
      </trkpt>
      <trkpt lat="43.80039" lon="7.29278">
        <ele>623</ele>
        <time>2026-07-24T13:32:04+00:00</time>
      </trkpt>
      <trkpt lat="43.80035" lon="7.29266">
        <ele>622</ele>
        <time>2026-07-24T13:32:07+00:00</time>
      </trkpt>
      <trkpt lat="43.80019" lon="7.29247">
        <ele>619</ele>
        <time>2026-07-24T13:32:10+00:00</time>
      </trkpt>
      <trkpt lat="43.80011" lon="7.29243">
        <ele>619</ele>
        <time>2026-07-24T13:32:13+00:00</time>
      </trkpt>
      <trkpt lat="43.79995" lon="7.29198">
        <ele>618</ele>
        <time>2026-07-24T13:32:16+00:00</time>
      </trkpt>
      <trkpt lat="43.79992" lon="7.29169">
        <ele>617</ele>
        <time>2026-07-24T13:32:19+00:00</time>
      </trkpt>
      <trkpt lat="43.7999" lon="7.29138">
        <ele>617</ele>
        <time>2026-07-24T13:32:22+00:00</time>
      </trkpt>
      <trkpt lat="43.79991" lon="7.29161">
        <ele>616</ele>
        <time>2026-07-24T13:32:25+00:00</time>
      </trkpt>
      <trkpt lat="43.7999" lon="7.29138">
        <ele>617</ele>
        <time>2026-07-24T13:32:28+00:00</time>
      </trkpt>
      <trkpt lat="43.79986" lon="7.29116">
        <ele>613</ele>
        <time>2026-07-24T13:32:31+00:00</time>
      </trkpt>
      <trkpt lat="43.79973" lon="7.29088">
        <ele>612</ele>
        <time>2026-07-24T13:32:34+00:00</time>
      </trkpt>
      <trkpt lat="43.79951" lon="7.29044">
        <ele>601</ele>
        <time>2026-07-24T13:32:37+00:00</time>
      </trkpt>
      <trkpt lat="43.79949" lon="7.29024">
        <ele>601</ele>
        <time>2026-07-24T13:32:40+00:00</time>
      </trkpt>
      <trkpt lat="43.79942" lon="7.28978">
        <ele>594</ele>
        <time>2026-07-24T13:32:43+00:00</time>
      </trkpt>
      <trkpt lat="43.79939" lon="7.28947">
        <ele>580</ele>
        <time>2026-07-24T13:32:46+00:00</time>
      </trkpt>
      <trkpt lat="43.79931" lon="7.2893">
        <ele>579</ele>
        <time>2026-07-24T13:32:49+00:00</time>
      </trkpt>
      <trkpt lat="43.79929" lon="7.28906">
        <ele>578</ele>
        <time>2026-07-24T13:32:52+00:00</time>
      </trkpt>
      <trkpt lat="43.79929" lon="7.28871">
        <ele>574</ele>
        <time>2026-07-24T13:32:55+00:00</time>
      </trkpt>
      <trkpt lat="43.79929" lon="7.28832">
        <ele>569</ele>
        <time>2026-07-24T13:32:58+00:00</time>
      </trkpt>
      <trkpt lat="43.79938" lon="7.28797">
        <ele>569</ele>
        <time>2026-07-24T13:33:01+00:00</time>
      </trkpt>
      <trkpt lat="43.79952" lon="7.28767">
        <ele>569</ele>
        <time>2026-07-24T13:33:04+00:00</time>
      </trkpt>
      <trkpt lat="43.79925" lon="7.28765">
        <ele>568</ele>
        <time>2026-07-24T13:33:07+00:00</time>
      </trkpt>
      <trkpt lat="43.799" lon="7.28778">
        <ele>566</ele>
        <time>2026-07-24T13:33:10+00:00</time>
      </trkpt>
      <trkpt lat="43.79892" lon="7.28784">
        <ele>561</ele>
        <time>2026-07-24T13:33:13+00:00</time>
      </trkpt>
      <trkpt lat="43.79891" lon="7.2878">
        <ele>561</ele>
        <time>2026-07-24T13:33:16+00:00</time>
      </trkpt>
      <trkpt lat="43.79892" lon="7.28766">
        <ele>565</ele>
        <time>2026-07-24T13:33:19+00:00</time>
      </trkpt>
      <trkpt lat="43.79887" lon="7.28755">
        <ele>565</ele>
        <time>2026-07-24T13:33:22+00:00</time>
      </trkpt>
      <trkpt lat="43.79875" lon="7.28749">
        <ele>564</ele>
        <time>2026-07-24T13:33:25+00:00</time>
      </trkpt>
      <trkpt lat="43.79829" lon="7.28744">
        <ele>560</ele>
        <time>2026-07-24T13:33:28+00:00</time>
      </trkpt>
      <trkpt lat="43.79816" lon="7.28738">
        <ele>560</ele>
        <time>2026-07-24T13:33:31+00:00</time>
      </trkpt>
      <trkpt lat="43.798" lon="7.2872">
        <ele>560</ele>
        <time>2026-07-24T13:33:34+00:00</time>
      </trkpt>
      <trkpt lat="43.79782" lon="7.28698">
        <ele>560</ele>
        <time>2026-07-24T13:33:37+00:00</time>
      </trkpt>
      <trkpt lat="43.79778" lon="7.28699">
        <ele>557</ele>
        <time>2026-07-24T13:33:40+00:00</time>
      </trkpt>
      <trkpt lat="43.79774" lon="7.28693">
        <ele>557</ele>
        <time>2026-07-24T13:33:43+00:00</time>
      </trkpt>
      <trkpt lat="43.79764" lon="7.28667">
        <ele>561</ele>
        <time>2026-07-24T13:33:46+00:00</time>
      </trkpt>
      <trkpt lat="43.79749" lon="7.28615">
        <ele>562</ele>
        <time>2026-07-24T13:33:49+00:00</time>
      </trkpt>
      <trkpt lat="43.79733" lon="7.28581">
        <ele>559</ele>
        <time>2026-07-24T13:33:52+00:00</time>
      </trkpt>
      <trkpt lat="43.79709" lon="7.2853">
        <ele>558</ele>
        <time>2026-07-24T13:33:55+00:00</time>
      </trkpt>
      <trkpt lat="43.79671" lon="7.28492">
        <ele>557</ele>
        <time>2026-07-24T13:33:58+00:00</time>
      </trkpt>
      <trkpt lat="43.79657" lon="7.28482">
        <ele>553</ele>
        <time>2026-07-24T13:34:01+00:00</time>
      </trkpt>
      <trkpt lat="43.79654" lon="7.2847">
        <ele>553</ele>
        <time>2026-07-24T13:34:04+00:00</time>
      </trkpt>
      <trkpt lat="43.7965" lon="7.2845">
        <ele>549</ele>
        <time>2026-07-24T13:34:07+00:00</time>
      </trkpt>
      <trkpt lat="43.79651" lon="7.28444">
        <ele>549</ele>
        <time>2026-07-24T13:34:10+00:00</time>
      </trkpt>
      <trkpt lat="43.7965" lon="7.28433">
        <ele>544</ele>
        <time>2026-07-24T13:34:13+00:00</time>
      </trkpt>
      <trkpt lat="43.79646" lon="7.28426">
        <ele>544</ele>
        <time>2026-07-24T13:34:16+00:00</time>
      </trkpt>
      <trkpt lat="43.79637" lon="7.28416">
        <ele>544</ele>
        <time>2026-07-24T13:34:19+00:00</time>
      </trkpt>
      <trkpt lat="43.79619" lon="7.28403">
        <ele>539</ele>
        <time>2026-07-24T13:34:22+00:00</time>
      </trkpt>
      <trkpt lat="43.7962" lon="7.28399">
        <ele>539</ele>
        <time>2026-07-24T13:34:25+00:00</time>
      </trkpt>
      <trkpt lat="43.79629" lon="7.28384">
        <ele>539</ele>
        <time>2026-07-24T13:34:28+00:00</time>
      </trkpt>
      <trkpt lat="43.79639" lon="7.2837">
        <ele>532</ele>
        <time>2026-07-24T13:34:31+00:00</time>
      </trkpt>
      <trkpt lat="43.79645" lon="7.28322">
        <ele>527</ele>
        <time>2026-07-24T13:34:34+00:00</time>
      </trkpt>
      <trkpt lat="43.79646" lon="7.28295">
        <ele>519</ele>
        <time>2026-07-24T13:34:37+00:00</time>
      </trkpt>
      <trkpt lat="43.7965" lon="7.28262">
        <ele>520</ele>
        <time>2026-07-24T13:34:40+00:00</time>
      </trkpt>
      <trkpt lat="43.79645" lon="7.28257">
        <ele>511</ele>
        <time>2026-07-24T13:34:43+00:00</time>
      </trkpt>
      <trkpt lat="43.79634" lon="7.28253">
        <ele>511</ele>
        <time>2026-07-24T13:34:46+00:00</time>
      </trkpt>
      <trkpt lat="43.79617" lon="7.28248">
        <ele>521</ele>
        <time>2026-07-24T13:34:49+00:00</time>
      </trkpt>
      <trkpt lat="43.79597" lon="7.28242">
        <ele>514</ele>
        <time>2026-07-24T13:34:52+00:00</time>
      </trkpt>
      <trkpt lat="43.79589" lon="7.28235">
        <ele>512</ele>
        <time>2026-07-24T13:34:55+00:00</time>
      </trkpt>
      <trkpt lat="43.79567" lon="7.282">
        <ele>508</ele>
        <time>2026-07-24T13:34:58+00:00</time>
      </trkpt>
      <trkpt lat="43.79549" lon="7.28184">
        <ele>503</ele>
        <time>2026-07-24T13:35:01+00:00</time>
      </trkpt>
      <trkpt lat="43.79552" lon="7.28181">
        <ele>492</ele>
        <time>2026-07-24T13:35:04+00:00</time>
      </trkpt>
      <trkpt lat="43.79558" lon="7.28179">
        <ele>492</ele>
        <time>2026-07-24T13:35:07+00:00</time>
      </trkpt>
      <trkpt lat="43.7957" lon="7.2818">
        <ele>492</ele>
        <time>2026-07-24T13:35:10+00:00</time>
      </trkpt>
      <trkpt lat="43.79572" lon="7.28179">
        <ele>485</ele>
        <time>2026-07-24T13:35:13+00:00</time>
      </trkpt>
      <trkpt lat="43.79572" lon="7.28175">
        <ele>485</ele>
        <time>2026-07-24T13:35:16+00:00</time>
      </trkpt>
      <trkpt lat="43.79559" lon="7.2816">
        <ele>489</ele>
        <time>2026-07-24T13:35:19+00:00</time>
      </trkpt>
      <trkpt lat="43.79541" lon="7.28133">
        <ele>487</ele>
        <time>2026-07-24T13:35:22+00:00</time>
      </trkpt>
      <trkpt lat="43.79521" lon="7.28103">
        <ele>474</ele>
        <time>2026-07-24T13:35:25+00:00</time>
      </trkpt>
      <trkpt lat="43.79502" lon="7.28072">
        <ele>467</ele>
        <time>2026-07-24T13:35:28+00:00</time>
      </trkpt>
      <trkpt lat="43.79474" lon="7.28027">
        <ele>459</ele>
        <time>2026-07-24T13:35:31+00:00</time>
      </trkpt>
      <trkpt lat="43.79453" lon="7.28014">
        <ele>452</ele>
        <time>2026-07-24T13:35:34+00:00</time>
      </trkpt>
      <trkpt lat="43.79407" lon="7.27994">
        <ele>444</ele>
        <time>2026-07-24T13:35:37+00:00</time>
      </trkpt>
      <trkpt lat="43.79416" lon="7.27989">
        <ele>440</ele>
        <time>2026-07-24T13:35:40+00:00</time>
      </trkpt>
      <trkpt lat="43.79422" lon="7.27984">
        <ele>440</ele>
        <time>2026-07-24T13:35:43+00:00</time>
      </trkpt>
      <trkpt lat="43.79396" lon="7.27988">
        <ele>436</ele>
        <time>2026-07-24T13:35:46+00:00</time>
      </trkpt>
      <trkpt lat="43.79356" lon="7.28011">
        <ele>433</ele>
        <time>2026-07-24T13:35:49+00:00</time>
      </trkpt>
      <trkpt lat="43.79352" lon="7.28007">
        <ele>433</ele>
        <time>2026-07-24T13:35:52+00:00</time>
      </trkpt>
      <trkpt lat="43.79356" lon="7.27994">
        <ele>433</ele>
        <time>2026-07-24T13:35:55+00:00</time>
      </trkpt>
      <trkpt lat="43.79365" lon="7.27985">
        <ele>430</ele>
        <time>2026-07-24T13:35:58+00:00</time>
      </trkpt>
      <trkpt lat="43.79387" lon="7.2795">
        <ele>427</ele>
        <time>2026-07-24T13:36:01+00:00</time>
      </trkpt>
      <trkpt lat="43.79392" lon="7.27942">
        <ele>427</ele>
        <time>2026-07-24T13:36:04+00:00</time>
      </trkpt>
      <trkpt lat="43.79374" lon="7.2794">
        <ele>400</ele>
        <time>2026-07-24T13:36:07+00:00</time>
      </trkpt>
      <trkpt lat="43.7935" lon="7.27942">
        <ele>403</ele>
        <time>2026-07-24T13:36:10+00:00</time>
      </trkpt>
      <trkpt lat="43.79321" lon="7.27962">
        <ele>392</ele>
        <time>2026-07-24T13:36:13+00:00</time>
      </trkpt>
      <trkpt lat="43.79311" lon="7.27965">
        <ele>397</ele>
        <time>2026-07-24T13:36:16+00:00</time>
      </trkpt>
      <trkpt lat="43.7932" lon="7.27939">
        <ele>382</ele>
        <time>2026-07-24T13:36:19+00:00</time>
      </trkpt>
      <trkpt lat="43.7933" lon="7.27909">
        <ele>378</ele>
        <time>2026-07-24T13:36:22+00:00</time>
      </trkpt>
      <trkpt lat="43.79316" lon="7.27914">
        <ele>382</ele>
        <time>2026-07-24T13:36:25+00:00</time>
      </trkpt>
      <trkpt lat="43.79319" lon="7.27894">
        <ele>373</ele>
        <time>2026-07-24T13:36:28+00:00</time>
      </trkpt>
      <trkpt lat="43.7933" lon="7.27876">
        <ele>367</ele>
        <time>2026-07-24T13:36:31+00:00</time>
      </trkpt>
      <trkpt lat="43.79354" lon="7.2786">
        <ele>372</ele>
        <time>2026-07-24T13:36:34+00:00</time>
      </trkpt>
      <trkpt lat="43.79379" lon="7.27844">
        <ele>368</ele>
        <time>2026-07-24T13:36:37+00:00</time>
      </trkpt>
      <trkpt lat="43.79404" lon="7.27828">
        <ele>364</ele>
        <time>2026-07-24T13:36:40+00:00</time>
      </trkpt>
      <trkpt lat="43.79393" lon="7.27823">
        <ele>364</ele>
        <time>2026-07-24T13:36:43+00:00</time>
      </trkpt>
      <trkpt lat="43.79373" lon="7.27817">
        <ele>352</ele>
        <time>2026-07-24T13:36:46+00:00</time>
      </trkpt>
      <trkpt lat="43.79352" lon="7.2781">
        <ele>352</ele>
        <time>2026-07-24T13:36:49+00:00</time>
      </trkpt>
      <trkpt lat="43.79365" lon="7.27797">
        <ele>345</ele>
        <time>2026-07-24T13:36:52+00:00</time>
      </trkpt>
      <trkpt lat="43.79368" lon="7.27787">
        <ele>345</ele>
        <time>2026-07-24T13:36:55+00:00</time>
      </trkpt>
      <trkpt lat="43.79366" lon="7.27781">
        <ele>345</ele>
        <time>2026-07-24T13:36:58+00:00</time>
      </trkpt>
      <trkpt lat="43.79361" lon="7.2778">
        <ele>345</ele>
        <time>2026-07-24T13:37:01+00:00</time>
      </trkpt>
      <trkpt lat="43.7935" lon="7.27774">
        <ele>338</ele>
        <time>2026-07-24T13:37:04+00:00</time>
      </trkpt>
      <trkpt lat="43.7936" lon="7.27767">
        <ele>338</ele>
        <time>2026-07-24T13:37:07+00:00</time>
      </trkpt>
      <trkpt lat="43.79357" lon="7.27764">
        <ele>338</ele>
        <time>2026-07-24T13:37:10+00:00</time>
      </trkpt>
      <trkpt lat="43.7935" lon="7.27764">
        <ele>338</ele>
        <time>2026-07-24T13:37:13+00:00</time>
      </trkpt>
      <trkpt lat="43.79351" lon="7.27758">
        <ele>338</ele>
        <time>2026-07-24T13:37:16+00:00</time>
      </trkpt>
      <trkpt lat="43.7936" lon="7.27749">
        <ele>338</ele>
        <time>2026-07-24T13:37:19+00:00</time>
      </trkpt>
      <trkpt lat="43.79356" lon="7.27749">
        <ele>338</ele>
        <time>2026-07-24T13:37:22+00:00</time>
      </trkpt>
      <trkpt lat="43.79354" lon="7.27748">
        <ele>338</ele>
        <time>2026-07-24T13:37:25+00:00</time>
      </trkpt>
      <trkpt lat="43.79359" lon="7.27742">
        <ele>338</ele>
        <time>2026-07-24T13:37:28+00:00</time>
      </trkpt>
      <trkpt lat="43.79356" lon="7.27734">
        <ele>339</ele>
        <time>2026-07-24T13:37:31+00:00</time>
      </trkpt>
      <trkpt lat="43.7935" lon="7.27731">
        <ele>338</ele>
        <time>2026-07-24T13:37:34+00:00</time>
      </trkpt>
      <trkpt lat="43.79332" lon="7.27731">
        <ele>338</ele>
        <time>2026-07-24T13:37:37+00:00</time>
      </trkpt>
      <trkpt lat="43.79325" lon="7.27722">
        <ele>338</ele>
        <time>2026-07-24T13:37:40+00:00</time>
      </trkpt>
      <trkpt lat="43.79316" lon="7.27714">
        <ele>343</ele>
        <time>2026-07-24T13:37:43+00:00</time>
      </trkpt>
      <trkpt lat="43.79282" lon="7.27682">
        <ele>344</ele>
        <time>2026-07-24T13:37:46+00:00</time>
      </trkpt>
      <trkpt lat="43.79277" lon="7.2766">
        <ele>348</ele>
        <time>2026-07-24T13:37:49+00:00</time>
      </trkpt>
      <trkpt lat="43.79269" lon="7.27633">
        <ele>345</ele>
        <time>2026-07-24T13:37:52+00:00</time>
      </trkpt>
      <trkpt lat="43.79258" lon="7.27595">
        <ele>348</ele>
        <time>2026-07-24T13:37:55+00:00</time>
      </trkpt>
      <trkpt lat="43.7925" lon="7.27561">
        <ele>353</ele>
        <time>2026-07-24T13:37:58+00:00</time>
      </trkpt>
      <trkpt lat="43.79243" lon="7.27523">
        <ele>355</ele>
        <time>2026-07-24T13:38:01+00:00</time>
      </trkpt>
      <trkpt lat="43.79235" lon="7.275">
        <ele>352</ele>
        <time>2026-07-24T13:38:04+00:00</time>
      </trkpt>
      <trkpt lat="43.79221" lon="7.27481">
        <ele>357</ele>
        <time>2026-07-24T13:38:07+00:00</time>
      </trkpt>
      <trkpt lat="43.79199" lon="7.27457">
        <ele>361</ele>
        <time>2026-07-24T13:38:10+00:00</time>
      </trkpt>
      <trkpt lat="43.7919" lon="7.27445">
        <ele>361</ele>
        <time>2026-07-24T13:38:13+00:00</time>
      </trkpt>
      <trkpt lat="43.7919" lon="7.27433">
        <ele>365</ele>
        <time>2026-07-24T13:38:16+00:00</time>
      </trkpt>
      <trkpt lat="43.79191" lon="7.27415">
        <ele>365</ele>
        <time>2026-07-24T13:38:19+00:00</time>
      </trkpt>
      <trkpt lat="43.79189" lon="7.27381">
        <ele>370</ele>
        <time>2026-07-24T13:38:22+00:00</time>
      </trkpt>
      <trkpt lat="43.79209" lon="7.27362">
        <ele>372</ele>
        <time>2026-07-24T13:38:25+00:00</time>
      </trkpt>
      <trkpt lat="43.7921" lon="7.27355">
        <ele>370</ele>
        <time>2026-07-24T13:38:28+00:00</time>
      </trkpt>
      <trkpt lat="43.79194" lon="7.27367">
        <ele>372</ele>
        <time>2026-07-24T13:38:31+00:00</time>
      </trkpt>
      <trkpt lat="43.79171" lon="7.27374">
        <ele>372</ele>
        <time>2026-07-24T13:38:34+00:00</time>
      </trkpt>
      <trkpt lat="43.79147" lon="7.27374">
        <ele>372</ele>
        <time>2026-07-24T13:38:37+00:00</time>
      </trkpt>
      <trkpt lat="43.79164" lon="7.27374">
        <ele>373</ele>
        <time>2026-07-24T13:38:40+00:00</time>
      </trkpt>
      <trkpt lat="43.79147" lon="7.27374">
        <ele>372</ele>
        <time>2026-07-24T13:38:43+00:00</time>
      </trkpt>
      <trkpt lat="43.7911" lon="7.27368">
        <ele>372</ele>
        <time>2026-07-24T13:38:46+00:00</time>
      </trkpt>
      <trkpt lat="43.79107" lon="7.27386">
        <ele>371</ele>
        <time>2026-07-24T13:38:49+00:00</time>
      </trkpt>
      <trkpt lat="43.79083" lon="7.2741">
        <ele>372</ele>
        <time>2026-07-24T13:38:52+00:00</time>
      </trkpt>
      <trkpt lat="43.79059" lon="7.27428">
        <ele>372</ele>
        <time>2026-07-24T13:38:55+00:00</time>
      </trkpt>
      <trkpt lat="43.79028" lon="7.2745">
        <ele>373</ele>
        <time>2026-07-24T13:38:58+00:00</time>
      </trkpt>
      <trkpt lat="43.78996" lon="7.27469">
        <ele>374</ele>
        <time>2026-07-24T13:39:01+00:00</time>
      </trkpt>
      <trkpt lat="43.78966" lon="7.27477">
        <ele>374</ele>
        <time>2026-07-24T13:39:04+00:00</time>
      </trkpt>
      <trkpt lat="43.78939" lon="7.27476">
        <ele>374</ele>
        <time>2026-07-24T13:39:07+00:00</time>
      </trkpt>
      <trkpt lat="43.78911" lon="7.27472">
        <ele>374</ele>
        <time>2026-07-24T13:39:10+00:00</time>
      </trkpt>
      <trkpt lat="43.78892" lon="7.27473">
        <ele>374</ele>
        <time>2026-07-24T13:39:13+00:00</time>
      </trkpt>
      <trkpt lat="43.78877" lon="7.27482">
        <ele>376</ele>
        <time>2026-07-24T13:39:16+00:00</time>
      </trkpt>
      <trkpt lat="43.78854" lon="7.27513">
        <ele>380</ele>
        <time>2026-07-24T13:39:19+00:00</time>
      </trkpt>
      <trkpt lat="43.78836" lon="7.2754">
        <ele>383</ele>
        <time>2026-07-24T13:39:22+00:00</time>
      </trkpt>
      <trkpt lat="43.78809" lon="7.27567">
        <ele>383</ele>
        <time>2026-07-24T13:39:25+00:00</time>
      </trkpt>
      <trkpt lat="43.78787" lon="7.27587">
        <ele>391</ele>
        <time>2026-07-24T13:39:28+00:00</time>
      </trkpt>
      <trkpt lat="43.78766" lon="7.27595">
        <ele>394</ele>
        <time>2026-07-24T13:39:31+00:00</time>
      </trkpt>
      <trkpt lat="43.78745" lon="7.276">
        <ele>394</ele>
        <time>2026-07-24T13:39:34+00:00</time>
      </trkpt>
      <trkpt lat="43.78721" lon="7.27598">
        <ele>397</ele>
        <time>2026-07-24T13:39:37+00:00</time>
      </trkpt>
      <trkpt lat="43.78702" lon="7.27596">
        <ele>393</ele>
        <time>2026-07-24T13:39:40+00:00</time>
      </trkpt>
      <trkpt lat="43.78684" lon="7.27593">
        <ele>400</ele>
        <time>2026-07-24T13:39:43+00:00</time>
      </trkpt>
      <trkpt lat="43.78662" lon="7.27589">
        <ele>400</ele>
        <time>2026-07-24T13:39:46+00:00</time>
      </trkpt>
      <trkpt lat="43.78653" lon="7.2759">
        <ele>391</ele>
        <time>2026-07-24T13:39:49+00:00</time>
      </trkpt>
      <trkpt lat="43.78644" lon="7.27594">
        <ele>391</ele>
        <time>2026-07-24T13:39:52+00:00</time>
      </trkpt>
      <trkpt lat="43.78643" lon="7.27604">
        <ele>397</ele>
        <time>2026-07-24T13:39:55+00:00</time>
      </trkpt>
      <trkpt lat="43.78626" lon="7.2763">
        <ele>399</ele>
        <time>2026-07-24T13:39:58+00:00</time>
      </trkpt>
      <trkpt lat="43.78598" lon="7.27662">
        <ele>398</ele>
        <time>2026-07-24T13:40:01+00:00</time>
      </trkpt>
      <trkpt lat="43.7857" lon="7.27696">
        <ele>397</ele>
        <time>2026-07-24T13:40:04+00:00</time>
      </trkpt>
      <trkpt lat="43.78537" lon="7.277">
        <ele>397</ele>
        <time>2026-07-24T13:40:07+00:00</time>
      </trkpt>
      <trkpt lat="43.78503" lon="7.27704">
        <ele>398</ele>
        <time>2026-07-24T13:40:10+00:00</time>
      </trkpt>
      <trkpt lat="43.78463" lon="7.27709">
        <ele>399</ele>
        <time>2026-07-24T13:40:13+00:00</time>
      </trkpt>
      <trkpt lat="43.78426" lon="7.27737">
        <ele>396</ele>
        <time>2026-07-24T13:40:16+00:00</time>
      </trkpt>
      <trkpt lat="43.78413" lon="7.2777">
        <ele>394</ele>
        <time>2026-07-24T13:40:19+00:00</time>
      </trkpt>
      <trkpt lat="43.784" lon="7.2778">
        <ele>381</ele>
        <time>2026-07-24T13:40:22+00:00</time>
      </trkpt>
      <trkpt lat="43.78395" lon="7.27806">
        <ele>371</ele>
        <time>2026-07-24T13:40:25+00:00</time>
      </trkpt>
      <trkpt lat="43.7839" lon="7.27837">
        <ele>362</ele>
        <time>2026-07-24T13:40:28+00:00</time>
      </trkpt>
      <trkpt lat="43.7838" lon="7.27853">
        <ele>361</ele>
        <time>2026-07-24T13:40:31+00:00</time>
      </trkpt>
      <trkpt lat="43.78384" lon="7.27867">
        <ele>359</ele>
        <time>2026-07-24T13:40:34+00:00</time>
      </trkpt>
      <trkpt lat="43.78353" lon="7.27892">
        <ele>356</ele>
        <time>2026-07-24T13:40:37+00:00</time>
      </trkpt>
      <trkpt lat="43.78355" lon="7.27903">
        <ele>356</ele>
        <time>2026-07-24T13:40:40+00:00</time>
      </trkpt>
      <trkpt lat="43.78343" lon="7.27909">
        <ele>354</ele>
        <time>2026-07-24T13:40:43+00:00</time>
      </trkpt>
      <trkpt lat="43.78337" lon="7.2793">
        <ele>345</ele>
        <time>2026-07-24T13:40:46+00:00</time>
      </trkpt>
      <trkpt lat="43.78329" lon="7.27933">
        <ele>345</ele>
        <time>2026-07-24T13:40:49+00:00</time>
      </trkpt>
      <trkpt lat="43.78334" lon="7.27944">
        <ele>337</ele>
        <time>2026-07-24T13:40:52+00:00</time>
      </trkpt>
      <trkpt lat="43.78323" lon="7.27946">
        <ele>337</ele>
        <time>2026-07-24T13:40:55+00:00</time>
      </trkpt>
      <trkpt lat="43.78327" lon="7.27955">
        <ele>337</ele>
        <time>2026-07-24T13:40:58+00:00</time>
      </trkpt>
      <trkpt lat="43.78304" lon="7.27981">
        <ele>323</ele>
        <time>2026-07-24T13:41:01+00:00</time>
      </trkpt>
      <trkpt lat="43.78277" lon="7.27994">
        <ele>319</ele>
        <time>2026-07-24T13:41:04+00:00</time>
      </trkpt>
      <trkpt lat="43.78272" lon="7.2801">
        <ele>319</ele>
        <time>2026-07-24T13:41:07+00:00</time>
      </trkpt>
      <trkpt lat="43.7824" lon="7.28026">
        <ele>311</ele>
        <time>2026-07-24T13:41:10+00:00</time>
      </trkpt>
      <trkpt lat="43.78212" lon="7.28054">
        <ele>305</ele>
        <time>2026-07-24T13:41:13+00:00</time>
      </trkpt>
      <trkpt lat="43.78197" lon="7.28058">
        <ele>304</ele>
        <time>2026-07-24T13:41:16+00:00</time>
      </trkpt>
      <trkpt lat="43.78191" lon="7.2807">
        <ele>305</ele>
        <time>2026-07-24T13:41:19+00:00</time>
      </trkpt>
      <trkpt lat="43.78179" lon="7.2807">
        <ele>315</ele>
        <time>2026-07-24T13:41:22+00:00</time>
      </trkpt>
      <trkpt lat="43.78168" lon="7.28098">
        <ele>303</ele>
        <time>2026-07-24T13:41:25+00:00</time>
      </trkpt>
      <trkpt lat="43.78157" lon="7.28103">
        <ele>301</ele>
        <time>2026-07-24T13:41:28+00:00</time>
      </trkpt>
      <trkpt lat="43.78155" lon="7.28122">
        <ele>301</ele>
        <time>2026-07-24T13:41:31+00:00</time>
      </trkpt>
      <trkpt lat="43.78136" lon="7.28134">
        <ele>288</ele>
        <time>2026-07-24T13:41:34+00:00</time>
      </trkpt>
      <trkpt lat="43.78144" lon="7.28152">
        <ele>288</ele>
        <time>2026-07-24T13:41:37+00:00</time>
      </trkpt>
      <trkpt lat="43.7814" lon="7.28177">
        <ele>279</ele>
        <time>2026-07-24T13:41:40+00:00</time>
      </trkpt>
      <trkpt lat="43.78136" lon="7.28206">
        <ele>268</ele>
        <time>2026-07-24T13:41:43+00:00</time>
      </trkpt>
      <trkpt lat="43.78117" lon="7.28239">
        <ele>267</ele>
        <time>2026-07-24T13:41:46+00:00</time>
      </trkpt>
      <trkpt lat="43.78091" lon="7.28264">
        <ele>267</ele>
        <time>2026-07-24T13:41:49+00:00</time>
      </trkpt>
      <trkpt lat="43.78043" lon="7.2831">
        <ele>267</ele>
        <time>2026-07-24T13:41:52+00:00</time>
      </trkpt>
      <trkpt lat="43.78003" lon="7.28311">
        <ele>266</ele>
        <time>2026-07-24T13:41:55+00:00</time>
      </trkpt>
      <trkpt lat="43.77957" lon="7.28295">
        <ele>263</ele>
        <time>2026-07-24T13:41:58+00:00</time>
      </trkpt>
      <trkpt lat="43.77946" lon="7.28298">
        <ele>263</ele>
        <time>2026-07-24T13:42:01+00:00</time>
      </trkpt>
      <trkpt lat="43.77928" lon="7.28327">
        <ele>261</ele>
        <time>2026-07-24T13:42:04+00:00</time>
      </trkpt>
      <trkpt lat="43.77895" lon="7.2838">
        <ele>262</ele>
        <time>2026-07-24T13:42:07+00:00</time>
      </trkpt>
      <trkpt lat="43.7789" lon="7.28395">
        <ele>263</ele>
        <time>2026-07-24T13:42:10+00:00</time>
      </trkpt>
      <trkpt lat="43.77899" lon="7.28404">
        <ele>262</ele>
        <time>2026-07-24T13:42:13+00:00</time>
      </trkpt>
      <trkpt lat="43.77887" lon="7.2843">
        <ele>262</ele>
        <time>2026-07-24T13:42:16+00:00</time>
      </trkpt>
      <trkpt lat="43.77849" lon="7.2847">
        <ele>263</ele>
        <time>2026-07-24T13:42:19+00:00</time>
      </trkpt>
      <trkpt lat="43.77849" lon="7.28484">
        <ele>263</ele>
        <time>2026-07-24T13:42:22+00:00</time>
      </trkpt>
      <trkpt lat="43.77833" lon="7.28505">
        <ele>267</ele>
        <time>2026-07-24T13:42:25+00:00</time>
      </trkpt>
      <trkpt lat="43.77815" lon="7.2853">
        <ele>269</ele>
        <time>2026-07-24T13:42:28+00:00</time>
      </trkpt>
      <trkpt lat="43.77797" lon="7.28573">
        <ele>279</ele>
        <time>2026-07-24T13:42:31+00:00</time>
      </trkpt>
      <trkpt lat="43.77773" lon="7.28577">
        <ele>279</ele>
        <time>2026-07-24T13:42:34+00:00</time>
      </trkpt>
      <trkpt lat="43.77753" lon="7.28608">
        <ele>278</ele>
        <time>2026-07-24T13:42:37+00:00</time>
      </trkpt>
      <trkpt lat="43.77717" lon="7.28608">
        <ele>277</ele>
        <time>2026-07-24T13:42:40+00:00</time>
      </trkpt>
      <trkpt lat="43.77691" lon="7.28628">
        <ele>280</ele>
        <time>2026-07-24T13:42:43+00:00</time>
      </trkpt>
      <trkpt lat="43.77684" lon="7.28651">
        <ele>274</ele>
        <time>2026-07-24T13:42:46+00:00</time>
      </trkpt>
      <trkpt lat="43.77654" lon="7.28661">
        <ele>279</ele>
        <time>2026-07-24T13:42:49+00:00</time>
      </trkpt>
      <trkpt lat="43.77624" lon="7.28671">
        <ele>279</ele>
        <time>2026-07-24T13:42:52+00:00</time>
      </trkpt>
      <trkpt lat="43.77571" lon="7.28689">
        <ele>286</ele>
        <time>2026-07-24T13:42:55+00:00</time>
      </trkpt>
      <trkpt lat="43.77541" lon="7.28703">
        <ele>294</ele>
        <time>2026-07-24T13:42:58+00:00</time>
      </trkpt>
      <trkpt lat="43.77487" lon="7.28728">
        <ele>299</ele>
        <time>2026-07-24T13:43:01+00:00</time>
      </trkpt>
      <trkpt lat="43.7746" lon="7.28758">
        <ele>305</ele>
        <time>2026-07-24T13:43:04+00:00</time>
      </trkpt>
      <trkpt lat="43.77433" lon="7.28788">
        <ele>308</ele>
        <time>2026-07-24T13:43:07+00:00</time>
      </trkpt>
      <trkpt lat="43.77392" lon="7.28833">
        <ele>314</ele>
        <time>2026-07-24T13:43:10+00:00</time>
      </trkpt>
      <trkpt lat="43.77361" lon="7.28859">
        <ele>316</ele>
        <time>2026-07-24T13:43:13+00:00</time>
      </trkpt>
      <trkpt lat="43.77346" lon="7.28885">
        <ele>318</ele>
        <time>2026-07-24T13:43:16+00:00</time>
      </trkpt>
      <trkpt lat="43.77346" lon="7.28951">
        <ele>319</ele>
        <time>2026-07-24T13:43:19+00:00</time>
      </trkpt>
      <trkpt lat="43.77352" lon="7.28998">
        <ele>328</ele>
        <time>2026-07-24T13:43:22+00:00</time>
      </trkpt>
      <trkpt lat="43.77364" lon="7.29023">
        <ele>337</ele>
        <time>2026-07-24T13:43:25+00:00</time>
      </trkpt>
      <trkpt lat="43.7738" lon="7.29031">
        <ele>337</ele>
        <time>2026-07-24T13:43:28+00:00</time>
      </trkpt>
      <trkpt lat="43.77394" lon="7.29063">
        <ele>338</ele>
        <time>2026-07-24T13:43:31+00:00</time>
      </trkpt>
      <trkpt lat="43.77385" lon="7.29077">
        <ele>340</ele>
        <time>2026-07-24T13:43:34+00:00</time>
      </trkpt>
      <trkpt lat="43.77373" lon="7.29077">
        <ele>340</ele>
        <time>2026-07-24T13:43:37+00:00</time>
      </trkpt>
      <trkpt lat="43.77386" lon="7.2909">
        <ele>340</ele>
        <time>2026-07-24T13:43:40+00:00</time>
      </trkpt>
      <trkpt lat="43.77395" lon="7.29121">
        <ele>342</ele>
        <time>2026-07-24T13:43:43+00:00</time>
      </trkpt>
      <trkpt lat="43.77415" lon="7.29154">
        <ele>344</ele>
        <time>2026-07-24T13:43:46+00:00</time>
      </trkpt>
      <trkpt lat="43.77404" lon="7.29156">
        <ele>347</ele>
        <time>2026-07-24T13:43:49+00:00</time>
      </trkpt>
      <trkpt lat="43.77392" lon="7.29143">
        <ele>347</ele>
        <time>2026-07-24T13:43:52+00:00</time>
      </trkpt>
      <trkpt lat="43.77391" lon="7.29178">
        <ele>351</ele>
        <time>2026-07-24T13:43:55+00:00</time>
      </trkpt>
      <trkpt lat="43.77389" lon="7.29214">
        <ele>363</ele>
        <time>2026-07-24T13:43:58+00:00</time>
      </trkpt>
      <trkpt lat="43.77396" lon="7.29254">
        <ele>367</ele>
        <time>2026-07-24T13:44:01+00:00</time>
      </trkpt>
      <trkpt lat="43.77408" lon="7.29317">
        <ele>371</ele>
        <time>2026-07-24T13:44:04+00:00</time>
      </trkpt>
      <trkpt lat="43.77401" lon="7.29332">
        <ele>377</ele>
        <time>2026-07-24T13:44:07+00:00</time>
      </trkpt>
      <trkpt lat="43.77402" lon="7.29348">
        <ele>377</ele>
        <time>2026-07-24T13:44:10+00:00</time>
      </trkpt>
      <trkpt lat="43.77385" lon="7.29375">
        <ele>384</ele>
        <time>2026-07-24T13:44:13+00:00</time>
      </trkpt>
      <trkpt lat="43.7736" lon="7.29393">
        <ele>404</ele>
        <time>2026-07-24T13:44:16+00:00</time>
      </trkpt>
      <trkpt lat="43.77346" lon="7.29412">
        <ele>406</ele>
        <time>2026-07-24T13:44:19+00:00</time>
      </trkpt>
      <trkpt lat="43.77336" lon="7.29443">
        <ele>405</ele>
        <time>2026-07-24T13:44:22+00:00</time>
      </trkpt>
      <trkpt lat="43.77326" lon="7.29476">
        <ele>405</ele>
        <time>2026-07-24T13:44:25+00:00</time>
      </trkpt>
      <trkpt lat="43.7732" lon="7.29527">
        <ele>417</ele>
        <time>2026-07-24T13:44:28+00:00</time>
      </trkpt>
      <trkpt lat="43.77304" lon="7.29561">
        <ele>418</ele>
        <time>2026-07-24T13:44:31+00:00</time>
      </trkpt>
      <trkpt lat="43.77279" lon="7.29613">
        <ele>428</ele>
        <time>2026-07-24T13:44:34+00:00</time>
      </trkpt>
      <trkpt lat="43.7725" lon="7.29628">
        <ele>443</ele>
        <time>2026-07-24T13:44:37+00:00</time>
      </trkpt>
      <trkpt lat="43.77196" lon="7.29655">
        <ele>463</ele>
        <time>2026-07-24T13:44:40+00:00</time>
      </trkpt>
      <trkpt lat="43.77185" lon="7.29687">
        <ele>470</ele>
        <time>2026-07-24T13:44:43+00:00</time>
      </trkpt>
      <trkpt lat="43.77184" lon="7.29727">
        <ele>470</ele>
        <time>2026-07-24T13:44:46+00:00</time>
      </trkpt>
      <trkpt lat="43.77197" lon="7.29755">
        <ele>470</ele>
        <time>2026-07-24T13:44:49+00:00</time>
      </trkpt>
      <trkpt lat="43.77197" lon="7.2979">
        <ele>469</ele>
        <time>2026-07-24T13:44:52+00:00</time>
      </trkpt>
      <trkpt lat="43.77197" lon="7.2983">
        <ele>469</ele>
        <time>2026-07-24T13:44:55+00:00</time>
      </trkpt>
      <trkpt lat="43.77185" lon="7.29868">
        <ele>472</ele>
        <time>2026-07-24T13:44:58+00:00</time>
      </trkpt>
      <trkpt lat="43.77164" lon="7.29932">
        <ele>473</ele>
        <time>2026-07-24T13:45:01+00:00</time>
      </trkpt>
      <trkpt lat="43.77169" lon="7.2999">
        <ele>474</ele>
        <time>2026-07-24T13:45:04+00:00</time>
      </trkpt>
      <trkpt lat="43.77154" lon="7.29989">
        <ele>476</ele>
        <time>2026-07-24T13:45:07+00:00</time>
      </trkpt>
      <trkpt lat="43.77131" lon="7.29971">
        <ele>476</ele>
        <time>2026-07-24T13:45:10+00:00</time>
      </trkpt>
      <trkpt lat="43.77086" lon="7.29983">
        <ele>464</ele>
        <time>2026-07-24T13:45:13+00:00</time>
      </trkpt>
      <trkpt lat="43.77073" lon="7.30001">
        <ele>464</ele>
        <time>2026-07-24T13:45:16+00:00</time>
      </trkpt>
      <trkpt lat="43.77048" lon="7.30014">
        <ele>452</ele>
        <time>2026-07-24T13:45:19+00:00</time>
      </trkpt>
      <trkpt lat="43.77017" lon="7.30012">
        <ele>456</ele>
        <time>2026-07-24T13:45:22+00:00</time>
      </trkpt>
      <trkpt lat="43.77" lon="7.29987">
        <ele>461</ele>
        <time>2026-07-24T13:45:25+00:00</time>
      </trkpt>
      <trkpt lat="43.76981" lon="7.2996">
        <ele>464</ele>
        <time>2026-07-24T13:45:28+00:00</time>
      </trkpt>
      <trkpt lat="43.76957" lon="7.29975">
        <ele>460</ele>
        <time>2026-07-24T13:45:31+00:00</time>
      </trkpt>
      <trkpt lat="43.76966" lon="7.29995">
        <ele>448</ele>
        <time>2026-07-24T13:45:34+00:00</time>
      </trkpt>
      <trkpt lat="43.76954" lon="7.30016">
        <ele>456</ele>
        <time>2026-07-24T13:45:37+00:00</time>
      </trkpt>
      <trkpt lat="43.7696" lon="7.30051">
        <ele>431</ele>
        <time>2026-07-24T13:45:40+00:00</time>
      </trkpt>
      <trkpt lat="43.76968" lon="7.30093">
        <ele>430</ele>
        <time>2026-07-24T13:45:43+00:00</time>
      </trkpt>
      <trkpt lat="43.76956" lon="7.3013">
        <ele>429</ele>
        <time>2026-07-24T13:45:46+00:00</time>
      </trkpt>
      <trkpt lat="43.76938" lon="7.30184">
        <ele>424</ele>
        <time>2026-07-24T13:45:49+00:00</time>
      </trkpt>
      <trkpt lat="43.76908" lon="7.30197">
        <ele>422</ele>
        <time>2026-07-24T13:45:52+00:00</time>
      </trkpt>
      <trkpt lat="43.76852" lon="7.30221">
        <ele>413</ele>
        <time>2026-07-24T13:45:55+00:00</time>
      </trkpt>
      <trkpt lat="43.7681" lon="7.30194">
        <ele>413</ele>
        <time>2026-07-24T13:45:58+00:00</time>
      </trkpt>
      <trkpt lat="43.76797" lon="7.30207">
        <ele>422</ele>
        <time>2026-07-24T13:46:01+00:00</time>
      </trkpt>
      <trkpt lat="43.76769" lon="7.30194">
        <ele>407</ele>
        <time>2026-07-24T13:46:04+00:00</time>
      </trkpt>
      <trkpt lat="43.76743" lon="7.30248">
        <ele>410</ele>
        <time>2026-07-24T13:46:07+00:00</time>
      </trkpt>
      <trkpt lat="43.76749" lon="7.30252">
        <ele>402</ele>
        <time>2026-07-24T13:46:10+00:00</time>
      </trkpt>
      <trkpt lat="43.76729" lon="7.30262">
        <ele>409</ele>
        <time>2026-07-24T13:46:13+00:00</time>
      </trkpt>
      <trkpt lat="43.76715" lon="7.30279">
        <ele>400</ele>
        <time>2026-07-24T13:46:16+00:00</time>
      </trkpt>
      <trkpt lat="43.76696" lon="7.30286">
        <ele>409</ele>
        <time>2026-07-24T13:46:19+00:00</time>
      </trkpt>
      <trkpt lat="43.76684" lon="7.30316">
        <ele>408</ele>
        <time>2026-07-24T13:46:22+00:00</time>
      </trkpt>
      <trkpt lat="43.76673" lon="7.30346">
        <ele>406</ele>
        <time>2026-07-24T13:46:25+00:00</time>
      </trkpt>
      <trkpt lat="43.76653" lon="7.30363">
        <ele>404</ele>
        <time>2026-07-24T13:46:28+00:00</time>
      </trkpt>
      <trkpt lat="43.7664" lon="7.30397">
        <ele>403</ele>
        <time>2026-07-24T13:46:31+00:00</time>
      </trkpt>
      <trkpt lat="43.76624" lon="7.3044">
        <ele>403</ele>
        <time>2026-07-24T13:46:34+00:00</time>
      </trkpt>
      <trkpt lat="43.76617" lon="7.30476">
        <ele>385</ele>
        <time>2026-07-24T13:46:37+00:00</time>
      </trkpt>
      <trkpt lat="43.76609" lon="7.30519">
        <ele>385</ele>
        <time>2026-07-24T13:46:40+00:00</time>
      </trkpt>
      <trkpt lat="43.76595" lon="7.30547">
        <ele>375</ele>
        <time>2026-07-24T13:46:43+00:00</time>
      </trkpt>
      <trkpt lat="43.76586" lon="7.30604">
        <ele>371</ele>
        <time>2026-07-24T13:46:46+00:00</time>
      </trkpt>
      <trkpt lat="43.76569" lon="7.30657">
        <ele>368</ele>
        <time>2026-07-24T13:46:49+00:00</time>
      </trkpt>
      <trkpt lat="43.7655" lon="7.30685">
        <ele>361</ele>
        <time>2026-07-24T13:46:52+00:00</time>
      </trkpt>
      <trkpt lat="43.76526" lon="7.30721">
        <ele>360</ele>
        <time>2026-07-24T13:46:55+00:00</time>
      </trkpt>
      <trkpt lat="43.7651" lon="7.30759">
        <ele>360</ele>
        <time>2026-07-24T13:46:58+00:00</time>
      </trkpt>
      <trkpt lat="43.76485" lon="7.30784">
        <ele>352</ele>
        <time>2026-07-24T13:47:01+00:00</time>
      </trkpt>
      <trkpt lat="43.76441" lon="7.30828">
        <ele>343</ele>
        <time>2026-07-24T13:47:04+00:00</time>
      </trkpt>
      <trkpt lat="43.76419" lon="7.30857">
        <ele>336</ele>
        <time>2026-07-24T13:47:07+00:00</time>
      </trkpt>
      <trkpt lat="43.76384" lon="7.30904">
        <ele>335</ele>
        <time>2026-07-24T13:47:10+00:00</time>
      </trkpt>
      <trkpt lat="43.76377" lon="7.30945">
        <ele>323</ele>
        <time>2026-07-24T13:47:13+00:00</time>
      </trkpt>
      <trkpt lat="43.76366" lon="7.31016">
        <ele>313</ele>
        <time>2026-07-24T13:47:16+00:00</time>
      </trkpt>
      <trkpt lat="43.76337" lon="7.31037">
        <ele>312</ele>
        <time>2026-07-24T13:47:19+00:00</time>
      </trkpt>
      <trkpt lat="43.7632" lon="7.31075">
        <ele>302</ele>
        <time>2026-07-24T13:47:22+00:00</time>
      </trkpt>
      <trkpt lat="43.76285" lon="7.3115">
        <ele>294</ele>
        <time>2026-07-24T13:47:25+00:00</time>
      </trkpt>
      <trkpt lat="43.76262" lon="7.31186">
        <ele>291</ele>
        <time>2026-07-24T13:47:28+00:00</time>
      </trkpt>
      <trkpt lat="43.76239" lon="7.31221">
        <ele>278</ele>
        <time>2026-07-24T13:47:31+00:00</time>
      </trkpt>
      <trkpt lat="43.76206" lon="7.31273">
        <ele>263</ele>
        <time>2026-07-24T13:47:34+00:00</time>
      </trkpt>
      <trkpt lat="43.76213" lon="7.31277">
        <ele>260</ele>
        <time>2026-07-24T13:47:37+00:00</time>
      </trkpt>
      <trkpt lat="43.76206" lon="7.31293">
        <ele>263</ele>
        <time>2026-07-24T13:47:40+00:00</time>
      </trkpt>
      <trkpt lat="43.76217" lon="7.31292">
        <ele>260</ele>
        <time>2026-07-24T13:47:43+00:00</time>
      </trkpt>
      <trkpt lat="43.76216" lon="7.31299">
        <ele>260</ele>
        <time>2026-07-24T13:47:46+00:00</time>
      </trkpt>
      <trkpt lat="43.76222" lon="7.313">
        <ele>260</ele>
        <time>2026-07-24T13:47:49+00:00</time>
      </trkpt>
      <trkpt lat="43.76217" lon="7.3131">
        <ele>251</ele>
        <time>2026-07-24T13:47:52+00:00</time>
      </trkpt>
      <trkpt lat="43.76248" lon="7.31322">
        <ele>244</ele>
        <time>2026-07-24T13:47:55+00:00</time>
      </trkpt>
      <trkpt lat="43.76251" lon="7.31346">
        <ele>244</ele>
        <time>2026-07-24T13:47:58+00:00</time>
      </trkpt>
      <trkpt lat="43.76259" lon="7.31354">
        <ele>235</ele>
        <time>2026-07-24T13:48:01+00:00</time>
      </trkpt>
      <trkpt lat="43.76252" lon="7.31368">
        <ele>235</ele>
        <time>2026-07-24T13:48:04+00:00</time>
      </trkpt>
      <trkpt lat="43.76257" lon="7.31381">
        <ele>225</ele>
        <time>2026-07-24T13:48:07+00:00</time>
      </trkpt>
      <trkpt lat="43.76245" lon="7.31396">
        <ele>225</ele>
        <time>2026-07-24T13:48:10+00:00</time>
      </trkpt>
      <trkpt lat="43.76254" lon="7.31422">
        <ele>217</ele>
        <time>2026-07-24T13:48:13+00:00</time>
      </trkpt>
      <trkpt lat="43.76245" lon="7.3143">
        <ele>217</ele>
        <time>2026-07-24T13:48:16+00:00</time>
      </trkpt>
      <trkpt lat="43.76242" lon="7.31444">
        <ele>211</ele>
        <time>2026-07-24T13:48:19+00:00</time>
      </trkpt>
      <trkpt lat="43.76249" lon="7.31473">
        <ele>201</ele>
        <time>2026-07-24T13:48:22+00:00</time>
      </trkpt>
      <trkpt lat="43.76245" lon="7.31477">
        <ele>201</ele>
        <time>2026-07-24T13:48:25+00:00</time>
      </trkpt>
      <trkpt lat="43.76257" lon="7.31513">
        <ele>191</ele>
        <time>2026-07-24T13:48:28+00:00</time>
      </trkpt>
      <trkpt lat="43.76284" lon="7.31525">
        <ele>188</ele>
        <time>2026-07-24T13:48:31+00:00</time>
      </trkpt>
      <trkpt lat="43.7626" lon="7.3154">
        <ele>188</ele>
        <time>2026-07-24T13:48:34+00:00</time>
      </trkpt>
      <trkpt lat="43.76266" lon="7.31547">
        <ele>179</ele>
        <time>2026-07-24T13:48:37+00:00</time>
      </trkpt>
      <trkpt lat="43.76296" lon="7.31542">
        <ele>188</ele>
        <time>2026-07-24T13:48:40+00:00</time>
      </trkpt>
      <trkpt lat="43.76288" lon="7.31564">
        <ele>165</ele>
        <time>2026-07-24T13:48:43+00:00</time>
      </trkpt>
      <trkpt lat="43.76268" lon="7.31563">
        <ele>164</ele>
        <time>2026-07-24T13:48:46+00:00</time>
      </trkpt>
      <trkpt lat="43.76252" lon="7.31594">
        <ele>145</ele>
        <time>2026-07-24T13:48:49+00:00</time>
      </trkpt>
      <trkpt lat="43.7623" lon="7.31611">
        <ele>128</ele>
        <time>2026-07-24T13:48:52+00:00</time>
      </trkpt>
      <trkpt lat="43.76236" lon="7.31626">
        <ele>128</ele>
        <time>2026-07-24T13:48:55+00:00</time>
      </trkpt>
      <trkpt lat="43.76234" lon="7.31649">
        <ele>124</ele>
        <time>2026-07-24T13:48:58+00:00</time>
      </trkpt>
      <trkpt lat="43.76251" lon="7.31681">
        <ele>123</ele>
        <time>2026-07-24T13:49:01+00:00</time>
      </trkpt>
      <trkpt lat="43.76258" lon="7.31732">
        <ele>116</ele>
        <time>2026-07-24T13:49:04+00:00</time>
      </trkpt>
      <trkpt lat="43.76237" lon="7.31754">
        <ele>110</ele>
        <time>2026-07-24T13:49:07+00:00</time>
      </trkpt>
      <trkpt lat="43.76212" lon="7.31779">
        <ele>108</ele>
        <time>2026-07-24T13:49:10+00:00</time>
      </trkpt>
      <trkpt lat="43.76191" lon="7.31792">
        <ele>103</ele>
        <time>2026-07-24T13:49:13+00:00</time>
      </trkpt>
      <trkpt lat="43.76168" lon="7.31743">
        <ele>100</ele>
        <time>2026-07-24T13:49:16+00:00</time>
      </trkpt>
      <trkpt lat="43.76156" lon="7.31737">
        <ele>100</ele>
        <time>2026-07-24T13:49:19+00:00</time>
      </trkpt>
      <trkpt lat="43.76134" lon="7.31755">
        <ele>100</ele>
        <time>2026-07-24T13:49:22+00:00</time>
      </trkpt>
      <trkpt lat="43.76134" lon="7.31756">
        <ele>98</ele>
        <time>2026-07-24T13:49:25+00:00</time>
      </trkpt>
      <trkpt lat="43.76112" lon="7.31775">
        <ele>100</ele>
        <time>2026-07-24T13:49:28+00:00</time>
      </trkpt>
      <trkpt lat="43.76096" lon="7.31748">
        <ele>100</ele>
        <time>2026-07-24T13:49:31+00:00</time>
      </trkpt>
      <trkpt lat="43.7606" lon="7.31707">
        <ele>97</ele>
        <time>2026-07-24T13:49:34+00:00</time>
      </trkpt>
      <trkpt lat="43.76038" lon="7.31689">
        <ele>97</ele>
        <time>2026-07-24T13:49:37+00:00</time>
      </trkpt>
      <trkpt lat="43.76011" lon="7.31669">
        <ele>100</ele>
        <time>2026-07-24T13:49:40+00:00</time>
      </trkpt>
      <trkpt lat="43.75982" lon="7.31658">
        <ele>106</ele>
        <time>2026-07-24T13:49:43+00:00</time>
      </trkpt>
      <trkpt lat="43.75963" lon="7.31653">
        <ele>106</ele>
        <time>2026-07-24T13:49:46+00:00</time>
      </trkpt>
      <trkpt lat="43.7596" lon="7.31651">
        <ele>112</ele>
        <time>2026-07-24T13:49:49+00:00</time>
      </trkpt>
      <trkpt lat="43.75954" lon="7.31628">
        <ele>123</ele>
        <time>2026-07-24T13:49:52+00:00</time>
      </trkpt>
      <trkpt lat="43.7594" lon="7.31608">
        <ele>123</ele>
        <time>2026-07-24T13:49:55+00:00</time>
      </trkpt>
      <trkpt lat="43.75934" lon="7.31608">
        <ele>130</ele>
        <time>2026-07-24T13:49:58+00:00</time>
      </trkpt>
      <trkpt lat="43.75916" lon="7.31626">
        <ele>126</ele>
        <time>2026-07-24T13:50:01+00:00</time>
      </trkpt>
      <trkpt lat="43.75891" lon="7.31638">
        <ele>129</ele>
        <time>2026-07-24T13:50:04+00:00</time>
      </trkpt>
      <trkpt lat="43.75877" lon="7.31642">
        <ele>135</ele>
        <time>2026-07-24T13:50:07+00:00</time>
      </trkpt>
      <trkpt lat="43.75844" lon="7.31649">
        <ele>137</ele>
        <time>2026-07-24T13:50:10+00:00</time>
      </trkpt>
      <trkpt lat="43.75828" lon="7.31648">
        <ele>137</ele>
        <time>2026-07-24T13:50:13+00:00</time>
      </trkpt>
      <trkpt lat="43.75819" lon="7.31641">
        <ele>139</ele>
        <time>2026-07-24T13:50:16+00:00</time>
      </trkpt>
      <trkpt lat="43.75809" lon="7.31629">
        <ele>151</ele>
        <time>2026-07-24T13:50:19+00:00</time>
      </trkpt>
      <trkpt lat="43.75805" lon="7.31627">
        <ele>151</ele>
        <time>2026-07-24T13:50:22+00:00</time>
      </trkpt>
      <trkpt lat="43.75799" lon="7.3163">
        <ele>134</ele>
        <time>2026-07-24T13:50:25+00:00</time>
      </trkpt>
      <trkpt lat="43.75791" lon="7.31649">
        <ele>141</ele>
        <time>2026-07-24T13:50:28+00:00</time>
      </trkpt>
      <trkpt lat="43.75803" lon="7.31664">
        <ele>132</ele>
        <time>2026-07-24T13:50:31+00:00</time>
      </trkpt>
      <trkpt lat="43.75803" lon="7.3167">
        <ele>129</ele>
        <time>2026-07-24T13:50:34+00:00</time>
      </trkpt>
      <trkpt lat="43.75799" lon="7.31678">
        <ele>131</ele>
        <time>2026-07-24T13:50:37+00:00</time>
      </trkpt>
      <trkpt lat="43.75775" lon="7.31685">
        <ele>131</ele>
        <time>2026-07-24T13:50:40+00:00</time>
      </trkpt>
      <trkpt lat="43.75739" lon="7.31696">
        <ele>130</ele>
        <time>2026-07-24T13:50:43+00:00</time>
      </trkpt>
      <trkpt lat="43.75702" lon="7.31713">
        <ele>124</ele>
        <time>2026-07-24T13:50:46+00:00</time>
      </trkpt>
      <trkpt lat="43.757" lon="7.31718">
        <ele>124</ele>
        <time>2026-07-24T13:50:49+00:00</time>
      </trkpt>
      <trkpt lat="43.75709" lon="7.31748">
        <ele>121</ele>
        <time>2026-07-24T13:50:52+00:00</time>
      </trkpt>
      <trkpt lat="43.75707" lon="7.31755">
        <ele>115</ele>
        <time>2026-07-24T13:50:55+00:00</time>
      </trkpt>
      <trkpt lat="43.75683" lon="7.31763">
        <ele>119</ele>
        <time>2026-07-24T13:50:58+00:00</time>
      </trkpt>
      <trkpt lat="43.75667" lon="7.31772">
        <ele>105</ele>
        <time>2026-07-24T13:51:01+00:00</time>
      </trkpt>
      <trkpt lat="43.75665" lon="7.31781">
        <ele>105</ele>
        <time>2026-07-24T13:51:04+00:00</time>
      </trkpt>
      <trkpt lat="43.75661" lon="7.31803">
        <ele>96</ele>
        <time>2026-07-24T13:51:07+00:00</time>
      </trkpt>
      <trkpt lat="43.75658" lon="7.3181">
        <ele>105</ele>
        <time>2026-07-24T13:51:10+00:00</time>
      </trkpt>
      <trkpt lat="43.75624" lon="7.31826">
        <ele>104</ele>
        <time>2026-07-24T13:51:13+00:00</time>
      </trkpt>
      <trkpt lat="43.7559" lon="7.31843">
        <ele>104</ele>
        <time>2026-07-24T13:51:16+00:00</time>
      </trkpt>
      <trkpt lat="43.75527" lon="7.31874">
        <ele>110</ele>
        <time>2026-07-24T13:51:19+00:00</time>
      </trkpt>
      <trkpt lat="43.75491" lon="7.31877">
        <ele>107</ele>
        <time>2026-07-24T13:51:22+00:00</time>
      </trkpt>
      <trkpt lat="43.75454" lon="7.3188">
        <ele>104</ele>
        <time>2026-07-24T13:51:25+00:00</time>
      </trkpt>
      <trkpt lat="43.75417" lon="7.31883">
        <ele>104</ele>
        <time>2026-07-24T13:51:28+00:00</time>
      </trkpt>
      <trkpt lat="43.75378" lon="7.31887">
        <ele>92</ele>
        <time>2026-07-24T13:51:31+00:00</time>
      </trkpt>
      <trkpt lat="43.75385" lon="7.31933">
        <ele>89</ele>
        <time>2026-07-24T13:51:34+00:00</time>
      </trkpt>
      <trkpt lat="43.75392" lon="7.3198">
        <ele>86</ele>
        <time>2026-07-24T13:51:37+00:00</time>
      </trkpt>
      <trkpt lat="43.75402" lon="7.32046">
        <ele>86</ele>
        <time>2026-07-24T13:51:40+00:00</time>
      </trkpt>
      <trkpt lat="43.75401" lon="7.32038">
        <ele>84</ele>
        <time>2026-07-24T13:51:43+00:00</time>
      </trkpt>
      <trkpt lat="43.75378" lon="7.32053">
        <ele>87</ele>
        <time>2026-07-24T13:51:46+00:00</time>
      </trkpt>
      <trkpt lat="43.75347" lon="7.32073">
        <ele>89</ele>
        <time>2026-07-24T13:51:49+00:00</time>
      </trkpt>
      <trkpt lat="43.7532" lon="7.32079">
        <ele>91</ele>
        <time>2026-07-24T13:51:52+00:00</time>
      </trkpt>
      <trkpt lat="43.75283" lon="7.32087">
        <ele>89</ele>
        <time>2026-07-24T13:51:55+00:00</time>
      </trkpt>
      <trkpt lat="43.7525" lon="7.32075">
        <ele>88</ele>
        <time>2026-07-24T13:51:58+00:00</time>
      </trkpt>
      <trkpt lat="43.75218" lon="7.32063">
        <ele>88</ele>
        <time>2026-07-24T13:52:01+00:00</time>
      </trkpt>
      <trkpt lat="43.7518" lon="7.32049">
        <ele>89</ele>
        <time>2026-07-24T13:52:04+00:00</time>
      </trkpt>
      <trkpt lat="43.75209" lon="7.3206">
        <ele>88</ele>
        <time>2026-07-24T13:52:07+00:00</time>
      </trkpt>
      <trkpt lat="43.75258" lon="7.32078">
        <ele>88</ele>
        <time>2026-07-24T13:52:10+00:00</time>
      </trkpt>
      <trkpt lat="43.75229" lon="7.32067">
        <ele>88</ele>
        <time>2026-07-24T13:52:13+00:00</time>
      </trkpt>
      <trkpt lat="43.7518" lon="7.32049">
        <ele>89</ele>
        <time>2026-07-24T13:52:16+00:00</time>
      </trkpt>
      <trkpt lat="43.75203" lon="7.3206">
        <ele>91</ele>
        <time>2026-07-24T13:52:19+00:00</time>
      </trkpt>
      <trkpt lat="43.7516" lon="7.32033">
        <ele>93</ele>
        <time>2026-07-24T13:52:22+00:00</time>
      </trkpt>
      <trkpt lat="43.75157" lon="7.32042">
        <ele>96</ele>
        <time>2026-07-24T13:52:25+00:00</time>
      </trkpt>
      <trkpt lat="43.75136" lon="7.32024">
        <ele>96</ele>
        <time>2026-07-24T13:52:28+00:00</time>
      </trkpt>
      <trkpt lat="43.75106" lon="7.31998">
        <ele>97</ele>
        <time>2026-07-24T13:52:31+00:00</time>
      </trkpt>
      <trkpt lat="43.75124" lon="7.32014">
        <ele>97</ele>
        <time>2026-07-24T13:52:34+00:00</time>
      </trkpt>
      <trkpt lat="43.75106" lon="7.31998">
        <ele>97</ele>
        <time>2026-07-24T13:52:37+00:00</time>
      </trkpt>
      <trkpt lat="43.75076" lon="7.31992">
        <ele>94</ele>
        <time>2026-07-24T13:52:40+00:00</time>
      </trkpt>
      <trkpt lat="43.75032" lon="7.31983">
        <ele>91</ele>
        <time>2026-07-24T13:52:43+00:00</time>
      </trkpt>
      <trkpt lat="43.7505" lon="7.31985">
        <ele>88</ele>
        <time>2026-07-24T13:52:46+00:00</time>
      </trkpt>
      <trkpt lat="43.75025" lon="7.31993">
        <ele>88</ele>
        <time>2026-07-24T13:52:49+00:00</time>
      </trkpt>
      <trkpt lat="43.74978" lon="7.32009">
        <ele>87</ele>
        <time>2026-07-24T13:52:52+00:00</time>
      </trkpt>
      <trkpt lat="43.74948" lon="7.32026">
        <ele>87</ele>
        <time>2026-07-24T13:52:55+00:00</time>
      </trkpt>
      <trkpt lat="43.74918" lon="7.32044">
        <ele>87</ele>
        <time>2026-07-24T13:52:58+00:00</time>
      </trkpt>
      <trkpt lat="43.74885" lon="7.32063">
        <ele>88</ele>
        <time>2026-07-24T13:53:01+00:00</time>
      </trkpt>
      <trkpt lat="43.74858" lon="7.32078">
        <ele>88</ele>
        <time>2026-07-24T13:53:04+00:00</time>
      </trkpt>
      <trkpt lat="43.74819" lon="7.321">
        <ele>89</ele>
        <time>2026-07-24T13:53:07+00:00</time>
      </trkpt>
      <trkpt lat="43.74826" lon="7.32095">
        <ele>85</ele>
        <time>2026-07-24T13:53:10+00:00</time>
      </trkpt>
      <trkpt lat="43.74819" lon="7.321">
        <ele>89</ele>
        <time>2026-07-24T13:53:13+00:00</time>
      </trkpt>
      <trkpt lat="43.74806" lon="7.32105">
        <ele>89</ele>
        <time>2026-07-24T13:53:16+00:00</time>
      </trkpt>
      <trkpt lat="43.74793" lon="7.32104">
        <ele>89</ele>
        <time>2026-07-24T13:53:19+00:00</time>
      </trkpt>
      <trkpt lat="43.74782" lon="7.32098">
        <ele>88</ele>
        <time>2026-07-24T13:53:22+00:00</time>
      </trkpt>
      <trkpt lat="43.74783" lon="7.32099">
        <ele>82</ele>
        <time>2026-07-24T13:53:25+00:00</time>
      </trkpt>
      <trkpt lat="43.74773" lon="7.32099">
        <ele>82</ele>
        <time>2026-07-24T13:53:28+00:00</time>
      </trkpt>
      <trkpt lat="43.74755" lon="7.32075">
        <ele>88</ele>
        <time>2026-07-24T13:53:31+00:00</time>
      </trkpt>
      <trkpt lat="43.74726" lon="7.32036">
        <ele>85</ele>
        <time>2026-07-24T13:53:34+00:00</time>
      </trkpt>
      <trkpt lat="43.74745" lon="7.32062">
        <ele>86</ele>
        <time>2026-07-24T13:53:37+00:00</time>
      </trkpt>
      <trkpt lat="43.74769" lon="7.32094">
        <ele>84</ele>
        <time>2026-07-24T13:53:40+00:00</time>
      </trkpt>
      <trkpt lat="43.7475" lon="7.32068">
        <ele>86</ele>
        <time>2026-07-24T13:53:43+00:00</time>
      </trkpt>
      <trkpt lat="43.74726" lon="7.32036">
        <ele>85</ele>
        <time>2026-07-24T13:53:46+00:00</time>
      </trkpt>
      <trkpt lat="43.74695" lon="7.32017">
        <ele>85</ele>
        <time>2026-07-24T13:53:49+00:00</time>
      </trkpt>
      <trkpt lat="43.74663" lon="7.31998">
        <ele>85</ele>
        <time>2026-07-24T13:53:52+00:00</time>
      </trkpt>
      <trkpt lat="43.74622" lon="7.31973">
        <ele>88</ele>
        <time>2026-07-24T13:53:55+00:00</time>
      </trkpt>
      <trkpt lat="43.74632" lon="7.31978">
        <ele>83</ele>
        <time>2026-07-24T13:53:58+00:00</time>
      </trkpt>
      <trkpt lat="43.74622" lon="7.31973">
        <ele>88</ele>
        <time>2026-07-24T13:54:01+00:00</time>
      </trkpt>
      <trkpt lat="43.74596" lon="7.31932">
        <ele>88</ele>
        <time>2026-07-24T13:54:04+00:00</time>
      </trkpt>
      <trkpt lat="43.74587" lon="7.319">
        <ele>85</ele>
        <time>2026-07-24T13:54:07+00:00</time>
      </trkpt>
      <trkpt lat="43.74578" lon="7.31866">
        <ele>85</ele>
        <time>2026-07-24T13:54:10+00:00</time>
      </trkpt>
      <trkpt lat="43.74571" lon="7.31805">
        <ele>85</ele>
        <time>2026-07-24T13:54:13+00:00</time>
      </trkpt>
      <trkpt lat="43.74562" lon="7.31775">
        <ele>85</ele>
        <time>2026-07-24T13:54:16+00:00</time>
      </trkpt>
      <trkpt lat="43.74565" lon="7.31779">
        <ele>85</ele>
        <time>2026-07-24T13:54:19+00:00</time>
      </trkpt>
      <trkpt lat="43.74562" lon="7.31775">
        <ele>85</ele>
        <time>2026-07-24T13:54:22+00:00</time>
      </trkpt>
      <trkpt lat="43.74564" lon="7.31788">
        <ele>85</ele>
        <time>2026-07-24T13:54:25+00:00</time>
      </trkpt>
      <trkpt lat="43.74572" lon="7.31816">
        <ele>86</ele>
        <time>2026-07-24T13:54:28+00:00</time>
      </trkpt>
      <trkpt lat="43.74564" lon="7.31851">
        <ele>88</ele>
        <time>2026-07-24T13:54:31+00:00</time>
      </trkpt>
      <trkpt lat="43.74553" lon="7.31874">
        <ele>88</ele>
        <time>2026-07-24T13:54:34+00:00</time>
      </trkpt>
      <trkpt lat="43.74532" lon="7.31913">
        <ele>92</ele>
        <time>2026-07-24T13:54:37+00:00</time>
      </trkpt>
      <trkpt lat="43.74518" lon="7.31927">
        <ele>96</ele>
        <time>2026-07-24T13:54:40+00:00</time>
      </trkpt>
      <trkpt lat="43.74512" lon="7.31939">
        <ele>93</ele>
        <time>2026-07-24T13:54:43+00:00</time>
      </trkpt>
      <trkpt lat="43.74508" lon="7.31958">
        <ele>95</ele>
        <time>2026-07-24T13:54:46+00:00</time>
      </trkpt>
      <trkpt lat="43.74505" lon="7.31984">
        <ele>93</ele>
        <time>2026-07-24T13:54:49+00:00</time>
      </trkpt>
      <trkpt lat="43.74504" lon="7.32002">
        <ele>93</ele>
        <time>2026-07-24T13:54:52+00:00</time>
      </trkpt>
      <trkpt lat="43.74502" lon="7.32017">
        <ele>93</ele>
        <time>2026-07-24T13:54:55+00:00</time>
      </trkpt>
      <trkpt lat="43.74477" lon="7.32055">
        <ele>92</ele>
        <time>2026-07-24T13:54:58+00:00</time>
      </trkpt>
      <trkpt lat="43.74464" lon="7.32023">
        <ele>92</ele>
        <time>2026-07-24T13:55:01+00:00</time>
      </trkpt>
      <trkpt lat="43.74448" lon="7.31982">
        <ele>92</ele>
        <time>2026-07-24T13:55:04+00:00</time>
      </trkpt>
      <trkpt lat="43.74432" lon="7.31997">
        <ele>92</ele>
        <time>2026-07-24T13:55:07+00:00</time>
      </trkpt>
      <trkpt lat="43.74409" lon="7.32017">
        <ele>93</ele>
        <time>2026-07-24T13:55:10+00:00</time>
      </trkpt>
      <trkpt lat="43.74386" lon="7.32037">
        <ele>94</ele>
        <time>2026-07-24T13:55:13+00:00</time>
      </trkpt>
      <trkpt lat="43.7436" lon="7.32061">
        <ele>96</ele>
        <time>2026-07-24T13:55:16+00:00</time>
      </trkpt>
      <trkpt lat="43.74328" lon="7.32082">
        <ele>97</ele>
        <time>2026-07-24T13:55:19+00:00</time>
      </trkpt>
      <trkpt lat="43.74333" lon="7.32092">
        <ele>97</ele>
        <time>2026-07-24T13:55:22+00:00</time>
      </trkpt>
      <trkpt lat="43.74346" lon="7.32111">
        <ele>97</ele>
        <time>2026-07-24T13:55:25+00:00</time>
      </trkpt>
      <trkpt lat="43.74381" lon="7.32154">
        <ele>98</ele>
        <time>2026-07-24T13:55:28+00:00</time>
      </trkpt>
      <trkpt lat="43.74389" lon="7.3217">
        <ele>101</ele>
        <time>2026-07-24T13:55:31+00:00</time>
      </trkpt>
      <trkpt lat="43.74396" lon="7.32199">
        <ele>103</ele>
        <time>2026-07-24T13:55:34+00:00</time>
      </trkpt>
      <trkpt lat="43.74401" lon="7.32235">
        <ele>108</ele>
        <time>2026-07-24T13:55:37+00:00</time>
      </trkpt>
      <trkpt lat="43.74388" lon="7.32275">
        <ele>118</ele>
        <time>2026-07-24T13:55:40+00:00</time>
      </trkpt>
      <trkpt lat="43.74363" lon="7.32349">
        <ele>130</ele>
        <time>2026-07-24T13:55:43+00:00</time>
      </trkpt>
      <trkpt lat="43.74353" lon="7.32393">
        <ele>130</ele>
        <time>2026-07-24T13:55:46+00:00</time>
      </trkpt>
      <trkpt lat="43.74333" lon="7.32412">
        <ele>131</ele>
        <time>2026-07-24T13:55:49+00:00</time>
      </trkpt>
      <trkpt lat="43.74311" lon="7.32432">
        <ele>137</ele>
        <time>2026-07-24T13:55:52+00:00</time>
      </trkpt>
      <trkpt lat="43.74304" lon="7.32439">
        <ele>137</ele>
        <time>2026-07-24T13:55:55+00:00</time>
      </trkpt>
      <trkpt lat="43.74296" lon="7.32469">
        <ele>139</ele>
        <time>2026-07-24T13:55:58+00:00</time>
      </trkpt>
      <trkpt lat="43.74287" lon="7.32506">
        <ele>139</ele>
        <time>2026-07-24T13:56:01+00:00</time>
      </trkpt>
      <trkpt lat="43.74279" lon="7.32522">
        <ele>139</ele>
        <time>2026-07-24T13:56:04+00:00</time>
      </trkpt>
      <trkpt lat="43.74262" lon="7.32547">
        <ele>147</ele>
        <time>2026-07-24T13:56:07+00:00</time>
      </trkpt>
      <trkpt lat="43.7425" lon="7.32571">
        <ele>151</ele>
        <time>2026-07-24T13:56:10+00:00</time>
      </trkpt>
      <trkpt lat="43.74238" lon="7.3261">
        <ele>161</ele>
        <time>2026-07-24T13:56:13+00:00</time>
      </trkpt>
      <trkpt lat="43.74216" lon="7.32675">
        <ele>166</ele>
        <time>2026-07-24T13:56:16+00:00</time>
      </trkpt>
      <trkpt lat="43.74211" lon="7.32666">
        <ele>166</ele>
        <time>2026-07-24T13:56:19+00:00</time>
      </trkpt>
      <trkpt lat="43.74201" lon="7.32665">
        <ele>179</ele>
        <time>2026-07-24T13:56:22+00:00</time>
      </trkpt>
      <trkpt lat="43.74183" lon="7.32675">
        <ele>187</ele>
        <time>2026-07-24T13:56:25+00:00</time>
      </trkpt>
      <trkpt lat="43.74166" lon="7.3268">
        <ele>187</ele>
        <time>2026-07-24T13:56:28+00:00</time>
      </trkpt>
      <trkpt lat="43.74149" lon="7.32665">
        <ele>190</ele>
        <time>2026-07-24T13:56:31+00:00</time>
      </trkpt>
      <trkpt lat="43.74128" lon="7.32646">
        <ele>191</ele>
        <time>2026-07-24T13:56:34+00:00</time>
      </trkpt>
      <trkpt lat="43.74095" lon="7.32629">
        <ele>193</ele>
        <time>2026-07-24T13:56:37+00:00</time>
      </trkpt>
      <trkpt lat="43.74072" lon="7.32622">
        <ele>193</ele>
        <time>2026-07-24T13:56:40+00:00</time>
      </trkpt>
      <trkpt lat="43.74056" lon="7.32612">
        <ele>201</ele>
        <time>2026-07-24T13:56:43+00:00</time>
      </trkpt>
      <trkpt lat="43.74041" lon="7.32609">
        <ele>187</ele>
        <time>2026-07-24T13:56:46+00:00</time>
      </trkpt>
      <trkpt lat="43.74027" lon="7.32597">
        <ele>188</ele>
        <time>2026-07-24T13:56:49+00:00</time>
      </trkpt>
      <trkpt lat="43.7401" lon="7.32589">
        <ele>182</ele>
        <time>2026-07-24T13:56:52+00:00</time>
      </trkpt>
      <trkpt lat="43.73998" lon="7.32579">
        <ele>182</ele>
        <time>2026-07-24T13:56:55+00:00</time>
      </trkpt>
      <trkpt lat="43.7398" lon="7.32584">
        <ele>182</ele>
        <time>2026-07-24T13:56:58+00:00</time>
      </trkpt>
      <trkpt lat="43.7396" lon="7.32591">
        <ele>182</ele>
        <time>2026-07-24T13:57:01+00:00</time>
      </trkpt>
      <trkpt lat="43.73949" lon="7.32597">
        <ele>182</ele>
        <time>2026-07-24T13:57:04+00:00</time>
      </trkpt>
      <trkpt lat="43.73935" lon="7.32613">
        <ele>189</ele>
        <time>2026-07-24T13:57:07+00:00</time>
      </trkpt>
      <trkpt lat="43.73934" lon="7.3262">
        <ele>189</ele>
        <time>2026-07-24T13:57:10+00:00</time>
      </trkpt>
      <trkpt lat="43.73935" lon="7.32625">
        <ele>189</ele>
        <time>2026-07-24T13:57:13+00:00</time>
      </trkpt>
      <trkpt lat="43.7394" lon="7.32623">
        <ele>206</ele>
        <time>2026-07-24T13:57:16+00:00</time>
      </trkpt>
      <trkpt lat="43.73944" lon="7.32625">
        <ele>206</ele>
        <time>2026-07-24T13:57:19+00:00</time>
      </trkpt>
      <trkpt lat="43.73943" lon="7.32631">
        <ele>226</ele>
        <time>2026-07-24T13:57:22+00:00</time>
      </trkpt>
      <trkpt lat="43.73936" lon="7.32645">
        <ele>200</ele>
        <time>2026-07-24T13:57:25+00:00</time>
      </trkpt>
      <trkpt lat="43.73937" lon="7.32651">
        <ele>200</ele>
        <time>2026-07-24T13:57:28+00:00</time>
      </trkpt>
      <trkpt lat="43.7394" lon="7.32654">
        <ele>226</ele>
        <time>2026-07-24T13:57:31+00:00</time>
      </trkpt>
      <trkpt lat="43.73949" lon="7.32652">
        <ele>226</ele>
        <time>2026-07-24T13:57:34+00:00</time>
      </trkpt>
      <trkpt lat="43.73963" lon="7.32636">
        <ele>239</ele>
        <time>2026-07-24T13:57:37+00:00</time>
      </trkpt>
      <trkpt lat="43.73966" lon="7.32635">
        <ele>239</ele>
        <time>2026-07-24T13:57:40+00:00</time>
      </trkpt>
      <trkpt lat="43.73964" lon="7.32646">
        <ele>239</ele>
        <time>2026-07-24T13:57:43+00:00</time>
      </trkpt>
      <trkpt lat="43.73951" lon="7.32666">
        <ele>240</ele>
        <time>2026-07-24T13:57:46+00:00</time>
      </trkpt>
      <trkpt lat="43.73941" lon="7.32699">
        <ele>232</ele>
        <time>2026-07-24T13:57:49+00:00</time>
      </trkpt>
      <trkpt lat="43.73934" lon="7.32712">
        <ele>225</ele>
        <time>2026-07-24T13:57:52+00:00</time>
      </trkpt>
      <trkpt lat="43.73934" lon="7.32727">
        <ele>233</ele>
        <time>2026-07-24T13:57:55+00:00</time>
      </trkpt>
      <trkpt lat="43.73932" lon="7.32735">
        <ele>225</ele>
        <time>2026-07-24T13:57:58+00:00</time>
      </trkpt>
      <trkpt lat="43.73922" lon="7.32746">
        <ele>235</ele>
        <time>2026-07-24T13:58:01+00:00</time>
      </trkpt>
      <trkpt lat="43.73917" lon="7.32764">
        <ele>235</ele>
        <time>2026-07-24T13:58:04+00:00</time>
      </trkpt>
      <trkpt lat="43.73919" lon="7.328">
        <ele>239</ele>
        <time>2026-07-24T13:58:07+00:00</time>
      </trkpt>
      <trkpt lat="43.73913" lon="7.32832">
        <ele>249</ele>
        <time>2026-07-24T13:58:10+00:00</time>
      </trkpt>
      <trkpt lat="43.73914" lon="7.3285">
        <ele>261</ele>
        <time>2026-07-24T13:58:13+00:00</time>
      </trkpt>
      <trkpt lat="43.73914" lon="7.32875">
        <ele>261</ele>
        <time>2026-07-24T13:58:16+00:00</time>
      </trkpt>
      <trkpt lat="43.73916" lon="7.32893">
        <ele>269</ele>
        <time>2026-07-24T13:58:19+00:00</time>
      </trkpt>
      <trkpt lat="43.73915" lon="7.32911">
        <ele>275</ele>
        <time>2026-07-24T13:58:22+00:00</time>
      </trkpt>
      <trkpt lat="43.73919" lon="7.3293">
        <ele>275</ele>
        <time>2026-07-24T13:58:25+00:00</time>
      </trkpt>
      <trkpt lat="43.73923" lon="7.32959">
        <ele>282</ele>
        <time>2026-07-24T13:58:28+00:00</time>
      </trkpt>
      <trkpt lat="43.73923" lon="7.32992">
        <ele>286</ele>
        <time>2026-07-24T13:58:31+00:00</time>
      </trkpt>
      <trkpt lat="43.73923" lon="7.33026">
        <ele>290</ele>
        <time>2026-07-24T13:58:34+00:00</time>
      </trkpt>
      <trkpt lat="43.73933" lon="7.33047">
        <ele>290</ele>
        <time>2026-07-24T13:58:37+00:00</time>
      </trkpt>
      <trkpt lat="43.73935" lon="7.33065">
        <ele>293</ele>
        <time>2026-07-24T13:58:40+00:00</time>
      </trkpt>
      <trkpt lat="43.73931" lon="7.33091">
        <ele>293</ele>
        <time>2026-07-24T13:58:43+00:00</time>
      </trkpt>
      <trkpt lat="43.73923" lon="7.3311">
        <ele>297</ele>
        <time>2026-07-24T13:58:46+00:00</time>
      </trkpt>
      <trkpt lat="43.73915" lon="7.3313">
        <ele>297</ele>
        <time>2026-07-24T13:58:49+00:00</time>
      </trkpt>
      <trkpt lat="43.73906" lon="7.33159">
        <ele>297</ele>
        <time>2026-07-24T13:58:52+00:00</time>
      </trkpt>
      <trkpt lat="43.73899" lon="7.33179">
        <ele>300</ele>
        <time>2026-07-24T13:58:55+00:00</time>
      </trkpt>
      <trkpt lat="43.73887" lon="7.332">
        <ele>301</ele>
        <time>2026-07-24T13:58:58+00:00</time>
      </trkpt>
      <trkpt lat="43.73887" lon="7.33214">
        <ele>302</ele>
        <time>2026-07-24T13:59:01+00:00</time>
      </trkpt>
      <trkpt lat="43.73889" lon="7.3323">
        <ele>302</ele>
        <time>2026-07-24T13:59:04+00:00</time>
      </trkpt>
      <trkpt lat="43.73887" lon="7.33244">
        <ele>304</ele>
        <time>2026-07-24T13:59:07+00:00</time>
      </trkpt>
      <trkpt lat="43.73892" lon="7.33276">
        <ele>306</ele>
        <time>2026-07-24T13:59:10+00:00</time>
      </trkpt>
      <trkpt lat="43.73882" lon="7.33341">
        <ele>305</ele>
        <time>2026-07-24T13:59:13+00:00</time>
      </trkpt>
      <trkpt lat="43.73878" lon="7.33363">
        <ele>297</ele>
        <time>2026-07-24T13:59:16+00:00</time>
      </trkpt>
      <trkpt lat="43.73878" lon="7.33382">
        <ele>307</ele>
        <time>2026-07-24T13:59:19+00:00</time>
      </trkpt>
      <trkpt lat="43.73875" lon="7.33384">
        <ele>304</ele>
        <time>2026-07-24T13:59:22+00:00</time>
      </trkpt>
      <trkpt lat="43.73869" lon="7.33391">
        <ele>304</ele>
        <time>2026-07-24T13:59:25+00:00</time>
      </trkpt>
      <trkpt lat="43.73859" lon="7.33411">
        <ele>305</ele>
        <time>2026-07-24T13:59:28+00:00</time>
      </trkpt>
      <trkpt lat="43.73841" lon="7.3344">
        <ele>303</ele>
        <time>2026-07-24T13:59:31+00:00</time>
      </trkpt>
      <trkpt lat="43.73837" lon="7.3345">
        <ele>303</ele>
        <time>2026-07-24T13:59:34+00:00</time>
      </trkpt>
      <trkpt lat="43.73835" lon="7.33449">
        <ele>303</ele>
        <time>2026-07-24T13:59:37+00:00</time>
      </trkpt>
      <trkpt lat="43.73816" lon="7.3349">
        <ele>303</ele>
        <time>2026-07-24T13:59:40+00:00</time>
      </trkpt>
      <trkpt lat="43.73786" lon="7.33513">
        <ele>303</ele>
        <time>2026-07-24T13:59:43+00:00</time>
      </trkpt>
      <trkpt lat="43.73742" lon="7.3352">
        <ele>304</ele>
        <time>2026-07-24T13:59:46+00:00</time>
      </trkpt>
      <trkpt lat="43.73735" lon="7.33543">
        <ele>305</ele>
        <time>2026-07-24T13:59:49+00:00</time>
      </trkpt>
      <trkpt lat="43.73728" lon="7.33545">
        <ele>305</ele>
        <time>2026-07-24T13:59:52+00:00</time>
      </trkpt>
      <trkpt lat="43.73722" lon="7.33542">
        <ele>305</ele>
        <time>2026-07-24T13:59:55+00:00</time>
      </trkpt>
      <trkpt lat="43.73714" lon="7.33511">
        <ele>306</ele>
        <time>2026-07-24T13:59:58+00:00</time>
      </trkpt>
      <trkpt lat="43.73704" lon="7.33474">
        <ele>318</ele>
        <time>2026-07-24T14:00:01+00:00</time>
      </trkpt>
      <trkpt lat="43.73702" lon="7.3344">
        <ele>319</ele>
        <time>2026-07-24T14:00:04+00:00</time>
      </trkpt>
      <trkpt lat="43.737" lon="7.33405">
        <ele>321</ele>
        <time>2026-07-24T14:00:07+00:00</time>
      </trkpt>
      <trkpt lat="43.73694" lon="7.33401">
        <ele>321</ele>
        <time>2026-07-24T14:00:10+00:00</time>
      </trkpt>
      <trkpt lat="43.73679" lon="7.33422">
        <ele>328</ele>
        <time>2026-07-24T14:00:13+00:00</time>
      </trkpt>
      <trkpt lat="43.73669" lon="7.33383">
        <ele>330</ele>
        <time>2026-07-24T14:00:16+00:00</time>
      </trkpt>
      <trkpt lat="43.73676" lon="7.33369">
        <ele>332</ele>
        <time>2026-07-24T14:00:19+00:00</time>
      </trkpt>
      <trkpt lat="43.73668" lon="7.33333">
        <ele>327</ele>
        <time>2026-07-24T14:00:22+00:00</time>
      </trkpt>
      <trkpt lat="43.73635" lon="7.33295">
        <ele>340</ele>
        <time>2026-07-24T14:00:25+00:00</time>
      </trkpt>
      <trkpt lat="43.73619" lon="7.3329">
        <ele>338</ele>
        <time>2026-07-24T14:00:28+00:00</time>
      </trkpt>
      <trkpt lat="43.73611" lon="7.33323">
        <ele>353</ele>
        <time>2026-07-24T14:00:31+00:00</time>
      </trkpt>
      <trkpt lat="43.73588" lon="7.33346">
        <ele>358</ele>
        <time>2026-07-24T14:00:34+00:00</time>
      </trkpt>
      <trkpt lat="43.73592" lon="7.33373">
        <ele>363</ele>
        <time>2026-07-24T14:00:37+00:00</time>
      </trkpt>
      <trkpt lat="43.73586" lon="7.3342">
        <ele>380</ele>
        <time>2026-07-24T14:00:40+00:00</time>
      </trkpt>
      <trkpt lat="43.73564" lon="7.33441">
        <ele>401</ele>
        <time>2026-07-24T14:00:43+00:00</time>
      </trkpt>
      <trkpt lat="43.73555" lon="7.33497">
        <ele>407</ele>
        <time>2026-07-24T14:00:46+00:00</time>
      </trkpt>
      <trkpt lat="43.7356" lon="7.33518">
        <ele>407</ele>
        <time>2026-07-24T14:00:49+00:00</time>
      </trkpt>
      <trkpt lat="43.73544" lon="7.33544">
        <ele>411</ele>
        <time>2026-07-24T14:00:52+00:00</time>
      </trkpt>
      <trkpt lat="43.73537" lon="7.33587">
        <ele>415</ele>
        <time>2026-07-24T14:00:55+00:00</time>
      </trkpt>
      <trkpt lat="43.7352" lon="7.33624">
        <ele>422</ele>
        <time>2026-07-24T14:00:58+00:00</time>
      </trkpt>
      <trkpt lat="43.73503" lon="7.33634">
        <ele>415</ele>
        <time>2026-07-24T14:01:01+00:00</time>
      </trkpt>
      <trkpt lat="43.73483" lon="7.33637">
        <ele>431</ele>
        <time>2026-07-24T14:01:04+00:00</time>
      </trkpt>
      <trkpt lat="43.73457" lon="7.33641">
        <ele>444</ele>
        <time>2026-07-24T14:01:07+00:00</time>
      </trkpt>
      <trkpt lat="43.73432" lon="7.33636">
        <ele>444</ele>
        <time>2026-07-24T14:01:10+00:00</time>
      </trkpt>
      <trkpt lat="43.73409" lon="7.33621">
        <ele>444</ele>
        <time>2026-07-24T14:01:13+00:00</time>
      </trkpt>
      <trkpt lat="43.73387" lon="7.33629">
        <ele>444</ele>
        <time>2026-07-24T14:01:16+00:00</time>
      </trkpt>
      <trkpt lat="43.73349" lon="7.3366">
        <ele>437</ele>
        <time>2026-07-24T14:01:19+00:00</time>
      </trkpt>
      <trkpt lat="43.73337" lon="7.33649">
        <ele>437</ele>
        <time>2026-07-24T14:01:22+00:00</time>
      </trkpt>
      <trkpt lat="43.73327" lon="7.3365">
        <ele>437</ele>
        <time>2026-07-24T14:01:25+00:00</time>
      </trkpt>
      <trkpt lat="43.7331" lon="7.33669">
        <ele>436</ele>
        <time>2026-07-24T14:01:28+00:00</time>
      </trkpt>
      <trkpt lat="43.73284" lon="7.33675">
        <ele>436</ele>
        <time>2026-07-24T14:01:31+00:00</time>
      </trkpt>
      <trkpt lat="43.73264" lon="7.33698">
        <ele>436</ele>
        <time>2026-07-24T14:01:34+00:00</time>
      </trkpt>
      <trkpt lat="43.73243" lon="7.33723">
        <ele>440</ele>
        <time>2026-07-24T14:01:37+00:00</time>
      </trkpt>
      <trkpt lat="43.7323" lon="7.33713">
        <ele>443</ele>
        <time>2026-07-24T14:01:40+00:00</time>
      </trkpt>
      <trkpt lat="43.73206" lon="7.33729">
        <ele>450</ele>
        <time>2026-07-24T14:01:43+00:00</time>
      </trkpt>
      <trkpt lat="43.73164" lon="7.33738">
        <ele>456</ele>
        <time>2026-07-24T14:01:46+00:00</time>
      </trkpt>
      <trkpt lat="43.73156" lon="7.33762">
        <ele>462</ele>
        <time>2026-07-24T14:01:49+00:00</time>
      </trkpt>
      <trkpt lat="43.73162" lon="7.33792">
        <ele>459</ele>
        <time>2026-07-24T14:01:52+00:00</time>
      </trkpt>
      <trkpt lat="43.73171" lon="7.3384">
        <ele>466</ele>
        <time>2026-07-24T14:01:55+00:00</time>
      </trkpt>
      <trkpt lat="43.73167" lon="7.33866">
        <ele>471</ele>
        <time>2026-07-24T14:01:58+00:00</time>
      </trkpt>
      <trkpt lat="43.73154" lon="7.33882">
        <ele>474</ele>
        <time>2026-07-24T14:02:01+00:00</time>
      </trkpt>
      <trkpt lat="43.73128" lon="7.33888">
        <ele>475</ele>
        <time>2026-07-24T14:02:04+00:00</time>
      </trkpt>
      <trkpt lat="43.73113" lon="7.33842">
        <ele>473</ele>
        <time>2026-07-24T14:02:07+00:00</time>
      </trkpt>
      <trkpt lat="43.73099" lon="7.33795">
        <ele>472</ele>
        <time>2026-07-24T14:02:10+00:00</time>
      </trkpt>
      <trkpt lat="43.73084" lon="7.33749">
        <ele>473</ele>
        <time>2026-07-24T14:02:13+00:00</time>
      </trkpt>
      <trkpt lat="43.73069" lon="7.33702">
        <ele>474</ele>
        <time>2026-07-24T14:02:16+00:00</time>
      </trkpt>
      <trkpt lat="43.73067" lon="7.33669">
        <ele>474</ele>
        <time>2026-07-24T14:02:19+00:00</time>
      </trkpt>
      <trkpt lat="43.73071" lon="7.33629">
        <ele>470</ele>
        <time>2026-07-24T14:02:22+00:00</time>
      </trkpt>
      <trkpt lat="43.73078" lon="7.33571">
        <ele>469</ele>
        <time>2026-07-24T14:02:25+00:00</time>
      </trkpt>
      <trkpt lat="43.73079" lon="7.33564">
        <ele>468</ele>
        <time>2026-07-24T14:02:28+00:00</time>
      </trkpt>
      <trkpt lat="43.7308" lon="7.33565">
        <ele>468</ele>
        <time>2026-07-24T14:02:31+00:00</time>
      </trkpt>
      <trkpt lat="43.73085" lon="7.33538">
        <ele>469</ele>
        <time>2026-07-24T14:02:34+00:00</time>
      </trkpt>
      <trkpt lat="43.7309" lon="7.33534">
        <ele>468</ele>
        <time>2026-07-24T14:02:37+00:00</time>
      </trkpt>
      <trkpt lat="43.73085" lon="7.33508">
        <ele>469</ele>
        <time>2026-07-24T14:02:40+00:00</time>
      </trkpt>
      <trkpt lat="43.73086" lon="7.33497">
        <ele>469</ele>
        <time>2026-07-24T14:02:43+00:00</time>
      </trkpt>
      <trkpt lat="43.73085" lon="7.33477">
        <ele>467</ele>
        <time>2026-07-24T14:02:46+00:00</time>
      </trkpt>
      <trkpt lat="43.73083" lon="7.33455">
        <ele>464</ele>
        <time>2026-07-24T14:02:49+00:00</time>
      </trkpt>
      <trkpt lat="43.7308" lon="7.33449">
        <ele>470</ele>
        <time>2026-07-24T14:02:52+00:00</time>
      </trkpt>
      <trkpt lat="43.73079" lon="7.33431">
        <ele>456</ele>
        <time>2026-07-24T14:02:55+00:00</time>
      </trkpt>
      <trkpt lat="43.73081" lon="7.33429">
        <ele>456</ele>
        <time>2026-07-24T14:02:58+00:00</time>
      </trkpt>
      <trkpt lat="43.73066" lon="7.33407">
        <ele>473</ele>
        <time>2026-07-24T14:03:01+00:00</time>
      </trkpt>
      <trkpt lat="43.73061" lon="7.33402">
        <ele>473</ele>
        <time>2026-07-24T14:03:04+00:00</time>
      </trkpt>
      <trkpt lat="43.73053" lon="7.33386">
        <ele>473</ele>
        <time>2026-07-24T14:03:07+00:00</time>
      </trkpt>
      <trkpt lat="43.73049" lon="7.33381">
        <ele>488</ele>
        <time>2026-07-24T14:03:10+00:00</time>
      </trkpt>
      <trkpt lat="43.73043" lon="7.33364">
        <ele>484</ele>
        <time>2026-07-24T14:03:13+00:00</time>
      </trkpt>
      <trkpt lat="43.73039" lon="7.33359">
        <ele>475</ele>
        <time>2026-07-24T14:03:16+00:00</time>
      </trkpt>
      <trkpt lat="43.73027" lon="7.33338">
        <ele>478</ele>
        <time>2026-07-24T14:03:19+00:00</time>
      </trkpt>
      <trkpt lat="43.73023" lon="7.33332">
        <ele>478</ele>
        <time>2026-07-24T14:03:22+00:00</time>
      </trkpt>
      <trkpt lat="43.73009" lon="7.33319">
        <ele>489</ele>
        <time>2026-07-24T14:03:25+00:00</time>
      </trkpt>
      <trkpt lat="43.73002" lon="7.33301">
        <ele>489</ele>
        <time>2026-07-24T14:03:28+00:00</time>
      </trkpt>
      <trkpt lat="43.72986" lon="7.33276">
        <ele>490</ele>
        <time>2026-07-24T14:03:31+00:00</time>
      </trkpt>
      <trkpt lat="43.72981" lon="7.33263">
        <ele>492</ele>
        <time>2026-07-24T14:03:34+00:00</time>
      </trkpt>
      <trkpt lat="43.72976" lon="7.33259">
        <ele>492</ele>
        <time>2026-07-24T14:03:37+00:00</time>
      </trkpt>
      <trkpt lat="43.72972" lon="7.33254">
        <ele>492</ele>
        <time>2026-07-24T14:03:40+00:00</time>
      </trkpt>
      <trkpt lat="43.7294" lon="7.33241">
        <ele>495</ele>
        <time>2026-07-24T14:03:43+00:00</time>
      </trkpt>
      <trkpt lat="43.72927" lon="7.3323">
        <ele>497</ele>
        <time>2026-07-24T14:03:46+00:00</time>
      </trkpt>
      <trkpt lat="43.72917" lon="7.33231">
        <ele>497</ele>
        <time>2026-07-24T14:03:49+00:00</time>
      </trkpt>
      <trkpt lat="43.72908" lon="7.33243">
        <ele>505</ele>
        <time>2026-07-24T14:03:52+00:00</time>
      </trkpt>
      <trkpt lat="43.72891" lon="7.33248">
        <ele>505</ele>
        <time>2026-07-24T14:03:55+00:00</time>
      </trkpt>
      <trkpt lat="43.72879" lon="7.33232">
        <ele>516</ele>
        <time>2026-07-24T14:03:58+00:00</time>
      </trkpt>
      <trkpt lat="43.72871" lon="7.3323">
        <ele>508</ele>
        <time>2026-07-24T14:04:01+00:00</time>
      </trkpt>
      <trkpt lat="43.72865" lon="7.33232">
        <ele>516</ele>
        <time>2026-07-24T14:04:04+00:00</time>
      </trkpt>
      <trkpt lat="43.72864" lon="7.33242">
        <ele>513</ele>
        <time>2026-07-24T14:04:07+00:00</time>
      </trkpt>
      <trkpt lat="43.72868" lon="7.33286">
        <ele>512</ele>
        <time>2026-07-24T14:04:10+00:00</time>
      </trkpt>
      <trkpt lat="43.72854" lon="7.3328">
        <ele>512</ele>
        <time>2026-07-24T14:04:13+00:00</time>
      </trkpt>
      <trkpt lat="43.72845" lon="7.33282">
        <ele>520</ele>
        <time>2026-07-24T14:04:16+00:00</time>
      </trkpt>
      <trkpt lat="43.72841" lon="7.33277">
        <ele>520</ele>
        <time>2026-07-24T14:04:19+00:00</time>
      </trkpt>
      <trkpt lat="43.72836" lon="7.33278">
        <ele>520</ele>
        <time>2026-07-24T14:04:22+00:00</time>
      </trkpt>
      <trkpt lat="43.72825" lon="7.33268">
        <ele>522</ele>
        <time>2026-07-24T14:04:25+00:00</time>
      </trkpt>
      <trkpt lat="43.72806" lon="7.33225">
        <ele>524</ele>
        <time>2026-07-24T14:04:28+00:00</time>
      </trkpt>
      <trkpt lat="43.728" lon="7.33223">
        <ele>525</ele>
        <time>2026-07-24T14:04:31+00:00</time>
      </trkpt>
      <trkpt lat="43.72797" lon="7.33165">
        <ele>527</ele>
        <time>2026-07-24T14:04:34+00:00</time>
      </trkpt>
      <trkpt lat="43.72789" lon="7.33167">
        <ele>527</ele>
        <time>2026-07-24T14:04:37+00:00</time>
      </trkpt>
      <trkpt lat="43.72777" lon="7.33175">
        <ele>527</ele>
        <time>2026-07-24T14:04:40+00:00</time>
      </trkpt>
      <trkpt lat="43.72774" lon="7.33174">
        <ele>527</ele>
        <time>2026-07-24T14:04:43+00:00</time>
      </trkpt>
      <trkpt lat="43.72774" lon="7.33175">
        <ele>527</ele>
        <time>2026-07-24T14:04:46+00:00</time>
      </trkpt>
      <trkpt lat="43.72736" lon="7.33178">
        <ele>543</ele>
        <time>2026-07-24T14:04:49+00:00</time>
      </trkpt>
      <trkpt lat="43.72712" lon="7.33176">
        <ele>543</ele>
        <time>2026-07-24T14:04:52+00:00</time>
      </trkpt>
      <trkpt lat="43.72679" lon="7.33161">
        <ele>548</ele>
        <time>2026-07-24T14:04:55+00:00</time>
      </trkpt>
      <trkpt lat="43.72642" lon="7.33176">
        <ele>554</ele>
        <time>2026-07-24T14:04:58+00:00</time>
      </trkpt>
      <trkpt lat="43.72653" lon="7.3314">
        <ele>555</ele>
        <time>2026-07-24T14:05:01+00:00</time>
      </trkpt>
      <trkpt lat="43.72667" lon="7.33092">
        <ele>561</ele>
        <time>2026-07-24T14:05:04+00:00</time>
      </trkpt>
      <trkpt lat="43.72666" lon="7.33057">
        <ele>562</ele>
        <time>2026-07-24T14:05:07+00:00</time>
      </trkpt>
      <trkpt lat="43.72664" lon="7.33021">
        <ele>564</ele>
        <time>2026-07-24T14:05:10+00:00</time>
      </trkpt>
      <trkpt lat="43.72656" lon="7.32989">
        <ele>564</ele>
        <time>2026-07-24T14:05:13+00:00</time>
      </trkpt>
      <trkpt lat="43.72648" lon="7.32956">
        <ele>562</ele>
        <time>2026-07-24T14:05:16+00:00</time>
      </trkpt>
      <trkpt lat="43.72662" lon="7.32946">
        <ele>561</ele>
        <time>2026-07-24T14:05:19+00:00</time>
      </trkpt>
      <trkpt lat="43.72666" lon="7.32919">
        <ele>560</ele>
        <time>2026-07-24T14:05:22+00:00</time>
      </trkpt>
      <trkpt lat="43.72671" lon="7.32887">
        <ele>559</ele>
        <time>2026-07-24T14:05:25+00:00</time>
      </trkpt>
      <trkpt lat="43.72657" lon="7.32841">
        <ele>559</ele>
        <time>2026-07-24T14:05:28+00:00</time>
      </trkpt>
      <trkpt lat="43.72644" lon="7.32796">
        <ele>558</ele>
        <time>2026-07-24T14:05:31+00:00</time>
      </trkpt>
      <trkpt lat="43.7262" lon="7.32718">
        <ele>559</ele>
        <time>2026-07-24T14:05:34+00:00</time>
      </trkpt>
      <trkpt lat="43.72622" lon="7.32681">
        <ele>560</ele>
        <time>2026-07-24T14:05:37+00:00</time>
      </trkpt>
      <trkpt lat="43.72611" lon="7.32647">
        <ele>561</ele>
        <time>2026-07-24T14:05:40+00:00</time>
      </trkpt>
      <trkpt lat="43.72598" lon="7.32605">
        <ele>559</ele>
        <time>2026-07-24T14:05:43+00:00</time>
      </trkpt>
      <trkpt lat="43.72586" lon="7.32593">
        <ele>561</ele>
        <time>2026-07-24T14:05:46+00:00</time>
      </trkpt>
      <trkpt lat="43.72578" lon="7.32568">
        <ele>560</ele>
        <time>2026-07-24T14:05:49+00:00</time>
      </trkpt>
      <trkpt lat="43.72565" lon="7.32561">
        <ele>562</ele>
        <time>2026-07-24T14:05:52+00:00</time>
      </trkpt>
      <trkpt lat="43.72551" lon="7.32564">
        <ele>562</ele>
        <time>2026-07-24T14:05:55+00:00</time>
      </trkpt>
      <trkpt lat="43.72523" lon="7.32589">
        <ele>563</ele>
        <time>2026-07-24T14:05:58+00:00</time>
      </trkpt>
      <trkpt lat="43.72486" lon="7.32604">
        <ele>564</ele>
        <time>2026-07-24T14:06:01+00:00</time>
      </trkpt>
      <trkpt lat="43.72465" lon="7.32581">
        <ele>565</ele>
        <time>2026-07-24T14:06:04+00:00</time>
      </trkpt>
      <trkpt lat="43.72439" lon="7.32554">
        <ele>565</ele>
        <time>2026-07-24T14:06:07+00:00</time>
      </trkpt>
      <trkpt lat="43.72431" lon="7.32554">
        <ele>567</ele>
        <time>2026-07-24T14:06:10+00:00</time>
      </trkpt>
      <trkpt lat="43.72405" lon="7.32576">
        <ele>565</ele>
        <time>2026-07-24T14:06:13+00:00</time>
      </trkpt>
      <trkpt lat="43.72373" lon="7.32546">
        <ele>561</ele>
        <time>2026-07-24T14:06:16+00:00</time>
      </trkpt>
      <trkpt lat="43.72356" lon="7.32542">
        <ele>561</ele>
        <time>2026-07-24T14:06:19+00:00</time>
      </trkpt>
      <trkpt lat="43.72355" lon="7.32545">
        <ele>561</ele>
        <time>2026-07-24T14:06:22+00:00</time>
      </trkpt>
      <trkpt lat="43.72336" lon="7.32538">
        <ele>550</ele>
        <time>2026-07-24T14:06:25+00:00</time>
      </trkpt>
      <trkpt lat="43.72324" lon="7.32536">
        <ele>550</ele>
        <time>2026-07-24T14:06:28+00:00</time>
      </trkpt>
      <trkpt lat="43.72315" lon="7.32531">
        <ele>542</ele>
        <time>2026-07-24T14:06:31+00:00</time>
      </trkpt>
      <trkpt lat="43.72312" lon="7.32531">
        <ele>542</ele>
        <time>2026-07-24T14:06:34+00:00</time>
      </trkpt>
      <trkpt lat="43.72309" lon="7.32534">
        <ele>542</ele>
        <time>2026-07-24T14:06:37+00:00</time>
      </trkpt>
      <trkpt lat="43.72312" lon="7.32563">
        <ele>542</ele>
        <time>2026-07-24T14:06:40+00:00</time>
      </trkpt>
      <trkpt lat="43.72315" lon="7.32576">
        <ele>542</ele>
        <time>2026-07-24T14:06:43+00:00</time>
      </trkpt>
      <trkpt lat="43.72314" lon="7.32584">
        <ele>542</ele>
        <time>2026-07-24T14:06:46+00:00</time>
      </trkpt>
      <trkpt lat="43.723" lon="7.32567">
        <ele>542</ele>
        <time>2026-07-24T14:06:49+00:00</time>
      </trkpt>
      <trkpt lat="43.7229" lon="7.32552">
        <ele>543</ele>
        <time>2026-07-24T14:06:52+00:00</time>
      </trkpt>
      <trkpt lat="43.72289" lon="7.32531">
        <ele>541</ele>
        <time>2026-07-24T14:06:55+00:00</time>
      </trkpt>
      <trkpt lat="43.72291" lon="7.32519">
        <ele>539</ele>
        <time>2026-07-24T14:06:58+00:00</time>
      </trkpt>
      <trkpt lat="43.7229" lon="7.32519">
        <ele>539</ele>
        <time>2026-07-24T14:07:01+00:00</time>
      </trkpt>
      <trkpt lat="43.72294" lon="7.32492">
        <ele>539</ele>
        <time>2026-07-24T14:07:04+00:00</time>
      </trkpt>
      <trkpt lat="43.72299" lon="7.32466">
        <ele>537</ele>
        <time>2026-07-24T14:07:07+00:00</time>
      </trkpt>
      <trkpt lat="43.72283" lon="7.3245">
        <ele>536</ele>
        <time>2026-07-24T14:07:10+00:00</time>
      </trkpt>
      <trkpt lat="43.72271" lon="7.32425">
        <ele>538</ele>
        <time>2026-07-24T14:07:13+00:00</time>
      </trkpt>
      <trkpt lat="43.72264" lon="7.32402">
        <ele>541</ele>
        <time>2026-07-24T14:07:16+00:00</time>
      </trkpt>
      <trkpt lat="43.7226" lon="7.3238">
        <ele>541</ele>
        <time>2026-07-24T14:07:19+00:00</time>
      </trkpt>
      <trkpt lat="43.72256" lon="7.32357">
        <ele>545</ele>
        <time>2026-07-24T14:07:22+00:00</time>
      </trkpt>
      <trkpt lat="43.72252" lon="7.3235">
        <ele>545</ele>
        <time>2026-07-24T14:07:25+00:00</time>
      </trkpt>
      <trkpt lat="43.7223" lon="7.3233">
        <ele>554</ele>
        <time>2026-07-24T14:07:28+00:00</time>
      </trkpt>
      <trkpt lat="43.722" lon="7.32302">
        <ele>554</ele>
        <time>2026-07-24T14:07:31+00:00</time>
      </trkpt>
      <trkpt lat="43.72193" lon="7.32293">
        <ele>554</ele>
        <time>2026-07-24T14:07:34+00:00</time>
      </trkpt>
      <trkpt lat="43.72194" lon="7.32264">
        <ele>553</ele>
        <time>2026-07-24T14:07:37+00:00</time>
      </trkpt>
      <trkpt lat="43.72195" lon="7.3223">
        <ele>551</ele>
        <time>2026-07-24T14:07:40+00:00</time>
      </trkpt>
      <trkpt lat="43.72191" lon="7.32203">
        <ele>551</ele>
        <time>2026-07-24T14:07:43+00:00</time>
      </trkpt>
      <trkpt lat="43.7218" lon="7.32182">
        <ele>556</ele>
        <time>2026-07-24T14:07:46+00:00</time>
      </trkpt>
      <trkpt lat="43.72171" lon="7.32169">
        <ele>552</ele>
        <time>2026-07-24T14:07:49+00:00</time>
      </trkpt>
      <trkpt lat="43.72142" lon="7.32155">
        <ele>552</ele>
        <time>2026-07-24T14:07:52+00:00</time>
      </trkpt>
      <trkpt lat="43.72127" lon="7.32163">
        <ele>552</ele>
        <time>2026-07-24T14:07:55+00:00</time>
      </trkpt>
      <trkpt lat="43.72111" lon="7.32184">
        <ele>552</ele>
        <time>2026-07-24T14:07:58+00:00</time>
      </trkpt>
      <trkpt lat="43.72085" lon="7.32217">
        <ele>552</ele>
        <time>2026-07-24T14:08:01+00:00</time>
      </trkpt>
      <trkpt lat="43.7206" lon="7.32219">
        <ele>550</ele>
        <time>2026-07-24T14:08:04+00:00</time>
      </trkpt>
      <trkpt lat="43.72034" lon="7.32222">
        <ele>548</ele>
        <time>2026-07-24T14:08:07+00:00</time>
      </trkpt>
      <trkpt lat="43.72018" lon="7.32225">
        <ele>548</ele>
        <time>2026-07-24T14:08:10+00:00</time>
      </trkpt>
      <trkpt lat="43.72009" lon="7.3222">
        <ele>548</ele>
        <time>2026-07-24T14:08:13+00:00</time>
      </trkpt>
      <trkpt lat="43.72004" lon="7.32215">
        <ele>548</ele>
        <time>2026-07-24T14:08:16+00:00</time>
      </trkpt>
      <trkpt lat="43.71997" lon="7.32204">
        <ele>544</ele>
        <time>2026-07-24T14:08:19+00:00</time>
      </trkpt>
      <trkpt lat="43.71992" lon="7.32187">
        <ele>537</ele>
        <time>2026-07-24T14:08:22+00:00</time>
      </trkpt>
      <trkpt lat="43.71982" lon="7.32172">
        <ele>534</ele>
        <time>2026-07-24T14:08:25+00:00</time>
      </trkpt>
      <trkpt lat="43.71976" lon="7.32168">
        <ele>534</ele>
        <time>2026-07-24T14:08:28+00:00</time>
      </trkpt>
      <trkpt lat="43.71971" lon="7.32167">
        <ele>534</ele>
        <time>2026-07-24T14:08:31+00:00</time>
      </trkpt>
      <trkpt lat="43.71965" lon="7.32171">
        <ele>534</ele>
        <time>2026-07-24T14:08:34+00:00</time>
      </trkpt>
      <trkpt lat="43.71963" lon="7.32178">
        <ele>534</ele>
        <time>2026-07-24T14:08:37+00:00</time>
      </trkpt>
      <trkpt lat="43.71964" lon="7.32189">
        <ele>534</ele>
        <time>2026-07-24T14:08:40+00:00</time>
      </trkpt>
      <trkpt lat="43.71967" lon="7.32211">
        <ele>545</ele>
        <time>2026-07-24T14:08:43+00:00</time>
      </trkpt>
      <trkpt lat="43.7197" lon="7.32251">
        <ele>539</ele>
        <time>2026-07-24T14:08:46+00:00</time>
      </trkpt>
      <trkpt lat="43.71972" lon="7.32285">
        <ele>535</ele>
        <time>2026-07-24T14:08:49+00:00</time>
      </trkpt>
      <trkpt lat="43.71975" lon="7.32321">
        <ele>532</ele>
        <time>2026-07-24T14:08:52+00:00</time>
      </trkpt>
      <trkpt lat="43.71982" lon="7.32356">
        <ele>527</ele>
        <time>2026-07-24T14:08:55+00:00</time>
      </trkpt>
      <trkpt lat="43.7199" lon="7.32398">
        <ele>528</ele>
        <time>2026-07-24T14:08:58+00:00</time>
      </trkpt>
      <trkpt lat="43.71996" lon="7.3242">
        <ele>533</ele>
        <time>2026-07-24T14:09:01+00:00</time>
      </trkpt>
      <trkpt lat="43.72" lon="7.32444">
        <ele>527</ele>
        <time>2026-07-24T14:09:04+00:00</time>
      </trkpt>
      <trkpt lat="43.72005" lon="7.32458">
        <ele>530</ele>
        <time>2026-07-24T14:09:07+00:00</time>
      </trkpt>
      <trkpt lat="43.72017" lon="7.32476">
        <ele>530</ele>
        <time>2026-07-24T14:09:10+00:00</time>
      </trkpt>
      <trkpt lat="43.72023" lon="7.32492">
        <ele>534</ele>
        <time>2026-07-24T14:09:13+00:00</time>
      </trkpt>
      <trkpt lat="43.72029" lon="7.32514">
        <ele>529</ele>
        <time>2026-07-24T14:09:16+00:00</time>
      </trkpt>
      <trkpt lat="43.72035" lon="7.32547">
        <ele>529</ele>
        <time>2026-07-24T14:09:19+00:00</time>
      </trkpt>
      <trkpt lat="43.72043" lon="7.32581">
        <ele>516</ele>
        <time>2026-07-24T14:09:22+00:00</time>
      </trkpt>
      <trkpt lat="43.72048" lon="7.32622">
        <ele>510</ele>
        <time>2026-07-24T14:09:25+00:00</time>
      </trkpt>
      <trkpt lat="43.72056" lon="7.32691">
        <ele>509</ele>
        <time>2026-07-24T14:09:28+00:00</time>
      </trkpt>
      <trkpt lat="43.72056" lon="7.32723">
        <ele>508</ele>
        <time>2026-07-24T14:09:31+00:00</time>
      </trkpt>
      <trkpt lat="43.72061" lon="7.32763">
        <ele>501</ele>
        <time>2026-07-24T14:09:34+00:00</time>
      </trkpt>
      <trkpt lat="43.72054" lon="7.32767">
        <ele>501</ele>
        <time>2026-07-24T14:09:37+00:00</time>
      </trkpt>
      <trkpt lat="43.72046" lon="7.32747">
        <ele>497</ele>
        <time>2026-07-24T14:09:40+00:00</time>
      </trkpt>
      <trkpt lat="43.72044" lon="7.32724">
        <ele>490</ele>
        <time>2026-07-24T14:09:43+00:00</time>
      </trkpt>
      <trkpt lat="43.72035" lon="7.32702">
        <ele>493</ele>
        <time>2026-07-24T14:09:46+00:00</time>
      </trkpt>
      <trkpt lat="43.72026" lon="7.32679">
        <ele>493</ele>
        <time>2026-07-24T14:09:49+00:00</time>
      </trkpt>
      <trkpt lat="43.72018" lon="7.32661">
        <ele>481</ele>
        <time>2026-07-24T14:09:52+00:00</time>
      </trkpt>
      <trkpt lat="43.72004" lon="7.32641">
        <ele>490</ele>
        <time>2026-07-24T14:09:55+00:00</time>
      </trkpt>
      <trkpt lat="43.71987" lon="7.32614">
        <ele>492</ele>
        <time>2026-07-24T14:09:58+00:00</time>
      </trkpt>
      <trkpt lat="43.71971" lon="7.32587">
        <ele>488</ele>
        <time>2026-07-24T14:10:01+00:00</time>
      </trkpt>
      <trkpt lat="43.71953" lon="7.32557">
        <ele>485</ele>
        <time>2026-07-24T14:10:04+00:00</time>
      </trkpt>
      <trkpt lat="43.7195" lon="7.32572">
        <ele>480</ele>
        <time>2026-07-24T14:10:07+00:00</time>
      </trkpt>
      <trkpt lat="43.71955" lon="7.32594">
        <ele>480</ele>
        <time>2026-07-24T14:10:10+00:00</time>
      </trkpt>
      <trkpt lat="43.71961" lon="7.32608">
        <ele>487</ele>
        <time>2026-07-24T14:10:13+00:00</time>
      </trkpt>
      <trkpt lat="43.7197" lon="7.32653">
        <ele>480</ele>
        <time>2026-07-24T14:10:16+00:00</time>
      </trkpt>
      <trkpt lat="43.71973" lon="7.32687">
        <ele>473</ele>
        <time>2026-07-24T14:10:19+00:00</time>
      </trkpt>
      <trkpt lat="43.71976" lon="7.32709">
        <ele>462</ele>
        <time>2026-07-24T14:10:22+00:00</time>
      </trkpt>
      <trkpt lat="43.71972" lon="7.32724">
        <ele>458</ele>
        <time>2026-07-24T14:10:25+00:00</time>
      </trkpt>
      <trkpt lat="43.71964" lon="7.32725">
        <ele>458</ele>
        <time>2026-07-24T14:10:28+00:00</time>
      </trkpt>
      <trkpt lat="43.71949" lon="7.32703">
        <ele>455</ele>
        <time>2026-07-24T14:10:31+00:00</time>
      </trkpt>
      <trkpt lat="43.71927" lon="7.32685">
        <ele>445</ele>
        <time>2026-07-24T14:10:34+00:00</time>
      </trkpt>
      <trkpt lat="43.71903" lon="7.32665">
        <ele>436</ele>
        <time>2026-07-24T14:10:37+00:00</time>
      </trkpt>
      <trkpt lat="43.71875" lon="7.32645">
        <ele>430</ele>
        <time>2026-07-24T14:10:40+00:00</time>
      </trkpt>
      <trkpt lat="43.71838" lon="7.32626">
        <ele>430</ele>
        <time>2026-07-24T14:10:43+00:00</time>
      </trkpt>
      <trkpt lat="43.71835" lon="7.32595">
        <ele>430</ele>
        <time>2026-07-24T14:10:46+00:00</time>
      </trkpt>
      <trkpt lat="43.71825" lon="7.32561">
        <ele>430</ele>
        <time>2026-07-24T14:10:49+00:00</time>
      </trkpt>
      <trkpt lat="43.71813" lon="7.32522">
        <ele>428</ele>
        <time>2026-07-24T14:10:52+00:00</time>
      </trkpt>
      <trkpt lat="43.71812" lon="7.32514">
        <ele>434</ele>
        <time>2026-07-24T14:10:55+00:00</time>
      </trkpt>
      <trkpt lat="43.71778" lon="7.32511">
        <ele>426</ele>
        <time>2026-07-24T14:10:58+00:00</time>
      </trkpt>
      <trkpt lat="43.71778" lon="7.32511">
        <ele>426</ele>
        <time>2026-07-24T14:11:01+00:00</time>
      </trkpt>
      <trkpt lat="43.71753" lon="7.32515">
        <ele>415</ele>
        <time>2026-07-24T14:11:04+00:00</time>
      </trkpt>
      <trkpt lat="43.71723" lon="7.32521">
        <ele>405</ele>
        <time>2026-07-24T14:11:07+00:00</time>
      </trkpt>
      <trkpt lat="43.71709" lon="7.32525">
        <ele>398</ele>
        <time>2026-07-24T14:11:10+00:00</time>
      </trkpt>
      <trkpt lat="43.71697" lon="7.32531">
        <ele>398</ele>
        <time>2026-07-24T14:11:13+00:00</time>
      </trkpt>
      <trkpt lat="43.71668" lon="7.32538">
        <ele>395</ele>
        <time>2026-07-24T14:11:16+00:00</time>
      </trkpt>
      <trkpt lat="43.71622" lon="7.32549">
        <ele>389</ele>
        <time>2026-07-24T14:11:19+00:00</time>
      </trkpt>
      <trkpt lat="43.7159" lon="7.32553">
        <ele>388</ele>
        <time>2026-07-24T14:11:22+00:00</time>
      </trkpt>
      <trkpt lat="43.7153" lon="7.32561">
        <ele>388</ele>
        <time>2026-07-24T14:11:25+00:00</time>
      </trkpt>
      <trkpt lat="43.71523" lon="7.32546">
        <ele>390</ele>
        <time>2026-07-24T14:11:28+00:00</time>
      </trkpt>
      <trkpt lat="43.71519" lon="7.32539">
        <ele>385</ele>
        <time>2026-07-24T14:11:31+00:00</time>
      </trkpt>
      <trkpt lat="43.71504" lon="7.32523">
        <ele>385</ele>
        <time>2026-07-24T14:11:34+00:00</time>
      </trkpt>
      <trkpt lat="43.71494" lon="7.325">
        <ele>384</ele>
        <time>2026-07-24T14:11:37+00:00</time>
      </trkpt>
      <trkpt lat="43.71494" lon="7.32482">
        <ele>384</ele>
        <time>2026-07-24T14:11:40+00:00</time>
      </trkpt>
      <trkpt lat="43.715" lon="7.32464">
        <ele>383</ele>
        <time>2026-07-24T14:11:43+00:00</time>
      </trkpt>
      <trkpt lat="43.71494" lon="7.32459">
        <ele>384</ele>
        <time>2026-07-24T14:11:46+00:00</time>
      </trkpt>
      <trkpt lat="43.71489" lon="7.32436">
        <ele>377</ele>
        <time>2026-07-24T14:11:49+00:00</time>
      </trkpt>
      <trkpt lat="43.71488" lon="7.32422">
        <ele>381</ele>
        <time>2026-07-24T14:11:52+00:00</time>
      </trkpt>
      <trkpt lat="43.71498" lon="7.32391">
        <ele>378</ele>
        <time>2026-07-24T14:11:55+00:00</time>
      </trkpt>
      <trkpt lat="43.7151" lon="7.32356">
        <ele>365</ele>
        <time>2026-07-24T14:11:58+00:00</time>
      </trkpt>
      <trkpt lat="43.71529" lon="7.32327">
        <ele>357</ele>
        <time>2026-07-24T14:12:01+00:00</time>
      </trkpt>
      <trkpt lat="43.71556" lon="7.32286">
        <ele>347</ele>
        <time>2026-07-24T14:12:04+00:00</time>
      </trkpt>
      <trkpt lat="43.71563" lon="7.32268">
        <ele>341</ele>
        <time>2026-07-24T14:12:07+00:00</time>
      </trkpt>
      <trkpt lat="43.71566" lon="7.32253">
        <ele>341</ele>
        <time>2026-07-24T14:12:10+00:00</time>
      </trkpt>
      <trkpt lat="43.71569" lon="7.32219">
        <ele>337</ele>
        <time>2026-07-24T14:12:13+00:00</time>
      </trkpt>
      <trkpt lat="43.71567" lon="7.32197">
        <ele>335</ele>
        <time>2026-07-24T14:12:16+00:00</time>
      </trkpt>
      <trkpt lat="43.71569" lon="7.32158">
        <ele>325</ele>
        <time>2026-07-24T14:12:19+00:00</time>
      </trkpt>
      <trkpt lat="43.71564" lon="7.32113">
        <ele>318</ele>
        <time>2026-07-24T14:12:22+00:00</time>
      </trkpt>
      <trkpt lat="43.71563" lon="7.32095">
        <ele>314</ele>
        <time>2026-07-24T14:12:25+00:00</time>
      </trkpt>
      <trkpt lat="43.71569" lon="7.32068">
        <ele>323</ele>
        <time>2026-07-24T14:12:28+00:00</time>
      </trkpt>
      <trkpt lat="43.71576" lon="7.32036">
        <ele>323</ele>
        <time>2026-07-24T14:12:31+00:00</time>
      </trkpt>
      <trkpt lat="43.7158" lon="7.31994">
        <ele>318</ele>
        <time>2026-07-24T14:12:34+00:00</time>
      </trkpt>
      <trkpt lat="43.71588" lon="7.31925">
        <ele>314</ele>
        <time>2026-07-24T14:12:37+00:00</time>
      </trkpt>
      <trkpt lat="43.71587" lon="7.31881">
        <ele>313</ele>
        <time>2026-07-24T14:12:40+00:00</time>
      </trkpt>
      <trkpt lat="43.71586" lon="7.31798">
        <ele>299</ele>
        <time>2026-07-24T14:12:43+00:00</time>
      </trkpt>
      <trkpt lat="43.71589" lon="7.31741">
        <ele>298</ele>
        <time>2026-07-24T14:12:46+00:00</time>
      </trkpt>
      <trkpt lat="43.71588" lon="7.31728">
        <ele>296</ele>
        <time>2026-07-24T14:12:49+00:00</time>
      </trkpt>
      <trkpt lat="43.71585" lon="7.31717">
        <ele>296</ele>
        <time>2026-07-24T14:12:52+00:00</time>
      </trkpt>
      <trkpt lat="43.71588" lon="7.3169">
        <ele>298</ele>
        <time>2026-07-24T14:12:55+00:00</time>
      </trkpt>
      <trkpt lat="43.71587" lon="7.31666">
        <ele>300</ele>
        <time>2026-07-24T14:12:58+00:00</time>
      </trkpt>
      <trkpt lat="43.71588" lon="7.31641">
        <ele>300</ele>
        <time>2026-07-24T14:13:01+00:00</time>
      </trkpt>
      <trkpt lat="43.71587" lon="7.31597">
        <ele>302</ele>
        <time>2026-07-24T14:13:04+00:00</time>
      </trkpt>
      <trkpt lat="43.71602" lon="7.31551">
        <ele>311</ele>
        <time>2026-07-24T14:13:07+00:00</time>
      </trkpt>
      <trkpt lat="43.71604" lon="7.31547">
        <ele>312</ele>
        <time>2026-07-24T14:13:10+00:00</time>
      </trkpt>
      <trkpt lat="43.71616" lon="7.31539">
        <ele>312</ele>
        <time>2026-07-24T14:13:13+00:00</time>
      </trkpt>
      <trkpt lat="43.71619" lon="7.31534">
        <ele>312</ele>
        <time>2026-07-24T14:13:16+00:00</time>
      </trkpt>
      <trkpt lat="43.71624" lon="7.31511">
        <ele>314</ele>
        <time>2026-07-24T14:13:19+00:00</time>
      </trkpt>
      <trkpt lat="43.71627" lon="7.31507">
        <ele>314</ele>
        <time>2026-07-24T14:13:22+00:00</time>
      </trkpt>
      <trkpt lat="43.71631" lon="7.31473">
        <ele>324</ele>
        <time>2026-07-24T14:13:25+00:00</time>
      </trkpt>
      <trkpt lat="43.71631" lon="7.31431">
        <ele>325</ele>
        <time>2026-07-24T14:13:28+00:00</time>
      </trkpt>
      <trkpt lat="43.71637" lon="7.31399">
        <ele>325</ele>
        <time>2026-07-24T14:13:31+00:00</time>
      </trkpt>
      <trkpt lat="43.71647" lon="7.31334">
        <ele>328</ele>
        <time>2026-07-24T14:13:34+00:00</time>
      </trkpt>
      <trkpt lat="43.71655" lon="7.31313">
        <ele>332</ele>
        <time>2026-07-24T14:13:37+00:00</time>
      </trkpt>
      <trkpt lat="43.71662" lon="7.3131">
        <ele>331</ele>
        <time>2026-07-24T14:13:40+00:00</time>
      </trkpt>
      <trkpt lat="43.71662" lon="7.31276">
        <ele>333</ele>
        <time>2026-07-24T14:13:43+00:00</time>
      </trkpt>
      <trkpt lat="43.71669" lon="7.31269">
        <ele>333</ele>
        <time>2026-07-24T14:13:46+00:00</time>
      </trkpt>
      <trkpt lat="43.71678" lon="7.31266">
        <ele>333</ele>
        <time>2026-07-24T14:13:49+00:00</time>
      </trkpt>
      <trkpt lat="43.71684" lon="7.31238">
        <ele>331</ele>
        <time>2026-07-24T14:13:52+00:00</time>
      </trkpt>
      <trkpt lat="43.71692" lon="7.31197">
        <ele>337</ele>
        <time>2026-07-24T14:13:55+00:00</time>
      </trkpt>
      <trkpt lat="43.71694" lon="7.31198">
        <ele>330</ele>
        <time>2026-07-24T14:13:58+00:00</time>
      </trkpt>
      <trkpt lat="43.71698" lon="7.3118">
        <ele>333</ele>
        <time>2026-07-24T14:14:01+00:00</time>
      </trkpt>
      <trkpt lat="43.71684" lon="7.31152">
        <ele>343</ele>
        <time>2026-07-24T14:14:04+00:00</time>
      </trkpt>
      <trkpt lat="43.71675" lon="7.31107">
        <ele>343</ele>
        <time>2026-07-24T14:14:07+00:00</time>
      </trkpt>
      <trkpt lat="43.71673" lon="7.31105">
        <ele>343</ele>
        <time>2026-07-24T14:14:10+00:00</time>
      </trkpt>
      <trkpt lat="43.7167" lon="7.31093">
        <ele>344</ele>
        <time>2026-07-24T14:14:13+00:00</time>
      </trkpt>
      <trkpt lat="43.71668" lon="7.31062">
        <ele>344</ele>
        <time>2026-07-24T14:14:16+00:00</time>
      </trkpt>
      <trkpt lat="43.71669" lon="7.31031">
        <ele>344</ele>
        <time>2026-07-24T14:14:19+00:00</time>
      </trkpt>
      <trkpt lat="43.71672" lon="7.31021">
        <ele>344</ele>
        <time>2026-07-24T14:14:22+00:00</time>
      </trkpt>
      <trkpt lat="43.71679" lon="7.31017">
        <ele>347</ele>
        <time>2026-07-24T14:14:25+00:00</time>
      </trkpt>
      <trkpt lat="43.71697" lon="7.31018">
        <ele>344</ele>
        <time>2026-07-24T14:14:28+00:00</time>
      </trkpt>
      <trkpt lat="43.71705" lon="7.31013">
        <ele>344</ele>
        <time>2026-07-24T14:14:31+00:00</time>
      </trkpt>
      <trkpt lat="43.71722" lon="7.30996">
        <ele>345</ele>
        <time>2026-07-24T14:14:34+00:00</time>
      </trkpt>
      <trkpt lat="43.71733" lon="7.30979">
        <ele>340</ele>
        <time>2026-07-24T14:14:37+00:00</time>
      </trkpt>
      <trkpt lat="43.71745" lon="7.30957">
        <ele>344</ele>
        <time>2026-07-24T14:14:40+00:00</time>
      </trkpt>
      <trkpt lat="43.71744" lon="7.3095">
        <ele>346</ele>
        <time>2026-07-24T14:14:43+00:00</time>
      </trkpt>
      <trkpt lat="43.7174" lon="7.30944">
        <ele>342</ele>
        <time>2026-07-24T14:14:46+00:00</time>
      </trkpt>
      <trkpt lat="43.71718" lon="7.30925">
        <ele>344</ele>
        <time>2026-07-24T14:14:49+00:00</time>
      </trkpt>
      <trkpt lat="43.71684" lon="7.30894">
        <ele>348</ele>
        <time>2026-07-24T14:14:52+00:00</time>
      </trkpt>
      <trkpt lat="43.71678" lon="7.3089">
        <ele>348</ele>
        <time>2026-07-24T14:14:55+00:00</time>
      </trkpt>
      <trkpt lat="43.71666" lon="7.30888">
        <ele>348</ele>
        <time>2026-07-24T14:14:58+00:00</time>
      </trkpt>
      <trkpt lat="43.71661" lon="7.3089">
        <ele>348</ele>
        <time>2026-07-24T14:15:01+00:00</time>
      </trkpt>
      <trkpt lat="43.71654" lon="7.30886">
        <ele>350</ele>
        <time>2026-07-24T14:15:04+00:00</time>
      </trkpt>
      <trkpt lat="43.71652" lon="7.30879">
        <ele>349</ele>
        <time>2026-07-24T14:15:07+00:00</time>
      </trkpt>
      <trkpt lat="43.71657" lon="7.30855">
        <ele>349</ele>
        <time>2026-07-24T14:15:10+00:00</time>
      </trkpt>
      <trkpt lat="43.71658" lon="7.30843">
        <ele>350</ele>
        <time>2026-07-24T14:15:13+00:00</time>
      </trkpt>
      <trkpt lat="43.71655" lon="7.30835">
        <ele>350</ele>
        <time>2026-07-24T14:15:16+00:00</time>
      </trkpt>
      <trkpt lat="43.7165" lon="7.30833">
        <ele>348</ele>
        <time>2026-07-24T14:15:19+00:00</time>
      </trkpt>
      <trkpt lat="43.7164" lon="7.30834">
        <ele>350</ele>
        <time>2026-07-24T14:15:22+00:00</time>
      </trkpt>
      <trkpt lat="43.7162" lon="7.30844">
        <ele>348</ele>
        <time>2026-07-24T14:15:25+00:00</time>
      </trkpt>
      <trkpt lat="43.71597" lon="7.30856">
        <ele>348</ele>
        <time>2026-07-24T14:15:28+00:00</time>
      </trkpt>
      <trkpt lat="43.71591" lon="7.30855">
        <ele>348</ele>
        <time>2026-07-24T14:15:31+00:00</time>
      </trkpt>
      <trkpt lat="43.71578" lon="7.30822">
        <ele>348</ele>
        <time>2026-07-24T14:15:34+00:00</time>
      </trkpt>
      <trkpt lat="43.71556" lon="7.30769">
        <ele>348</ele>
        <time>2026-07-24T14:15:37+00:00</time>
      </trkpt>
      <trkpt lat="43.7154" lon="7.3074">
        <ele>349</ele>
        <time>2026-07-24T14:15:40+00:00</time>
      </trkpt>
      <trkpt lat="43.71521" lon="7.30687">
        <ele>347</ele>
        <time>2026-07-24T14:15:43+00:00</time>
      </trkpt>
      <trkpt lat="43.71517" lon="7.30665">
        <ele>348</ele>
        <time>2026-07-24T14:15:46+00:00</time>
      </trkpt>
      <trkpt lat="43.71519" lon="7.30656">
        <ele>346</ele>
        <time>2026-07-24T14:15:49+00:00</time>
      </trkpt>
      <trkpt lat="43.7152" lon="7.30649">
        <ele>348</ele>
        <time>2026-07-24T14:15:52+00:00</time>
      </trkpt>
      <trkpt lat="43.71529" lon="7.30636">
        <ele>348</ele>
        <time>2026-07-24T14:15:55+00:00</time>
      </trkpt>
      <trkpt lat="43.71543" lon="7.30621">
        <ele>346</ele>
        <time>2026-07-24T14:15:58+00:00</time>
      </trkpt>
      <trkpt lat="43.71548" lon="7.30612">
        <ele>345</ele>
        <time>2026-07-24T14:16:01+00:00</time>
      </trkpt>
      <trkpt lat="43.71558" lon="7.30585">
        <ele>347</ele>
        <time>2026-07-24T14:16:04+00:00</time>
      </trkpt>
      <trkpt lat="43.71568" lon="7.30555">
        <ele>347</ele>
        <time>2026-07-24T14:16:07+00:00</time>
      </trkpt>
      <trkpt lat="43.71569" lon="7.30549">
        <ele>345</ele>
        <time>2026-07-24T14:16:10+00:00</time>
      </trkpt>
      <trkpt lat="43.71566" lon="7.30543">
        <ele>345</ele>
        <time>2026-07-24T14:16:13+00:00</time>
      </trkpt>
      <trkpt lat="43.71556" lon="7.30537">
        <ele>345</ele>
        <time>2026-07-24T14:16:16+00:00</time>
      </trkpt>
      <trkpt lat="43.71553" lon="7.30537">
        <ele>345</ele>
        <time>2026-07-24T14:16:19+00:00</time>
      </trkpt>
      <trkpt lat="43.7155" lon="7.30521">
        <ele>345</ele>
        <time>2026-07-24T14:16:22+00:00</time>
      </trkpt>
      <trkpt lat="43.71534" lon="7.30502">
        <ele>340</ele>
        <time>2026-07-24T14:16:25+00:00</time>
      </trkpt>
      <trkpt lat="43.71528" lon="7.30486">
        <ele>344</ele>
        <time>2026-07-24T14:16:28+00:00</time>
      </trkpt>
      <trkpt lat="43.71517" lon="7.30485">
        <ele>338</ele>
        <time>2026-07-24T14:16:31+00:00</time>
      </trkpt>
      <trkpt lat="43.71489" lon="7.30475">
        <ele>333</ele>
        <time>2026-07-24T14:16:34+00:00</time>
      </trkpt>
      <trkpt lat="43.71482" lon="7.30477">
        <ele>333</ele>
        <time>2026-07-24T14:16:37+00:00</time>
      </trkpt>
      <trkpt lat="43.71477" lon="7.30489">
        <ele>333</ele>
        <time>2026-07-24T14:16:40+00:00</time>
      </trkpt>
      <trkpt lat="43.71472" lon="7.30494">
        <ele>331</ele>
        <time>2026-07-24T14:16:43+00:00</time>
      </trkpt>
      <trkpt lat="43.71451" lon="7.30506">
        <ele>330</ele>
        <time>2026-07-24T14:16:46+00:00</time>
      </trkpt>
      <trkpt lat="43.7144" lon="7.30507">
        <ele>324</ele>
        <time>2026-07-24T14:16:49+00:00</time>
      </trkpt>
      <trkpt lat="43.71442" lon="7.30501">
        <ele>328</ele>
        <time>2026-07-24T14:16:52+00:00</time>
      </trkpt>
      <trkpt lat="43.71441" lon="7.30489">
        <ele>331</ele>
        <time>2026-07-24T14:16:55+00:00</time>
      </trkpt>
      <trkpt lat="43.71417" lon="7.30438">
        <ele>333</ele>
        <time>2026-07-24T14:16:58+00:00</time>
      </trkpt>
      <trkpt lat="43.71401" lon="7.30408">
        <ele>333</ele>
        <time>2026-07-24T14:17:01+00:00</time>
      </trkpt>
      <trkpt lat="43.71379" lon="7.30369">
        <ele>326</ele>
        <time>2026-07-24T14:17:04+00:00</time>
      </trkpt>
      <trkpt lat="43.71376" lon="7.3036">
        <ele>326</ele>
        <time>2026-07-24T14:17:07+00:00</time>
      </trkpt>
      <trkpt lat="43.71376" lon="7.3035">
        <ele>326</ele>
        <time>2026-07-24T14:17:10+00:00</time>
      </trkpt>
      <trkpt lat="43.71378" lon="7.30342">
        <ele>325</ele>
        <time>2026-07-24T14:17:13+00:00</time>
      </trkpt>
      <trkpt lat="43.71382" lon="7.30339">
        <ele>331</ele>
        <time>2026-07-24T14:17:16+00:00</time>
      </trkpt>
      <trkpt lat="43.71379" lon="7.3033">
        <ele>325</ele>
        <time>2026-07-24T14:17:19+00:00</time>
      </trkpt>
      <trkpt lat="43.71356" lon="7.30295">
        <ele>321</ele>
        <time>2026-07-24T14:17:22+00:00</time>
      </trkpt>
      <trkpt lat="43.71338" lon="7.30275">
        <ele>320</ele>
        <time>2026-07-24T14:17:25+00:00</time>
      </trkpt>
      <trkpt lat="43.71318" lon="7.30258">
        <ele>307</ele>
        <time>2026-07-24T14:17:28+00:00</time>
      </trkpt>
      <trkpt lat="43.71313" lon="7.30261">
        <ele>307</ele>
        <time>2026-07-24T14:17:31+00:00</time>
      </trkpt>
      <trkpt lat="43.71309" lon="7.30258">
        <ele>307</ele>
        <time>2026-07-24T14:17:34+00:00</time>
      </trkpt>
      <trkpt lat="43.71304" lon="7.30257">
        <ele>307</ele>
        <time>2026-07-24T14:17:37+00:00</time>
      </trkpt>
      <trkpt lat="43.713" lon="7.30258">
        <ele>307</ele>
        <time>2026-07-24T14:17:40+00:00</time>
      </trkpt>
      <trkpt lat="43.71296" lon="7.30256">
        <ele>308</ele>
        <time>2026-07-24T14:17:43+00:00</time>
      </trkpt>
      <trkpt lat="43.71283" lon="7.30285">
        <ele>302</ele>
        <time>2026-07-24T14:17:46+00:00</time>
      </trkpt>
      <trkpt lat="43.71283" lon="7.30285">
        <ele>309</ele>
        <time>2026-07-24T14:17:49+00:00</time>
      </trkpt>
      <trkpt lat="43.71278" lon="7.30296">
        <ele>309</ele>
        <time>2026-07-24T14:17:52+00:00</time>
      </trkpt>
      <trkpt lat="43.71264" lon="7.30312">
        <ele>297</ele>
        <time>2026-07-24T14:17:55+00:00</time>
      </trkpt>
      <trkpt lat="43.71248" lon="7.30295">
        <ele>295</ele>
        <time>2026-07-24T14:17:58+00:00</time>
      </trkpt>
      <trkpt lat="43.71242" lon="7.30305">
        <ele>297</ele>
        <time>2026-07-24T14:18:01+00:00</time>
      </trkpt>
      <trkpt lat="43.71212" lon="7.30302">
        <ele>282</ele>
        <time>2026-07-24T14:18:04+00:00</time>
      </trkpt>
      <trkpt lat="43.71204" lon="7.30288">
        <ele>266</ele>
        <time>2026-07-24T14:18:07+00:00</time>
      </trkpt>
      <trkpt lat="43.71198" lon="7.30293">
        <ele>266</ele>
        <time>2026-07-24T14:18:10+00:00</time>
      </trkpt>
      <trkpt lat="43.7118" lon="7.30274">
        <ele>253</ele>
        <time>2026-07-24T14:18:13+00:00</time>
      </trkpt>
      <trkpt lat="43.71173" lon="7.30275">
        <ele>253</ele>
        <time>2026-07-24T14:18:16+00:00</time>
      </trkpt>
      <trkpt lat="43.71161" lon="7.30254">
        <ele>252</ele>
        <time>2026-07-24T14:18:19+00:00</time>
      </trkpt>
      <trkpt lat="43.71159" lon="7.30207">
        <ele>229</ele>
        <time>2026-07-24T14:18:22+00:00</time>
      </trkpt>
      <trkpt lat="43.71145" lon="7.30192">
        <ele>229</ele>
        <time>2026-07-24T14:18:25+00:00</time>
      </trkpt>
      <trkpt lat="43.71125" lon="7.30186">
        <ele>219</ele>
        <time>2026-07-24T14:18:28+00:00</time>
      </trkpt>
      <trkpt lat="43.71112" lon="7.30157">
        <ele>213</ele>
        <time>2026-07-24T14:18:31+00:00</time>
      </trkpt>
      <trkpt lat="43.71084" lon="7.30126">
        <ele>205</ele>
        <time>2026-07-24T14:18:34+00:00</time>
      </trkpt>
      <trkpt lat="43.71059" lon="7.30123">
        <ele>198</ele>
        <time>2026-07-24T14:18:37+00:00</time>
      </trkpt>
      <trkpt lat="43.71044" lon="7.30109">
        <ele>185</ele>
        <time>2026-07-24T14:18:40+00:00</time>
      </trkpt>
      <trkpt lat="43.71044" lon="7.30108">
        <ele>185</ele>
        <time>2026-07-24T14:18:43+00:00</time>
      </trkpt>
      <trkpt lat="43.71039" lon="7.30105">
        <ele>185</ele>
        <time>2026-07-24T14:18:46+00:00</time>
      </trkpt>
      <trkpt lat="43.71038" lon="7.30094">
        <ele>180</ele>
        <time>2026-07-24T14:18:49+00:00</time>
      </trkpt>
      <trkpt lat="43.71036" lon="7.30092">
        <ele>180</ele>
        <time>2026-07-24T14:18:52+00:00</time>
      </trkpt>
      <trkpt lat="43.71032" lon="7.30095">
        <ele>180</ele>
        <time>2026-07-24T14:18:55+00:00</time>
      </trkpt>
      <trkpt lat="43.71028" lon="7.30103">
        <ele>185</ele>
        <time>2026-07-24T14:18:58+00:00</time>
      </trkpt>
      <trkpt lat="43.71023" lon="7.30091">
        <ele>180</ele>
        <time>2026-07-24T14:19:01+00:00</time>
      </trkpt>
      <trkpt lat="43.71024" lon="7.3011">
        <ele>185</ele>
        <time>2026-07-24T14:19:04+00:00</time>
      </trkpt>
      <trkpt lat="43.71017" lon="7.30118">
        <ele>179</ele>
        <time>2026-07-24T14:19:07+00:00</time>
      </trkpt>
      <trkpt lat="43.71014" lon="7.30119">
        <ele>179</ele>
        <time>2026-07-24T14:19:10+00:00</time>
      </trkpt>
      <trkpt lat="43.7101" lon="7.30117">
        <ele>179</ele>
        <time>2026-07-24T14:19:13+00:00</time>
      </trkpt>
      <trkpt lat="43.70998" lon="7.30093">
        <ele>174</ele>
        <time>2026-07-24T14:19:16+00:00</time>
      </trkpt>
      <trkpt lat="43.70994" lon="7.30084">
        <ele>174</ele>
        <time>2026-07-24T14:19:19+00:00</time>
      </trkpt>
      <trkpt lat="43.70991" lon="7.30084">
        <ele>174</ele>
        <time>2026-07-24T14:19:22+00:00</time>
      </trkpt>
      <trkpt lat="43.70953" lon="7.30083">
        <ele>174</ele>
        <time>2026-07-24T14:19:25+00:00</time>
      </trkpt>
      <trkpt lat="43.70933" lon="7.30105">
        <ele>174</ele>
        <time>2026-07-24T14:19:28+00:00</time>
      </trkpt>
      <trkpt lat="43.7091" lon="7.3013">
        <ele>174</ele>
        <time>2026-07-24T14:19:31+00:00</time>
      </trkpt>
      <trkpt lat="43.70882" lon="7.30146">
        <ele>174</ele>
        <time>2026-07-24T14:19:34+00:00</time>
      </trkpt>
      <trkpt lat="43.7086" lon="7.30174">
        <ele>172</ele>
        <time>2026-07-24T14:19:37+00:00</time>
      </trkpt>
      <trkpt lat="43.70824" lon="7.30221">
        <ele>171</ele>
        <time>2026-07-24T14:19:40+00:00</time>
      </trkpt>
      <trkpt lat="43.70795" lon="7.30223">
        <ele>168</ele>
        <time>2026-07-24T14:19:43+00:00</time>
      </trkpt>
      <trkpt lat="43.70768" lon="7.30191">
        <ele>167</ele>
        <time>2026-07-24T14:19:46+00:00</time>
      </trkpt>
      <trkpt lat="43.70743" lon="7.30182">
        <ele>166</ele>
        <time>2026-07-24T14:19:49+00:00</time>
      </trkpt>
      <trkpt lat="43.70717" lon="7.30172">
        <ele>160</ele>
        <time>2026-07-24T14:19:52+00:00</time>
      </trkpt>
      <trkpt lat="43.7069" lon="7.30149">
        <ele>159</ele>
        <time>2026-07-24T14:19:55+00:00</time>
      </trkpt>
      <trkpt lat="43.7064" lon="7.30105">
        <ele>158</ele>
        <time>2026-07-24T14:19:58+00:00</time>
      </trkpt>
      <trkpt lat="43.70616" lon="7.30076">
        <ele>155</ele>
        <time>2026-07-24T14:20:01+00:00</time>
      </trkpt>
      <trkpt lat="43.70607" lon="7.30083">
        <ele>155</ele>
        <time>2026-07-24T14:20:04+00:00</time>
      </trkpt>
      <trkpt lat="43.70607" lon="7.30084">
        <ele>155</ele>
        <time>2026-07-24T14:20:07+00:00</time>
      </trkpt>
      <trkpt lat="43.70599" lon="7.3009">
        <ele>152</ele>
        <time>2026-07-24T14:20:10+00:00</time>
      </trkpt>
      <trkpt lat="43.70589" lon="7.30045">
        <ele>137</ele>
        <time>2026-07-24T14:20:13+00:00</time>
      </trkpt>
      <trkpt lat="43.7058" lon="7.30027">
        <ele>137</ele>
        <time>2026-07-24T14:20:16+00:00</time>
      </trkpt>
      <trkpt lat="43.70557" lon="7.30018">
        <ele>137</ele>
        <time>2026-07-24T14:20:19+00:00</time>
      </trkpt>
      <trkpt lat="43.70519" lon="7.30003">
        <ele>133</ele>
        <time>2026-07-24T14:20:22+00:00</time>
      </trkpt>
      <trkpt lat="43.70492" lon="7.29987">
        <ele>134</ele>
        <time>2026-07-24T14:20:25+00:00</time>
      </trkpt>
      <trkpt lat="43.70479" lon="7.29988">
        <ele>136</ele>
        <time>2026-07-24T14:20:28+00:00</time>
      </trkpt>
      <trkpt lat="43.70469" lon="7.29974">
        <ele>130</ele>
        <time>2026-07-24T14:20:31+00:00</time>
      </trkpt>
      <trkpt lat="43.70446" lon="7.29954">
        <ele>126</ele>
        <time>2026-07-24T14:20:34+00:00</time>
      </trkpt>
      <trkpt lat="43.70413" lon="7.29927">
        <ele>128</ele>
        <time>2026-07-24T14:20:37+00:00</time>
      </trkpt>
      <trkpt lat="43.70408" lon="7.29941">
        <ele>139</ele>
        <time>2026-07-24T14:20:40+00:00</time>
      </trkpt>
      <trkpt lat="43.70391" lon="7.29936">
        <ele>131</ele>
        <time>2026-07-24T14:20:43+00:00</time>
      </trkpt>
      <trkpt lat="43.70361" lon="7.29898">
        <ele>131</ele>
        <time>2026-07-24T14:20:46+00:00</time>
      </trkpt>
      <trkpt lat="43.70325" lon="7.29871">
        <ele>131</ele>
        <time>2026-07-24T14:20:49+00:00</time>
      </trkpt>
      <trkpt lat="43.7029" lon="7.29844">
        <ele>128</ele>
        <time>2026-07-24T14:20:52+00:00</time>
      </trkpt>
      <trkpt lat="43.70255" lon="7.29818">
        <ele>125</ele>
        <time>2026-07-24T14:20:55+00:00</time>
      </trkpt>
      <trkpt lat="43.7022" lon="7.29791">
        <ele>129</ele>
        <time>2026-07-24T14:20:58+00:00</time>
      </trkpt>
      <trkpt lat="43.7016" lon="7.29746">
        <ele>127</ele>
        <time>2026-07-24T14:21:01+00:00</time>
      </trkpt>
      <trkpt lat="43.70127" lon="7.29739">
        <ele>129</ele>
        <time>2026-07-24T14:21:04+00:00</time>
      </trkpt>
      <trkpt lat="43.70094" lon="7.29732">
        <ele>132</ele>
        <time>2026-07-24T14:21:07+00:00</time>
      </trkpt>
      <trkpt lat="43.70057" lon="7.29724">
        <ele>133</ele>
        <time>2026-07-24T14:21:10+00:00</time>
      </trkpt>
      <trkpt lat="43.70019" lon="7.2972">
        <ele>139</ele>
        <time>2026-07-24T14:21:13+00:00</time>
      </trkpt>
      <trkpt lat="43.69978" lon="7.29737">
        <ele>139</ele>
        <time>2026-07-24T14:21:16+00:00</time>
      </trkpt>
      <trkpt lat="43.70001" lon="7.29727">
        <ele>139</ele>
        <time>2026-07-24T14:21:19+00:00</time>
      </trkpt>
      <trkpt lat="43.69962" lon="7.29732">
        <ele>143</ele>
        <time>2026-07-24T14:21:22+00:00</time>
      </trkpt>
      <trkpt lat="43.69938" lon="7.29733">
        <ele>145</ele>
        <time>2026-07-24T14:21:25+00:00</time>
      </trkpt>
      <trkpt lat="43.69913" lon="7.29734">
        <ele>145</ele>
        <time>2026-07-24T14:21:28+00:00</time>
      </trkpt>
      <trkpt lat="43.69928" lon="7.29736">
        <ele>145</ele>
        <time>2026-07-24T14:21:31+00:00</time>
      </trkpt>
      <trkpt lat="43.69913" lon="7.29734">
        <ele>145</ele>
        <time>2026-07-24T14:21:34+00:00</time>
      </trkpt>
      <trkpt lat="43.69895" lon="7.29745">
        <ele>150</ele>
        <time>2026-07-24T14:21:37+00:00</time>
      </trkpt>
      <trkpt lat="43.69882" lon="7.29751">
        <ele>156</ele>
        <time>2026-07-24T14:21:40+00:00</time>
      </trkpt>
      <trkpt lat="43.69871" lon="7.29751">
        <ele>152</ele>
        <time>2026-07-24T14:21:43+00:00</time>
      </trkpt>
      <trkpt lat="43.69856" lon="7.29743">
        <ele>155</ele>
        <time>2026-07-24T14:21:46+00:00</time>
      </trkpt>
      <trkpt lat="43.69836" lon="7.29741">
        <ele>152</ele>
        <time>2026-07-24T14:21:49+00:00</time>
      </trkpt>
      <trkpt lat="43.69827" lon="7.29744">
        <ele>154</ele>
        <time>2026-07-24T14:21:52+00:00</time>
      </trkpt>
      <trkpt lat="43.69824" lon="7.29749">
        <ele>154</ele>
        <time>2026-07-24T14:21:55+00:00</time>
      </trkpt>
      <trkpt lat="43.69805" lon="7.29749">
        <ele>152</ele>
        <time>2026-07-24T14:21:58+00:00</time>
      </trkpt>
      <trkpt lat="43.69784" lon="7.2975">
        <ele>155</ele>
        <time>2026-07-24T14:22:01+00:00</time>
      </trkpt>
      <trkpt lat="43.6976" lon="7.29755">
        <ele>157</ele>
        <time>2026-07-24T14:22:04+00:00</time>
      </trkpt>
      <trkpt lat="43.69736" lon="7.2976">
        <ele>160</ele>
        <time>2026-07-24T14:22:07+00:00</time>
      </trkpt>
      <trkpt lat="43.69696" lon="7.29759">
        <ele>164</ele>
        <time>2026-07-24T14:22:10+00:00</time>
      </trkpt>
      <trkpt lat="43.69681" lon="7.29753">
        <ele>166</ele>
        <time>2026-07-24T14:22:13+00:00</time>
      </trkpt>
      <trkpt lat="43.69677" lon="7.29756">
        <ele>163</ele>
        <time>2026-07-24T14:22:16+00:00</time>
      </trkpt>
      <trkpt lat="43.6967" lon="7.29754">
        <ele>166</ele>
        <time>2026-07-24T14:22:19+00:00</time>
      </trkpt>
      <trkpt lat="43.69665" lon="7.29755">
        <ele>166</ele>
        <time>2026-07-24T14:22:22+00:00</time>
      </trkpt>
      <trkpt lat="43.6966" lon="7.29757">
        <ele>163</ele>
        <time>2026-07-24T14:22:25+00:00</time>
      </trkpt>
      <trkpt lat="43.69651" lon="7.29766">
        <ele>163</ele>
        <time>2026-07-24T14:22:28+00:00</time>
      </trkpt>
      <trkpt lat="43.69646" lon="7.29756">
        <ele>163</ele>
        <time>2026-07-24T14:22:31+00:00</time>
      </trkpt>
      <trkpt lat="43.69638" lon="7.29774">
        <ele>161</ele>
        <time>2026-07-24T14:22:34+00:00</time>
      </trkpt>
      <trkpt lat="43.69634" lon="7.29769">
        <ele>163</ele>
        <time>2026-07-24T14:22:37+00:00</time>
      </trkpt>
      <trkpt lat="43.69627" lon="7.29767">
        <ele>159</ele>
        <time>2026-07-24T14:22:40+00:00</time>
      </trkpt>
      <trkpt lat="43.69626" lon="7.29763">
        <ele>159</ele>
        <time>2026-07-24T14:22:43+00:00</time>
      </trkpt>
      <trkpt lat="43.6962" lon="7.2976">
        <ele>159</ele>
        <time>2026-07-24T14:22:46+00:00</time>
      </trkpt>
      <trkpt lat="43.69616" lon="7.29755">
        <ele>159</ele>
        <time>2026-07-24T14:22:49+00:00</time>
      </trkpt>
      <trkpt lat="43.69606" lon="7.29753">
        <ele>159</ele>
        <time>2026-07-24T14:22:52+00:00</time>
      </trkpt>
      <trkpt lat="43.69596" lon="7.29753">
        <ele>157</ele>
        <time>2026-07-24T14:22:55+00:00</time>
      </trkpt>
      <trkpt lat="43.69582" lon="7.29745">
        <ele>154</ele>
        <time>2026-07-24T14:22:58+00:00</time>
      </trkpt>
      <trkpt lat="43.6956" lon="7.2975">
        <ele>156</ele>
        <time>2026-07-24T14:23:01+00:00</time>
      </trkpt>
      <trkpt lat="43.69546" lon="7.2975">
        <ele>154</ele>
        <time>2026-07-24T14:23:04+00:00</time>
      </trkpt>
      <trkpt lat="43.69528" lon="7.29741">
        <ele>154</ele>
        <time>2026-07-24T14:23:07+00:00</time>
      </trkpt>
      <trkpt lat="43.69487" lon="7.29744">
        <ele>152</ele>
        <time>2026-07-24T14:23:10+00:00</time>
      </trkpt>
      <trkpt lat="43.69456" lon="7.29766">
        <ele>155</ele>
        <time>2026-07-24T14:23:13+00:00</time>
      </trkpt>
      <trkpt lat="43.69426" lon="7.29788">
        <ele>158</ele>
        <time>2026-07-24T14:23:16+00:00</time>
      </trkpt>
      <trkpt lat="43.69382" lon="7.29819">
        <ele>165</ele>
        <time>2026-07-24T14:23:19+00:00</time>
      </trkpt>
      <trkpt lat="43.69347" lon="7.29832">
        <ele>165</ele>
        <time>2026-07-24T14:23:22+00:00</time>
      </trkpt>
      <trkpt lat="43.69309" lon="7.29854">
        <ele>163</ele>
        <time>2026-07-24T14:23:25+00:00</time>
      </trkpt>
      <trkpt lat="43.6928" lon="7.29853">
        <ele>161</ele>
        <time>2026-07-24T14:23:28+00:00</time>
      </trkpt>
      <trkpt lat="43.69237" lon="7.29853">
        <ele>155</ele>
        <time>2026-07-24T14:23:31+00:00</time>
      </trkpt>
      <trkpt lat="43.69227" lon="7.29889">
        <ele>155</ele>
        <time>2026-07-24T14:23:34+00:00</time>
      </trkpt>
      <trkpt lat="43.69213" lon="7.29938">
        <ele>149</ele>
        <time>2026-07-24T14:23:37+00:00</time>
      </trkpt>
      <trkpt lat="43.69184" lon="7.29939">
        <ele>143</ele>
        <time>2026-07-24T14:23:40+00:00</time>
      </trkpt>
      <trkpt lat="43.69141" lon="7.29941">
        <ele>143</ele>
        <time>2026-07-24T14:23:43+00:00</time>
      </trkpt>
      <trkpt lat="43.69189" lon="7.2995">
        <ele>143</ele>
        <time>2026-07-24T14:23:46+00:00</time>
      </trkpt>
      <trkpt lat="43.69141" lon="7.29941">
        <ele>143</ele>
        <time>2026-07-24T14:23:49+00:00</time>
      </trkpt>
      <trkpt lat="43.69132" lon="7.29935">
        <ele>139</ele>
        <time>2026-07-24T14:23:52+00:00</time>
      </trkpt>
      <trkpt lat="43.69144" lon="7.29914">
        <ele>139</ele>
        <time>2026-07-24T14:23:55+00:00</time>
      </trkpt>
      <trkpt lat="43.69155" lon="7.29893">
        <ele>135</ele>
        <time>2026-07-24T14:23:58+00:00</time>
      </trkpt>
      <trkpt lat="43.69125" lon="7.29891">
        <ele>129</ele>
        <time>2026-07-24T14:24:01+00:00</time>
      </trkpt>
      <trkpt lat="43.69112" lon="7.29887">
        <ele>129</ele>
        <time>2026-07-24T14:24:04+00:00</time>
      </trkpt>
      <trkpt lat="43.69089" lon="7.29877">
        <ele>119</ele>
        <time>2026-07-24T14:24:07+00:00</time>
      </trkpt>
      <trkpt lat="43.69059" lon="7.29872">
        <ele>118</ele>
        <time>2026-07-24T14:24:10+00:00</time>
      </trkpt>
      <trkpt lat="43.69037" lon="7.29871">
        <ele>117</ele>
        <time>2026-07-24T14:24:13+00:00</time>
      </trkpt>
      <trkpt lat="43.69014" lon="7.29839">
        <ele>114</ele>
        <time>2026-07-24T14:24:16+00:00</time>
      </trkpt>
      <trkpt lat="43.69" lon="7.29823">
        <ele>114</ele>
        <time>2026-07-24T14:24:19+00:00</time>
      </trkpt>
      <trkpt lat="43.68976" lon="7.29814">
        <ele>106</ele>
        <time>2026-07-24T14:24:22+00:00</time>
      </trkpt>
      <trkpt lat="43.68948" lon="7.29808">
        <ele>106</ele>
        <time>2026-07-24T14:24:25+00:00</time>
      </trkpt>
      <trkpt lat="43.68933" lon="7.29815">
        <ele>102</ele>
        <time>2026-07-24T14:24:28+00:00</time>
      </trkpt>
      <trkpt lat="43.68912" lon="7.29821">
        <ele>104</ele>
        <time>2026-07-24T14:24:31+00:00</time>
      </trkpt>
      <trkpt lat="43.68882" lon="7.29829">
        <ele>102</ele>
        <time>2026-07-24T14:24:34+00:00</time>
      </trkpt>
      <trkpt lat="43.68871" lon="7.29829">
        <ele>93</ele>
        <time>2026-07-24T14:24:37+00:00</time>
      </trkpt>
      <trkpt lat="43.68885" lon="7.29809">
        <ele>93</ele>
        <time>2026-07-24T14:24:40+00:00</time>
      </trkpt>
      <trkpt lat="43.68901" lon="7.29787">
        <ele>90</ele>
        <time>2026-07-24T14:24:43+00:00</time>
      </trkpt>
      <trkpt lat="43.68935" lon="7.29754">
        <ele>90</ele>
        <time>2026-07-24T14:24:46+00:00</time>
      </trkpt>
      <trkpt lat="43.68962" lon="7.29726">
        <ele>90</ele>
        <time>2026-07-24T14:24:49+00:00</time>
      </trkpt>
      <trkpt lat="43.6897" lon="7.29716">
        <ele>90</ele>
        <time>2026-07-24T14:24:52+00:00</time>
      </trkpt>
      <trkpt lat="43.68974" lon="7.29709">
        <ele>90</ele>
        <time>2026-07-24T14:24:55+00:00</time>
      </trkpt>
      <trkpt lat="43.68979" lon="7.29686">
        <ele>89</ele>
        <time>2026-07-24T14:24:58+00:00</time>
      </trkpt>
      <trkpt lat="43.6898" lon="7.29672">
        <ele>89</ele>
        <time>2026-07-24T14:25:01+00:00</time>
      </trkpt>
      <trkpt lat="43.68976" lon="7.29639">
        <ele>87</ele>
        <time>2026-07-24T14:25:04+00:00</time>
      </trkpt>
      <trkpt lat="43.68971" lon="7.29593">
        <ele>85</ele>
        <time>2026-07-24T14:25:07+00:00</time>
      </trkpt>
      <trkpt lat="43.68962" lon="7.29593">
        <ele>71</ele>
        <time>2026-07-24T14:25:10+00:00</time>
      </trkpt>
      <trkpt lat="43.68939" lon="7.296">
        <ele>84</ele>
        <time>2026-07-24T14:25:13+00:00</time>
      </trkpt>
      <trkpt lat="43.68906" lon="7.2961">
        <ele>81</ele>
        <time>2026-07-24T14:25:16+00:00</time>
      </trkpt>
      <trkpt lat="43.68883" lon="7.29621">
        <ele>81</ele>
        <time>2026-07-24T14:25:19+00:00</time>
      </trkpt>
      <trkpt lat="43.68857" lon="7.29632">
        <ele>77</ele>
        <time>2026-07-24T14:25:22+00:00</time>
      </trkpt>
      <trkpt lat="43.68834" lon="7.29645">
        <ele>77</ele>
        <time>2026-07-24T14:25:25+00:00</time>
      </trkpt>
      <trkpt lat="43.6881" lon="7.2966">
        <ele>75</ele>
        <time>2026-07-24T14:25:28+00:00</time>
      </trkpt>
      <trkpt lat="43.68797" lon="7.29638">
        <ele>74</ele>
        <time>2026-07-24T14:25:31+00:00</time>
      </trkpt>
      <trkpt lat="43.68803" lon="7.29612">
        <ele>74</ele>
        <time>2026-07-24T14:25:34+00:00</time>
      </trkpt>
      <trkpt lat="43.68782" lon="7.29604">
        <ele>72</ele>
        <time>2026-07-24T14:25:37+00:00</time>
      </trkpt>
      <trkpt lat="43.68773" lon="7.29638">
        <ele>72</ele>
        <time>2026-07-24T14:25:40+00:00</time>
      </trkpt>
      <trkpt lat="43.68763" lon="7.29679">
        <ele>67</ele>
        <time>2026-07-24T14:25:43+00:00</time>
      </trkpt>
      <trkpt lat="43.68761" lon="7.29681">
        <ele>67</ele>
        <time>2026-07-24T14:25:46+00:00</time>
      </trkpt>
      <trkpt lat="43.68739" lon="7.29672">
        <ele>57</ele>
        <time>2026-07-24T14:25:49+00:00</time>
      </trkpt>
      <trkpt lat="43.68728" lon="7.29681">
        <ele>57</ele>
        <time>2026-07-24T14:25:52+00:00</time>
      </trkpt>
      <trkpt lat="43.68713" lon="7.29681">
        <ele>57</ele>
        <time>2026-07-24T14:25:55+00:00</time>
      </trkpt>
      <trkpt lat="43.68703" lon="7.29687">
        <ele>24</ele>
        <time>2026-07-24T14:25:58+00:00</time>
      </trkpt>
      <trkpt lat="43.687" lon="7.2967">
        <ele>24</ele>
        <time>2026-07-24T14:26:01+00:00</time>
      </trkpt>
      <trkpt lat="43.68692" lon="7.2966">
        <ele>29</ele>
        <time>2026-07-24T14:26:04+00:00</time>
      </trkpt>
      <trkpt lat="43.68688" lon="7.29644">
        <ele>17</ele>
        <time>2026-07-24T14:26:07+00:00</time>
      </trkpt>
      <trkpt lat="43.68667" lon="7.29663">
        <ele>0</ele>
        <time>2026-07-24T14:26:10+00:00</time>
      </trkpt>
      <trkpt lat="43.68645" lon="7.29683">
        <ele>0</ele>
        <time>2026-07-24T14:26:13+00:00</time>
      </trkpt>
      <trkpt lat="43.68634" lon="7.29642">
        <ele>0</ele>
        <time>2026-07-24T14:26:16+00:00</time>
      </trkpt>
      <trkpt lat="43.68623" lon="7.29627">
        <ele>0</ele>
        <time>2026-07-24T14:26:19+00:00</time>
      </trkpt>
      <trkpt lat="43.68606" lon="7.29619">
        <ele>0</ele>
        <time>2026-07-24T14:26:22+00:00</time>
      </trkpt>
      <trkpt lat="43.686" lon="7.29604">
        <ele>0</ele>
        <time>2026-07-24T14:26:25+00:00</time>
      </trkpt>
      <trkpt lat="43.68589" lon="7.29595">
        <ele>0</ele>
        <time>2026-07-24T14:26:28+00:00</time>
      </trkpt>
      <trkpt lat="43.68587" lon="7.29584">
        <ele>0</ele>
        <time>2026-07-24T14:26:31+00:00</time>
      </trkpt>
      <trkpt lat="43.68597" lon="7.29572">
        <ele>0</ele>
        <time>2026-07-24T14:26:34+00:00</time>
      </trkpt>
      <trkpt lat="43.68597" lon="7.29559">
        <ele>0</ele>
        <time>2026-07-24T14:26:37+00:00</time>
      </trkpt>
      <trkpt lat="43.68591" lon="7.29552">
        <ele>0</ele>
        <time>2026-07-24T14:26:40+00:00</time>
      </trkpt>
      <trkpt lat="43.68591" lon="7.29539">
        <ele>0</ele>
        <time>2026-07-24T14:26:43+00:00</time>
      </trkpt>
      <trkpt lat="43.68619" lon="7.29514">
        <ele>0</ele>
        <time>2026-07-24T14:26:46+00:00</time>
      </trkpt>
      <trkpt lat="43.68623" lon="7.29511">
        <ele>0</ele>
        <time>2026-07-24T14:26:49+00:00</time>
      </trkpt>
      <trkpt lat="43.68643" lon="7.29484">
        <ele>0</ele>
        <time>2026-07-24T14:26:52+00:00</time>
      </trkpt>
      <trkpt lat="43.68643" lon="7.29477">
        <ele>5</ele>
        <time>2026-07-24T14:26:55+00:00</time>
      </trkpt>
      <trkpt lat="43.68636" lon="7.29471">
        <ele>5</ele>
        <time>2026-07-24T14:26:58+00:00</time>
      </trkpt>
      <trkpt lat="43.68634" lon="7.29464">
        <ele>5</ele>
        <time>2026-07-24T14:27:01+00:00</time>
      </trkpt>
      <trkpt lat="43.68636" lon="7.29445">
        <ele>0</ele>
        <time>2026-07-24T14:27:04+00:00</time>
      </trkpt>
      <trkpt lat="43.68638" lon="7.29436">
        <ele>0</ele>
        <time>2026-07-24T14:27:07+00:00</time>
      </trkpt>
      <trkpt lat="43.68664" lon="7.294">
        <ele>3</ele>
        <time>2026-07-24T14:27:10+00:00</time>
      </trkpt>
      <trkpt lat="43.68673" lon="7.29391">
        <ele>3</ele>
        <time>2026-07-24T14:27:13+00:00</time>
      </trkpt>
      <trkpt lat="43.68685" lon="7.29391">
        <ele>3</ele>
        <time>2026-07-24T14:27:16+00:00</time>
      </trkpt>
      <trkpt lat="43.68707" lon="7.29385">
        <ele>3</ele>
        <time>2026-07-24T14:27:19+00:00</time>
      </trkpt>
      <trkpt lat="43.68724" lon="7.29385">
        <ele>3</ele>
        <time>2026-07-24T14:27:22+00:00</time>
      </trkpt>
      <trkpt lat="43.68741" lon="7.29396">
        <ele>6</ele>
        <time>2026-07-24T14:27:25+00:00</time>
      </trkpt>
      <trkpt lat="43.68756" lon="7.29385">
        <ele>6</ele>
        <time>2026-07-24T14:27:28+00:00</time>
      </trkpt>
      <trkpt lat="43.68763" lon="7.294">
        <ele>6</ele>
        <time>2026-07-24T14:27:31+00:00</time>
      </trkpt>
      <trkpt lat="43.68789" lon="7.29414">
        <ele>10</ele>
        <time>2026-07-24T14:27:34+00:00</time>
      </trkpt>
      <trkpt lat="43.68823" lon="7.29432">
        <ele>18</ele>
        <time>2026-07-24T14:27:37+00:00</time>
      </trkpt>
      <trkpt lat="43.68821" lon="7.29443">
        <ele>25</ele>
        <time>2026-07-24T14:27:40+00:00</time>
      </trkpt>
      <trkpt lat="43.68821" lon="7.29449">
        <ele>25</ele>
        <time>2026-07-24T14:27:43+00:00</time>
      </trkpt>
      <trkpt lat="43.68846" lon="7.29456">
        <ele>25</ele>
        <time>2026-07-24T14:27:46+00:00</time>
      </trkpt>
      <trkpt lat="43.68887" lon="7.29466">
        <ele>25</ele>
        <time>2026-07-24T14:27:49+00:00</time>
      </trkpt>
      <trkpt lat="43.68918" lon="7.29466">
        <ele>17</ele>
        <time>2026-07-24T14:27:52+00:00</time>
      </trkpt>
      <trkpt lat="43.68971" lon="7.29464">
        <ele>8</ele>
        <time>2026-07-24T14:27:55+00:00</time>
      </trkpt>
      <trkpt lat="43.68982" lon="7.29462">
        <ele>8</ele>
        <time>2026-07-24T14:27:58+00:00</time>
      </trkpt>
      <trkpt lat="43.68991" lon="7.29445">
        <ele>8</ele>
        <time>2026-07-24T14:28:01+00:00</time>
      </trkpt>
      <trkpt lat="43.68999" lon="7.29444">
        <ele>8</ele>
        <time>2026-07-24T14:28:04+00:00</time>
      </trkpt>
      <trkpt lat="43.69016" lon="7.29409">
        <ele>4</ele>
        <time>2026-07-24T14:28:07+00:00</time>
      </trkpt>
      <trkpt lat="43.6903" lon="7.29397">
        <ele>4</ele>
        <time>2026-07-24T14:28:10+00:00</time>
      </trkpt>
      <trkpt lat="43.69049" lon="7.29395">
        <ele>4</ele>
        <time>2026-07-24T14:28:13+00:00</time>
      </trkpt>
      <trkpt lat="43.69073" lon="7.29392">
        <ele>4</ele>
        <time>2026-07-24T14:28:16+00:00</time>
      </trkpt>
      <trkpt lat="43.69096" lon="7.29372">
        <ele>4</ele>
        <time>2026-07-24T14:28:19+00:00</time>
      </trkpt>
      <trkpt lat="43.69119" lon="7.29318">
        <ele>4</ele>
        <time>2026-07-24T14:28:22+00:00</time>
      </trkpt>
      <trkpt lat="43.69133" lon="7.2928">
        <ele>3</ele>
        <time>2026-07-24T14:28:25+00:00</time>
      </trkpt>
      <trkpt lat="43.69157" lon="7.29213">
        <ele>2</ele>
        <time>2026-07-24T14:28:28+00:00</time>
      </trkpt>
      <trkpt lat="43.69171" lon="7.29162">
        <ele>0</ele>
        <time>2026-07-24T14:28:31+00:00</time>
      </trkpt>
      <trkpt lat="43.69204" lon="7.29116">
        <ele>0</ele>
        <time>2026-07-24T14:28:34+00:00</time>
      </trkpt>
      <trkpt lat="43.69232" lon="7.29089">
        <ele>0</ele>
        <time>2026-07-24T14:28:37+00:00</time>
      </trkpt>
      <trkpt lat="43.69239" lon="7.29089">
        <ele>0</ele>
        <time>2026-07-24T14:28:40+00:00</time>
      </trkpt>
      <trkpt lat="43.69246" lon="7.29101">
        <ele>9</ele>
        <time>2026-07-24T14:28:43+00:00</time>
      </trkpt>
      <trkpt lat="43.69256" lon="7.29124">
        <ele>9</ele>
        <time>2026-07-24T14:28:46+00:00</time>
      </trkpt>
      <trkpt lat="43.6927" lon="7.29155">
        <ele>13</ele>
        <time>2026-07-24T14:28:49+00:00</time>
      </trkpt>
      <trkpt lat="43.69294" lon="7.29182">
        <ele>18</ele>
        <time>2026-07-24T14:28:52+00:00</time>
      </trkpt>
      <trkpt lat="43.69318" lon="7.29193">
        <ele>18</ele>
        <time>2026-07-24T14:28:55+00:00</time>
      </trkpt>
      <trkpt lat="43.69327" lon="7.29194">
        <ele>18</ele>
        <time>2026-07-24T14:28:58+00:00</time>
      </trkpt>
      <trkpt lat="43.69349" lon="7.29185">
        <ele>16</ele>
        <time>2026-07-24T14:29:01+00:00</time>
      </trkpt>
      <trkpt lat="43.69364" lon="7.29175">
        <ele>17</ele>
        <time>2026-07-24T14:29:04+00:00</time>
      </trkpt>
      <trkpt lat="43.69386" lon="7.29163">
        <ele>16</ele>
        <time>2026-07-24T14:29:07+00:00</time>
      </trkpt>
      <trkpt lat="43.69421" lon="7.29145">
        <ele>19</ele>
        <time>2026-07-24T14:29:10+00:00</time>
      </trkpt>
      <trkpt lat="43.69445" lon="7.29118">
        <ele>22</ele>
        <time>2026-07-24T14:29:13+00:00</time>
      </trkpt>
      <trkpt lat="43.69462" lon="7.29088">
        <ele>29</ele>
        <time>2026-07-24T14:29:16+00:00</time>
      </trkpt>
      <trkpt lat="43.69473" lon="7.29045">
        <ele>29</ele>
        <time>2026-07-24T14:29:19+00:00</time>
      </trkpt>
      <trkpt lat="43.69494" lon="7.28961">
        <ele>29</ele>
        <time>2026-07-24T14:29:22+00:00</time>
      </trkpt>
      <trkpt lat="43.69501" lon="7.28926">
        <ele>29</ele>
        <time>2026-07-24T14:29:25+00:00</time>
      </trkpt>
      <trkpt lat="43.69505" lon="7.2889">
        <ele>32</ele>
        <time>2026-07-24T14:29:28+00:00</time>
      </trkpt>
      <trkpt lat="43.69511" lon="7.2885">
        <ele>31</ele>
        <time>2026-07-24T14:29:31+00:00</time>
      </trkpt>
      <trkpt lat="43.69519" lon="7.28792">
        <ele>31</ele>
        <time>2026-07-24T14:29:34+00:00</time>
      </trkpt>
      <trkpt lat="43.69511" lon="7.28765">
        <ele>29</ele>
        <time>2026-07-24T14:29:37+00:00</time>
      </trkpt>
      <trkpt lat="43.69506" lon="7.28743">
        <ele>29</ele>
        <time>2026-07-24T14:29:40+00:00</time>
      </trkpt>
      <trkpt lat="43.69506" lon="7.28706">
        <ele>27</ele>
        <time>2026-07-24T14:29:43+00:00</time>
      </trkpt>
      <trkpt lat="43.69499" lon="7.2865">
        <ele>17</ele>
        <time>2026-07-24T14:29:46+00:00</time>
      </trkpt>
      <trkpt lat="43.69501" lon="7.28624">
        <ele>11</ele>
        <time>2026-07-24T14:29:49+00:00</time>
      </trkpt>
      <trkpt lat="43.69499" lon="7.28623">
        <ele>11</ele>
        <time>2026-07-24T14:29:52+00:00</time>
      </trkpt>
      <trkpt lat="43.695" lon="7.286">
        <ele>11</ele>
        <time>2026-07-24T14:29:55+00:00</time>
      </trkpt>
      <trkpt lat="43.69499" lon="7.286">
        <ele>11</ele>
        <time>2026-07-24T14:29:58+00:00</time>
      </trkpt>
      <trkpt lat="43.69501" lon="7.28581">
        <ele>11</ele>
        <time>2026-07-24T14:30:01+00:00</time>
      </trkpt>
      <trkpt lat="43.69505" lon="7.28576">
        <ele>10</ele>
        <time>2026-07-24T14:30:04+00:00</time>
      </trkpt>
      <trkpt lat="43.69538" lon="7.28581">
        <ele>11</ele>
        <time>2026-07-24T14:30:07+00:00</time>
      </trkpt>
      <trkpt lat="43.69571" lon="7.28587">
        <ele>10</ele>
        <time>2026-07-24T14:30:10+00:00</time>
      </trkpt>
      <trkpt lat="43.69621" lon="7.28595">
        <ele>9</ele>
        <time>2026-07-24T14:30:13+00:00</time>
      </trkpt>
      <trkpt lat="43.6966" lon="7.28596">
        <ele>7</ele>
        <time>2026-07-24T14:30:16+00:00</time>
      </trkpt>
      <trkpt lat="43.69694" lon="7.28603">
        <ele>6</ele>
        <time>2026-07-24T14:30:19+00:00</time>
      </trkpt>
      <trkpt lat="43.6971" lon="7.28608">
        <ele>5</ele>
        <time>2026-07-24T14:30:22+00:00</time>
      </trkpt>
      <trkpt lat="43.69738" lon="7.28613">
        <ele>6</ele>
        <time>2026-07-24T14:30:25+00:00</time>
      </trkpt>
      <trkpt lat="43.69766" lon="7.28618">
        <ele>6</ele>
        <time>2026-07-24T14:30:28+00:00</time>
      </trkpt>
      <trkpt lat="43.69799" lon="7.28623">
        <ele>7</ele>
        <time>2026-07-24T14:30:31+00:00</time>
      </trkpt>
      <trkpt lat="43.69808" lon="7.28621">
        <ele>7</ele>
        <time>2026-07-24T14:30:34+00:00</time>
      </trkpt>
      <trkpt lat="43.6981" lon="7.28617">
        <ele>7</ele>
        <time>2026-07-24T14:30:37+00:00</time>
      </trkpt>
      <trkpt lat="43.69811" lon="7.2861">
        <ele>7</ele>
        <time>2026-07-24T14:30:40+00:00</time>
      </trkpt>
      <trkpt lat="43.69814" lon="7.2858">
        <ele>7</ele>
        <time>2026-07-24T14:30:43+00:00</time>
      </trkpt>
      <trkpt lat="43.69817" lon="7.28534">
        <ele>7</ele>
        <time>2026-07-24T14:30:46+00:00</time>
      </trkpt>
      <trkpt lat="43.69823" lon="7.2848">
        <ele>10</ele>
        <time>2026-07-24T14:30:49+00:00</time>
      </trkpt>
      <trkpt lat="43.69827" lon="7.2842">
        <ele>14</ele>
        <time>2026-07-24T14:30:52+00:00</time>
      </trkpt>
      <trkpt lat="43.69826" lon="7.28409">
        <ele>13</ele>
        <time>2026-07-24T14:30:55+00:00</time>
      </trkpt>
      <trkpt lat="43.69823" lon="7.28404">
        <ele>13</ele>
        <time>2026-07-24T14:30:58+00:00</time>
      </trkpt>
      <trkpt lat="43.69791" lon="7.28397">
        <ele>12</ele>
        <time>2026-07-24T14:31:01+00:00</time>
      </trkpt>
      <trkpt lat="43.69759" lon="7.2839">
        <ele>10</ele>
        <time>2026-07-24T14:31:04+00:00</time>
      </trkpt>
      <trkpt lat="43.69701" lon="7.28377">
        <ele>11</ele>
        <time>2026-07-24T14:31:07+00:00</time>
      </trkpt>
      <trkpt lat="43.69691" lon="7.28376">
        <ele>5</ele>
        <time>2026-07-24T14:31:10+00:00</time>
      </trkpt>
      <trkpt lat="43.69658" lon="7.28369">
        <ele>12</ele>
        <time>2026-07-24T14:31:13+00:00</time>
      </trkpt>
      <trkpt lat="43.69625" lon="7.28363">
        <ele>9</ele>
        <time>2026-07-24T14:31:16+00:00</time>
      </trkpt>
      <trkpt lat="43.69566" lon="7.28351">
        <ele>10</ele>
        <time>2026-07-24T14:31:19+00:00</time>
      </trkpt>
      <trkpt lat="43.69533" lon="7.28341">
        <ele>12</ele>
        <time>2026-07-24T14:31:22+00:00</time>
      </trkpt>
      <trkpt lat="43.69501" lon="7.28331">
        <ele>15</ele>
        <time>2026-07-24T14:31:25+00:00</time>
      </trkpt>
      <trkpt lat="43.69464" lon="7.28319">
        <ele>17</ele>
        <time>2026-07-24T14:31:28+00:00</time>
      </trkpt>
      <trkpt lat="43.69429" lon="7.28293">
        <ele>19</ele>
        <time>2026-07-24T14:31:31+00:00</time>
      </trkpt>
      <trkpt lat="43.69422" lon="7.2829">
        <ele>19</ele>
        <time>2026-07-24T14:31:34+00:00</time>
      </trkpt>
      <trkpt lat="43.69411" lon="7.28281">
        <ele>19</ele>
        <time>2026-07-24T14:31:37+00:00</time>
      </trkpt>
      <trkpt lat="43.69396" lon="7.28265">
        <ele>16</ele>
        <time>2026-07-24T14:31:40+00:00</time>
      </trkpt>
      <trkpt lat="43.6938" lon="7.28239">
        <ele>8</ele>
        <time>2026-07-24T14:31:43+00:00</time>
      </trkpt>
      <trkpt lat="43.6936" lon="7.28211">
        <ele>8</ele>
        <time>2026-07-24T14:31:46+00:00</time>
      </trkpt>
      <trkpt lat="43.69333" lon="7.28172">
        <ele>0</ele>
        <time>2026-07-24T14:31:49+00:00</time>
      </trkpt>
      <trkpt lat="43.69318" lon="7.28138">
        <ele>0</ele>
        <time>2026-07-24T14:31:52+00:00</time>
      </trkpt>
      <trkpt lat="43.69312" lon="7.28116">
        <ele>0</ele>
        <time>2026-07-24T14:31:55+00:00</time>
      </trkpt>
      <trkpt lat="43.69312" lon="7.28094">
        <ele>0</ele>
        <time>2026-07-24T14:31:58+00:00</time>
      </trkpt>
      <trkpt lat="43.69314" lon="7.28077">
        <ele>0</ele>
        <time>2026-07-24T14:32:01+00:00</time>
      </trkpt>
      <trkpt lat="43.69327" lon="7.28039">
        <ele>0</ele>
        <time>2026-07-24T14:32:04+00:00</time>
      </trkpt>
      <trkpt lat="43.6934" lon="7.28002">
        <ele>0</ele>
        <time>2026-07-24T14:32:07+00:00</time>
      </trkpt>
      <trkpt lat="43.69356" lon="7.27954">
        <ele>0</ele>
        <time>2026-07-24T14:32:10+00:00</time>
      </trkpt>
      <trkpt lat="43.69361" lon="7.27929">
        <ele>0</ele>
        <time>2026-07-24T14:32:13+00:00</time>
      </trkpt>
      <trkpt lat="43.69367" lon="7.27919">
        <ele>0</ele>
        <time>2026-07-24T14:32:16+00:00</time>
      </trkpt>
      <trkpt lat="43.69373" lon="7.27915">
        <ele>0</ele>
        <time>2026-07-24T14:32:19+00:00</time>
      </trkpt>
      <trkpt lat="43.69381" lon="7.27912">
        <ele>3</ele>
        <time>2026-07-24T14:32:22+00:00</time>
      </trkpt>
      <trkpt lat="43.69403" lon="7.27912">
        <ele>3</ele>
        <time>2026-07-24T14:32:25+00:00</time>
      </trkpt>
      <trkpt lat="43.69425" lon="7.27902">
        <ele>4</ele>
        <time>2026-07-24T14:32:28+00:00</time>
      </trkpt>
      <trkpt lat="43.69434" lon="7.2789">
        <ele>4</ele>
        <time>2026-07-24T14:32:31+00:00</time>
      </trkpt>
      <trkpt lat="43.69455" lon="7.2786">
        <ele>4</ele>
        <time>2026-07-24T14:32:34+00:00</time>
      </trkpt>
      <trkpt lat="43.69467" lon="7.27837">
        <ele>4</ele>
        <time>2026-07-24T14:32:37+00:00</time>
      </trkpt>
      <trkpt lat="43.69475" lon="7.27812">
        <ele>4</ele>
        <time>2026-07-24T14:32:40+00:00</time>
      </trkpt>
      <trkpt lat="43.69482" lon="7.2778">
        <ele>3</ele>
        <time>2026-07-24T14:32:43+00:00</time>
      </trkpt>
      <trkpt lat="43.69486" lon="7.2774">
        <ele>3</ele>
        <time>2026-07-24T14:32:46+00:00</time>
      </trkpt>
      <trkpt lat="43.69493" lon="7.27683">
        <ele>4</ele>
        <time>2026-07-24T14:32:49+00:00</time>
      </trkpt>
      <trkpt lat="43.69498" lon="7.27633">
        <ele>4</ele>
        <time>2026-07-24T14:32:52+00:00</time>
      </trkpt>
      <trkpt lat="43.69503" lon="7.27583">
        <ele>2</ele>
        <time>2026-07-24T14:32:55+00:00</time>
      </trkpt>
      <trkpt lat="43.69512" lon="7.27484">
        <ele>3</ele>
        <time>2026-07-24T14:32:58+00:00</time>
      </trkpt>
      <trkpt lat="43.69514" lon="7.27447">
        <ele>4</ele>
        <time>2026-07-24T14:33:01+00:00</time>
      </trkpt>
      <trkpt lat="43.69516" lon="7.27403">
        <ele>4</ele>
        <time>2026-07-24T14:33:04+00:00</time>
      </trkpt>
      <trkpt lat="43.69516" lon="7.27373">
        <ele>5</ele>
        <time>2026-07-24T14:33:07+00:00</time>
      </trkpt>
    </trkseg>
  </trk>
</gpx>
