<?xml version="1.0" encoding="UTF-8"?>
<gpx creator="StravaGPX" version="1.1" xmlns="http://www.topografix.com/GPX/1/1" xmlns:xsi="http://www.w3.org/2001/XMLSchema-instance" xsi:schemaLocation="http://www.topografix.com/GPX/1/1 http://www.topografix.com/GPX/1/1/gpx.xsd">
 <trk>
  <name>Trail de la vallée de l’ouche</name>
  <type>trail_running</type>
  <trkseg>
   <trkpt lat="47.2362920" lon="4.7382210">
    <ele>329.6</ele>
   </trkpt>
   <trkpt lat="47.2363550" lon="4.7381510">
    <ele>330.0</ele>
   </trkpt>
   <trkpt lat="47.2364350" lon="4.7380400">
    <ele>330.4</ele>
   </trkpt>
   <trkpt lat="47.2364600" lon="4.7380110">
    <ele>330.6</ele>
   </trkpt>
   <trkpt lat="47.2365240" lon="4.7379060">
    <ele>331.8</ele>
   </trkpt>
   <trkpt lat="47.2365400" lon="4.7378620">
    <ele>332.2</ele>
   </trkpt>
   <trkpt lat="47.2365740" lon="4.7377140">
    <ele>332.8</ele>
   </trkpt>
   <trkpt lat="47.2366090" lon="4.7375620">
    <ele>334.0</ele>
   </trkpt>
   <trkpt lat="47.2366580" lon="4.7373710">
    <ele>335.0</ele>
   </trkpt>
   <trkpt lat="47.2367110" lon="4.7372450">
    <ele>335.8</ele>
   </trkpt>
   <trkpt lat="47.2367390" lon="4.7371730">
    <ele>336.2</ele>
   </trkpt>
   <trkpt lat="47.2367730" lon="4.7370530">
    <ele>336.6</ele>
   </trkpt>
   <trkpt lat="47.2368350" lon="4.7369120">
    <ele>337.4</ele>
   </trkpt>
   <trkpt lat="47.2368550" lon="4.7368800">
    <ele>337.8</ele>
   </trkpt>
   <trkpt lat="47.2369660" lon="4.7366840">
    <ele>338.6</ele>
   </trkpt>
   <trkpt lat="47.2369980" lon="4.7366280">
    <ele>339.2</ele>
   </trkpt>
   <trkpt lat="47.2370300" lon="4.7365680">
    <ele>339.8</ele>
   </trkpt>
   <trkpt lat="47.2370710" lon="4.7364550">
    <ele>341.0</ele>
   </trkpt>
   <trkpt lat="47.2370860" lon="4.7364210">
    <ele>341.6</ele>
   </trkpt>
   <trkpt lat="47.2371130" lon="4.7363530">
    <ele>342.2</ele>
   </trkpt>
   <trkpt lat="47.2371470" lon="4.7362460">
    <ele>343.4</ele>
   </trkpt>
   <trkpt lat="47.2372250" lon="4.7360910">
    <ele>344.4</ele>
   </trkpt>
   <trkpt lat="47.2373000" lon="4.7359080">
    <ele>345.8</ele>
   </trkpt>
   <trkpt lat="47.2373210" lon="4.7358240">
    <ele>346.2</ele>
   </trkpt>
   <trkpt lat="47.2373300" lon="4.7357860">
    <ele>347.0</ele>
   </trkpt>
   <trkpt lat="47.2373680" lon="4.7356800">
    <ele>348.0</ele>
   </trkpt>
   <trkpt lat="47.2373780" lon="4.7356380">
    <ele>348.2</ele>
   </trkpt>
   <trkpt lat="47.2373880" lon="4.7355970">
    <ele>348.2</ele>
   </trkpt>
   <trkpt lat="47.2374030" lon="4.7355110">
    <ele>349.0</ele>
   </trkpt>
   <trkpt lat="47.2374210" lon="4.7354270">
    <ele>349.4</ele>
   </trkpt>
   <trkpt lat="47.2374480" lon="4.7353050">
    <ele>350.2</ele>
   </trkpt>
   <trkpt lat="47.2374770" lon="4.7351380">
    <ele>351.4</ele>
   </trkpt>
   <trkpt lat="47.2375330" lon="4.7349200">
    <ele>352.6</ele>
   </trkpt>
   <trkpt lat="47.2375570" lon="4.7348510">
    <ele>354.0</ele>
   </trkpt>
   <trkpt lat="47.2375900" lon="4.7347480">
    <ele>355.0</ele>
   </trkpt>
   <trkpt lat="47.2376110" lon="4.7346770">
    <ele>356.2</ele>
   </trkpt>
   <trkpt lat="47.2376190" lon="4.7346410">
    <ele>356.4</ele>
   </trkpt>
   <trkpt lat="47.2376550" lon="4.7345410">
    <ele>357.4</ele>
   </trkpt>
   <trkpt lat="47.2377110" lon="4.7344170">
    <ele>358.6</ele>
   </trkpt>
   <trkpt lat="47.2377500" lon="4.7342830">
    <ele>360.2</ele>
   </trkpt>
   <trkpt lat="47.2377750" lon="4.7342260">
    <ele>360.8</ele>
   </trkpt>
   <trkpt lat="47.2377980" lon="4.7341760">
    <ele>361.2</ele>
   </trkpt>
   <trkpt lat="47.2378290" lon="4.7340700">
    <ele>362.0</ele>
   </trkpt>
   <trkpt lat="47.2378380" lon="4.7339970">
    <ele>362.6</ele>
   </trkpt>
   <trkpt lat="47.2378480" lon="4.7339620">
    <ele>362.8</ele>
   </trkpt>
   <trkpt lat="47.2378720" lon="4.7338930">
    <ele>363.4</ele>
   </trkpt>
   <trkpt lat="47.2378850" lon="4.7338600">
    <ele>363.8</ele>
   </trkpt>
   <trkpt lat="47.2379310" lon="4.7336640">
    <ele>364.8</ele>
   </trkpt>
   <trkpt lat="47.2379430" lon="4.7336330">
    <ele>364.8</ele>
   </trkpt>
   <trkpt lat="47.2379600" lon="4.7335620">
    <ele>366.0</ele>
   </trkpt>
   <trkpt lat="47.2379840" lon="4.7334440">
    <ele>366.8</ele>
   </trkpt>
   <trkpt lat="47.2379930" lon="4.7334140">
    <ele>367.0</ele>
   </trkpt>
   <trkpt lat="47.2380460" lon="4.7332770">
    <ele>368.2</ele>
   </trkpt>
   <trkpt lat="47.2380800" lon="4.7331780">
    <ele>369.2</ele>
   </trkpt>
   <trkpt lat="47.2381040" lon="4.7331230">
    <ele>370.0</ele>
   </trkpt>
   <trkpt lat="47.2381100" lon="4.7330670">
    <ele>370.6</ele>
   </trkpt>
   <trkpt lat="47.2381110" lon="4.7330380">
    <ele>371.0</ele>
   </trkpt>
   <trkpt lat="47.2381340" lon="4.7329930">
    <ele>371.6</ele>
   </trkpt>
   <trkpt lat="47.2381390" lon="4.7329710">
    <ele>372.0</ele>
   </trkpt>
   <trkpt lat="47.2381710" lon="4.7328850">
    <ele>373.2</ele>
   </trkpt>
   <trkpt lat="47.2381740" lon="4.7328600">
    <ele>373.6</ele>
   </trkpt>
   <trkpt lat="47.2381770" lon="4.7327980">
    <ele>374.6</ele>
   </trkpt>
   <trkpt lat="47.2381920" lon="4.7327820">
    <ele>374.8</ele>
   </trkpt>
   <trkpt lat="47.2382360" lon="4.7326740">
    <ele>376.0</ele>
   </trkpt>
   <trkpt lat="47.2382380" lon="4.7326310">
    <ele>376.0</ele>
   </trkpt>
   <trkpt lat="47.2382620" lon="4.7325990">
    <ele>377.2</ele>
   </trkpt>
   <trkpt lat="47.2382610" lon="4.7325280">
    <ele>377.8</ele>
   </trkpt>
   <trkpt lat="47.2382800" lon="4.7324590">
    <ele>378.6</ele>
   </trkpt>
   <trkpt lat="47.2383220" lon="4.7323870">
    <ele>379.2</ele>
   </trkpt>
   <trkpt lat="47.2383210" lon="4.7323360">
    <ele>379.6</ele>
   </trkpt>
   <trkpt lat="47.2383000" lon="4.7322200">
    <ele>380.4</ele>
   </trkpt>
   <trkpt lat="47.2383070" lon="4.7321860">
    <ele>380.8</ele>
   </trkpt>
   <trkpt lat="47.2383140" lon="4.7321420">
    <ele>381.0</ele>
   </trkpt>
   <trkpt lat="47.2383180" lon="4.7320720">
    <ele>382.4</ele>
   </trkpt>
   <trkpt lat="47.2383440" lon="4.7320610">
    <ele>382.8</ele>
   </trkpt>
   <trkpt lat="47.2384070" lon="4.7320240">
    <ele>383.4</ele>
   </trkpt>
   <trkpt lat="47.2384250" lon="4.7320030">
    <ele>383.8</ele>
   </trkpt>
   <trkpt lat="47.2384430" lon="4.7319830">
    <ele>384.0</ele>
   </trkpt>
   <trkpt lat="47.2384470" lon="4.7319510">
    <ele>384.0</ele>
   </trkpt>
   <trkpt lat="47.2384580" lon="4.7318940">
    <ele>384.8</ele>
   </trkpt>
   <trkpt lat="47.2384620" lon="4.7318070">
    <ele>386.0</ele>
   </trkpt>
   <trkpt lat="47.2384690" lon="4.7317600">
    <ele>386.6</ele>
   </trkpt>
   <trkpt lat="47.2384650" lon="4.7317370">
    <ele>387.0</ele>
   </trkpt>
   <trkpt lat="47.2384470" lon="4.7316800">
    <ele>388.2</ele>
   </trkpt>
   <trkpt lat="47.2384430" lon="4.7316550">
    <ele>388.8</ele>
   </trkpt>
   <trkpt lat="47.2384540" lon="4.7316090">
    <ele>389.6</ele>
   </trkpt>
   <trkpt lat="47.2384590" lon="4.7315610">
    <ele>390.0</ele>
   </trkpt>
   <trkpt lat="47.2384690" lon="4.7314660">
    <ele>390.6</ele>
   </trkpt>
   <trkpt lat="47.2384680" lon="4.7314070">
    <ele>391.2</ele>
   </trkpt>
   <trkpt lat="47.2384770" lon="4.7313010">
    <ele>391.8</ele>
   </trkpt>
   <trkpt lat="47.2384810" lon="4.7312430">
    <ele>393.2</ele>
   </trkpt>
   <trkpt lat="47.2384790" lon="4.7312120">
    <ele>394.0</ele>
   </trkpt>
   <trkpt lat="47.2384750" lon="4.7311840">
    <ele>394.4</ele>
   </trkpt>
   <trkpt lat="47.2384800" lon="4.7311140">
    <ele>395.4</ele>
   </trkpt>
   <trkpt lat="47.2384800" lon="4.7310470">
    <ele>396.2</ele>
   </trkpt>
   <trkpt lat="47.2384640" lon="4.7310040">
    <ele>396.6</ele>
   </trkpt>
   <trkpt lat="47.2384510" lon="4.7309360">
    <ele>397.6</ele>
   </trkpt>
   <trkpt lat="47.2384510" lon="4.7309150">
    <ele>397.8</ele>
   </trkpt>
   <trkpt lat="47.2384440" lon="4.7307600">
    <ele>398.8</ele>
   </trkpt>
   <trkpt lat="47.2384450" lon="4.7307210">
    <ele>399.4</ele>
   </trkpt>
   <trkpt lat="47.2384530" lon="4.7306870">
    <ele>400.0</ele>
   </trkpt>
   <trkpt lat="47.2384820" lon="4.7305980">
    <ele>401.2</ele>
   </trkpt>
   <trkpt lat="47.2384980" lon="4.7305610">
    <ele>401.6</ele>
   </trkpt>
   <trkpt lat="47.2385080" lon="4.7305220">
    <ele>401.8</ele>
   </trkpt>
   <trkpt lat="47.2385110" lon="4.7305020">
    <ele>402.8</ele>
   </trkpt>
   <trkpt lat="47.2384980" lon="4.7304250">
    <ele>403.8</ele>
   </trkpt>
   <trkpt lat="47.2385050" lon="4.7303950">
    <ele>404.2</ele>
   </trkpt>
   <trkpt lat="47.2384920" lon="4.7303240">
    <ele>404.6</ele>
   </trkpt>
   <trkpt lat="47.2384880" lon="4.7302980">
    <ele>405.2</ele>
   </trkpt>
   <trkpt lat="47.2384810" lon="4.7302400">
    <ele>405.8</ele>
   </trkpt>
   <trkpt lat="47.2384890" lon="4.7302120">
    <ele>406.2</ele>
   </trkpt>
   <trkpt lat="47.2384790" lon="4.7301450">
    <ele>407.2</ele>
   </trkpt>
   <trkpt lat="47.2384880" lon="4.7301160">
    <ele>407.6</ele>
   </trkpt>
   <trkpt lat="47.2384900" lon="4.7300220">
    <ele>408.4</ele>
   </trkpt>
   <trkpt lat="47.2385270" lon="4.7299550">
    <ele>409.6</ele>
   </trkpt>
   <trkpt lat="47.2385620" lon="4.7298730">
    <ele>410.8</ele>
   </trkpt>
   <trkpt lat="47.2385850" lon="4.7298530">
    <ele>411.6</ele>
   </trkpt>
   <trkpt lat="47.2385850" lon="4.7298290">
    <ele>412.0</ele>
   </trkpt>
   <trkpt lat="47.2386060" lon="4.7298010">
    <ele>412.8</ele>
   </trkpt>
   <trkpt lat="47.2386330" lon="4.7297730">
    <ele>413.2</ele>
   </trkpt>
   <trkpt lat="47.2386570" lon="4.7297610">
    <ele>413.8</ele>
   </trkpt>
   <trkpt lat="47.2386710" lon="4.7297290">
    <ele>414.0</ele>
   </trkpt>
   <trkpt lat="47.2386890" lon="4.7297090">
    <ele>414.4</ele>
   </trkpt>
   <trkpt lat="47.2387140" lon="4.7296860">
    <ele>414.8</ele>
   </trkpt>
   <trkpt lat="47.2387300" lon="4.7296520">
    <ele>415.4</ele>
   </trkpt>
   <trkpt lat="47.2387490" lon="4.7295700">
    <ele>416.0</ele>
   </trkpt>
   <trkpt lat="47.2387500" lon="4.7295300">
    <ele>416.4</ele>
   </trkpt>
   <trkpt lat="47.2387290" lon="4.7294210">
    <ele>417.4</ele>
   </trkpt>
   <trkpt lat="47.2387320" lon="4.7294010">
    <ele>417.8</ele>
   </trkpt>
   <trkpt lat="47.2387250" lon="4.7293130">
    <ele>418.8</ele>
   </trkpt>
   <trkpt lat="47.2387310" lon="4.7292810">
    <ele>419.6</ele>
   </trkpt>
   <trkpt lat="47.2387400" lon="4.7292630">
    <ele>420.0</ele>
   </trkpt>
   <trkpt lat="47.2387490" lon="4.7292410">
    <ele>420.2</ele>
   </trkpt>
   <trkpt lat="47.2387640" lon="4.7291650">
    <ele>421.2</ele>
   </trkpt>
   <trkpt lat="47.2387620" lon="4.7291140">
    <ele>422.2</ele>
   </trkpt>
   <trkpt lat="47.2387620" lon="4.7290870">
    <ele>423.0</ele>
   </trkpt>
   <trkpt lat="47.2387600" lon="4.7290630">
    <ele>423.4</ele>
   </trkpt>
   <trkpt lat="47.2387590" lon="4.7290390">
    <ele>423.6</ele>
   </trkpt>
   <trkpt lat="47.2387610" lon="4.7289860">
    <ele>424.4</ele>
   </trkpt>
   <trkpt lat="47.2387730" lon="4.7289660">
    <ele>424.6</ele>
   </trkpt>
   <trkpt lat="47.2388120" lon="4.7288910">
    <ele>425.2</ele>
   </trkpt>
   <trkpt lat="47.2388260" lon="4.7288700">
    <ele>425.8</ele>
   </trkpt>
   <trkpt lat="47.2388260" lon="4.7288420">
    <ele>426.2</ele>
   </trkpt>
   <trkpt lat="47.2388290" lon="4.7288140">
    <ele>426.8</ele>
   </trkpt>
   <trkpt lat="47.2388560" lon="4.7287340">
    <ele>427.8</ele>
   </trkpt>
   <trkpt lat="47.2388600" lon="4.7287150">
    <ele>428.2</ele>
   </trkpt>
   <trkpt lat="47.2388790" lon="4.7286910">
    <ele>429.0</ele>
   </trkpt>
   <trkpt lat="47.2388840" lon="4.7286740">
    <ele>429.6</ele>
   </trkpt>
   <trkpt lat="47.2388810" lon="4.7286490">
    <ele>430.2</ele>
   </trkpt>
   <trkpt lat="47.2388910" lon="4.7286090">
    <ele>430.6</ele>
   </trkpt>
   <trkpt lat="47.2388990" lon="4.7285660">
    <ele>431.2</ele>
   </trkpt>
   <trkpt lat="47.2389090" lon="4.7285410">
    <ele>431.8</ele>
   </trkpt>
   <trkpt lat="47.2389300" lon="4.7284860">
    <ele>432.6</ele>
   </trkpt>
   <trkpt lat="47.2389380" lon="4.7284530">
    <ele>432.8</ele>
   </trkpt>
   <trkpt lat="47.2389640" lon="4.7283350">
    <ele>433.8</ele>
   </trkpt>
   <trkpt lat="47.2389710" lon="4.7283040">
    <ele>434.4</ele>
   </trkpt>
   <trkpt lat="47.2389800" lon="4.7282530">
    <ele>435.0</ele>
   </trkpt>
   <trkpt lat="47.2390000" lon="4.7281950">
    <ele>435.4</ele>
   </trkpt>
   <trkpt lat="47.2390390" lon="4.7280910">
    <ele>436.2</ele>
   </trkpt>
   <trkpt lat="47.2390540" lon="4.7280380">
    <ele>437.4</ele>
   </trkpt>
   <trkpt lat="47.2390550" lon="4.7280080">
    <ele>437.4</ele>
   </trkpt>
   <trkpt lat="47.2391020" lon="4.7279400">
    <ele>438.6</ele>
   </trkpt>
   <trkpt lat="47.2391130" lon="4.7278750">
    <ele>439.4</ele>
   </trkpt>
   <trkpt lat="47.2391130" lon="4.7278610">
    <ele>440.0</ele>
   </trkpt>
   <trkpt lat="47.2390850" lon="4.7278040">
    <ele>441.0</ele>
   </trkpt>
   <trkpt lat="47.2390900" lon="4.7277760">
    <ele>442.0</ele>
   </trkpt>
   <trkpt lat="47.2390900" lon="4.7277530">
    <ele>442.2</ele>
   </trkpt>
   <trkpt lat="47.2390960" lon="4.7277020">
    <ele>443.0</ele>
   </trkpt>
   <trkpt lat="47.2391040" lon="4.7276890">
    <ele>443.2</ele>
   </trkpt>
   <trkpt lat="47.2391280" lon="4.7276220">
    <ele>444.2</ele>
   </trkpt>
   <trkpt lat="47.2391300" lon="4.7275910">
    <ele>444.6</ele>
   </trkpt>
   <trkpt lat="47.2391380" lon="4.7275660">
    <ele>445.0</ele>
   </trkpt>
   <trkpt lat="47.2391490" lon="4.7274810">
    <ele>445.8</ele>
   </trkpt>
   <trkpt lat="47.2391630" lon="4.7274590">
    <ele>445.8</ele>
   </trkpt>
   <trkpt lat="47.2391770" lon="4.7274390">
    <ele>446.2</ele>
   </trkpt>
   <trkpt lat="47.2391820" lon="4.7274120">
    <ele>446.6</ele>
   </trkpt>
   <trkpt lat="47.2391730" lon="4.7273660">
    <ele>446.8</ele>
   </trkpt>
   <trkpt lat="47.2391930" lon="4.7273310">
    <ele>447.4</ele>
   </trkpt>
   <trkpt lat="47.2391940" lon="4.7272980">
    <ele>447.8</ele>
   </trkpt>
   <trkpt lat="47.2392010" lon="4.7272670">
    <ele>448.2</ele>
   </trkpt>
   <trkpt lat="47.2392070" lon="4.7271680">
    <ele>449.4</ele>
   </trkpt>
   <trkpt lat="47.2392340" lon="4.7271360">
    <ele>449.8</ele>
   </trkpt>
   <trkpt lat="47.2392510" lon="4.7270770">
    <ele>450.6</ele>
   </trkpt>
   <trkpt lat="47.2392380" lon="4.7270170">
    <ele>451.8</ele>
   </trkpt>
   <trkpt lat="47.2392210" lon="4.7269290">
    <ele>453.0</ele>
   </trkpt>
   <trkpt lat="47.2392180" lon="4.7268200">
    <ele>453.6</ele>
   </trkpt>
   <trkpt lat="47.2392340" lon="4.7268010">
    <ele>454.2</ele>
   </trkpt>
   <trkpt lat="47.2392460" lon="4.7266850">
    <ele>455.4</ele>
   </trkpt>
   <trkpt lat="47.2392560" lon="4.7266110">
    <ele>455.8</ele>
   </trkpt>
   <trkpt lat="47.2392690" lon="4.7265950">
    <ele>456.4</ele>
   </trkpt>
   <trkpt lat="47.2392870" lon="4.7265550">
    <ele>457.6</ele>
   </trkpt>
   <trkpt lat="47.2392890" lon="4.7264560">
    <ele>458.2</ele>
   </trkpt>
   <trkpt lat="47.2392880" lon="4.7263950">
    <ele>458.8</ele>
   </trkpt>
   <trkpt lat="47.2393410" lon="4.7263140">
    <ele>460.0</ele>
   </trkpt>
   <trkpt lat="47.2393680" lon="4.7262620">
    <ele>461.0</ele>
   </trkpt>
   <trkpt lat="47.2393850" lon="4.7262370">
    <ele>461.6</ele>
   </trkpt>
   <trkpt lat="47.2394180" lon="4.7261750">
    <ele>462.2</ele>
   </trkpt>
   <trkpt lat="47.2394560" lon="4.7261090">
    <ele>463.0</ele>
   </trkpt>
   <trkpt lat="47.2394610" lon="4.7260890">
    <ele>463.4</ele>
   </trkpt>
   <trkpt lat="47.2394860" lon="4.7260230">
    <ele>464.6</ele>
   </trkpt>
   <trkpt lat="47.2395070" lon="4.7259770">
    <ele>465.2</ele>
   </trkpt>
   <trkpt lat="47.2395260" lon="4.7259310">
    <ele>465.6</ele>
   </trkpt>
   <trkpt lat="47.2395340" lon="4.7258220">
    <ele>466.6</ele>
   </trkpt>
   <trkpt lat="47.2395380" lon="4.7257870">
    <ele>467.2</ele>
   </trkpt>
   <trkpt lat="47.2395400" lon="4.7257540">
    <ele>467.6</ele>
   </trkpt>
   <trkpt lat="47.2394990" lon="4.7255620">
    <ele>469.0</ele>
   </trkpt>
   <trkpt lat="47.2394520" lon="4.7253970">
    <ele>470.2</ele>
   </trkpt>
   <trkpt lat="47.2394330" lon="4.7253460">
    <ele>470.4</ele>
   </trkpt>
   <trkpt lat="47.2394440" lon="4.7252180">
    <ele>471.2</ele>
   </trkpt>
   <trkpt lat="47.2394400" lon="4.7251890">
    <ele>471.6</ele>
   </trkpt>
   <trkpt lat="47.2394090" lon="4.7250700">
    <ele>472.4</ele>
   </trkpt>
   <trkpt lat="47.2393930" lon="4.7249450">
    <ele>472.8</ele>
   </trkpt>
   <trkpt lat="47.2393920" lon="4.7248390">
    <ele>473.6</ele>
   </trkpt>
   <trkpt lat="47.2393950" lon="4.7248050">
    <ele>473.8</ele>
   </trkpt>
   <trkpt lat="47.2393970" lon="4.7247300">
    <ele>474.6</ele>
   </trkpt>
   <trkpt lat="47.2394000" lon="4.7246950">
    <ele>474.8</ele>
   </trkpt>
   <trkpt lat="47.2393960" lon="4.7244780">
    <ele>476.0</ele>
   </trkpt>
   <trkpt lat="47.2393900" lon="4.7243410">
    <ele>477.2</ele>
   </trkpt>
   <trkpt lat="47.2393910" lon="4.7242720">
    <ele>477.6</ele>
   </trkpt>
   <trkpt lat="47.2393910" lon="4.7241560">
    <ele>478.4</ele>
   </trkpt>
   <trkpt lat="47.2393810" lon="4.7240670">
    <ele>479.0</ele>
   </trkpt>
   <trkpt lat="47.2393510" lon="4.7239780">
    <ele>479.8</ele>
   </trkpt>
   <trkpt lat="47.2393140" lon="4.7238670">
    <ele>480.8</ele>
   </trkpt>
   <trkpt lat="47.2393080" lon="4.7238410">
    <ele>481.0</ele>
   </trkpt>
   <trkpt lat="47.2392750" lon="4.7237000">
    <ele>482.2</ele>
   </trkpt>
   <trkpt lat="47.2392230" lon="4.7235160">
    <ele>483.4</ele>
   </trkpt>
   <trkpt lat="47.2392210" lon="4.7234050">
    <ele>484.6</ele>
   </trkpt>
   <trkpt lat="47.2392060" lon="4.7233620">
    <ele>484.8</ele>
   </trkpt>
   <trkpt lat="47.2391900" lon="4.7232430">
    <ele>485.6</ele>
   </trkpt>
   <trkpt lat="47.2391960" lon="4.7231830">
    <ele>486.4</ele>
   </trkpt>
   <trkpt lat="47.2391960" lon="4.7231460">
    <ele>486.8</ele>
   </trkpt>
   <trkpt lat="47.2391960" lon="4.7230160">
    <ele>487.8</ele>
   </trkpt>
   <trkpt lat="47.2392240" lon="4.7229870">
    <ele>487.8</ele>
   </trkpt>
   <trkpt lat="47.2392780" lon="4.7229220">
    <ele>488.0</ele>
   </trkpt>
   <trkpt lat="47.2393280" lon="4.7228090">
    <ele>488.6</ele>
   </trkpt>
   <trkpt lat="47.2393660" lon="4.7227030">
    <ele>489.2</ele>
   </trkpt>
   <trkpt lat="47.2394110" lon="4.7226590">
    <ele>489.4</ele>
   </trkpt>
   <trkpt lat="47.2395540" lon="4.7225120">
    <ele>489.4</ele>
   </trkpt>
   <trkpt lat="47.2396990" lon="4.7224380">
    <ele>490.0</ele>
   </trkpt>
   <trkpt lat="47.2397880" lon="4.7224210">
    <ele>490.2</ele>
   </trkpt>
   <trkpt lat="47.2398050" lon="4.7223610">
    <ele>490.8</ele>
   </trkpt>
   <trkpt lat="47.2399320" lon="4.7223210">
    <ele>490.8</ele>
   </trkpt>
   <trkpt lat="47.2400170" lon="4.7223390">
    <ele>491.4</ele>
   </trkpt>
   <trkpt lat="47.2400310" lon="4.7223480">
    <ele>491.4</ele>
   </trkpt>
   <trkpt lat="47.2400730" lon="4.7223790">
    <ele>491.6</ele>
   </trkpt>
   <trkpt lat="47.2400880" lon="4.7223880">
    <ele>491.6</ele>
   </trkpt>
   <trkpt lat="47.2402190" lon="4.7224950">
    <ele>491.6</ele>
   </trkpt>
   <trkpt lat="47.2402900" lon="4.7226160">
    <ele>492.6</ele>
   </trkpt>
   <trkpt lat="47.2403560" lon="4.7226880">
    <ele>493.2</ele>
   </trkpt>
   <trkpt lat="47.2404340" lon="4.7227670">
    <ele>494.0</ele>
   </trkpt>
   <trkpt lat="47.2404470" lon="4.7227940">
    <ele>494.4</ele>
   </trkpt>
   <trkpt lat="47.2404730" lon="4.7228100">
    <ele>494.4</ele>
   </trkpt>
   <trkpt lat="47.2405910" lon="4.7229170">
    <ele>494.4</ele>
   </trkpt>
   <trkpt lat="47.2407130" lon="4.7229960">
    <ele>495.0</ele>
   </trkpt>
   <trkpt lat="47.2408000" lon="4.7230270">
    <ele>495.4</ele>
   </trkpt>
   <trkpt lat="47.2408470" lon="4.7230510">
    <ele>495.4</ele>
   </trkpt>
   <trkpt lat="47.2408820" lon="4.7230830">
    <ele>495.6</ele>
   </trkpt>
   <trkpt lat="47.2409120" lon="4.7231080">
    <ele>496.4</ele>
   </trkpt>
   <trkpt lat="47.2409370" lon="4.7231290">
    <ele>496.2</ele>
   </trkpt>
   <trkpt lat="47.2409620" lon="4.7231330">
    <ele>496.6</ele>
   </trkpt>
   <trkpt lat="47.2410510" lon="4.7231790">
    <ele>497.2</ele>
   </trkpt>
   <trkpt lat="47.2410850" lon="4.7231930">
    <ele>497.2</ele>
   </trkpt>
   <trkpt lat="47.2411500" lon="4.7232300">
    <ele>497.4</ele>
   </trkpt>
   <trkpt lat="47.2412160" lon="4.7232660">
    <ele>497.8</ele>
   </trkpt>
   <trkpt lat="47.2413450" lon="4.7233460">
    <ele>498.4</ele>
   </trkpt>
   <trkpt lat="47.2413780" lon="4.7233630">
    <ele>498.4</ele>
   </trkpt>
   <trkpt lat="47.2413940" lon="4.7233800">
    <ele>498.8</ele>
   </trkpt>
   <trkpt lat="47.2414450" lon="4.7234010">
    <ele>499.0</ele>
   </trkpt>
   <trkpt lat="47.2415120" lon="4.7234210">
    <ele>499.6</ele>
   </trkpt>
   <trkpt lat="47.2415380" lon="4.7234330">
    <ele>500.2</ele>
   </trkpt>
   <trkpt lat="47.2415980" lon="4.7234500">
    <ele>500.2</ele>
   </trkpt>
   <trkpt lat="47.2416830" lon="4.7234690">
    <ele>500.4</ele>
   </trkpt>
   <trkpt lat="47.2417460" lon="4.7234950">
    <ele>500.4</ele>
   </trkpt>
   <trkpt lat="47.2418390" lon="4.7235340">
    <ele>500.4</ele>
   </trkpt>
   <trkpt lat="47.2419670" lon="4.7236030">
    <ele>500.8</ele>
   </trkpt>
   <trkpt lat="47.2419840" lon="4.7236210">
    <ele>501.0</ele>
   </trkpt>
   <trkpt lat="47.2420470" lon="4.7236470">
    <ele>501.6</ele>
   </trkpt>
   <trkpt lat="47.2420810" lon="4.7236520">
    <ele>502.0</ele>
   </trkpt>
   <trkpt lat="47.2421600" lon="4.7236830">
    <ele>502.4</ele>
   </trkpt>
   <trkpt lat="47.2421920" lon="4.7236870">
    <ele>502.6</ele>
   </trkpt>
   <trkpt lat="47.2422540" lon="4.7237050">
    <ele>502.4</ele>
   </trkpt>
   <trkpt lat="47.2423220" lon="4.7237270">
    <ele>502.6</ele>
   </trkpt>
   <trkpt lat="47.2423710" lon="4.7237580">
    <ele>502.6</ele>
   </trkpt>
   <trkpt lat="47.2424920" lon="4.7238090">
    <ele>503.0</ele>
   </trkpt>
   <trkpt lat="47.2425320" lon="4.7238140">
    <ele>503.0</ele>
   </trkpt>
   <trkpt lat="47.2426630" lon="4.7238610">
    <ele>503.0</ele>
   </trkpt>
   <trkpt lat="47.2426790" lon="4.7238790">
    <ele>502.8</ele>
   </trkpt>
   <trkpt lat="47.2427600" lon="4.7238950">
    <ele>503.4</ele>
   </trkpt>
   <trkpt lat="47.2428420" lon="4.7239110">
    <ele>503.8</ele>
   </trkpt>
   <trkpt lat="47.2429690" lon="4.7239540">
    <ele>504.4</ele>
   </trkpt>
   <trkpt lat="47.2429990" lon="4.7239590">
    <ele>504.4</ele>
   </trkpt>
   <trkpt lat="47.2430320" lon="4.7239680">
    <ele>504.6</ele>
   </trkpt>
   <trkpt lat="47.2431020" lon="4.7239720">
    <ele>505.2</ele>
   </trkpt>
   <trkpt lat="47.2431300" lon="4.7239750">
    <ele>505.2</ele>
   </trkpt>
   <trkpt lat="47.2432870" lon="4.7239490">
    <ele>505.4</ele>
   </trkpt>
   <trkpt lat="47.2434330" lon="4.7239480">
    <ele>505.4</ele>
   </trkpt>
   <trkpt lat="47.2435540" lon="4.7239790">
    <ele>506.0</ele>
   </trkpt>
   <trkpt lat="47.2436110" lon="4.7240150">
    <ele>506.2</ele>
   </trkpt>
   <trkpt lat="47.2436280" lon="4.7240190">
    <ele>506.4</ele>
   </trkpt>
   <trkpt lat="47.2437770" lon="4.7240610">
    <ele>507.6</ele>
   </trkpt>
   <trkpt lat="47.2438210" lon="4.7240680">
    <ele>507.6</ele>
   </trkpt>
   <trkpt lat="47.2439310" lon="4.7240790">
    <ele>507.8</ele>
   </trkpt>
   <trkpt lat="47.2440210" lon="4.7240980">
    <ele>508.4</ele>
   </trkpt>
   <trkpt lat="47.2440560" lon="4.7241070">
    <ele>508.6</ele>
   </trkpt>
   <trkpt lat="47.2441920" lon="4.7240950">
    <ele>509.2</ele>
   </trkpt>
   <trkpt lat="47.2443420" lon="4.7241040">
    <ele>509.6</ele>
   </trkpt>
   <trkpt lat="47.2443670" lon="4.7240930">
    <ele>509.6</ele>
   </trkpt>
   <trkpt lat="47.2444750" lon="4.7240650">
    <ele>509.8</ele>
   </trkpt>
   <trkpt lat="47.2445380" lon="4.7240910">
    <ele>510.4</ele>
   </trkpt>
   <trkpt lat="47.2445740" lon="4.7240900">
    <ele>510.4</ele>
   </trkpt>
   <trkpt lat="47.2446450" lon="4.7241030">
    <ele>510.8</ele>
   </trkpt>
   <trkpt lat="47.2446870" lon="4.7241160">
    <ele>511.2</ele>
   </trkpt>
   <trkpt lat="47.2446960" lon="4.7241220">
    <ele>511.2</ele>
   </trkpt>
   <trkpt lat="47.2447260" lon="4.7241270">
    <ele>511.2</ele>
   </trkpt>
   <trkpt lat="47.2447750" lon="4.7241340">
    <ele>511.0</ele>
   </trkpt>
   <trkpt lat="47.2448110" lon="4.7241350">
    <ele>511.4</ele>
   </trkpt>
   <trkpt lat="47.2448840" lon="4.7241530">
    <ele>512.0</ele>
   </trkpt>
   <trkpt lat="47.2448980" lon="4.7241560">
    <ele>512.0</ele>
   </trkpt>
   <trkpt lat="47.2449180" lon="4.7241570">
    <ele>512.2</ele>
   </trkpt>
   <trkpt lat="47.2449920" lon="4.7241750">
    <ele>512.2</ele>
   </trkpt>
   <trkpt lat="47.2451260" lon="4.7242190">
    <ele>512.4</ele>
   </trkpt>
   <trkpt lat="47.2451730" lon="4.7242400">
    <ele>512.8</ele>
   </trkpt>
   <trkpt lat="47.2452660" lon="4.7242550">
    <ele>513.0</ele>
   </trkpt>
   <trkpt lat="47.2453100" lon="4.7242550">
    <ele>513.2</ele>
   </trkpt>
   <trkpt lat="47.2454350" lon="4.7242550">
    <ele>513.8</ele>
   </trkpt>
   <trkpt lat="47.2454890" lon="4.7242700">
    <ele>514.0</ele>
   </trkpt>
   <trkpt lat="47.2455160" lon="4.7242850">
    <ele>514.2</ele>
   </trkpt>
   <trkpt lat="47.2455500" lon="4.7242980">
    <ele>514.4</ele>
   </trkpt>
   <trkpt lat="47.2456250" lon="4.7243180">
    <ele>515.0</ele>
   </trkpt>
   <trkpt lat="47.2456530" lon="4.7243290">
    <ele>515.2</ele>
   </trkpt>
   <trkpt lat="47.2458150" lon="4.7243890">
    <ele>515.4</ele>
   </trkpt>
   <trkpt lat="47.2460060" lon="4.7244420">
    <ele>515.4</ele>
   </trkpt>
   <trkpt lat="47.2461080" lon="4.7244180">
    <ele>516.0</ele>
   </trkpt>
   <trkpt lat="47.2462640" lon="4.7243850">
    <ele>515.8</ele>
   </trkpt>
   <trkpt lat="47.2463880" lon="4.7243330">
    <ele>516.2</ele>
   </trkpt>
   <trkpt lat="47.2464150" lon="4.7243220">
    <ele>516.4</ele>
   </trkpt>
   <trkpt lat="47.2466140" lon="4.7242810">
    <ele>517.4</ele>
   </trkpt>
   <trkpt lat="47.2467660" lon="4.7242250">
    <ele>518.2</ele>
   </trkpt>
   <trkpt lat="47.2468580" lon="4.7241720">
    <ele>518.4</ele>
   </trkpt>
   <trkpt lat="47.2469210" lon="4.7241340">
    <ele>518.4</ele>
   </trkpt>
   <trkpt lat="47.2469900" lon="4.7240980">
    <ele>519.0</ele>
   </trkpt>
   <trkpt lat="47.2471740" lon="4.7240400">
    <ele>519.2</ele>
   </trkpt>
   <trkpt lat="47.2473530" lon="4.7239760">
    <ele>519.4</ele>
   </trkpt>
   <trkpt lat="47.2475150" lon="4.7238660">
    <ele>519.2</ele>
   </trkpt>
   <trkpt lat="47.2476350" lon="4.7238310">
    <ele>519.2</ele>
   </trkpt>
   <trkpt lat="47.2477250" lon="4.7238640">
    <ele>518.8</ele>
   </trkpt>
   <trkpt lat="47.2477530" lon="4.7238850">
    <ele>518.8</ele>
   </trkpt>
   <trkpt lat="47.2478580" lon="4.7240000">
    <ele>518.4</ele>
   </trkpt>
   <trkpt lat="47.2479460" lon="4.7242110">
    <ele>517.8</ele>
   </trkpt>
   <trkpt lat="47.2480150" lon="4.7242590">
    <ele>517.4</ele>
   </trkpt>
   <trkpt lat="47.2481000" lon="4.7242800">
    <ele>517.4</ele>
   </trkpt>
   <trkpt lat="47.2481390" lon="4.7243050">
    <ele>517.2</ele>
   </trkpt>
   <trkpt lat="47.2481690" lon="4.7243280">
    <ele>517.0</ele>
   </trkpt>
   <trkpt lat="47.2482750" lon="4.7244400">
    <ele>516.8</ele>
   </trkpt>
   <trkpt lat="47.2482750" lon="4.7244640">
    <ele>516.6</ele>
   </trkpt>
   <trkpt lat="47.2482850" lon="4.7245420">
    <ele>516.6</ele>
   </trkpt>
   <trkpt lat="47.2483450" lon="4.7246070">
    <ele>516.6</ele>
   </trkpt>
   <trkpt lat="47.2483680" lon="4.7246300">
    <ele>516.6</ele>
   </trkpt>
   <trkpt lat="47.2484110" lon="4.7247150">
    <ele>516.6</ele>
   </trkpt>
   <trkpt lat="47.2485010" lon="4.7247830">
    <ele>516.4</ele>
   </trkpt>
   <trkpt lat="47.2485160" lon="4.7248110">
    <ele>516.4</ele>
   </trkpt>
   <trkpt lat="47.2485100" lon="4.7248920">
    <ele>516.2</ele>
   </trkpt>
   <trkpt lat="47.2485090" lon="4.7249370">
    <ele>516.0</ele>
   </trkpt>
   <trkpt lat="47.2485160" lon="4.7249730">
    <ele>515.8</ele>
   </trkpt>
   <trkpt lat="47.2485620" lon="4.7250480">
    <ele>515.4</ele>
   </trkpt>
   <trkpt lat="47.2486170" lon="4.7251170">
    <ele>515.2</ele>
   </trkpt>
   <trkpt lat="47.2486440" lon="4.7251670">
    <ele>515.2</ele>
   </trkpt>
   <trkpt lat="47.2486550" lon="4.7251820">
    <ele>515.2</ele>
   </trkpt>
   <trkpt lat="47.2487700" lon="4.7251990">
    <ele>514.8</ele>
   </trkpt>
   <trkpt lat="47.2488590" lon="4.7251740">
    <ele>514.6</ele>
   </trkpt>
   <trkpt lat="47.2488700" lon="4.7251190">
    <ele>514.6</ele>
   </trkpt>
   <trkpt lat="47.2488700" lon="4.7250670">
    <ele>514.4</ele>
   </trkpt>
   <trkpt lat="47.2488820" lon="4.7250070">
    <ele>514.6</ele>
   </trkpt>
   <trkpt lat="47.2488960" lon="4.7249560">
    <ele>514.4</ele>
   </trkpt>
   <trkpt lat="47.2489160" lon="4.7249300">
    <ele>514.4</ele>
   </trkpt>
   <trkpt lat="47.2489940" lon="4.7247750">
    <ele>513.8</ele>
   </trkpt>
   <trkpt lat="47.2490230" lon="4.7247040">
    <ele>513.6</ele>
   </trkpt>
   <trkpt lat="47.2490590" lon="4.7246340">
    <ele>513.2</ele>
   </trkpt>
   <trkpt lat="47.2490880" lon="4.7245270">
    <ele>512.2</ele>
   </trkpt>
   <trkpt lat="47.2491160" lon="4.7245000">
    <ele>511.6</ele>
   </trkpt>
   <trkpt lat="47.2491080" lon="4.7244440">
    <ele>510.8</ele>
   </trkpt>
   <trkpt lat="47.2491020" lon="4.7244060">
    <ele>510.4</ele>
   </trkpt>
   <trkpt lat="47.2491080" lon="4.7243890">
    <ele>510.2</ele>
   </trkpt>
   <trkpt lat="47.2491090" lon="4.7243800">
    <ele>509.4</ele>
   </trkpt>
   <trkpt lat="47.2491120" lon="4.7243760">
    <ele>508.8</ele>
   </trkpt>
   <trkpt lat="47.2491160" lon="4.7243770">
    <ele>508.2</ele>
   </trkpt>
   <trkpt lat="47.2491240" lon="4.7243790">
    <ele>506.8</ele>
   </trkpt>
   <trkpt lat="47.2491290" lon="4.7243670">
    <ele>505.6</ele>
   </trkpt>
   <trkpt lat="47.2491260" lon="4.7243510">
    <ele>505.2</ele>
   </trkpt>
   <trkpt lat="47.2491560" lon="4.7243180">
    <ele>504.4</ele>
   </trkpt>
   <trkpt lat="47.2491640" lon="4.7243310">
    <ele>504.0</ele>
   </trkpt>
   <trkpt lat="47.2491690" lon="4.7243590">
    <ele>503.0</ele>
   </trkpt>
   <trkpt lat="47.2491810" lon="4.7243970">
    <ele>501.8</ele>
   </trkpt>
   <trkpt lat="47.2491930" lon="4.7244360">
    <ele>501.2</ele>
   </trkpt>
   <trkpt lat="47.2491870" lon="4.7244930">
    <ele>500.6</ele>
   </trkpt>
   <trkpt lat="47.2491930" lon="4.7245850">
    <ele>499.4</ele>
   </trkpt>
   <trkpt lat="47.2492000" lon="4.7246100">
    <ele>499.4</ele>
   </trkpt>
   <trkpt lat="47.2492090" lon="4.7246310">
    <ele>498.0</ele>
   </trkpt>
   <trkpt lat="47.2492130" lon="4.7246190">
    <ele>497.4</ele>
   </trkpt>
   <trkpt lat="47.2492260" lon="4.7245910">
    <ele>496.6</ele>
   </trkpt>
   <trkpt lat="47.2492440" lon="4.7245610">
    <ele>495.4</ele>
   </trkpt>
   <trkpt lat="47.2492800" lon="4.7245520">
    <ele>494.2</ele>
   </trkpt>
   <trkpt lat="47.2493420" lon="4.7245420">
    <ele>493.0</ele>
   </trkpt>
   <trkpt lat="47.2493510" lon="4.7245030">
    <ele>492.0</ele>
   </trkpt>
   <trkpt lat="47.2493490" lon="4.7244820">
    <ele>491.4</ele>
   </trkpt>
   <trkpt lat="47.2493560" lon="4.7245020">
    <ele>489.6</ele>
   </trkpt>
   <trkpt lat="47.2493700" lon="4.7245160">
    <ele>489.0</ele>
   </trkpt>
   <trkpt lat="47.2493830" lon="4.7245390">
    <ele>488.4</ele>
   </trkpt>
   <trkpt lat="47.2494080" lon="4.7245630">
    <ele>486.8</ele>
   </trkpt>
   <trkpt lat="47.2494210" lon="4.7245610">
    <ele>485.8</ele>
   </trkpt>
   <trkpt lat="47.2494330" lon="4.7245640">
    <ele>484.6</ele>
   </trkpt>
   <trkpt lat="47.2494480" lon="4.7245680">
    <ele>482.8</ele>
   </trkpt>
   <trkpt lat="47.2494610" lon="4.7245770">
    <ele>480.8</ele>
   </trkpt>
   <trkpt lat="47.2495000" lon="4.7245920">
    <ele>479.6</ele>
   </trkpt>
   <trkpt lat="47.2495180" lon="4.7245860">
    <ele>478.0</ele>
   </trkpt>
   <trkpt lat="47.2495360" lon="4.7245720">
    <ele>476.8</ele>
   </trkpt>
   <trkpt lat="47.2495870" lon="4.7245390">
    <ele>474.6</ele>
   </trkpt>
   <trkpt lat="47.2496150" lon="4.7245210">
    <ele>473.6</ele>
   </trkpt>
   <trkpt lat="47.2496460" lon="4.7244530">
    <ele>472.6</ele>
   </trkpt>
   <trkpt lat="47.2496760" lon="4.7243930">
    <ele>471.6</ele>
   </trkpt>
   <trkpt lat="47.2496900" lon="4.7243760">
    <ele>471.2</ele>
   </trkpt>
   <trkpt lat="47.2496950" lon="4.7243120">
    <ele>470.0</ele>
   </trkpt>
   <trkpt lat="47.2497130" lon="4.7242810">
    <ele>469.4</ele>
   </trkpt>
   <trkpt lat="47.2497410" lon="4.7242330">
    <ele>468.8</ele>
   </trkpt>
   <trkpt lat="47.2497580" lon="4.7242190">
    <ele>468.4</ele>
   </trkpt>
   <trkpt lat="47.2497810" lon="4.7241850">
    <ele>467.4</ele>
   </trkpt>
   <trkpt lat="47.2498130" lon="4.7241340">
    <ele>465.4</ele>
   </trkpt>
   <trkpt lat="47.2498110" lon="4.7240980">
    <ele>464.6</ele>
   </trkpt>
   <trkpt lat="47.2498420" lon="4.7240710">
    <ele>464.2</ele>
   </trkpt>
   <trkpt lat="47.2498440" lon="4.7240460">
    <ele>463.4</ele>
   </trkpt>
   <trkpt lat="47.2498410" lon="4.7240220">
    <ele>463.2</ele>
   </trkpt>
   <trkpt lat="47.2498540" lon="4.7239440">
    <ele>462.0</ele>
   </trkpt>
   <trkpt lat="47.2498780" lon="4.7238840">
    <ele>461.8</ele>
   </trkpt>
   <trkpt lat="47.2498930" lon="4.7238820">
    <ele>461.2</ele>
   </trkpt>
   <trkpt lat="47.2499000" lon="4.7238620">
    <ele>461.0</ele>
   </trkpt>
   <trkpt lat="47.2499080" lon="4.7237920">
    <ele>460.4</ele>
   </trkpt>
   <trkpt lat="47.2499110" lon="4.7237790">
    <ele>459.8</ele>
   </trkpt>
   <trkpt lat="47.2499130" lon="4.7237790">
    <ele>458.8</ele>
   </trkpt>
   <trkpt lat="47.2499160" lon="4.7237920">
    <ele>458.4</ele>
   </trkpt>
   <trkpt lat="47.2499490" lon="4.7238530">
    <ele>457.0</ele>
   </trkpt>
   <trkpt lat="47.2499640" lon="4.7238730">
    <ele>455.8</ele>
   </trkpt>
   <trkpt lat="47.2499780" lon="4.7238860">
    <ele>454.6</ele>
   </trkpt>
   <trkpt lat="47.2499950" lon="4.7239030">
    <ele>453.4</ele>
   </trkpt>
   <trkpt lat="47.2500340" lon="4.7239340">
    <ele>451.4</ele>
   </trkpt>
   <trkpt lat="47.2500470" lon="4.7239430">
    <ele>450.0</ele>
   </trkpt>
   <trkpt lat="47.2500780" lon="4.7239470">
    <ele>448.4</ele>
   </trkpt>
   <trkpt lat="47.2501000" lon="4.7239540">
    <ele>447.8</ele>
   </trkpt>
   <trkpt lat="47.2501100" lon="4.7239490">
    <ele>447.0</ele>
   </trkpt>
   <trkpt lat="47.2501250" lon="4.7239320">
    <ele>445.8</ele>
   </trkpt>
   <trkpt lat="47.2501680" lon="4.7239050">
    <ele>444.6</ele>
   </trkpt>
   <trkpt lat="47.2502380" lon="4.7238710">
    <ele>443.4</ele>
   </trkpt>
   <trkpt lat="47.2502820" lon="4.7238400">
    <ele>442.2</ele>
   </trkpt>
   <trkpt lat="47.2503290" lon="4.7237630">
    <ele>441.0</ele>
   </trkpt>
   <trkpt lat="47.2503690" lon="4.7236550">
    <ele>439.8</ele>
   </trkpt>
   <trkpt lat="47.2503720" lon="4.7236010">
    <ele>438.4</ele>
   </trkpt>
   <trkpt lat="47.2503860" lon="4.7235480">
    <ele>437.0</ele>
   </trkpt>
   <trkpt lat="47.2504050" lon="4.7235050">
    <ele>435.6</ele>
   </trkpt>
   <trkpt lat="47.2504050" lon="4.7234810">
    <ele>435.4</ele>
   </trkpt>
   <trkpt lat="47.2504230" lon="4.7234680">
    <ele>435.0</ele>
   </trkpt>
   <trkpt lat="47.2504710" lon="4.7234290">
    <ele>433.4</ele>
   </trkpt>
   <trkpt lat="47.2504830" lon="4.7234460">
    <ele>432.4</ele>
   </trkpt>
   <trkpt lat="47.2504850" lon="4.7234780">
    <ele>431.2</ele>
   </trkpt>
   <trkpt lat="47.2504760" lon="4.7235620">
    <ele>429.2</ele>
   </trkpt>
   <trkpt lat="47.2504730" lon="4.7236110">
    <ele>427.6</ele>
   </trkpt>
   <trkpt lat="47.2504730" lon="4.7236540">
    <ele>426.6</ele>
   </trkpt>
   <trkpt lat="47.2504880" lon="4.7237340">
    <ele>424.6</ele>
   </trkpt>
   <trkpt lat="47.2505140" lon="4.7237750">
    <ele>423.4</ele>
   </trkpt>
   <trkpt lat="47.2505470" lon="4.7238610">
    <ele>421.8</ele>
   </trkpt>
   <trkpt lat="47.2505760" lon="4.7239400">
    <ele>420.2</ele>
   </trkpt>
   <trkpt lat="47.2506190" lon="4.7240110">
    <ele>418.6</ele>
   </trkpt>
   <trkpt lat="47.2506570" lon="4.7240430">
    <ele>417.8</ele>
   </trkpt>
   <trkpt lat="47.2506840" lon="4.7240780">
    <ele>416.4</ele>
   </trkpt>
   <trkpt lat="47.2507100" lon="4.7241190">
    <ele>415.2</ele>
   </trkpt>
   <trkpt lat="47.2507370" lon="4.7241680">
    <ele>414.0</ele>
   </trkpt>
   <trkpt lat="47.2507760" lon="4.7242610">
    <ele>412.4</ele>
   </trkpt>
   <trkpt lat="47.2508030" lon="4.7243460">
    <ele>410.8</ele>
   </trkpt>
   <trkpt lat="47.2508250" lon="4.7243950">
    <ele>409.8</ele>
   </trkpt>
   <trkpt lat="47.2508520" lon="4.7244400">
    <ele>408.8</ele>
   </trkpt>
   <trkpt lat="47.2508690" lon="4.7244960">
    <ele>408.0</ele>
   </trkpt>
   <trkpt lat="47.2508900" lon="4.7245390">
    <ele>407.4</ele>
   </trkpt>
   <trkpt lat="47.2509090" lon="4.7245900">
    <ele>406.2</ele>
   </trkpt>
   <trkpt lat="47.2509260" lon="4.7246570">
    <ele>405.0</ele>
   </trkpt>
   <trkpt lat="47.2509490" lon="4.7247990">
    <ele>403.6</ele>
   </trkpt>
   <trkpt lat="47.2509570" lon="4.7248690">
    <ele>402.6</ele>
   </trkpt>
   <trkpt lat="47.2509760" lon="4.7250000">
    <ele>400.8</ele>
   </trkpt>
   <trkpt lat="47.2510010" lon="4.7251740">
    <ele>399.6</ele>
   </trkpt>
   <trkpt lat="47.2510140" lon="4.7252310">
    <ele>399.2</ele>
   </trkpt>
   <trkpt lat="47.2510370" lon="4.7253430">
    <ele>398.4</ele>
   </trkpt>
   <trkpt lat="47.2510650" lon="4.7254560">
    <ele>397.8</ele>
   </trkpt>
   <trkpt lat="47.2510930" lon="4.7255650">
    <ele>397.4</ele>
   </trkpt>
   <trkpt lat="47.2511260" lon="4.7256710">
    <ele>396.2</ele>
   </trkpt>
   <trkpt lat="47.2511840" lon="4.7258370">
    <ele>395.2</ele>
   </trkpt>
   <trkpt lat="47.2512040" lon="4.7258940">
    <ele>394.4</ele>
   </trkpt>
   <trkpt lat="47.2512190" lon="4.7259520">
    <ele>393.6</ele>
   </trkpt>
   <trkpt lat="47.2512530" lon="4.7260660">
    <ele>391.6</ele>
   </trkpt>
   <trkpt lat="47.2512870" lon="4.7261680">
    <ele>390.0</ele>
   </trkpt>
   <trkpt lat="47.2513270" lon="4.7262550">
    <ele>388.6</ele>
   </trkpt>
   <trkpt lat="47.2513720" lon="4.7263470">
    <ele>387.4</ele>
   </trkpt>
   <trkpt lat="47.2514190" lon="4.7264550">
    <ele>385.4</ele>
   </trkpt>
   <trkpt lat="47.2514620" lon="4.7265600">
    <ele>383.8</ele>
   </trkpt>
   <trkpt lat="47.2515040" lon="4.7266590">
    <ele>381.8</ele>
   </trkpt>
   <trkpt lat="47.2515500" lon="4.7267660">
    <ele>380.2</ele>
   </trkpt>
   <trkpt lat="47.2515750" lon="4.7268180">
    <ele>379.0</ele>
   </trkpt>
   <trkpt lat="47.2516200" lon="4.7269190">
    <ele>378.0</ele>
   </trkpt>
   <trkpt lat="47.2516630" lon="4.7270170">
    <ele>376.8</ele>
   </trkpt>
   <trkpt lat="47.2516810" lon="4.7270650">
    <ele>375.4</ele>
   </trkpt>
   <trkpt lat="47.2517020" lon="4.7271130">
    <ele>374.6</ele>
   </trkpt>
   <trkpt lat="47.2517230" lon="4.7271590">
    <ele>373.2</ele>
   </trkpt>
   <trkpt lat="47.2517660" lon="4.7272370">
    <ele>371.4</ele>
   </trkpt>
   <trkpt lat="47.2518210" lon="4.7272870">
    <ele>370.0</ele>
   </trkpt>
   <trkpt lat="47.2518530" lon="4.7272980">
    <ele>369.2</ele>
   </trkpt>
   <trkpt lat="47.2518930" lon="4.7273070">
    <ele>368.4</ele>
   </trkpt>
   <trkpt lat="47.2519320" lon="4.7273270">
    <ele>367.4</ele>
   </trkpt>
   <trkpt lat="47.2520070" lon="4.7273900">
    <ele>366.4</ele>
   </trkpt>
   <trkpt lat="47.2520350" lon="4.7274350">
    <ele>365.6</ele>
   </trkpt>
   <trkpt lat="47.2520850" lon="4.7275320">
    <ele>363.8</ele>
   </trkpt>
   <trkpt lat="47.2521300" lon="4.7276320">
    <ele>362.4</ele>
   </trkpt>
   <trkpt lat="47.2521700" lon="4.7277320">
    <ele>361.2</ele>
   </trkpt>
   <trkpt lat="47.2521930" lon="4.7277820">
    <ele>360.2</ele>
   </trkpt>
   <trkpt lat="47.2522370" lon="4.7278920">
    <ele>359.4</ele>
   </trkpt>
   <trkpt lat="47.2522520" lon="4.7279480">
    <ele>358.8</ele>
   </trkpt>
   <trkpt lat="47.2522860" lon="4.7280490">
    <ele>358.0</ele>
   </trkpt>
   <trkpt lat="47.2523130" lon="4.7280890">
    <ele>357.4</ele>
   </trkpt>
   <trkpt lat="47.2523430" lon="4.7281240">
    <ele>356.8</ele>
   </trkpt>
   <trkpt lat="47.2523800" lon="4.7281520">
    <ele>356.0</ele>
   </trkpt>
   <trkpt lat="47.2524600" lon="4.7281730">
    <ele>354.6</ele>
   </trkpt>
   <trkpt lat="47.2525860" lon="4.7281270">
    <ele>353.4</ele>
   </trkpt>
   <trkpt lat="47.2526260" lon="4.7280970">
    <ele>352.8</ele>
   </trkpt>
   <trkpt lat="47.2526670" lon="4.7280640">
    <ele>351.8</ele>
   </trkpt>
   <trkpt lat="47.2527450" lon="4.7280020">
    <ele>350.4</ele>
   </trkpt>
   <trkpt lat="47.2528190" lon="4.7279560">
    <ele>349.6</ele>
   </trkpt>
   <trkpt lat="47.2528570" lon="4.7279340">
    <ele>349.4</ele>
   </trkpt>
   <trkpt lat="47.2528940" lon="4.7279130">
    <ele>349.4</ele>
   </trkpt>
   <trkpt lat="47.2529810" lon="4.7278810">
    <ele>348.2</ele>
   </trkpt>
   <trkpt lat="47.2530210" lon="4.7278630">
    <ele>347.6</ele>
   </trkpt>
   <trkpt lat="47.2530590" lon="4.7278390">
    <ele>347.2</ele>
   </trkpt>
   <trkpt lat="47.2530850" lon="4.7277930">
    <ele>346.8</ele>
   </trkpt>
   <trkpt lat="47.2531380" lon="4.7276960">
    <ele>345.8</ele>
   </trkpt>
   <trkpt lat="47.2532140" lon="4.7275480">
    <ele>344.6</ele>
   </trkpt>
   <trkpt lat="47.2532670" lon="4.7274510">
    <ele>343.2</ele>
   </trkpt>
   <trkpt lat="47.2533280" lon="4.7273800">
    <ele>342.8</ele>
   </trkpt>
   <trkpt lat="47.2534060" lon="4.7273460">
    <ele>342.4</ele>
   </trkpt>
   <trkpt lat="47.2534440" lon="4.7273310">
    <ele>342.0</ele>
   </trkpt>
   <trkpt lat="47.2535560" lon="4.7272940">
    <ele>340.4</ele>
   </trkpt>
   <trkpt lat="47.2535930" lon="4.7272730">
    <ele>340.0</ele>
   </trkpt>
   <trkpt lat="47.2536270" lon="4.7272430">
    <ele>339.8</ele>
   </trkpt>
   <trkpt lat="47.2537370" lon="4.7271740">
    <ele>339.0</ele>
   </trkpt>
   <trkpt lat="47.2538180" lon="4.7271650">
    <ele>338.0</ele>
   </trkpt>
   <trkpt lat="47.2538890" lon="4.7272150">
    <ele>337.2</ele>
   </trkpt>
   <trkpt lat="47.2539180" lon="4.7272510">
    <ele>336.4</ele>
   </trkpt>
   <trkpt lat="47.2539450" lon="4.7272940">
    <ele>335.8</ele>
   </trkpt>
   <trkpt lat="47.2539710" lon="4.7273340">
    <ele>335.2</ele>
   </trkpt>
   <trkpt lat="47.2540920" lon="4.7275300">
    <ele>334.0</ele>
   </trkpt>
   <trkpt lat="47.2541440" lon="4.7276080">
    <ele>333.8</ele>
   </trkpt>
   <trkpt lat="47.2542700" lon="4.7277590">
    <ele>332.8</ele>
   </trkpt>
   <trkpt lat="47.2542960" lon="4.7277990">
    <ele>332.8</ele>
   </trkpt>
   <trkpt lat="47.2543160" lon="4.7278440">
    <ele>332.6</ele>
   </trkpt>
   <trkpt lat="47.2543470" lon="4.7279410">
    <ele>332.6</ele>
   </trkpt>
   <trkpt lat="47.2543710" lon="4.7281340">
    <ele>333.0</ele>
   </trkpt>
   <trkpt lat="47.2544080" lon="4.7284300">
    <ele>333.2</ele>
   </trkpt>
   <trkpt lat="47.2544120" lon="4.7285240">
    <ele>333.6</ele>
   </trkpt>
   <trkpt lat="47.2544110" lon="4.7285700">
    <ele>333.8</ele>
   </trkpt>
   <trkpt lat="47.2544130" lon="4.7286160">
    <ele>334.2</ele>
   </trkpt>
   <trkpt lat="47.2544230" lon="4.7287960">
    <ele>334.6</ele>
   </trkpt>
   <trkpt lat="47.2544280" lon="4.7288390">
    <ele>335.0</ele>
   </trkpt>
   <trkpt lat="47.2544600" lon="4.7290360">
    <ele>335.4</ele>
   </trkpt>
   <trkpt lat="47.2544850" lon="4.7291830">
    <ele>336.0</ele>
   </trkpt>
   <trkpt lat="47.2545020" lon="4.7292540">
    <ele>336.6</ele>
   </trkpt>
   <trkpt lat="47.2545090" lon="4.7292900">
    <ele>336.6</ele>
   </trkpt>
   <trkpt lat="47.2545220" lon="4.7293570">
    <ele>337.2</ele>
   </trkpt>
   <trkpt lat="47.2545500" lon="4.7294570">
    <ele>338.4</ele>
   </trkpt>
   <trkpt lat="47.2545640" lon="4.7295160">
    <ele>339.4</ele>
   </trkpt>
   <trkpt lat="47.2545850" lon="4.7295730">
    <ele>339.8</ele>
   </trkpt>
   <trkpt lat="47.2546130" lon="4.7296310">
    <ele>340.4</ele>
   </trkpt>
   <trkpt lat="47.2546290" lon="4.7296580">
    <ele>340.6</ele>
   </trkpt>
   <trkpt lat="47.2546780" lon="4.7297940">
    <ele>341.8</ele>
   </trkpt>
   <trkpt lat="47.2547090" lon="4.7298720">
    <ele>342.0</ele>
   </trkpt>
   <trkpt lat="47.2548080" lon="4.7300580">
    <ele>342.4</ele>
   </trkpt>
   <trkpt lat="47.2548860" lon="4.7302970">
    <ele>343.0</ele>
   </trkpt>
   <trkpt lat="47.2548980" lon="4.7303340">
    <ele>343.4</ele>
   </trkpt>
   <trkpt lat="47.2549560" lon="4.7305170">
    <ele>344.0</ele>
   </trkpt>
   <trkpt lat="47.2549710" lon="4.7305880">
    <ele>344.4</ele>
   </trkpt>
   <trkpt lat="47.2550060" lon="4.7306990">
    <ele>345.2</ele>
   </trkpt>
   <trkpt lat="47.2550210" lon="4.7307530">
    <ele>346.2</ele>
   </trkpt>
   <trkpt lat="47.2550290" lon="4.7307810">
    <ele>346.4</ele>
   </trkpt>
   <trkpt lat="47.2550470" lon="4.7308690">
    <ele>347.6</ele>
   </trkpt>
   <trkpt lat="47.2550670" lon="4.7309700">
    <ele>349.2</ele>
   </trkpt>
   <trkpt lat="47.2550750" lon="4.7310050">
    <ele>349.6</ele>
   </trkpt>
   <trkpt lat="47.2551090" lon="4.7312030">
    <ele>350.2</ele>
   </trkpt>
   <trkpt lat="47.2551120" lon="4.7312360">
    <ele>351.0</ele>
   </trkpt>
   <trkpt lat="47.2551120" lon="4.7312700">
    <ele>351.2</ele>
   </trkpt>
   <trkpt lat="47.2551030" lon="4.7313750">
    <ele>352.6</ele>
   </trkpt>
   <trkpt lat="47.2550910" lon="4.7314970">
    <ele>353.6</ele>
   </trkpt>
   <trkpt lat="47.2550870" lon="4.7315340">
    <ele>353.6</ele>
   </trkpt>
   <trkpt lat="47.2550750" lon="4.7317140">
    <ele>354.8</ele>
   </trkpt>
   <trkpt lat="47.2550790" lon="4.7317500">
    <ele>355.0</ele>
   </trkpt>
   <trkpt lat="47.2550940" lon="4.7318180">
    <ele>356.0</ele>
   </trkpt>
   <trkpt lat="47.2551380" lon="4.7319460">
    <ele>356.6</ele>
   </trkpt>
   <trkpt lat="47.2551910" lon="4.7320720">
    <ele>357.2</ele>
   </trkpt>
   <trkpt lat="47.2552080" lon="4.7321000">
    <ele>357.2</ele>
   </trkpt>
   <trkpt lat="47.2552370" lon="4.7321600">
    <ele>358.6</ele>
   </trkpt>
   <trkpt lat="47.2552970" lon="4.7323400">
    <ele>359.2</ele>
   </trkpt>
   <trkpt lat="47.2552980" lon="4.7324190">
    <ele>359.6</ele>
   </trkpt>
   <trkpt lat="47.2552730" lon="4.7325250">
    <ele>360.4</ele>
   </trkpt>
   <trkpt lat="47.2552610" lon="4.7325580">
    <ele>360.8</ele>
   </trkpt>
   <trkpt lat="47.2552130" lon="4.7327180">
    <ele>361.8</ele>
   </trkpt>
   <trkpt lat="47.2551390" lon="4.7328970">
    <ele>363.2</ele>
   </trkpt>
   <trkpt lat="47.2551320" lon="4.7329340">
    <ele>363.4</ele>
   </trkpt>
   <trkpt lat="47.2550870" lon="4.7331250">
    <ele>364.4</ele>
   </trkpt>
   <trkpt lat="47.2550810" lon="4.7331650">
    <ele>364.4</ele>
   </trkpt>
   <trkpt lat="47.2550600" lon="4.7334290">
    <ele>365.4</ele>
   </trkpt>
   <trkpt lat="47.2550580" lon="4.7334630">
    <ele>366.2</ele>
   </trkpt>
   <trkpt lat="47.2550640" lon="4.7335800">
    <ele>367.4</ele>
   </trkpt>
   <trkpt lat="47.2550820" lon="4.7336920">
    <ele>367.8</ele>
   </trkpt>
   <trkpt lat="47.2550920" lon="4.7337710">
    <ele>368.4</ele>
   </trkpt>
   <trkpt lat="47.2551320" lon="4.7339620">
    <ele>369.4</ele>
   </trkpt>
   <trkpt lat="47.2551410" lon="4.7340030">
    <ele>369.4</ele>
   </trkpt>
   <trkpt lat="47.2551900" lon="4.7342460">
    <ele>370.2</ele>
   </trkpt>
   <trkpt lat="47.2552090" lon="4.7343280">
    <ele>370.8</ele>
   </trkpt>
   <trkpt lat="47.2552530" lon="4.7345320">
    <ele>372.0</ele>
   </trkpt>
   <trkpt lat="47.2552630" lon="4.7345740">
    <ele>372.2</ele>
   </trkpt>
   <trkpt lat="47.2553020" lon="4.7347680">
    <ele>373.0</ele>
   </trkpt>
   <trkpt lat="47.2553180" lon="4.7348490">
    <ele>373.0</ele>
   </trkpt>
   <trkpt lat="47.2553620" lon="4.7350430">
    <ele>373.8</ele>
   </trkpt>
   <trkpt lat="47.2553810" lon="4.7351200">
    <ele>374.2</ele>
   </trkpt>
   <trkpt lat="47.2554250" lon="4.7353470">
    <ele>375.0</ele>
   </trkpt>
   <trkpt lat="47.2554340" lon="4.7353870">
    <ele>375.4</ele>
   </trkpt>
   <trkpt lat="47.2554650" lon="4.7355420">
    <ele>376.4</ele>
   </trkpt>
   <trkpt lat="47.2554720" lon="4.7355810">
    <ele>376.6</ele>
   </trkpt>
   <trkpt lat="47.2555110" lon="4.7357840">
    <ele>377.6</ele>
   </trkpt>
   <trkpt lat="47.2555270" lon="4.7358600">
    <ele>378.0</ele>
   </trkpt>
   <trkpt lat="47.2555530" lon="4.7360430">
    <ele>378.8</ele>
   </trkpt>
   <trkpt lat="47.2555640" lon="4.7361190">
    <ele>379.4</ele>
   </trkpt>
   <trkpt lat="47.2555820" lon="4.7361910">
    <ele>380.0</ele>
   </trkpt>
   <trkpt lat="47.2556180" lon="4.7363350">
    <ele>381.0</ele>
   </trkpt>
   <trkpt lat="47.2556280" lon="4.7363690">
    <ele>381.2</ele>
   </trkpt>
   <trkpt lat="47.2556800" lon="4.7364910">
    <ele>381.6</ele>
   </trkpt>
   <trkpt lat="47.2557360" lon="4.7364860">
    <ele>382.4</ele>
   </trkpt>
   <trkpt lat="47.2557680" lon="4.7364730">
    <ele>382.6</ele>
   </trkpt>
   <trkpt lat="47.2558180" lon="4.7364230">
    <ele>383.0</ele>
   </trkpt>
   <trkpt lat="47.2558310" lon="4.7363370">
    <ele>383.6</ele>
   </trkpt>
   <trkpt lat="47.2558590" lon="4.7361760">
    <ele>384.6</ele>
   </trkpt>
   <trkpt lat="47.2558560" lon="4.7359740">
    <ele>385.4</ele>
   </trkpt>
   <trkpt lat="47.2558610" lon="4.7358940">
    <ele>385.8</ele>
   </trkpt>
   <trkpt lat="47.2558660" lon="4.7358150">
    <ele>386.2</ele>
   </trkpt>
   <trkpt lat="47.2558690" lon="4.7357720">
    <ele>386.4</ele>
   </trkpt>
   <trkpt lat="47.2558840" lon="4.7356960">
    <ele>387.0</ele>
   </trkpt>
   <trkpt lat="47.2559030" lon="4.7356290">
    <ele>387.8</ele>
   </trkpt>
   <trkpt lat="47.2559080" lon="4.7355890">
    <ele>388.2</ele>
   </trkpt>
   <trkpt lat="47.2559560" lon="4.7354480">
    <ele>388.8</ele>
   </trkpt>
   <trkpt lat="47.2560070" lon="4.7353090">
    <ele>389.2</ele>
   </trkpt>
   <trkpt lat="47.2560300" lon="4.7351990">
    <ele>389.8</ele>
   </trkpt>
   <trkpt lat="47.2560610" lon="4.7350470">
    <ele>390.4</ele>
   </trkpt>
   <trkpt lat="47.2560820" lon="4.7349870">
    <ele>391.0</ele>
   </trkpt>
   <trkpt lat="47.2561080" lon="4.7348200">
    <ele>391.6</ele>
   </trkpt>
   <trkpt lat="47.2561150" lon="4.7347430">
    <ele>392.0</ele>
   </trkpt>
   <trkpt lat="47.2561100" lon="4.7346470">
    <ele>392.8</ele>
   </trkpt>
   <trkpt lat="47.2561020" lon="4.7344610">
    <ele>393.4</ele>
   </trkpt>
   <trkpt lat="47.2561320" lon="4.7342610">
    <ele>394.2</ele>
   </trkpt>
   <trkpt lat="47.2561380" lon="4.7342150">
    <ele>394.4</ele>
   </trkpt>
   <trkpt lat="47.2561730" lon="4.7339660">
    <ele>395.0</ele>
   </trkpt>
   <trkpt lat="47.2561770" lon="4.7339220">
    <ele>395.2</ele>
   </trkpt>
   <trkpt lat="47.2562500" lon="4.7337440">
    <ele>396.2</ele>
   </trkpt>
   <trkpt lat="47.2562620" lon="4.7337060">
    <ele>396.4</ele>
   </trkpt>
   <trkpt lat="47.2563240" lon="4.7335880">
    <ele>397.0</ele>
   </trkpt>
   <trkpt lat="47.2563660" lon="4.7334930">
    <ele>397.6</ele>
   </trkpt>
   <trkpt lat="47.2563950" lon="4.7334250">
    <ele>397.8</ele>
   </trkpt>
   <trkpt lat="47.2564210" lon="4.7333590">
    <ele>398.2</ele>
   </trkpt>
   <trkpt lat="47.2564370" lon="4.7333280">
    <ele>398.6</ele>
   </trkpt>
   <trkpt lat="47.2565080" lon="4.7331640">
    <ele>399.6</ele>
   </trkpt>
   <trkpt lat="47.2565220" lon="4.7331340">
    <ele>399.8</ele>
   </trkpt>
   <trkpt lat="47.2565580" lon="4.7330290">
    <ele>400.8</ele>
   </trkpt>
   <trkpt lat="47.2565880" lon="4.7329740">
    <ele>401.4</ele>
   </trkpt>
   <trkpt lat="47.2566330" lon="4.7328860">
    <ele>402.0</ele>
   </trkpt>
   <trkpt lat="47.2566710" lon="4.7328210">
    <ele>402.8</ele>
   </trkpt>
   <trkpt lat="47.2566900" lon="4.7327920">
    <ele>403.0</ele>
   </trkpt>
   <trkpt lat="47.2567600" lon="4.7326830">
    <ele>404.0</ele>
   </trkpt>
   <trkpt lat="47.2567730" lon="4.7326510">
    <ele>404.2</ele>
   </trkpt>
   <trkpt lat="47.2568370" lon="4.7324740">
    <ele>405.2</ele>
   </trkpt>
   <trkpt lat="47.2568500" lon="4.7324400">
    <ele>405.4</ele>
   </trkpt>
   <trkpt lat="47.2569140" lon="4.7323160">
    <ele>406.2</ele>
   </trkpt>
   <trkpt lat="47.2569760" lon="4.7321470">
    <ele>407.0</ele>
   </trkpt>
   <trkpt lat="47.2570150" lon="4.7319790">
    <ele>407.2</ele>
   </trkpt>
   <trkpt lat="47.2570200" lon="4.7319280">
    <ele>407.4</ele>
   </trkpt>
   <trkpt lat="47.2570230" lon="4.7318750">
    <ele>407.4</ele>
   </trkpt>
   <trkpt lat="47.2570550" lon="4.7316390">
    <ele>407.6</ele>
   </trkpt>
   <trkpt lat="47.2570600" lon="4.7315930">
    <ele>407.6</ele>
   </trkpt>
   <trkpt lat="47.2570840" lon="4.7313910">
    <ele>408.6</ele>
   </trkpt>
   <trkpt lat="47.2571350" lon="4.7311280">
    <ele>409.2</ele>
   </trkpt>
   <trkpt lat="47.2571390" lon="4.7310850">
    <ele>409.4</ele>
   </trkpt>
   <trkpt lat="47.2571470" lon="4.7310010">
    <ele>409.8</ele>
   </trkpt>
   <trkpt lat="47.2571770" lon="4.7308400">
    <ele>410.0</ele>
   </trkpt>
   <trkpt lat="47.2572050" lon="4.7307330">
    <ele>410.8</ele>
   </trkpt>
   <trkpt lat="47.2572390" lon="4.7306930">
    <ele>411.2</ele>
   </trkpt>
   <trkpt lat="47.2572580" lon="4.7306740">
    <ele>411.6</ele>
   </trkpt>
   <trkpt lat="47.2572760" lon="4.7306520">
    <ele>412.2</ele>
   </trkpt>
   <trkpt lat="47.2573470" lon="4.7305630">
    <ele>413.2</ele>
   </trkpt>
   <trkpt lat="47.2573630" lon="4.7305420">
    <ele>413.4</ele>
   </trkpt>
   <trkpt lat="47.2573780" lon="4.7304790">
    <ele>414.4</ele>
   </trkpt>
   <trkpt lat="47.2574030" lon="4.7303430">
    <ele>415.6</ele>
   </trkpt>
   <trkpt lat="47.2574130" lon="4.7302460">
    <ele>416.8</ele>
   </trkpt>
   <trkpt lat="47.2574340" lon="4.7301550">
    <ele>418.0</ele>
   </trkpt>
   <trkpt lat="47.2574400" lon="4.7301240">
    <ele>418.4</ele>
   </trkpt>
   <trkpt lat="47.2574570" lon="4.7300310">
    <ele>419.6</ele>
   </trkpt>
   <trkpt lat="47.2574650" lon="4.7298810">
    <ele>421.0</ele>
   </trkpt>
   <trkpt lat="47.2574670" lon="4.7296910">
    <ele>422.0</ele>
   </trkpt>
   <trkpt lat="47.2574700" lon="4.7296570">
    <ele>422.2</ele>
   </trkpt>
   <trkpt lat="47.2574710" lon="4.7295490">
    <ele>423.2</ele>
   </trkpt>
   <trkpt lat="47.2574760" lon="4.7294500">
    <ele>424.0</ele>
   </trkpt>
   <trkpt lat="47.2574800" lon="4.7294200">
    <ele>424.2</ele>
   </trkpt>
   <trkpt lat="47.2574800" lon="4.7292920">
    <ele>425.6</ele>
   </trkpt>
   <trkpt lat="47.2574800" lon="4.7292210">
    <ele>426.4</ele>
   </trkpt>
   <trkpt lat="47.2574790" lon="4.7291520">
    <ele>426.6</ele>
   </trkpt>
   <trkpt lat="47.2574920" lon="4.7290200">
    <ele>427.6</ele>
   </trkpt>
   <trkpt lat="47.2574970" lon="4.7289880">
    <ele>427.8</ele>
   </trkpt>
   <trkpt lat="47.2575150" lon="4.7288890">
    <ele>428.4</ele>
   </trkpt>
   <trkpt lat="47.2575220" lon="4.7288560">
    <ele>428.4</ele>
   </trkpt>
   <trkpt lat="47.2575580" lon="4.7287280">
    <ele>428.8</ele>
   </trkpt>
   <trkpt lat="47.2575770" lon="4.7286510">
    <ele>428.6</ele>
   </trkpt>
   <trkpt lat="47.2576670" lon="4.7284500">
    <ele>428.0</ele>
   </trkpt>
   <trkpt lat="47.2577470" lon="4.7283110">
    <ele>428.4</ele>
   </trkpt>
   <trkpt lat="47.2578300" lon="4.7282260">
    <ele>429.4</ele>
   </trkpt>
   <trkpt lat="47.2578550" lon="4.7282170">
    <ele>429.6</ele>
   </trkpt>
   <trkpt lat="47.2578830" lon="4.7282110">
    <ele>430.0</ele>
   </trkpt>
   <trkpt lat="47.2578730" lon="4.7281730">
    <ele>430.4</ele>
   </trkpt>
   <trkpt lat="47.2578770" lon="4.7281740">
    <ele>431.2</ele>
   </trkpt>
   <trkpt lat="47.2578860" lon="4.7281720">
    <ele>432.8</ele>
   </trkpt>
   <trkpt lat="47.2579120" lon="4.7281760">
    <ele>434.0</ele>
   </trkpt>
   <trkpt lat="47.2579290" lon="4.7281760">
    <ele>434.4</ele>
   </trkpt>
   <trkpt lat="47.2579430" lon="4.7281580">
    <ele>435.2</ele>
   </trkpt>
   <trkpt lat="47.2579360" lon="4.7281450">
    <ele>436.2</ele>
   </trkpt>
   <trkpt lat="47.2579280" lon="4.7281350">
    <ele>436.8</ele>
   </trkpt>
   <trkpt lat="47.2579320" lon="4.7281430">
    <ele>437.4</ele>
   </trkpt>
   <trkpt lat="47.2579500" lon="4.7281430">
    <ele>438.6</ele>
   </trkpt>
   <trkpt lat="47.2579580" lon="4.7281360">
    <ele>439.2</ele>
   </trkpt>
   <trkpt lat="47.2579740" lon="4.7281260">
    <ele>439.6</ele>
   </trkpt>
   <trkpt lat="47.2579850" lon="4.7281040">
    <ele>441.0</ele>
   </trkpt>
   <trkpt lat="47.2579870" lon="4.7281050">
    <ele>442.0</ele>
   </trkpt>
   <trkpt lat="47.2579910" lon="4.7281070">
    <ele>442.2</ele>
   </trkpt>
   <trkpt lat="47.2579980" lon="4.7281180">
    <ele>443.4</ele>
   </trkpt>
   <trkpt lat="47.2580240" lon="4.7281890">
    <ele>444.6</ele>
   </trkpt>
   <trkpt lat="47.2580740" lon="4.7283180">
    <ele>444.2</ele>
   </trkpt>
   <trkpt lat="47.2580940" lon="4.7284240">
    <ele>443.8</ele>
   </trkpt>
   <trkpt lat="47.2580900" lon="4.7285480">
    <ele>443.4</ele>
   </trkpt>
   <trkpt lat="47.2580980" lon="4.7286110">
    <ele>443.4</ele>
   </trkpt>
   <trkpt lat="47.2581170" lon="4.7287040">
    <ele>444.8</ele>
   </trkpt>
   <trkpt lat="47.2581250" lon="4.7287250">
    <ele>445.0</ele>
   </trkpt>
   <trkpt lat="47.2581540" lon="4.7288180">
    <ele>445.8</ele>
   </trkpt>
   <trkpt lat="47.2581610" lon="4.7288530">
    <ele>446.0</ele>
   </trkpt>
   <trkpt lat="47.2581950" lon="4.7289020">
    <ele>447.0</ele>
   </trkpt>
   <trkpt lat="47.2582160" lon="4.7289570">
    <ele>448.4</ele>
   </trkpt>
   <trkpt lat="47.2582180" lon="4.7289720">
    <ele>449.0</ele>
   </trkpt>
   <trkpt lat="47.2582220" lon="4.7289900">
    <ele>449.4</ele>
   </trkpt>
   <trkpt lat="47.2582170" lon="4.7290600">
    <ele>449.4</ele>
   </trkpt>
   <trkpt lat="47.2581600" lon="4.7292150">
    <ele>448.4</ele>
   </trkpt>
   <trkpt lat="47.2581280" lon="4.7292720">
    <ele>447.2</ele>
   </trkpt>
   <trkpt lat="47.2580950" lon="4.7292960">
    <ele>446.0</ele>
   </trkpt>
   <trkpt lat="47.2580750" lon="4.7293060">
    <ele>445.2</ele>
   </trkpt>
   <trkpt lat="47.2580520" lon="4.7293270">
    <ele>444.8</ele>
   </trkpt>
   <trkpt lat="47.2580360" lon="4.7293490">
    <ele>443.4</ele>
   </trkpt>
   <trkpt lat="47.2580190" lon="4.7293950">
    <ele>441.6</ele>
   </trkpt>
   <trkpt lat="47.2580120" lon="4.7294240">
    <ele>440.2</ele>
   </trkpt>
   <trkpt lat="47.2579850" lon="4.7294780">
    <ele>438.8</ele>
   </trkpt>
   <trkpt lat="47.2579650" lon="4.7295140">
    <ele>437.4</ele>
   </trkpt>
   <trkpt lat="47.2579380" lon="4.7295880">
    <ele>435.6</ele>
   </trkpt>
   <trkpt lat="47.2579250" lon="4.7296520">
    <ele>434.8</ele>
   </trkpt>
   <trkpt lat="47.2579330" lon="4.7296880">
    <ele>434.6</ele>
   </trkpt>
   <trkpt lat="47.2579200" lon="4.7298160">
    <ele>434.4</ele>
   </trkpt>
   <trkpt lat="47.2579010" lon="4.7299150">
    <ele>434.4</ele>
   </trkpt>
   <trkpt lat="47.2579010" lon="4.7299460">
    <ele>434.6</ele>
   </trkpt>
   <trkpt lat="47.2578800" lon="4.7300250">
    <ele>435.2</ele>
   </trkpt>
   <trkpt lat="47.2578550" lon="4.7301130">
    <ele>435.2</ele>
   </trkpt>
   <trkpt lat="47.2578170" lon="4.7303360">
    <ele>434.8</ele>
   </trkpt>
   <trkpt lat="47.2578030" lon="4.7304990">
    <ele>434.4</ele>
   </trkpt>
   <trkpt lat="47.2578240" lon="4.7305440">
    <ele>434.4</ele>
   </trkpt>
   <trkpt lat="47.2578520" lon="4.7305930">
    <ele>434.6</ele>
   </trkpt>
   <trkpt lat="47.2578650" lon="4.7306580">
    <ele>435.8</ele>
   </trkpt>
   <trkpt lat="47.2578880" lon="4.7306960">
    <ele>436.8</ele>
   </trkpt>
   <trkpt lat="47.2579170" lon="4.7307200">
    <ele>437.2</ele>
   </trkpt>
   <trkpt lat="47.2579210" lon="4.7308000">
    <ele>437.4</ele>
   </trkpt>
   <trkpt lat="47.2579180" lon="4.7308530">
    <ele>437.8</ele>
   </trkpt>
   <trkpt lat="47.2579250" lon="4.7308760">
    <ele>438.0</ele>
   </trkpt>
   <trkpt lat="47.2579480" lon="4.7309000">
    <ele>438.8</ele>
   </trkpt>
   <trkpt lat="47.2579580" lon="4.7309170">
    <ele>439.2</ele>
   </trkpt>
   <trkpt lat="47.2579830" lon="4.7309440">
    <ele>440.0</ele>
   </trkpt>
   <trkpt lat="47.2580000" lon="4.7309620">
    <ele>440.4</ele>
   </trkpt>
   <trkpt lat="47.2580130" lon="4.7309770">
    <ele>441.0</ele>
   </trkpt>
   <trkpt lat="47.2580530" lon="4.7310160">
    <ele>442.0</ele>
   </trkpt>
   <trkpt lat="47.2580950" lon="4.7310310">
    <ele>443.6</ele>
   </trkpt>
   <trkpt lat="47.2581110" lon="4.7310330">
    <ele>444.0</ele>
   </trkpt>
   <trkpt lat="47.2581290" lon="4.7310400">
    <ele>445.0</ele>
   </trkpt>
   <trkpt lat="47.2581380" lon="4.7310460">
    <ele>445.4</ele>
   </trkpt>
   <trkpt lat="47.2581650" lon="4.7310830">
    <ele>446.2</ele>
   </trkpt>
   <trkpt lat="47.2581840" lon="4.7311240">
    <ele>447.2</ele>
   </trkpt>
   <trkpt lat="47.2581920" lon="4.7311490">
    <ele>447.4</ele>
   </trkpt>
   <trkpt lat="47.2582230" lon="4.7312480">
    <ele>447.2</ele>
   </trkpt>
   <trkpt lat="47.2582250" lon="4.7314380">
    <ele>446.2</ele>
   </trkpt>
   <trkpt lat="47.2582180" lon="4.7314790">
    <ele>446.0</ele>
   </trkpt>
   <trkpt lat="47.2582260" lon="4.7316230">
    <ele>445.4</ele>
   </trkpt>
   <trkpt lat="47.2582830" lon="4.7316820">
    <ele>446.6</ele>
   </trkpt>
   <trkpt lat="47.2582890" lon="4.7316930">
    <ele>446.8</ele>
   </trkpt>
   <trkpt lat="47.2582960" lon="4.7317000">
    <ele>447.0</ele>
   </trkpt>
   <trkpt lat="47.2583030" lon="4.7317100">
    <ele>448.0</ele>
   </trkpt>
   <trkpt lat="47.2583200" lon="4.7317130">
    <ele>448.8</ele>
   </trkpt>
   <trkpt lat="47.2583430" lon="4.7317240">
    <ele>450.0</ele>
   </trkpt>
   <trkpt lat="47.2583460" lon="4.7317310">
    <ele>450.2</ele>
   </trkpt>
   <trkpt lat="47.2583510" lon="4.7317330">
    <ele>450.8</ele>
   </trkpt>
   <trkpt lat="47.2583560" lon="4.7317470">
    <ele>451.2</ele>
   </trkpt>
   <trkpt lat="47.2583970" lon="4.7317810">
    <ele>452.2</ele>
   </trkpt>
   <trkpt lat="47.2584090" lon="4.7317910">
    <ele>452.4</ele>
   </trkpt>
   <trkpt lat="47.2584400" lon="4.7318070">
    <ele>453.6</ele>
   </trkpt>
   <trkpt lat="47.2584530" lon="4.7318130">
    <ele>454.8</ele>
   </trkpt>
   <trkpt lat="47.2584600" lon="4.7318180">
    <ele>455.2</ele>
   </trkpt>
   <trkpt lat="47.2584750" lon="4.7318250">
    <ele>455.6</ele>
   </trkpt>
   <trkpt lat="47.2585000" lon="4.7318380">
    <ele>456.0</ele>
   </trkpt>
   <trkpt lat="47.2585170" lon="4.7318810">
    <ele>457.2</ele>
   </trkpt>
   <trkpt lat="47.2585210" lon="4.7319180">
    <ele>457.8</ele>
   </trkpt>
   <trkpt lat="47.2585290" lon="4.7319840">
    <ele>458.2</ele>
   </trkpt>
   <trkpt lat="47.2585340" lon="4.7320120">
    <ele>458.2</ele>
   </trkpt>
   <trkpt lat="47.2585320" lon="4.7320390">
    <ele>458.2</ele>
   </trkpt>
   <trkpt lat="47.2585260" lon="4.7321440">
    <ele>457.2</ele>
   </trkpt>
   <trkpt lat="47.2585270" lon="4.7322250">
    <ele>456.8</ele>
   </trkpt>
   <trkpt lat="47.2585220" lon="4.7323690">
    <ele>455.4</ele>
   </trkpt>
   <trkpt lat="47.2585110" lon="4.7324450">
    <ele>454.4</ele>
   </trkpt>
   <trkpt lat="47.2585030" lon="4.7324750">
    <ele>453.6</ele>
   </trkpt>
   <trkpt lat="47.2584910" lon="4.7325020">
    <ele>453.0</ele>
   </trkpt>
   <trkpt lat="47.2584790" lon="4.7325190">
    <ele>452.6</ele>
   </trkpt>
   <trkpt lat="47.2584430" lon="4.7325890">
    <ele>451.8</ele>
   </trkpt>
   <trkpt lat="47.2584400" lon="4.7327480">
    <ele>450.4</ele>
   </trkpt>
   <trkpt lat="47.2583910" lon="4.7329440">
    <ele>448.8</ele>
   </trkpt>
   <trkpt lat="47.2583580" lon="4.7329900">
    <ele>448.2</ele>
   </trkpt>
   <trkpt lat="47.2583040" lon="4.7330190">
    <ele>447.4</ele>
   </trkpt>
   <trkpt lat="47.2582800" lon="4.7330160">
    <ele>447.0</ele>
   </trkpt>
   <trkpt lat="47.2582390" lon="4.7330240">
    <ele>446.6</ele>
   </trkpt>
   <trkpt lat="47.2582300" lon="4.7330430">
    <ele>446.2</ele>
   </trkpt>
   <trkpt lat="47.2582290" lon="4.7330630">
    <ele>446.2</ele>
   </trkpt>
   <trkpt lat="47.2582370" lon="4.7331670">
    <ele>445.4</ele>
   </trkpt>
   <trkpt lat="47.2582410" lon="4.7331990">
    <ele>445.2</ele>
   </trkpt>
   <trkpt lat="47.2582400" lon="4.7332500">
    <ele>445.0</ele>
   </trkpt>
   <trkpt lat="47.2582310" lon="4.7332950">
    <ele>444.8</ele>
   </trkpt>
   <trkpt lat="47.2582150" lon="4.7333800">
    <ele>444.6</ele>
   </trkpt>
   <trkpt lat="47.2581980" lon="4.7334340">
    <ele>445.0</ele>
   </trkpt>
   <trkpt lat="47.2581940" lon="4.7334770">
    <ele>445.2</ele>
   </trkpt>
   <trkpt lat="47.2581930" lon="4.7335170">
    <ele>445.6</ele>
   </trkpt>
   <trkpt lat="47.2581990" lon="4.7335380">
    <ele>446.6</ele>
   </trkpt>
   <trkpt lat="47.2582010" lon="4.7335610">
    <ele>447.2</ele>
   </trkpt>
   <trkpt lat="47.2582200" lon="4.7336160">
    <ele>447.8</ele>
   </trkpt>
   <trkpt lat="47.2582310" lon="4.7336570">
    <ele>448.0</ele>
   </trkpt>
   <trkpt lat="47.2582300" lon="4.7336900">
    <ele>448.2</ele>
   </trkpt>
   <trkpt lat="47.2582240" lon="4.7339580">
    <ele>448.4</ele>
   </trkpt>
   <trkpt lat="47.2582160" lon="4.7340130">
    <ele>448.4</ele>
   </trkpt>
   <trkpt lat="47.2581840" lon="4.7342500">
    <ele>448.0</ele>
   </trkpt>
   <trkpt lat="47.2581790" lon="4.7343970">
    <ele>448.8</ele>
   </trkpt>
   <trkpt lat="47.2581810" lon="4.7344300">
    <ele>448.8</ele>
   </trkpt>
   <trkpt lat="47.2581830" lon="4.7345080">
    <ele>448.8</ele>
   </trkpt>
   <trkpt lat="47.2581980" lon="4.7346110">
    <ele>448.8</ele>
   </trkpt>
   <trkpt lat="47.2581890" lon="4.7348440">
    <ele>448.6</ele>
   </trkpt>
   <trkpt lat="47.2581910" lon="4.7349840">
    <ele>448.8</ele>
   </trkpt>
   <trkpt lat="47.2582130" lon="4.7351980">
    <ele>449.6</ele>
   </trkpt>
   <trkpt lat="47.2582190" lon="4.7352170">
    <ele>449.8</ele>
   </trkpt>
   <trkpt lat="47.2582460" lon="4.7353220">
    <ele>450.4</ele>
   </trkpt>
   <trkpt lat="47.2582470" lon="4.7353610">
    <ele>450.6</ele>
   </trkpt>
   <trkpt lat="47.2582360" lon="4.7354900">
    <ele>450.4</ele>
   </trkpt>
   <trkpt lat="47.2582260" lon="4.7355730">
    <ele>449.6</ele>
   </trkpt>
   <trkpt lat="47.2582120" lon="4.7356670">
    <ele>448.6</ele>
   </trkpt>
   <trkpt lat="47.2582090" lon="4.7357450">
    <ele>448.4</ele>
   </trkpt>
   <trkpt lat="47.2582400" lon="4.7358870">
    <ele>448.2</ele>
   </trkpt>
   <trkpt lat="47.2582470" lon="4.7359380">
    <ele>448.2</ele>
   </trkpt>
   <trkpt lat="47.2582550" lon="4.7360890">
    <ele>448.4</ele>
   </trkpt>
   <trkpt lat="47.2582480" lon="4.7362000">
    <ele>449.6</ele>
   </trkpt>
   <trkpt lat="47.2582580" lon="4.7363460">
    <ele>449.8</ele>
   </trkpt>
   <trkpt lat="47.2582550" lon="4.7363800">
    <ele>449.8</ele>
   </trkpt>
   <trkpt lat="47.2582470" lon="4.7364740">
    <ele>450.0</ele>
   </trkpt>
   <trkpt lat="47.2582590" lon="4.7365960">
    <ele>449.6</ele>
   </trkpt>
   <trkpt lat="47.2582660" lon="4.7367150">
    <ele>449.4</ele>
   </trkpt>
   <trkpt lat="47.2582720" lon="4.7368360">
    <ele>448.2</ele>
   </trkpt>
   <trkpt lat="47.2582760" lon="4.7369350">
    <ele>447.6</ele>
   </trkpt>
   <trkpt lat="47.2582670" lon="4.7370060">
    <ele>447.0</ele>
   </trkpt>
   <trkpt lat="47.2583070" lon="4.7371210">
    <ele>446.0</ele>
   </trkpt>
   <trkpt lat="47.2583060" lon="4.7372280">
    <ele>446.0</ele>
   </trkpt>
   <trkpt lat="47.2583240" lon="4.7373260">
    <ele>446.0</ele>
   </trkpt>
   <trkpt lat="47.2583310" lon="4.7374010">
    <ele>446.2</ele>
   </trkpt>
   <trkpt lat="47.2583470" lon="4.7375070">
    <ele>446.4</ele>
   </trkpt>
   <trkpt lat="47.2583630" lon="4.7377790">
    <ele>446.0</ele>
   </trkpt>
   <trkpt lat="47.2583690" lon="4.7378080">
    <ele>446.0</ele>
   </trkpt>
   <trkpt lat="47.2583900" lon="4.7378550">
    <ele>446.6</ele>
   </trkpt>
   <trkpt lat="47.2584060" lon="4.7378690">
    <ele>447.0</ele>
   </trkpt>
   <trkpt lat="47.2584190" lon="4.7378710">
    <ele>447.2</ele>
   </trkpt>
   <trkpt lat="47.2584300" lon="4.7378720">
    <ele>448.2</ele>
   </trkpt>
   <trkpt lat="47.2584430" lon="4.7378820">
    <ele>448.8</ele>
   </trkpt>
   <trkpt lat="47.2584610" lon="4.7378970">
    <ele>449.2</ele>
   </trkpt>
   <trkpt lat="47.2584790" lon="4.7379220">
    <ele>450.4</ele>
   </trkpt>
   <trkpt lat="47.2584940" lon="4.7379320">
    <ele>450.8</ele>
   </trkpt>
   <trkpt lat="47.2585570" lon="4.7380140">
    <ele>451.6</ele>
   </trkpt>
   <trkpt lat="47.2585910" lon="4.7380420">
    <ele>452.8</ele>
   </trkpt>
   <trkpt lat="47.2586200" lon="4.7380670">
    <ele>453.8</ele>
   </trkpt>
   <trkpt lat="47.2586350" lon="4.7380850">
    <ele>455.0</ele>
   </trkpt>
   <trkpt lat="47.2586330" lon="4.7381240">
    <ele>455.2</ele>
   </trkpt>
   <trkpt lat="47.2586700" lon="4.7382200">
    <ele>456.4</ele>
   </trkpt>
   <trkpt lat="47.2586890" lon="4.7382620">
    <ele>457.4</ele>
   </trkpt>
   <trkpt lat="47.2586940" lon="4.7382810">
    <ele>457.6</ele>
   </trkpt>
   <trkpt lat="47.2587420" lon="4.7383510">
    <ele>459.2</ele>
   </trkpt>
   <trkpt lat="47.2587530" lon="4.7383650">
    <ele>459.8</ele>
   </trkpt>
   <trkpt lat="47.2587660" lon="4.7383750">
    <ele>460.6</ele>
   </trkpt>
   <trkpt lat="47.2587850" lon="4.7383890">
    <ele>461.2</ele>
   </trkpt>
   <trkpt lat="47.2588070" lon="4.7384130">
    <ele>461.8</ele>
   </trkpt>
   <trkpt lat="47.2588110" lon="4.7384270">
    <ele>462.0</ele>
   </trkpt>
   <trkpt lat="47.2588120" lon="4.7384500">
    <ele>462.2</ele>
   </trkpt>
   <trkpt lat="47.2588300" lon="4.7384830">
    <ele>463.0</ele>
   </trkpt>
   <trkpt lat="47.2588490" lon="4.7385180">
    <ele>463.8</ele>
   </trkpt>
   <trkpt lat="47.2588680" lon="4.7385510">
    <ele>464.2</ele>
   </trkpt>
   <trkpt lat="47.2588760" lon="4.7385680">
    <ele>465.0</ele>
   </trkpt>
   <trkpt lat="47.2588830" lon="4.7385760">
    <ele>465.4</ele>
   </trkpt>
   <trkpt lat="47.2588890" lon="4.7385850">
    <ele>466.0</ele>
   </trkpt>
   <trkpt lat="47.2589000" lon="4.7385960">
    <ele>466.4</ele>
   </trkpt>
   <trkpt lat="47.2589060" lon="4.7386030">
    <ele>466.8</ele>
   </trkpt>
   <trkpt lat="47.2589190" lon="4.7386310">
    <ele>467.8</ele>
   </trkpt>
   <trkpt lat="47.2589220" lon="4.7386400">
    <ele>468.0</ele>
   </trkpt>
   <trkpt lat="47.2589270" lon="4.7386490">
    <ele>468.2</ele>
   </trkpt>
   <trkpt lat="47.2589310" lon="4.7386580">
    <ele>468.4</ele>
   </trkpt>
   <trkpt lat="47.2589370" lon="4.7386650">
    <ele>469.2</ele>
   </trkpt>
   <trkpt lat="47.2589860" lon="4.7386990">
    <ele>470.6</ele>
   </trkpt>
   <trkpt lat="47.2590210" lon="4.7387240">
    <ele>471.6</ele>
   </trkpt>
   <trkpt lat="47.2590500" lon="4.7387680">
    <ele>472.8</ele>
   </trkpt>
   <trkpt lat="47.2590890" lon="4.7388010">
    <ele>474.0</ele>
   </trkpt>
   <trkpt lat="47.2591060" lon="4.7388270">
    <ele>474.4</ele>
   </trkpt>
   <trkpt lat="47.2591610" lon="4.7388700">
    <ele>475.2</ele>
   </trkpt>
   <trkpt lat="47.2591760" lon="4.7388780">
    <ele>475.4</ele>
   </trkpt>
   <trkpt lat="47.2592290" lon="4.7388860">
    <ele>476.0</ele>
   </trkpt>
   <trkpt lat="47.2592460" lon="4.7388900">
    <ele>476.4</ele>
   </trkpt>
   <trkpt lat="47.2592580" lon="4.7388800">
    <ele>477.0</ele>
   </trkpt>
   <trkpt lat="47.2592740" lon="4.7388730">
    <ele>477.8</ele>
   </trkpt>
   <trkpt lat="47.2593240" lon="4.7388400">
    <ele>479.0</ele>
   </trkpt>
   <trkpt lat="47.2593410" lon="4.7388200">
    <ele>479.2</ele>
   </trkpt>
   <trkpt lat="47.2593420" lon="4.7387860">
    <ele>479.6</ele>
   </trkpt>
   <trkpt lat="47.2593540" lon="4.7387690">
    <ele>480.2</ele>
   </trkpt>
   <trkpt lat="47.2593770" lon="4.7387360">
    <ele>481.6</ele>
   </trkpt>
   <trkpt lat="47.2593850" lon="4.7387230">
    <ele>482.0</ele>
   </trkpt>
   <trkpt lat="47.2593790" lon="4.7386710">
    <ele>482.4</ele>
   </trkpt>
   <trkpt lat="47.2593690" lon="4.7386470">
    <ele>482.4</ele>
   </trkpt>
   <trkpt lat="47.2593470" lon="4.7385910">
    <ele>482.6</ele>
   </trkpt>
   <trkpt lat="47.2593150" lon="4.7384730">
    <ele>482.6</ele>
   </trkpt>
   <trkpt lat="47.2593050" lon="4.7384520">
    <ele>482.8</ele>
   </trkpt>
   <trkpt lat="47.2592990" lon="4.7384210">
    <ele>483.6</ele>
   </trkpt>
   <trkpt lat="47.2592960" lon="4.7383900">
    <ele>484.0</ele>
   </trkpt>
   <trkpt lat="47.2592870" lon="4.7383330">
    <ele>485.0</ele>
   </trkpt>
   <trkpt lat="47.2592850" lon="4.7383000">
    <ele>485.4</ele>
   </trkpt>
   <trkpt lat="47.2592490" lon="4.7381930">
    <ele>485.8</ele>
   </trkpt>
   <trkpt lat="47.2592280" lon="4.7381080">
    <ele>486.0</ele>
   </trkpt>
   <trkpt lat="47.2592330" lon="4.7380890">
    <ele>486.0</ele>
   </trkpt>
   <trkpt lat="47.2592420" lon="4.7380800">
    <ele>486.2</ele>
   </trkpt>
   <trkpt lat="47.2592560" lon="4.7380460">
    <ele>487.0</ele>
   </trkpt>
   <trkpt lat="47.2592590" lon="4.7380060">
    <ele>487.8</ele>
   </trkpt>
   <trkpt lat="47.2592580" lon="4.7379710">
    <ele>488.6</ele>
   </trkpt>
   <trkpt lat="47.2592590" lon="4.7379330">
    <ele>490.0</ele>
   </trkpt>
   <trkpt lat="47.2592540" lon="4.7379160">
    <ele>490.6</ele>
   </trkpt>
   <trkpt lat="47.2592440" lon="4.7378740">
    <ele>491.0</ele>
   </trkpt>
   <trkpt lat="47.2592460" lon="4.7378200">
    <ele>492.0</ele>
   </trkpt>
   <trkpt lat="47.2592460" lon="4.7378110">
    <ele>492.6</ele>
   </trkpt>
   <trkpt lat="47.2592480" lon="4.7378000">
    <ele>493.4</ele>
   </trkpt>
   <trkpt lat="47.2592530" lon="4.7378070">
    <ele>493.6</ele>
   </trkpt>
   <trkpt lat="47.2592580" lon="4.7378070">
    <ele>493.6</ele>
   </trkpt>
   <trkpt lat="47.2592610" lon="4.7378070">
    <ele>493.8</ele>
   </trkpt>
   <trkpt lat="47.2592790" lon="4.7377790">
    <ele>494.2</ele>
   </trkpt>
   <trkpt lat="47.2592770" lon="4.7377770">
    <ele>494.4</ele>
   </trkpt>
   <trkpt lat="47.2592750" lon="4.7377630">
    <ele>494.6</ele>
   </trkpt>
   <trkpt lat="47.2592790" lon="4.7377610">
    <ele>494.8</ele>
   </trkpt>
   <trkpt lat="47.2592860" lon="4.7377560">
    <ele>494.8</ele>
   </trkpt>
   <trkpt lat="47.2592880" lon="4.7377410">
    <ele>495.2</ele>
   </trkpt>
   <trkpt lat="47.2592950" lon="4.7377210">
    <ele>496.2</ele>
   </trkpt>
   <trkpt lat="47.2592960" lon="4.7377140">
    <ele>496.6</ele>
   </trkpt>
   <trkpt lat="47.2593100" lon="4.7377070">
    <ele>497.4</ele>
   </trkpt>
   <trkpt lat="47.2593140" lon="4.7377030">
    <ele>497.6</ele>
   </trkpt>
   <trkpt lat="47.2593220" lon="4.7376990">
    <ele>498.2</ele>
   </trkpt>
   <trkpt lat="47.2593230" lon="4.7376980">
    <ele>498.4</ele>
   </trkpt>
   <trkpt lat="47.2593200" lon="4.7376940">
    <ele>499.0</ele>
   </trkpt>
   <trkpt lat="47.2593240" lon="4.7376840">
    <ele>499.6</ele>
   </trkpt>
   <trkpt lat="47.2593260" lon="4.7376750">
    <ele>500.6</ele>
   </trkpt>
   <trkpt lat="47.2593230" lon="4.7376600">
    <ele>500.8</ele>
   </trkpt>
   <trkpt lat="47.2593260" lon="4.7376550">
    <ele>501.0</ele>
   </trkpt>
   <trkpt lat="47.2593430" lon="4.7376470">
    <ele>501.6</ele>
   </trkpt>
   <trkpt lat="47.2593710" lon="4.7376390">
    <ele>502.6</ele>
   </trkpt>
   <trkpt lat="47.2593760" lon="4.7376310">
    <ele>503.2</ele>
   </trkpt>
   <trkpt lat="47.2593800" lon="4.7376130">
    <ele>504.2</ele>
   </trkpt>
   <trkpt lat="47.2593800" lon="4.7376140">
    <ele>504.4</ele>
   </trkpt>
   <trkpt lat="47.2593860" lon="4.7376050">
    <ele>504.6</ele>
   </trkpt>
   <trkpt lat="47.2593930" lon="4.7376050">
    <ele>505.8</ele>
   </trkpt>
   <trkpt lat="47.2594000" lon="4.7375990">
    <ele>507.2</ele>
   </trkpt>
   <trkpt lat="47.2594150" lon="4.7375980">
    <ele>507.8</ele>
   </trkpt>
   <trkpt lat="47.2594310" lon="4.7375810">
    <ele>508.4</ele>
   </trkpt>
   <trkpt lat="47.2594310" lon="4.7375820">
    <ele>508.6</ele>
   </trkpt>
   <trkpt lat="47.2594230" lon="4.7375560">
    <ele>509.6</ele>
   </trkpt>
   <trkpt lat="47.2594290" lon="4.7375550">
    <ele>509.8</ele>
   </trkpt>
   <trkpt lat="47.2594430" lon="4.7375260">
    <ele>510.8</ele>
   </trkpt>
   <trkpt lat="47.2594490" lon="4.7375290">
    <ele>511.2</ele>
   </trkpt>
   <trkpt lat="47.2594550" lon="4.7375190">
    <ele>511.8</ele>
   </trkpt>
   <trkpt lat="47.2594710" lon="4.7375060">
    <ele>512.6</ele>
   </trkpt>
   <trkpt lat="47.2594730" lon="4.7375030">
    <ele>512.8</ele>
   </trkpt>
   <trkpt lat="47.2594810" lon="4.7375020">
    <ele>514.4</ele>
   </trkpt>
   <trkpt lat="47.2594880" lon="4.7375030">
    <ele>514.8</ele>
   </trkpt>
   <trkpt lat="47.2594990" lon="4.7375010">
    <ele>515.4</ele>
   </trkpt>
   <trkpt lat="47.2595200" lon="4.7374820">
    <ele>516.4</ele>
   </trkpt>
   <trkpt lat="47.2595250" lon="4.7374730">
    <ele>516.6</ele>
   </trkpt>
   <trkpt lat="47.2595270" lon="4.7374600">
    <ele>517.8</ele>
   </trkpt>
   <trkpt lat="47.2595420" lon="4.7374520">
    <ele>518.8</ele>
   </trkpt>
   <trkpt lat="47.2595560" lon="4.7374330">
    <ele>520.0</ele>
   </trkpt>
   <trkpt lat="47.2595780" lon="4.7374130">
    <ele>521.4</ele>
   </trkpt>
   <trkpt lat="47.2595880" lon="4.7373910">
    <ele>522.0</ele>
   </trkpt>
   <trkpt lat="47.2595980" lon="4.7373810">
    <ele>522.4</ele>
   </trkpt>
   <trkpt lat="47.2596190" lon="4.7373620">
    <ele>523.6</ele>
   </trkpt>
   <trkpt lat="47.2596360" lon="4.7373300">
    <ele>524.6</ele>
   </trkpt>
   <trkpt lat="47.2596410" lon="4.7373200">
    <ele>524.8</ele>
   </trkpt>
   <trkpt lat="47.2596560" lon="4.7372980">
    <ele>525.8</ele>
   </trkpt>
   <trkpt lat="47.2596710" lon="4.7372720">
    <ele>527.0</ele>
   </trkpt>
   <trkpt lat="47.2596790" lon="4.7372660">
    <ele>527.2</ele>
   </trkpt>
   <trkpt lat="47.2597200" lon="4.7372430">
    <ele>527.6</ele>
   </trkpt>
   <trkpt lat="47.2597540" lon="4.7372240">
    <ele>528.0</ele>
   </trkpt>
   <trkpt lat="47.2597820" lon="4.7371940">
    <ele>529.0</ele>
   </trkpt>
   <trkpt lat="47.2597940" lon="4.7371850">
    <ele>529.6</ele>
   </trkpt>
   <trkpt lat="47.2598220" lon="4.7371410">
    <ele>531.2</ele>
   </trkpt>
   <trkpt lat="47.2598300" lon="4.7371240">
    <ele>531.6</ele>
   </trkpt>
   <trkpt lat="47.2598480" lon="4.7370950">
    <ele>532.2</ele>
   </trkpt>
   <trkpt lat="47.2598500" lon="4.7370720">
    <ele>532.4</ele>
   </trkpt>
   <trkpt lat="47.2598660" lon="4.7370460">
    <ele>532.6</ele>
   </trkpt>
   <trkpt lat="47.2598920" lon="4.7370210">
    <ele>533.2</ele>
   </trkpt>
   <trkpt lat="47.2599040" lon="4.7370030">
    <ele>533.6</ele>
   </trkpt>
   <trkpt lat="47.2599180" lon="4.7369700">
    <ele>534.6</ele>
   </trkpt>
   <trkpt lat="47.2599280" lon="4.7369520">
    <ele>534.8</ele>
   </trkpt>
   <trkpt lat="47.2599510" lon="4.7369130">
    <ele>536.2</ele>
   </trkpt>
   <trkpt lat="47.2599540" lon="4.7368860">
    <ele>536.6</ele>
   </trkpt>
   <trkpt lat="47.2599970" lon="4.7368050">
    <ele>537.0</ele>
   </trkpt>
   <trkpt lat="47.2600260" lon="4.7367680">
    <ele>537.2</ele>
   </trkpt>
   <trkpt lat="47.2600750" lon="4.7367470">
    <ele>537.4</ele>
   </trkpt>
   <trkpt lat="47.2601280" lon="4.7366640">
    <ele>538.2</ele>
   </trkpt>
   <trkpt lat="47.2601530" lon="4.7366400">
    <ele>539.0</ele>
   </trkpt>
   <trkpt lat="47.2601670" lon="4.7366120">
    <ele>539.4</ele>
   </trkpt>
   <trkpt lat="47.2602630" lon="4.7365560">
    <ele>539.8</ele>
   </trkpt>
   <trkpt lat="47.2602580" lon="4.7364130">
    <ele>539.8</ele>
   </trkpt>
   <trkpt lat="47.2601800" lon="4.7362270">
    <ele>540.4</ele>
   </trkpt>
   <trkpt lat="47.2601300" lon="4.7361100">
    <ele>540.6</ele>
   </trkpt>
   <trkpt lat="47.2600950" lon="4.7360060">
    <ele>541.4</ele>
   </trkpt>
   <trkpt lat="47.2600790" lon="4.7359770">
    <ele>541.8</ele>
   </trkpt>
   <trkpt lat="47.2600530" lon="4.7359280">
    <ele>542.8</ele>
   </trkpt>
   <trkpt lat="47.2600210" lon="4.7358810">
    <ele>544.0</ele>
   </trkpt>
   <trkpt lat="47.2599880" lon="4.7358190">
    <ele>544.6</ele>
   </trkpt>
   <trkpt lat="47.2599630" lon="4.7357620">
    <ele>545.0</ele>
   </trkpt>
   <trkpt lat="47.2599130" lon="4.7356350">
    <ele>545.4</ele>
   </trkpt>
   <trkpt lat="47.2598810" lon="4.7355830">
    <ele>546.2</ele>
   </trkpt>
   <trkpt lat="47.2598670" lon="4.7355510">
    <ele>546.4</ele>
   </trkpt>
   <trkpt lat="47.2598240" lon="4.7354500">
    <ele>546.8</ele>
   </trkpt>
   <trkpt lat="47.2598120" lon="4.7354110">
    <ele>546.8</ele>
   </trkpt>
   <trkpt lat="47.2597530" lon="4.7352660">
    <ele>546.8</ele>
   </trkpt>
   <trkpt lat="47.2597430" lon="4.7352370">
    <ele>546.8</ele>
   </trkpt>
   <trkpt lat="47.2597180" lon="4.7351330">
    <ele>547.4</ele>
   </trkpt>
   <trkpt lat="47.2597160" lon="4.7350510">
    <ele>548.4</ele>
   </trkpt>
   <trkpt lat="47.2597090" lon="4.7348750">
    <ele>549.4</ele>
   </trkpt>
   <trkpt lat="47.2596900" lon="4.7347320">
    <ele>549.8</ele>
   </trkpt>
   <trkpt lat="47.2596800" lon="4.7345360">
    <ele>550.4</ele>
   </trkpt>
   <trkpt lat="47.2597090" lon="4.7343140">
    <ele>550.2</ele>
   </trkpt>
   <trkpt lat="47.2597340" lon="4.7342360">
    <ele>549.8</ele>
   </trkpt>
   <trkpt lat="47.2597670" lon="4.7341530">
    <ele>549.4</ele>
   </trkpt>
   <trkpt lat="47.2598180" lon="4.7340410">
    <ele>548.4</ele>
   </trkpt>
   <trkpt lat="47.2598400" lon="4.7340000">
    <ele>548.2</ele>
   </trkpt>
   <trkpt lat="47.2598820" lon="4.7338830">
    <ele>547.6</ele>
   </trkpt>
   <trkpt lat="47.2598710" lon="4.7338180">
    <ele>547.0</ele>
   </trkpt>
   <trkpt lat="47.2598560" lon="4.7337770">
    <ele>546.8</ele>
   </trkpt>
   <trkpt lat="47.2598110" lon="4.7336980">
    <ele>545.8</ele>
   </trkpt>
   <trkpt lat="47.2597200" lon="4.7335450">
    <ele>545.2</ele>
   </trkpt>
   <trkpt lat="47.2595390" lon="4.7334210">
    <ele>545.0</ele>
   </trkpt>
   <trkpt lat="47.2594480" lon="4.7334070">
    <ele>544.8</ele>
   </trkpt>
   <trkpt lat="47.2594380" lon="4.7333820">
    <ele>544.8</ele>
   </trkpt>
   <trkpt lat="47.2594360" lon="4.7333490">
    <ele>544.6</ele>
   </trkpt>
   <trkpt lat="47.2594650" lon="4.7332430">
    <ele>544.0</ele>
   </trkpt>
   <trkpt lat="47.2594880" lon="4.7332290">
    <ele>543.6</ele>
   </trkpt>
   <trkpt lat="47.2595390" lon="4.7332040">
    <ele>543.0</ele>
   </trkpt>
   <trkpt lat="47.2595530" lon="4.7331390">
    <ele>542.2</ele>
   </trkpt>
   <trkpt lat="47.2595490" lon="4.7330650">
    <ele>541.2</ele>
   </trkpt>
   <trkpt lat="47.2595480" lon="4.7329640">
    <ele>539.6</ele>
   </trkpt>
   <trkpt lat="47.2595410" lon="4.7328690">
    <ele>538.4</ele>
   </trkpt>
   <trkpt lat="47.2595400" lon="4.7327880">
    <ele>537.0</ele>
   </trkpt>
   <trkpt lat="47.2595550" lon="4.7327550">
    <ele>536.8</ele>
   </trkpt>
   <trkpt lat="47.2595660" lon="4.7327240">
    <ele>536.4</ele>
   </trkpt>
   <trkpt lat="47.2595930" lon="4.7326730">
    <ele>535.6</ele>
   </trkpt>
   <trkpt lat="47.2596230" lon="4.7326310">
    <ele>534.6</ele>
   </trkpt>
   <trkpt lat="47.2596290" lon="4.7326150">
    <ele>534.2</ele>
   </trkpt>
   <trkpt lat="47.2596160" lon="4.7325840">
    <ele>533.4</ele>
   </trkpt>
   <trkpt lat="47.2595850" lon="4.7325530">
    <ele>532.4</ele>
   </trkpt>
   <trkpt lat="47.2595740" lon="4.7325310">
    <ele>531.6</ele>
   </trkpt>
   <trkpt lat="47.2595590" lon="4.7324890">
    <ele>530.6</ele>
   </trkpt>
   <trkpt lat="47.2595600" lon="4.7324710">
    <ele>530.4</ele>
   </trkpt>
   <trkpt lat="47.2595510" lon="4.7324320">
    <ele>529.0</ele>
   </trkpt>
   <trkpt lat="47.2595470" lon="4.7324000">
    <ele>527.6</ele>
   </trkpt>
   <trkpt lat="47.2595490" lon="4.7323690">
    <ele>526.8</ele>
   </trkpt>
   <trkpt lat="47.2595570" lon="4.7323440">
    <ele>526.4</ele>
   </trkpt>
   <trkpt lat="47.2595730" lon="4.7323000">
    <ele>525.4</ele>
   </trkpt>
   <trkpt lat="47.2595700" lon="4.7322940">
    <ele>524.8</ele>
   </trkpt>
   <trkpt lat="47.2595610" lon="4.7322910">
    <ele>524.2</ele>
   </trkpt>
   <trkpt lat="47.2595460" lon="4.7322730">
    <ele>522.8</ele>
   </trkpt>
   <trkpt lat="47.2595390" lon="4.7322240">
    <ele>521.4</ele>
   </trkpt>
   <trkpt lat="47.2595340" lon="4.7321950">
    <ele>520.6</ele>
   </trkpt>
   <trkpt lat="47.2595350" lon="4.7321790">
    <ele>520.0</ele>
   </trkpt>
   <trkpt lat="47.2595360" lon="4.7321480">
    <ele>518.8</ele>
   </trkpt>
   <trkpt lat="47.2595390" lon="4.7321370">
    <ele>518.2</ele>
   </trkpt>
   <trkpt lat="47.2595430" lon="4.7321220">
    <ele>517.0</ele>
   </trkpt>
   <trkpt lat="47.2595500" lon="4.7321020">
    <ele>515.8</ele>
   </trkpt>
   <trkpt lat="47.2595510" lon="4.7320420">
    <ele>513.6</ele>
   </trkpt>
   <trkpt lat="47.2595580" lon="4.7319710">
    <ele>512.2</ele>
   </trkpt>
   <trkpt lat="47.2595600" lon="4.7319350">
    <ele>511.6</ele>
   </trkpt>
   <trkpt lat="47.2595590" lon="4.7318960">
    <ele>511.2</ele>
   </trkpt>
   <trkpt lat="47.2595550" lon="4.7317440">
    <ele>511.0</ele>
   </trkpt>
   <trkpt lat="47.2595440" lon="4.7316810">
    <ele>512.2</ele>
   </trkpt>
   <trkpt lat="47.2595480" lon="4.7316170">
    <ele>513.6</ele>
   </trkpt>
   <trkpt lat="47.2595530" lon="4.7316020">
    <ele>514.0</ele>
   </trkpt>
   <trkpt lat="47.2595590" lon="4.7315640">
    <ele>514.6</ele>
   </trkpt>
   <trkpt lat="47.2595540" lon="4.7315210">
    <ele>515.0</ele>
   </trkpt>
   <trkpt lat="47.2595600" lon="4.7314830">
    <ele>516.2</ele>
   </trkpt>
   <trkpt lat="47.2595650" lon="4.7314640">
    <ele>517.0</ele>
   </trkpt>
   <trkpt lat="47.2595650" lon="4.7314480">
    <ele>517.4</ele>
   </trkpt>
   <trkpt lat="47.2595590" lon="4.7314140">
    <ele>518.4</ele>
   </trkpt>
   <trkpt lat="47.2595600" lon="4.7313910">
    <ele>519.0</ele>
   </trkpt>
   <trkpt lat="47.2595640" lon="4.7313770">
    <ele>519.4</ele>
   </trkpt>
   <trkpt lat="47.2595610" lon="4.7313440">
    <ele>520.6</ele>
   </trkpt>
   <trkpt lat="47.2595460" lon="4.7313380">
    <ele>522.0</ele>
   </trkpt>
   <trkpt lat="47.2595440" lon="4.7313180">
    <ele>522.4</ele>
   </trkpt>
   <trkpt lat="47.2595440" lon="4.7313140">
    <ele>522.8</ele>
   </trkpt>
   <trkpt lat="47.2595470" lon="4.7312830">
    <ele>523.0</ele>
   </trkpt>
   <trkpt lat="47.2595460" lon="4.7312470">
    <ele>524.6</ele>
   </trkpt>
   <trkpt lat="47.2595530" lon="4.7312230">
    <ele>525.6</ele>
   </trkpt>
   <trkpt lat="47.2595590" lon="4.7311910">
    <ele>526.4</ele>
   </trkpt>
   <trkpt lat="47.2595590" lon="4.7311700">
    <ele>526.6</ele>
   </trkpt>
   <trkpt lat="47.2595660" lon="4.7311100">
    <ele>528.0</ele>
   </trkpt>
   <trkpt lat="47.2595720" lon="4.7310970">
    <ele>528.4</ele>
   </trkpt>
   <trkpt lat="47.2595790" lon="4.7310660">
    <ele>529.2</ele>
   </trkpt>
   <trkpt lat="47.2595820" lon="4.7310360">
    <ele>530.0</ele>
   </trkpt>
   <trkpt lat="47.2595790" lon="4.7310220">
    <ele>530.4</ele>
   </trkpt>
   <trkpt lat="47.2595840" lon="4.7309900">
    <ele>531.2</ele>
   </trkpt>
   <trkpt lat="47.2595830" lon="4.7309470">
    <ele>531.8</ele>
   </trkpt>
   <trkpt lat="47.2595850" lon="4.7309090">
    <ele>532.6</ele>
   </trkpt>
   <trkpt lat="47.2595910" lon="4.7308750">
    <ele>533.0</ele>
   </trkpt>
   <trkpt lat="47.2595940" lon="4.7308490">
    <ele>533.4</ele>
   </trkpt>
   <trkpt lat="47.2596000" lon="4.7307940">
    <ele>534.0</ele>
   </trkpt>
   <trkpt lat="47.2596030" lon="4.7307640">
    <ele>534.2</ele>
   </trkpt>
   <trkpt lat="47.2596080" lon="4.7306970">
    <ele>535.2</ele>
   </trkpt>
   <trkpt lat="47.2596050" lon="4.7306680">
    <ele>535.6</ele>
   </trkpt>
   <trkpt lat="47.2596010" lon="4.7306440">
    <ele>535.8</ele>
   </trkpt>
   <trkpt lat="47.2596000" lon="4.7305890">
    <ele>536.6</ele>
   </trkpt>
   <trkpt lat="47.2595980" lon="4.7305420">
    <ele>537.0</ele>
   </trkpt>
   <trkpt lat="47.2595950" lon="4.7304800">
    <ele>537.4</ele>
   </trkpt>
   <trkpt lat="47.2595930" lon="4.7304540">
    <ele>537.8</ele>
   </trkpt>
   <trkpt lat="47.2595900" lon="4.7303990">
    <ele>538.2</ele>
   </trkpt>
   <trkpt lat="47.2595940" lon="4.7303740">
    <ele>538.8</ele>
   </trkpt>
   <trkpt lat="47.2595950" lon="4.7303400">
    <ele>540.0</ele>
   </trkpt>
   <trkpt lat="47.2595890" lon="4.7303140">
    <ele>540.2</ele>
   </trkpt>
   <trkpt lat="47.2595790" lon="4.7302820">
    <ele>540.4</ele>
   </trkpt>
   <trkpt lat="47.2595720" lon="4.7301860">
    <ele>541.8</ele>
   </trkpt>
   <trkpt lat="47.2595750" lon="4.7301000">
    <ele>543.0</ele>
   </trkpt>
   <trkpt lat="47.2595800" lon="4.7300530">
    <ele>544.0</ele>
   </trkpt>
   <trkpt lat="47.2595790" lon="4.7300250">
    <ele>544.2</ele>
   </trkpt>
   <trkpt lat="47.2595800" lon="4.7300020">
    <ele>544.6</ele>
   </trkpt>
   <trkpt lat="47.2595810" lon="4.7299580">
    <ele>545.8</ele>
   </trkpt>
   <trkpt lat="47.2595840" lon="4.7299400">
    <ele>546.2</ele>
   </trkpt>
   <trkpt lat="47.2595830" lon="4.7298760">
    <ele>547.0</ele>
   </trkpt>
   <trkpt lat="47.2595950" lon="4.7298260">
    <ele>548.2</ele>
   </trkpt>
   <trkpt lat="47.2595920" lon="4.7298050">
    <ele>548.6</ele>
   </trkpt>
   <trkpt lat="47.2595850" lon="4.7297360">
    <ele>549.4</ele>
   </trkpt>
   <trkpt lat="47.2595750" lon="4.7297140">
    <ele>550.0</ele>
   </trkpt>
   <trkpt lat="47.2595670" lon="4.7296930">
    <ele>550.2</ele>
   </trkpt>
   <trkpt lat="47.2595380" lon="4.7296390">
    <ele>550.6</ele>
   </trkpt>
   <trkpt lat="47.2595320" lon="4.7296140">
    <ele>550.6</ele>
   </trkpt>
   <trkpt lat="47.2595230" lon="4.7295630">
    <ele>551.6</ele>
   </trkpt>
   <trkpt lat="47.2595020" lon="4.7295190">
    <ele>551.6</ele>
   </trkpt>
   <trkpt lat="47.2594460" lon="4.7294330">
    <ele>552.2</ele>
   </trkpt>
   <trkpt lat="47.2594510" lon="4.7293030">
    <ele>552.4</ele>
   </trkpt>
   <trkpt lat="47.2594660" lon="4.7292440">
    <ele>552.6</ele>
   </trkpt>
   <trkpt lat="47.2594780" lon="4.7292190">
    <ele>552.6</ele>
   </trkpt>
   <trkpt lat="47.2595030" lon="4.7291730">
    <ele>553.6</ele>
   </trkpt>
   <trkpt lat="47.2595190" lon="4.7291590">
    <ele>554.0</ele>
   </trkpt>
   <trkpt lat="47.2595650" lon="4.7290810">
    <ele>555.0</ele>
   </trkpt>
   <trkpt lat="47.2595640" lon="4.7290130">
    <ele>555.2</ele>
   </trkpt>
   <trkpt lat="47.2595770" lon="4.7290030">
    <ele>555.2</ele>
   </trkpt>
   <trkpt lat="47.2596240" lon="4.7290700">
    <ele>555.6</ele>
   </trkpt>
   <trkpt lat="47.2596660" lon="4.7291310">
    <ele>555.4</ele>
   </trkpt>
   <trkpt lat="47.2596770" lon="4.7291590">
    <ele>555.2</ele>
   </trkpt>
   <trkpt lat="47.2596880" lon="4.7291870">
    <ele>555.0</ele>
   </trkpt>
   <trkpt lat="47.2597810" lon="4.7294060">
    <ele>553.8</ele>
   </trkpt>
   <trkpt lat="47.2598840" lon="4.7295940">
    <ele>552.6</ele>
   </trkpt>
   <trkpt lat="47.2599920" lon="4.7297500">
    <ele>552.0</ele>
   </trkpt>
   <trkpt lat="47.2600930" lon="4.7299100">
    <ele>551.6</ele>
   </trkpt>
   <trkpt lat="47.2601430" lon="4.7300360">
    <ele>550.6</ele>
   </trkpt>
   <trkpt lat="47.2601930" lon="4.7301640">
    <ele>550.2</ele>
   </trkpt>
   <trkpt lat="47.2602610" lon="4.7302560">
    <ele>550.0</ele>
   </trkpt>
   <trkpt lat="47.2603030" lon="4.7302750">
    <ele>550.0</ele>
   </trkpt>
   <trkpt lat="47.2603530" lon="4.7302900">
    <ele>550.2</ele>
   </trkpt>
   <trkpt lat="47.2605070" lon="4.7303860">
    <ele>550.8</ele>
   </trkpt>
   <trkpt lat="47.2605800" lon="4.7305310">
    <ele>550.6</ele>
   </trkpt>
   <trkpt lat="47.2606020" lon="4.7305640">
    <ele>550.2</ele>
   </trkpt>
   <trkpt lat="47.2607290" lon="4.7307160">
    <ele>549.8</ele>
   </trkpt>
   <trkpt lat="47.2607810" lon="4.7307740">
    <ele>550.2</ele>
   </trkpt>
   <trkpt lat="47.2608070" lon="4.7308200">
    <ele>550.4</ele>
   </trkpt>
   <trkpt lat="47.2609320" lon="4.7309680">
    <ele>550.4</ele>
   </trkpt>
   <trkpt lat="47.2610320" lon="4.7310380">
    <ele>550.6</ele>
   </trkpt>
   <trkpt lat="47.2612040" lon="4.7311120">
    <ele>550.6</ele>
   </trkpt>
   <trkpt lat="47.2614030" lon="4.7311600">
    <ele>551.0</ele>
   </trkpt>
   <trkpt lat="47.2614910" lon="4.7311820">
    <ele>550.8</ele>
   </trkpt>
   <trkpt lat="47.2616010" lon="4.7312020">
    <ele>551.8</ele>
   </trkpt>
   <trkpt lat="47.2616620" lon="4.7312070">
    <ele>552.2</ele>
   </trkpt>
   <trkpt lat="47.2618380" lon="4.7312490">
    <ele>551.8</ele>
   </trkpt>
   <trkpt lat="47.2619500" lon="4.7312890">
    <ele>552.4</ele>
   </trkpt>
   <trkpt lat="47.2620810" lon="4.7314050">
    <ele>552.8</ele>
   </trkpt>
   <trkpt lat="47.2622550" lon="4.7315270">
    <ele>553.0</ele>
   </trkpt>
   <trkpt lat="47.2623850" lon="4.7316020">
    <ele>553.6</ele>
   </trkpt>
   <trkpt lat="47.2625450" lon="4.7317520">
    <ele>553.6</ele>
   </trkpt>
   <trkpt lat="47.2626840" lon="4.7318700">
    <ele>554.0</ele>
   </trkpt>
   <trkpt lat="47.2627380" lon="4.7319410">
    <ele>553.8</ele>
   </trkpt>
   <trkpt lat="47.2627690" lon="4.7319670">
    <ele>553.8</ele>
   </trkpt>
   <trkpt lat="47.2628440" lon="4.7319900">
    <ele>554.0</ele>
   </trkpt>
   <trkpt lat="47.2628870" lon="4.7319820">
    <ele>554.0</ele>
   </trkpt>
   <trkpt lat="47.2630670" lon="4.7319610">
    <ele>554.6</ele>
   </trkpt>
   <trkpt lat="47.2632150" lon="4.7319610">
    <ele>555.0</ele>
   </trkpt>
   <trkpt lat="47.2632910" lon="4.7319560">
    <ele>555.0</ele>
   </trkpt>
   <trkpt lat="47.2634830" lon="4.7319510">
    <ele>554.2</ele>
   </trkpt>
   <trkpt lat="47.2636900" lon="4.7319570">
    <ele>554.6</ele>
   </trkpt>
   <trkpt lat="47.2639050" lon="4.7319670">
    <ele>554.0</ele>
   </trkpt>
   <trkpt lat="47.2639590" lon="4.7319670">
    <ele>554.2</ele>
   </trkpt>
   <trkpt lat="47.2641090" lon="4.7319690">
    <ele>554.2</ele>
   </trkpt>
   <trkpt lat="47.2642900" lon="4.7319830">
    <ele>555.0</ele>
   </trkpt>
   <trkpt lat="47.2644610" lon="4.7320130">
    <ele>554.6</ele>
   </trkpt>
   <trkpt lat="47.2646340" lon="4.7319990">
    <ele>554.6</ele>
   </trkpt>
   <trkpt lat="47.2648160" lon="4.7319870">
    <ele>555.6</ele>
   </trkpt>
   <trkpt lat="47.2649400" lon="4.7319690">
    <ele>555.4</ele>
   </trkpt>
   <trkpt lat="47.2650210" lon="4.7319440">
    <ele>555.0</ele>
   </trkpt>
   <trkpt lat="47.2651030" lon="4.7318860">
    <ele>555.0</ele>
   </trkpt>
   <trkpt lat="47.2652940" lon="4.7318290">
    <ele>555.0</ele>
   </trkpt>
   <trkpt lat="47.2653700" lon="4.7318090">
    <ele>555.2</ele>
   </trkpt>
   <trkpt lat="47.2655360" lon="4.7317320">
    <ele>556.0</ele>
   </trkpt>
   <trkpt lat="47.2656620" lon="4.7317150">
    <ele>556.2</ele>
   </trkpt>
   <trkpt lat="47.2656880" lon="4.7317100">
    <ele>556.2</ele>
   </trkpt>
   <trkpt lat="47.2658360" lon="4.7316500">
    <ele>556.2</ele>
   </trkpt>
   <trkpt lat="47.2658740" lon="4.7316330">
    <ele>556.2</ele>
   </trkpt>
   <trkpt lat="47.2660460" lon="4.7315320">
    <ele>556.8</ele>
   </trkpt>
   <trkpt lat="47.2661390" lon="4.7314670">
    <ele>556.4</ele>
   </trkpt>
   <trkpt lat="47.2661700" lon="4.7314450">
    <ele>556.2</ele>
   </trkpt>
   <trkpt lat="47.2662340" lon="4.7313990">
    <ele>556.2</ele>
   </trkpt>
   <trkpt lat="47.2663810" lon="4.7313090">
    <ele>556.0</ele>
   </trkpt>
   <trkpt lat="47.2664160" lon="4.7313020">
    <ele>556.0</ele>
   </trkpt>
   <trkpt lat="47.2665480" lon="4.7312730">
    <ele>555.8</ele>
   </trkpt>
   <trkpt lat="47.2665730" lon="4.7312690">
    <ele>555.8</ele>
   </trkpt>
   <trkpt lat="47.2666960" lon="4.7312860">
    <ele>555.8</ele>
   </trkpt>
   <trkpt lat="47.2667520" lon="4.7314030">
    <ele>556.0</ele>
   </trkpt>
   <trkpt lat="47.2668150" lon="4.7316070">
    <ele>556.0</ele>
   </trkpt>
   <trkpt lat="47.2668870" lon="4.7317760">
    <ele>556.2</ele>
   </trkpt>
   <trkpt lat="47.2669240" lon="4.7318310">
    <ele>556.0</ele>
   </trkpt>
   <trkpt lat="47.2669630" lon="4.7318730">
    <ele>555.4</ele>
   </trkpt>
   <trkpt lat="47.2670190" lon="4.7319830">
    <ele>555.0</ele>
   </trkpt>
   <trkpt lat="47.2670790" lon="4.7321040">
    <ele>554.8</ele>
   </trkpt>
   <trkpt lat="47.2671460" lon="4.7322200">
    <ele>554.8</ele>
   </trkpt>
   <trkpt lat="47.2672870" lon="4.7322910">
    <ele>554.6</ele>
   </trkpt>
   <trkpt lat="47.2673860" lon="4.7322720">
    <ele>553.8</ele>
   </trkpt>
   <trkpt lat="47.2674210" lon="4.7322710">
    <ele>553.6</ele>
   </trkpt>
   <trkpt lat="47.2674650" lon="4.7322860">
    <ele>553.6</ele>
   </trkpt>
   <trkpt lat="47.2675900" lon="4.7323530">
    <ele>552.8</ele>
   </trkpt>
   <trkpt lat="47.2676210" lon="4.7323860">
    <ele>552.6</ele>
   </trkpt>
   <trkpt lat="47.2677320" lon="4.7325240">
    <ele>551.6</ele>
   </trkpt>
   <trkpt lat="47.2677640" lon="4.7326070">
    <ele>551.4</ele>
   </trkpt>
   <trkpt lat="47.2678450" lon="4.7327980">
    <ele>551.4</ele>
   </trkpt>
   <trkpt lat="47.2679100" lon="4.7330020">
    <ele>551.6</ele>
   </trkpt>
   <trkpt lat="47.2679590" lon="4.7332520">
    <ele>551.4</ele>
   </trkpt>
   <trkpt lat="47.2680400" lon="4.7334750">
    <ele>551.8</ele>
   </trkpt>
   <trkpt lat="47.2681050" lon="4.7336670">
    <ele>551.4</ele>
   </trkpt>
   <trkpt lat="47.2682000" lon="4.7338970">
    <ele>551.8</ele>
   </trkpt>
   <trkpt lat="47.2683070" lon="4.7339640">
    <ele>551.6</ele>
   </trkpt>
   <trkpt lat="47.2684810" lon="4.7340170">
    <ele>552.0</ele>
   </trkpt>
   <trkpt lat="47.2686680" lon="4.7340800">
    <ele>551.4</ele>
   </trkpt>
   <trkpt lat="47.2688550" lon="4.7341950">
    <ele>551.2</ele>
   </trkpt>
   <trkpt lat="47.2689990" lon="4.7342540">
    <ele>550.6</ele>
   </trkpt>
   <trkpt lat="47.2690380" lon="4.7342660">
    <ele>550.4</ele>
   </trkpt>
   <trkpt lat="47.2691960" lon="4.7343380">
    <ele>549.6</ele>
   </trkpt>
   <trkpt lat="47.2692310" lon="4.7343460">
    <ele>549.2</ele>
   </trkpt>
   <trkpt lat="47.2693310" lon="4.7344040">
    <ele>548.2</ele>
   </trkpt>
   <trkpt lat="47.2693670" lon="4.7344110">
    <ele>547.8</ele>
   </trkpt>
   <trkpt lat="47.2694550" lon="4.7344310">
    <ele>547.4</ele>
   </trkpt>
   <trkpt lat="47.2695040" lon="4.7344610">
    <ele>547.4</ele>
   </trkpt>
   <trkpt lat="47.2695560" lon="4.7344730">
    <ele>547.0</ele>
   </trkpt>
   <trkpt lat="47.2695960" lon="4.7344830">
    <ele>546.8</ele>
   </trkpt>
   <trkpt lat="47.2696640" lon="4.7345210">
    <ele>546.2</ele>
   </trkpt>
   <trkpt lat="47.2697140" lon="4.7345560">
    <ele>545.8</ele>
   </trkpt>
   <trkpt lat="47.2698980" lon="4.7346080">
    <ele>544.6</ele>
   </trkpt>
   <trkpt lat="47.2700860" lon="4.7346900">
    <ele>543.6</ele>
   </trkpt>
   <trkpt lat="47.2701180" lon="4.7347130">
    <ele>543.4</ele>
   </trkpt>
   <trkpt lat="47.2702720" lon="4.7347740">
    <ele>542.4</ele>
   </trkpt>
   <trkpt lat="47.2704020" lon="4.7348020">
    <ele>542.0</ele>
   </trkpt>
   <trkpt lat="47.2704590" lon="4.7348250">
    <ele>541.8</ele>
   </trkpt>
   <trkpt lat="47.2705220" lon="4.7348420">
    <ele>541.6</ele>
   </trkpt>
   <trkpt lat="47.2705590" lon="4.7348490">
    <ele>541.2</ele>
   </trkpt>
   <trkpt lat="47.2706020" lon="4.7348530">
    <ele>540.8</ele>
   </trkpt>
   <trkpt lat="47.2707260" lon="4.7348690">
    <ele>540.0</ele>
   </trkpt>
   <trkpt lat="47.2708920" lon="4.7348890">
    <ele>539.6</ele>
   </trkpt>
   <trkpt lat="47.2710280" lon="4.7349000">
    <ele>539.0</ele>
   </trkpt>
   <trkpt lat="47.2710500" lon="4.7349010">
    <ele>538.6</ele>
   </trkpt>
   <trkpt lat="47.2711520" lon="4.7349030">
    <ele>537.4</ele>
   </trkpt>
   <trkpt lat="47.2711930" lon="4.7349050">
    <ele>537.0</ele>
   </trkpt>
   <trkpt lat="47.2712820" lon="4.7349290">
    <ele>536.2</ele>
   </trkpt>
   <trkpt lat="47.2713750" lon="4.7349330">
    <ele>535.4</ele>
   </trkpt>
   <trkpt lat="47.2714120" lon="4.7349340">
    <ele>535.0</ele>
   </trkpt>
   <trkpt lat="47.2714450" lon="4.7349360">
    <ele>534.8</ele>
   </trkpt>
   <trkpt lat="47.2715400" lon="4.7349550">
    <ele>534.4</ele>
   </trkpt>
   <trkpt lat="47.2716100" lon="4.7349500">
    <ele>534.0</ele>
   </trkpt>
   <trkpt lat="47.2716760" lon="4.7349600">
    <ele>532.8</ele>
   </trkpt>
   <trkpt lat="47.2717760" lon="4.7349790">
    <ele>531.8</ele>
   </trkpt>
   <trkpt lat="47.2718150" lon="4.7349820">
    <ele>531.8</ele>
   </trkpt>
   <trkpt lat="47.2719790" lon="4.7350050">
    <ele>531.2</ele>
   </trkpt>
   <trkpt lat="47.2720070" lon="4.7350110">
    <ele>530.8</ele>
   </trkpt>
   <trkpt lat="47.2721750" lon="4.7350140">
    <ele>530.2</ele>
   </trkpt>
   <trkpt lat="47.2722900" lon="4.7350330">
    <ele>529.6</ele>
   </trkpt>
   <trkpt lat="47.2723700" lon="4.7350430">
    <ele>528.2</ele>
   </trkpt>
   <trkpt lat="47.2724090" lon="4.7350560">
    <ele>527.8</ele>
   </trkpt>
   <trkpt lat="47.2724680" lon="4.7350730">
    <ele>527.2</ele>
   </trkpt>
   <trkpt lat="47.2725720" lon="4.7350610">
    <ele>526.6</ele>
   </trkpt>
   <trkpt lat="47.2726090" lon="4.7350560">
    <ele>526.0</ele>
   </trkpt>
   <trkpt lat="47.2727290" lon="4.7350530">
    <ele>525.0</ele>
   </trkpt>
   <trkpt lat="47.2727640" lon="4.7350600">
    <ele>524.6</ele>
   </trkpt>
   <trkpt lat="47.2729190" lon="4.7351160">
    <ele>524.0</ele>
   </trkpt>
   <trkpt lat="47.2729540" lon="4.7351320">
    <ele>523.4</ele>
   </trkpt>
   <trkpt lat="47.2730200" lon="4.7351570">
    <ele>522.6</ele>
   </trkpt>
   <trkpt lat="47.2731080" lon="4.7351930">
    <ele>521.6</ele>
   </trkpt>
   <trkpt lat="47.2731390" lon="4.7352060">
    <ele>520.8</ele>
   </trkpt>
   <trkpt lat="47.2732450" lon="4.7352610">
    <ele>520.2</ele>
   </trkpt>
   <trkpt lat="47.2732640" lon="4.7352710">
    <ele>520.2</ele>
   </trkpt>
   <trkpt lat="47.2733920" lon="4.7353100">
    <ele>519.8</ele>
   </trkpt>
   <trkpt lat="47.2734540" lon="4.7353290">
    <ele>519.2</ele>
   </trkpt>
   <trkpt lat="47.2735230" lon="4.7353550">
    <ele>518.6</ele>
   </trkpt>
   <trkpt lat="47.2736890" lon="4.7354010">
    <ele>517.8</ele>
   </trkpt>
   <trkpt lat="47.2737290" lon="4.7354090">
    <ele>517.6</ele>
   </trkpt>
   <trkpt lat="47.2738580" lon="4.7354380">
    <ele>517.0</ele>
   </trkpt>
   <trkpt lat="47.2739720" lon="4.7354610">
    <ele>516.2</ele>
   </trkpt>
   <trkpt lat="47.2740370" lon="4.7354760">
    <ele>515.8</ele>
   </trkpt>
   <trkpt lat="47.2740610" lon="4.7354860">
    <ele>515.0</ele>
   </trkpt>
   <trkpt lat="47.2741090" lon="4.7355040">
    <ele>514.0</ele>
   </trkpt>
   <trkpt lat="47.2741730" lon="4.7355200">
    <ele>513.6</ele>
   </trkpt>
   <trkpt lat="47.2743360" lon="4.7355420">
    <ele>512.8</ele>
   </trkpt>
   <trkpt lat="47.2743760" lon="4.7355420">
    <ele>512.4</ele>
   </trkpt>
   <trkpt lat="47.2745940" lon="4.7355390">
    <ele>511.6</ele>
   </trkpt>
   <trkpt lat="47.2747550" lon="4.7355540">
    <ele>510.6</ele>
   </trkpt>
   <trkpt lat="47.2748320" lon="4.7355570">
    <ele>510.2</ele>
   </trkpt>
   <trkpt lat="47.2749630" lon="4.7355930">
    <ele>509.4</ele>
   </trkpt>
   <trkpt lat="47.2749900" lon="4.7356050">
    <ele>508.8</ele>
   </trkpt>
   <trkpt lat="47.2750660" lon="4.7356290">
    <ele>508.4</ele>
   </trkpt>
   <trkpt lat="47.2751910" lon="4.7356400">
    <ele>508.2</ele>
   </trkpt>
   <trkpt lat="47.2753040" lon="4.7356400">
    <ele>507.4</ele>
   </trkpt>
   <trkpt lat="47.2754060" lon="4.7356320">
    <ele>506.6</ele>
   </trkpt>
   <trkpt lat="47.2754370" lon="4.7356270">
    <ele>506.0</ele>
   </trkpt>
   <trkpt lat="47.2755210" lon="4.7356330">
    <ele>505.0</ele>
   </trkpt>
   <trkpt lat="47.2756270" lon="4.7356450">
    <ele>504.0</ele>
   </trkpt>
   <trkpt lat="47.2756570" lon="4.7356490">
    <ele>503.6</ele>
   </trkpt>
   <trkpt lat="47.2757380" lon="4.7356550">
    <ele>502.6</ele>
   </trkpt>
   <trkpt lat="47.2758520" lon="4.7356480">
    <ele>501.6</ele>
   </trkpt>
   <trkpt lat="47.2758850" lon="4.7356440">
    <ele>501.6</ele>
   </trkpt>
   <trkpt lat="47.2760670" lon="4.7356150">
    <ele>500.4</ele>
   </trkpt>
   <trkpt lat="47.2762410" lon="4.7355720">
    <ele>499.4</ele>
   </trkpt>
   <trkpt lat="47.2762650" lon="4.7355640">
    <ele>499.4</ele>
   </trkpt>
   <trkpt lat="47.2763120" lon="4.7355500">
    <ele>499.2</ele>
   </trkpt>
   <trkpt lat="47.2763780" lon="4.7355230">
    <ele>499.0</ele>
   </trkpt>
   <trkpt lat="47.2764210" lon="4.7355020">
    <ele>498.4</ele>
   </trkpt>
   <trkpt lat="47.2764440" lon="4.7354890">
    <ele>498.4</ele>
   </trkpt>
   <trkpt lat="47.2765710" lon="4.7354150">
    <ele>497.4</ele>
   </trkpt>
   <trkpt lat="47.2766650" lon="4.7353190">
    <ele>497.4</ele>
   </trkpt>
   <trkpt lat="47.2767500" lon="4.7352740">
    <ele>497.2</ele>
   </trkpt>
   <trkpt lat="47.2769100" lon="4.7351630">
    <ele>497.2</ele>
   </trkpt>
   <trkpt lat="47.2770990" lon="4.7350660">
    <ele>497.2</ele>
   </trkpt>
   <trkpt lat="47.2771290" lon="4.7350510">
    <ele>497.2</ele>
   </trkpt>
   <trkpt lat="47.2772800" lon="4.7349230">
    <ele>496.4</ele>
   </trkpt>
   <trkpt lat="47.2774410" lon="4.7347910">
    <ele>496.6</ele>
   </trkpt>
   <trkpt lat="47.2774670" lon="4.7347710">
    <ele>496.6</ele>
   </trkpt>
   <trkpt lat="47.2775540" lon="4.7346490">
    <ele>496.2</ele>
   </trkpt>
   <trkpt lat="47.2775800" lon="4.7346290">
    <ele>496.0</ele>
   </trkpt>
   <trkpt lat="47.2777630" lon="4.7344840">
    <ele>495.4</ele>
   </trkpt>
   <trkpt lat="47.2779120" lon="4.7343880">
    <ele>496.0</ele>
   </trkpt>
   <trkpt lat="47.2781000" lon="4.7342600">
    <ele>495.8</ele>
   </trkpt>
   <trkpt lat="47.2781820" lon="4.7341760">
    <ele>495.2</ele>
   </trkpt>
   <trkpt lat="47.2782310" lon="4.7340870">
    <ele>494.4</ele>
   </trkpt>
   <trkpt lat="47.2782640" lon="4.7340370">
    <ele>494.2</ele>
   </trkpt>
   <trkpt lat="47.2783720" lon="4.7339700">
    <ele>493.4</ele>
   </trkpt>
   <trkpt lat="47.2784030" lon="4.7339690">
    <ele>492.8</ele>
   </trkpt>
   <trkpt lat="47.2784930" lon="4.7339730">
    <ele>491.6</ele>
   </trkpt>
   <trkpt lat="47.2785290" lon="4.7339710">
    <ele>491.4</ele>
   </trkpt>
   <trkpt lat="47.2786840" lon="4.7339710">
    <ele>490.2</ele>
   </trkpt>
   <trkpt lat="47.2787670" lon="4.7339720">
    <ele>489.8</ele>
   </trkpt>
   <trkpt lat="47.2788400" lon="4.7339810">
    <ele>488.8</ele>
   </trkpt>
   <trkpt lat="47.2789550" lon="4.7340020">
    <ele>487.8</ele>
   </trkpt>
   <trkpt lat="47.2789920" lon="4.7340090">
    <ele>487.2</ele>
   </trkpt>
   <trkpt lat="47.2790690" lon="4.7340170">
    <ele>486.4</ele>
   </trkpt>
   <trkpt lat="47.2791760" lon="4.7340150">
    <ele>485.2</ele>
   </trkpt>
   <trkpt lat="47.2792130" lon="4.7340110">
    <ele>484.8</ele>
   </trkpt>
   <trkpt lat="47.2792880" lon="4.7340010">
    <ele>484.0</ele>
   </trkpt>
   <trkpt lat="47.2793930" lon="4.7339800">
    <ele>482.8</ele>
   </trkpt>
   <trkpt lat="47.2794640" lon="4.7339730">
    <ele>482.0</ele>
   </trkpt>
   <trkpt lat="47.2795310" lon="4.7339670">
    <ele>481.6</ele>
   </trkpt>
   <trkpt lat="47.2796050" lon="4.7339550">
    <ele>480.6</ele>
   </trkpt>
   <trkpt lat="47.2796720" lon="4.7339480">
    <ele>479.8</ele>
   </trkpt>
   <trkpt lat="47.2797050" lon="4.7339350">
    <ele>479.6</ele>
   </trkpt>
   <trkpt lat="47.2797390" lon="4.7339220">
    <ele>479.0</ele>
   </trkpt>
   <trkpt lat="47.2798460" lon="4.7338800">
    <ele>478.0</ele>
   </trkpt>
   <trkpt lat="47.2799260" lon="4.7338560">
    <ele>477.2</ele>
   </trkpt>
   <trkpt lat="47.2799610" lon="4.7338410">
    <ele>476.8</ele>
   </trkpt>
   <trkpt lat="47.2800360" lon="4.7338070">
    <ele>475.6</ele>
   </trkpt>
   <trkpt lat="47.2801470" lon="4.7337810">
    <ele>474.8</ele>
   </trkpt>
   <trkpt lat="47.2801830" lon="4.7337680">
    <ele>474.6</ele>
   </trkpt>
   <trkpt lat="47.2802830" lon="4.7337220">
    <ele>473.4</ele>
   </trkpt>
   <trkpt lat="47.2803520" lon="4.7336820">
    <ele>472.8</ele>
   </trkpt>
   <trkpt lat="47.2804930" lon="4.7336320">
    <ele>472.0</ele>
   </trkpt>
   <trkpt lat="47.2805630" lon="4.7335920">
    <ele>470.8</ele>
   </trkpt>
   <trkpt lat="47.2806790" lon="4.7335480">
    <ele>469.4</ele>
   </trkpt>
   <trkpt lat="47.2807830" lon="4.7334980">
    <ele>468.0</ele>
   </trkpt>
   <trkpt lat="47.2808630" lon="4.7334760">
    <ele>467.0</ele>
   </trkpt>
   <trkpt lat="47.2809400" lon="4.7334570">
    <ele>465.8</ele>
   </trkpt>
   <trkpt lat="47.2810120" lon="4.7334430">
    <ele>464.8</ele>
   </trkpt>
   <trkpt lat="47.2811340" lon="4.7334270">
    <ele>463.6</ele>
   </trkpt>
   <trkpt lat="47.2813050" lon="4.7333910">
    <ele>462.8</ele>
   </trkpt>
   <trkpt lat="47.2813410" lon="4.7333920">
    <ele>462.4</ele>
   </trkpt>
   <trkpt lat="47.2814150" lon="4.7333940">
    <ele>461.2</ele>
   </trkpt>
   <trkpt lat="47.2815240" lon="4.7333960">
    <ele>460.2</ele>
   </trkpt>
   <trkpt lat="47.2815610" lon="4.7334000">
    <ele>460.0</ele>
   </trkpt>
   <trkpt lat="47.2816670" lon="4.7333940">
    <ele>458.8</ele>
   </trkpt>
   <trkpt lat="47.2818130" lon="4.7334040">
    <ele>458.2</ele>
   </trkpt>
   <trkpt lat="47.2819920" lon="4.7333840">
    <ele>458.0</ele>
   </trkpt>
   <trkpt lat="47.2820260" lon="4.7333800">
    <ele>458.0</ele>
   </trkpt>
   <trkpt lat="47.2820930" lon="4.7333820">
    <ele>457.4</ele>
   </trkpt>
   <trkpt lat="47.2822640" lon="4.7334100">
    <ele>457.2</ele>
   </trkpt>
   <trkpt lat="47.2823970" lon="4.7334170">
    <ele>457.2</ele>
   </trkpt>
   <trkpt lat="47.2825190" lon="4.7333770">
    <ele>457.2</ele>
   </trkpt>
   <trkpt lat="47.2826880" lon="4.7332850">
    <ele>457.8</ele>
   </trkpt>
   <trkpt lat="47.2827500" lon="4.7332770">
    <ele>458.0</ele>
   </trkpt>
   <trkpt lat="47.2828800" lon="4.7332830">
    <ele>457.6</ele>
   </trkpt>
   <trkpt lat="47.2830650" lon="4.7332750">
    <ele>457.8</ele>
   </trkpt>
   <trkpt lat="47.2830970" lon="4.7332740">
    <ele>457.8</ele>
   </trkpt>
   <trkpt lat="47.2832900" lon="4.7333250">
    <ele>457.4</ele>
   </trkpt>
   <trkpt lat="47.2834580" lon="4.7334720">
    <ele>457.6</ele>
   </trkpt>
   <trkpt lat="47.2836360" lon="4.7335590">
    <ele>458.0</ele>
   </trkpt>
   <trkpt lat="47.2836960" lon="4.7335890">
    <ele>458.0</ele>
   </trkpt>
   <trkpt lat="47.2838780" lon="4.7337020">
    <ele>458.4</ele>
   </trkpt>
   <trkpt lat="47.2839640" lon="4.7337640">
    <ele>458.6</ele>
   </trkpt>
   <trkpt lat="47.2841160" lon="4.7338440">
    <ele>459.4</ele>
   </trkpt>
   <trkpt lat="47.2841430" lon="4.7338580">
    <ele>459.6</ele>
   </trkpt>
   <trkpt lat="47.2843200" lon="4.7339330">
    <ele>459.6</ele>
   </trkpt>
   <trkpt lat="47.2844130" lon="4.7339590">
    <ele>459.4</ele>
   </trkpt>
   <trkpt lat="47.2845440" lon="4.7339160">
    <ele>458.2</ele>
   </trkpt>
   <trkpt lat="47.2845810" lon="4.7338880">
    <ele>457.8</ele>
   </trkpt>
   <trkpt lat="47.2846770" lon="4.7338020">
    <ele>457.0</ele>
   </trkpt>
   <trkpt lat="47.2847380" lon="4.7337360">
    <ele>456.0</ele>
   </trkpt>
   <trkpt lat="47.2847670" lon="4.7337040">
    <ele>455.8</ele>
   </trkpt>
   <trkpt lat="47.2848280" lon="4.7336350">
    <ele>455.2</ele>
   </trkpt>
   <trkpt lat="47.2848560" lon="4.7336100">
    <ele>454.6</ele>
   </trkpt>
   <trkpt lat="47.2849420" lon="4.7335300">
    <ele>453.4</ele>
   </trkpt>
   <trkpt lat="47.2850120" lon="4.7334950">
    <ele>453.0</ele>
   </trkpt>
   <trkpt lat="47.2852200" lon="4.7334500">
    <ele>452.4</ele>
   </trkpt>
   <trkpt lat="47.2852540" lon="4.7334410">
    <ele>452.2</ele>
   </trkpt>
   <trkpt lat="47.2853560" lon="4.7334170">
    <ele>451.2</ele>
   </trkpt>
   <trkpt lat="47.2855060" lon="4.7334100">
    <ele>450.2</ele>
   </trkpt>
   <trkpt lat="47.2855820" lon="4.7334150">
    <ele>449.0</ele>
   </trkpt>
   <trkpt lat="47.2856950" lon="4.7334170">
    <ele>448.0</ele>
   </trkpt>
   <trkpt lat="47.2858030" lon="4.7334230">
    <ele>446.8</ele>
   </trkpt>
   <trkpt lat="47.2858360" lon="4.7334180">
    <ele>446.8</ele>
   </trkpt>
   <trkpt lat="47.2858710" lon="4.7334120">
    <ele>446.6</ele>
   </trkpt>
   <trkpt lat="47.2859960" lon="4.7333500">
    <ele>445.6</ele>
   </trkpt>
   <trkpt lat="47.2860230" lon="4.7333240">
    <ele>445.2</ele>
   </trkpt>
   <trkpt lat="47.2860740" lon="4.7332560">
    <ele>444.4</ele>
   </trkpt>
   <trkpt lat="47.2861220" lon="4.7331740">
    <ele>443.0</ele>
   </trkpt>
   <trkpt lat="47.2861730" lon="4.7330990">
    <ele>441.8</ele>
   </trkpt>
   <trkpt lat="47.2862000" lon="4.7330610">
    <ele>441.6</ele>
   </trkpt>
   <trkpt lat="47.2862260" lon="4.7330230">
    <ele>440.8</ele>
   </trkpt>
   <trkpt lat="47.2863150" lon="4.7329250">
    <ele>439.6</ele>
   </trkpt>
   <trkpt lat="47.2863500" lon="4.7329030">
    <ele>439.2</ele>
   </trkpt>
   <trkpt lat="47.2864220" lon="4.7328790">
    <ele>438.2</ele>
   </trkpt>
   <trkpt lat="47.2864580" lon="4.7328680">
    <ele>438.0</ele>
   </trkpt>
   <trkpt lat="47.2865260" lon="4.7328390">
    <ele>436.6</ele>
   </trkpt>
   <trkpt lat="47.2865940" lon="4.7328040">
    <ele>435.2</ele>
   </trkpt>
   <trkpt lat="47.2867000" lon="4.7327650">
    <ele>434.0</ele>
   </trkpt>
   <trkpt lat="47.2867640" lon="4.7327400">
    <ele>433.4</ele>
   </trkpt>
   <trkpt lat="47.2867990" lon="4.7327250">
    <ele>433.0</ele>
   </trkpt>
   <trkpt lat="47.2868950" lon="4.7326600">
    <ele>431.8</ele>
   </trkpt>
   <trkpt lat="47.2869640" lon="4.7326320">
    <ele>431.0</ele>
   </trkpt>
   <trkpt lat="47.2869990" lon="4.7326250">
    <ele>430.6</ele>
   </trkpt>
   <trkpt lat="47.2870730" lon="4.7326230">
    <ele>429.4</ele>
   </trkpt>
   <trkpt lat="47.2871870" lon="4.7326390">
    <ele>428.2</ele>
   </trkpt>
   <trkpt lat="47.2872230" lon="4.7326460">
    <ele>427.8</ele>
   </trkpt>
   <trkpt lat="47.2872600" lon="4.7326510">
    <ele>426.8</ele>
   </trkpt>
   <trkpt lat="47.2873350" lon="4.7326560">
    <ele>425.8</ele>
   </trkpt>
   <trkpt lat="47.2874060" lon="4.7326420">
    <ele>424.6</ele>
   </trkpt>
   <trkpt lat="47.2874390" lon="4.7326260">
    <ele>424.2</ele>
   </trkpt>
   <trkpt lat="47.2875090" lon="4.7325860">
    <ele>423.2</ele>
   </trkpt>
   <trkpt lat="47.2875360" lon="4.7325530">
    <ele>422.6</ele>
   </trkpt>
   <trkpt lat="47.2875590" lon="4.7325120">
    <ele>421.8</ele>
   </trkpt>
   <trkpt lat="47.2875820" lon="4.7324710">
    <ele>420.8</ele>
   </trkpt>
   <trkpt lat="47.2875980" lon="4.7324280">
    <ele>420.4</ele>
   </trkpt>
   <trkpt lat="47.2876420" lon="4.7322110">
    <ele>418.2</ele>
   </trkpt>
   <trkpt lat="47.2876490" lon="4.7321470">
    <ele>417.4</ele>
   </trkpt>
   <trkpt lat="47.2876580" lon="4.7320890">
    <ele>416.6</ele>
   </trkpt>
   <trkpt lat="47.2876910" lon="4.7319870">
    <ele>415.6</ele>
   </trkpt>
   <trkpt lat="47.2877420" lon="4.7319100">
    <ele>414.4</ele>
   </trkpt>
   <trkpt lat="47.2878530" lon="4.7318660">
    <ele>412.8</ele>
   </trkpt>
   <trkpt lat="47.2878910" lon="4.7318660">
    <ele>411.8</ele>
   </trkpt>
   <trkpt lat="47.2879310" lon="4.7318790">
    <ele>411.2</ele>
   </trkpt>
   <trkpt lat="47.2880110" lon="4.7319000">
    <ele>409.8</ele>
   </trkpt>
   <trkpt lat="47.2880890" lon="4.7319220">
    <ele>408.8</ele>
   </trkpt>
   <trkpt lat="47.2881240" lon="4.7319370">
    <ele>408.0</ele>
   </trkpt>
   <trkpt lat="47.2881590" lon="4.7319510">
    <ele>407.4</ele>
   </trkpt>
   <trkpt lat="47.2882310" lon="4.7319680">
    <ele>406.4</ele>
   </trkpt>
   <trkpt lat="47.2883030" lon="4.7319800">
    <ele>404.8</ele>
   </trkpt>
   <trkpt lat="47.2883730" lon="4.7319780">
    <ele>404.0</ele>
   </trkpt>
   <trkpt lat="47.2884050" lon="4.7319780">
    <ele>403.8</ele>
   </trkpt>
   <trkpt lat="47.2885480" lon="4.7319770">
    <ele>403.0</ele>
   </trkpt>
   <trkpt lat="47.2885850" lon="4.7319780">
    <ele>402.6</ele>
   </trkpt>
   <trkpt lat="47.2886250" lon="4.7319780">
    <ele>402.4</ele>
   </trkpt>
   <trkpt lat="47.2886980" lon="4.7319810">
    <ele>401.4</ele>
   </trkpt>
   <trkpt lat="47.2888140" lon="4.7319890">
    <ele>399.4</ele>
   </trkpt>
   <trkpt lat="47.2888890" lon="4.7319930">
    <ele>398.4</ele>
   </trkpt>
   <trkpt lat="47.2889250" lon="4.7319950">
    <ele>398.2</ele>
   </trkpt>
   <trkpt lat="47.2889610" lon="4.7319960">
    <ele>397.8</ele>
   </trkpt>
   <trkpt lat="47.2890680" lon="4.7320010">
    <ele>397.2</ele>
   </trkpt>
   <trkpt lat="47.2891390" lon="4.7320090">
    <ele>396.0</ele>
   </trkpt>
   <trkpt lat="47.2892160" lon="4.7320110">
    <ele>394.8</ele>
   </trkpt>
   <trkpt lat="47.2892920" lon="4.7320050">
    <ele>394.0</ele>
   </trkpt>
   <trkpt lat="47.2893270" lon="4.7320020">
    <ele>393.4</ele>
   </trkpt>
   <trkpt lat="47.2893990" lon="4.7320030">
    <ele>391.8</ele>
   </trkpt>
   <trkpt lat="47.2894710" lon="4.7319930">
    <ele>390.2</ele>
   </trkpt>
   <trkpt lat="47.2895420" lon="4.7319890">
    <ele>389.2</ele>
   </trkpt>
   <trkpt lat="47.2895820" lon="4.7319880">
    <ele>389.0</ele>
   </trkpt>
   <trkpt lat="47.2896210" lon="4.7319840">
    <ele>387.6</ele>
   </trkpt>
   <trkpt lat="47.2896990" lon="4.7319680">
    <ele>385.4</ele>
   </trkpt>
   <trkpt lat="47.2897750" lon="4.7319540">
    <ele>384.0</ele>
   </trkpt>
   <trkpt lat="47.2898510" lon="4.7319200">
    <ele>383.0</ele>
   </trkpt>
   <trkpt lat="47.2899270" lon="4.7319060">
    <ele>381.8</ele>
   </trkpt>
   <trkpt lat="47.2900060" lon="4.7318960">
    <ele>380.6</ele>
   </trkpt>
   <trkpt lat="47.2900820" lon="4.7318770">
    <ele>379.6</ele>
   </trkpt>
   <trkpt lat="47.2901610" lon="4.7318700">
    <ele>378.0</ele>
   </trkpt>
   <trkpt lat="47.2901980" lon="4.7318620">
    <ele>376.8</ele>
   </trkpt>
   <trkpt lat="47.2902730" lon="4.7318380">
    <ele>375.4</ele>
   </trkpt>
   <trkpt lat="47.2903860" lon="4.7318000">
    <ele>374.8</ele>
   </trkpt>
   <trkpt lat="47.2904590" lon="4.7317790">
    <ele>373.4</ele>
   </trkpt>
   <trkpt lat="47.2905360" lon="4.7317480">
    <ele>372.0</ele>
   </trkpt>
   <trkpt lat="47.2906050" lon="4.7317190">
    <ele>371.4</ele>
   </trkpt>
   <trkpt lat="47.2906930" lon="4.7316770">
    <ele>370.4</ele>
   </trkpt>
   <trkpt lat="47.2907800" lon="4.7316250">
    <ele>369.2</ele>
   </trkpt>
   <trkpt lat="47.2908110" lon="4.7316150">
    <ele>369.0</ele>
   </trkpt>
   <trkpt lat="47.2908770" lon="4.7315720">
    <ele>368.0</ele>
   </trkpt>
   <trkpt lat="47.2909700" lon="4.7315050">
    <ele>367.0</ele>
   </trkpt>
   <trkpt lat="47.2910520" lon="4.7314600">
    <ele>366.2</ele>
   </trkpt>
   <trkpt lat="47.2910830" lon="4.7314440">
    <ele>365.8</ele>
   </trkpt>
   <trkpt lat="47.2911130" lon="4.7314270">
    <ele>365.8</ele>
   </trkpt>
   <trkpt lat="47.2912000" lon="4.7314130">
    <ele>364.4</ele>
   </trkpt>
   <trkpt lat="47.2912420" lon="4.7314530">
    <ele>363.2</ele>
   </trkpt>
   <trkpt lat="47.2912880" lon="4.7315100">
    <ele>362.0</ele>
   </trkpt>
   <trkpt lat="47.2913360" lon="4.7316360">
    <ele>360.6</ele>
   </trkpt>
   <trkpt lat="47.2913450" lon="4.7316840">
    <ele>359.8</ele>
   </trkpt>
   <trkpt lat="47.2913430" lon="4.7317380">
    <ele>358.8</ele>
   </trkpt>
   <trkpt lat="47.2913510" lon="4.7318750">
    <ele>357.8</ele>
   </trkpt>
   <trkpt lat="47.2913560" lon="4.7319600">
    <ele>357.2</ele>
   </trkpt>
   <trkpt lat="47.2913670" lon="4.7320030">
    <ele>356.8</ele>
   </trkpt>
   <trkpt lat="47.2913800" lon="4.7321300">
    <ele>355.2</ele>
   </trkpt>
   <trkpt lat="47.2913820" lon="4.7322120">
    <ele>353.4</ele>
   </trkpt>
   <trkpt lat="47.2913750" lon="4.7322500">
    <ele>353.0</ele>
   </trkpt>
   <trkpt lat="47.2913690" lon="4.7323380">
    <ele>352.4</ele>
   </trkpt>
   <trkpt lat="47.2914010" lon="4.7324250">
    <ele>350.8</ele>
   </trkpt>
   <trkpt lat="47.2914050" lon="4.7324730">
    <ele>350.2</ele>
   </trkpt>
   <trkpt lat="47.2914260" lon="4.7325690">
    <ele>349.8</ele>
   </trkpt>
   <trkpt lat="47.2914300" lon="4.7326850">
    <ele>348.8</ele>
   </trkpt>
   <trkpt lat="47.2914370" lon="4.7327940">
    <ele>347.0</ele>
   </trkpt>
   <trkpt lat="47.2914320" lon="4.7328510">
    <ele>346.0</ele>
   </trkpt>
   <trkpt lat="47.2914280" lon="4.7329720">
    <ele>344.8</ele>
   </trkpt>
   <trkpt lat="47.2914130" lon="4.7331680">
    <ele>343.6</ele>
   </trkpt>
   <trkpt lat="47.2914050" lon="4.7332850">
    <ele>342.2</ele>
   </trkpt>
   <trkpt lat="47.2914000" lon="4.7334110">
    <ele>340.6</ele>
   </trkpt>
   <trkpt lat="47.2914050" lon="4.7335260">
    <ele>339.4</ele>
   </trkpt>
   <trkpt lat="47.2914050" lon="4.7336570">
    <ele>338.2</ele>
   </trkpt>
   <trkpt lat="47.2914160" lon="4.7336900">
    <ele>337.8</ele>
   </trkpt>
   <trkpt lat="47.2914350" lon="4.7337150">
    <ele>337.6</ele>
   </trkpt>
   <trkpt lat="47.2914690" lon="4.7337960">
    <ele>337.2</ele>
   </trkpt>
   <trkpt lat="47.2914870" lon="4.7338520">
    <ele>337.2</ele>
   </trkpt>
   <trkpt lat="47.2915310" lon="4.7340190">
    <ele>338.2</ele>
   </trkpt>
   <trkpt lat="47.2915500" lon="4.7340510">
    <ele>338.4</ele>
   </trkpt>
   <trkpt lat="47.2915730" lon="4.7341140">
    <ele>339.0</ele>
   </trkpt>
   <trkpt lat="47.2915940" lon="4.7341730">
    <ele>339.4</ele>
   </trkpt>
   <trkpt lat="47.2915970" lon="4.7342030">
    <ele>340.0</ele>
   </trkpt>
   <trkpt lat="47.2916020" lon="4.7342970">
    <ele>341.2</ele>
   </trkpt>
   <trkpt lat="47.2916060" lon="4.7343220">
    <ele>341.6</ele>
   </trkpt>
   <trkpt lat="47.2916080" lon="4.7343810">
    <ele>342.4</ele>
   </trkpt>
   <trkpt lat="47.2916140" lon="4.7344660">
    <ele>343.4</ele>
   </trkpt>
   <trkpt lat="47.2916230" lon="4.7344850">
    <ele>343.8</ele>
   </trkpt>
   <trkpt lat="47.2916330" lon="4.7344980">
    <ele>344.2</ele>
   </trkpt>
   <trkpt lat="47.2916480" lon="4.7345040">
    <ele>344.4</ele>
   </trkpt>
   <trkpt lat="47.2916720" lon="4.7344940">
    <ele>345.8</ele>
   </trkpt>
   <trkpt lat="47.2916810" lon="4.7344910">
    <ele>346.6</ele>
   </trkpt>
   <trkpt lat="47.2916940" lon="4.7344890">
    <ele>347.0</ele>
   </trkpt>
   <trkpt lat="47.2917160" lon="4.7345060">
    <ele>347.8</ele>
   </trkpt>
   <trkpt lat="47.2917370" lon="4.7345260">
    <ele>348.4</ele>
   </trkpt>
   <trkpt lat="47.2917430" lon="4.7345380">
    <ele>348.6</ele>
   </trkpt>
   <trkpt lat="47.2917610" lon="4.7345520">
    <ele>349.6</ele>
   </trkpt>
   <trkpt lat="47.2917680" lon="4.7345580">
    <ele>350.2</ele>
   </trkpt>
   <trkpt lat="47.2917760" lon="4.7345650">
    <ele>350.6</ele>
   </trkpt>
   <trkpt lat="47.2917860" lon="4.7345710">
    <ele>351.0</ele>
   </trkpt>
   <trkpt lat="47.2918050" lon="4.7345760">
    <ele>351.4</ele>
   </trkpt>
   <trkpt lat="47.2918280" lon="4.7345760">
    <ele>351.8</ele>
   </trkpt>
   <trkpt lat="47.2918540" lon="4.7345900">
    <ele>352.6</ele>
   </trkpt>
   <trkpt lat="47.2918680" lon="4.7345920">
    <ele>353.0</ele>
   </trkpt>
   <trkpt lat="47.2918970" lon="4.7345920">
    <ele>353.8</ele>
   </trkpt>
   <trkpt lat="47.2919130" lon="4.7345970">
    <ele>354.4</ele>
   </trkpt>
   <trkpt lat="47.2919600" lon="4.7346050">
    <ele>355.8</ele>
   </trkpt>
   <trkpt lat="47.2919790" lon="4.7346100">
    <ele>356.2</ele>
   </trkpt>
   <trkpt lat="47.2919940" lon="4.7346120">
    <ele>356.8</ele>
   </trkpt>
   <trkpt lat="47.2920270" lon="4.7346150">
    <ele>357.8</ele>
   </trkpt>
   <trkpt lat="47.2920420" lon="4.7346150">
    <ele>358.0</ele>
   </trkpt>
   <trkpt lat="47.2920690" lon="4.7346260">
    <ele>358.6</ele>
   </trkpt>
   <trkpt lat="47.2920910" lon="4.7346140">
    <ele>359.2</ele>
   </trkpt>
   <trkpt lat="47.2921110" lon="4.7346170">
    <ele>359.8</ele>
   </trkpt>
   <trkpt lat="47.2921320" lon="4.7346190">
    <ele>360.4</ele>
   </trkpt>
   <trkpt lat="47.2921790" lon="4.7346260">
    <ele>361.8</ele>
   </trkpt>
   <trkpt lat="47.2922150" lon="4.7346230">
    <ele>362.8</ele>
   </trkpt>
   <trkpt lat="47.2922400" lon="4.7346210">
    <ele>364.0</ele>
   </trkpt>
   <trkpt lat="47.2922920" lon="4.7346290">
    <ele>364.6</ele>
   </trkpt>
   <trkpt lat="47.2923050" lon="4.7346320">
    <ele>364.6</ele>
   </trkpt>
   <trkpt lat="47.2923260" lon="4.7346760">
    <ele>365.2</ele>
   </trkpt>
   <trkpt lat="47.2923750" lon="4.7347170">
    <ele>366.4</ele>
   </trkpt>
   <trkpt lat="47.2924100" lon="4.7347470">
    <ele>366.8</ele>
   </trkpt>
   <trkpt lat="47.2924430" lon="4.7347520">
    <ele>367.4</ele>
   </trkpt>
   <trkpt lat="47.2924680" lon="4.7347410">
    <ele>367.8</ele>
   </trkpt>
   <trkpt lat="47.2924680" lon="4.7346940">
    <ele>368.6</ele>
   </trkpt>
   <trkpt lat="47.2924570" lon="4.7346320">
    <ele>369.2</ele>
   </trkpt>
   <trkpt lat="47.2924790" lon="4.7346020">
    <ele>369.6</ele>
   </trkpt>
   <trkpt lat="47.2925050" lon="4.7346010">
    <ele>369.8</ele>
   </trkpt>
   <trkpt lat="47.2926170" lon="4.7345510">
    <ele>370.8</ele>
   </trkpt>
   <trkpt lat="47.2926360" lon="4.7345410">
    <ele>370.8</ele>
   </trkpt>
   <trkpt lat="47.2927120" lon="4.7344810">
    <ele>372.0</ele>
   </trkpt>
   <trkpt lat="47.2928360" lon="4.7343040">
    <ele>372.8</ele>
   </trkpt>
   <trkpt lat="47.2928700" lon="4.7342430">
    <ele>373.2</ele>
   </trkpt>
   <trkpt lat="47.2929300" lon="4.7341900">
    <ele>374.4</ele>
   </trkpt>
   <trkpt lat="47.2929530" lon="4.7341880">
    <ele>374.8</ele>
   </trkpt>
   <trkpt lat="47.2930190" lon="4.7342040">
    <ele>375.8</ele>
   </trkpt>
   <trkpt lat="47.2930810" lon="4.7342260">
    <ele>376.4</ele>
   </trkpt>
   <trkpt lat="47.2931690" lon="4.7342370">
    <ele>376.8</ele>
   </trkpt>
   <trkpt lat="47.2932580" lon="4.7342530">
    <ele>377.6</ele>
   </trkpt>
   <trkpt lat="47.2932970" lon="4.7342590">
    <ele>378.2</ele>
   </trkpt>
   <trkpt lat="47.2933340" lon="4.7342610">
    <ele>378.8</ele>
   </trkpt>
   <trkpt lat="47.2933830" lon="4.7342720">
    <ele>379.2</ele>
   </trkpt>
   <trkpt lat="47.2934820" lon="4.7342660">
    <ele>380.4</ele>
   </trkpt>
   <trkpt lat="47.2935240" lon="4.7342550">
    <ele>380.8</ele>
   </trkpt>
   <trkpt lat="47.2935780" lon="4.7342230">
    <ele>381.4</ele>
   </trkpt>
   <trkpt lat="47.2936450" lon="4.7341730">
    <ele>382.6</ele>
   </trkpt>
   <trkpt lat="47.2936680" lon="4.7341490">
    <ele>382.8</ele>
   </trkpt>
   <trkpt lat="47.2937450" lon="4.7340490">
    <ele>383.8</ele>
   </trkpt>
   <trkpt lat="47.2937960" lon="4.7339620">
    <ele>384.6</ele>
   </trkpt>
   <trkpt lat="47.2938520" lon="4.7338760">
    <ele>385.2</ele>
   </trkpt>
   <trkpt lat="47.2938870" lon="4.7338130">
    <ele>385.8</ele>
   </trkpt>
   <trkpt lat="47.2939180" lon="4.7337400">
    <ele>386.0</ele>
   </trkpt>
   <trkpt lat="47.2939340" lon="4.7337060">
    <ele>386.4</ele>
   </trkpt>
   <trkpt lat="47.2940140" lon="4.7335130">
    <ele>387.2</ele>
   </trkpt>
   <trkpt lat="47.2940480" lon="4.7334440">
    <ele>387.8</ele>
   </trkpt>
   <trkpt lat="47.2941620" lon="4.7332850">
    <ele>388.4</ele>
   </trkpt>
   <trkpt lat="47.2942010" lon="4.7332470">
    <ele>388.8</ele>
   </trkpt>
   <trkpt lat="47.2942860" lon="4.7331830">
    <ele>390.0</ele>
   </trkpt>
   <trkpt lat="47.2943290" lon="4.7331560">
    <ele>390.6</ele>
   </trkpt>
   <trkpt lat="47.2943680" lon="4.7331300">
    <ele>391.6</ele>
   </trkpt>
   <trkpt lat="47.2944130" lon="4.7331070">
    <ele>392.8</ele>
   </trkpt>
   <trkpt lat="47.2944850" lon="4.7330860">
    <ele>393.2</ele>
   </trkpt>
   <trkpt lat="47.2945590" lon="4.7330780">
    <ele>393.8</ele>
   </trkpt>
   <trkpt lat="47.2946940" lon="4.7330650">
    <ele>394.8</ele>
   </trkpt>
   <trkpt lat="47.2947980" lon="4.7330930">
    <ele>396.2</ele>
   </trkpt>
   <trkpt lat="47.2948440" lon="4.7331020">
    <ele>397.0</ele>
   </trkpt>
   <trkpt lat="47.2948890" lon="4.7331070">
    <ele>397.4</ele>
   </trkpt>
   <trkpt lat="47.2949690" lon="4.7330970">
    <ele>398.4</ele>
   </trkpt>
   <trkpt lat="47.2949890" lon="4.7330980">
    <ele>398.8</ele>
   </trkpt>
   <trkpt lat="47.2950570" lon="4.7331030">
    <ele>399.6</ele>
   </trkpt>
   <trkpt lat="47.2951000" lon="4.7331320">
    <ele>400.6</ele>
   </trkpt>
   <trkpt lat="47.2951120" lon="4.7331400">
    <ele>400.8</ele>
   </trkpt>
   <trkpt lat="47.2951790" lon="4.7331970">
    <ele>402.0</ele>
   </trkpt>
   <trkpt lat="47.2951960" lon="4.7332130">
    <ele>402.8</ele>
   </trkpt>
   <trkpt lat="47.2952130" lon="4.7332320">
    <ele>403.4</ele>
   </trkpt>
   <trkpt lat="47.2952580" lon="4.7332840">
    <ele>404.4</ele>
   </trkpt>
   <trkpt lat="47.2953110" lon="4.7333300">
    <ele>404.8</ele>
   </trkpt>
   <trkpt lat="47.2953990" lon="4.7333920">
    <ele>405.8</ele>
   </trkpt>
   <trkpt lat="47.2954790" lon="4.7334320">
    <ele>407.2</ele>
   </trkpt>
   <trkpt lat="47.2955580" lon="4.7334590">
    <ele>408.2</ele>
   </trkpt>
   <trkpt lat="47.2956320" lon="4.7334940">
    <ele>408.8</ele>
   </trkpt>
   <trkpt lat="47.2957240" lon="4.7335380">
    <ele>409.4</ele>
   </trkpt>
   <trkpt lat="47.2958090" lon="4.7335810">
    <ele>410.6</ele>
   </trkpt>
   <trkpt lat="47.2959130" lon="4.7336260">
    <ele>411.6</ele>
   </trkpt>
   <trkpt lat="47.2959580" lon="4.7336480">
    <ele>412.2</ele>
   </trkpt>
   <trkpt lat="47.2960260" lon="4.7336760">
    <ele>412.8</ele>
   </trkpt>
   <trkpt lat="47.2961200" lon="4.7337000">
    <ele>414.0</ele>
   </trkpt>
   <trkpt lat="47.2961430" lon="4.7337050">
    <ele>414.4</ele>
   </trkpt>
   <trkpt lat="47.2961920" lon="4.7337220">
    <ele>415.2</ele>
   </trkpt>
   <trkpt lat="47.2963070" lon="4.7337640">
    <ele>416.2</ele>
   </trkpt>
   <trkpt lat="47.2963450" lon="4.7337790">
    <ele>416.6</ele>
   </trkpt>
   <trkpt lat="47.2963860" lon="4.7337960">
    <ele>417.6</ele>
   </trkpt>
   <trkpt lat="47.2964240" lon="4.7338100">
    <ele>418.4</ele>
   </trkpt>
   <trkpt lat="47.2964430" lon="4.7338160">
    <ele>418.8</ele>
   </trkpt>
   <trkpt lat="47.2965240" lon="4.7338480">
    <ele>419.6</ele>
   </trkpt>
   <trkpt lat="47.2965470" lon="4.7338600">
    <ele>419.8</ele>
   </trkpt>
   <trkpt lat="47.2966080" lon="4.7338910">
    <ele>421.0</ele>
   </trkpt>
   <trkpt lat="47.2966540" lon="4.7339480">
    <ele>421.6</ele>
   </trkpt>
   <trkpt lat="47.2966650" lon="4.7339710">
    <ele>422.2</ele>
   </trkpt>
   <trkpt lat="47.2966790" lon="4.7340170">
    <ele>423.4</ele>
   </trkpt>
   <trkpt lat="47.2967020" lon="4.7340930">
    <ele>425.0</ele>
   </trkpt>
   <trkpt lat="47.2967120" lon="4.7341200">
    <ele>425.4</ele>
   </trkpt>
   <trkpt lat="47.2967210" lon="4.7341810">
    <ele>426.0</ele>
   </trkpt>
   <trkpt lat="47.2967390" lon="4.7342690">
    <ele>426.8</ele>
   </trkpt>
   <trkpt lat="47.2967420" lon="4.7342990">
    <ele>427.0</ele>
   </trkpt>
   <trkpt lat="47.2967540" lon="4.7344030">
    <ele>428.6</ele>
   </trkpt>
   <trkpt lat="47.2967620" lon="4.7344540">
    <ele>429.6</ele>
   </trkpt>
   <trkpt lat="47.2967740" lon="4.7344800">
    <ele>429.8</ele>
   </trkpt>
   <trkpt lat="47.2967880" lon="4.7345640">
    <ele>431.0</ele>
   </trkpt>
   <trkpt lat="47.2968010" lon="4.7346390">
    <ele>432.2</ele>
   </trkpt>
   <trkpt lat="47.2968100" lon="4.7346880">
    <ele>433.0</ele>
   </trkpt>
   <trkpt lat="47.2968050" lon="4.7347160">
    <ele>433.2</ele>
   </trkpt>
   <trkpt lat="47.2968100" lon="4.7348020">
    <ele>434.0</ele>
   </trkpt>
   <trkpt lat="47.2968190" lon="4.7348300">
    <ele>434.6</ele>
   </trkpt>
   <trkpt lat="47.2968160" lon="4.7348570">
    <ele>434.8</ele>
   </trkpt>
   <trkpt lat="47.2968200" lon="4.7349060">
    <ele>435.2</ele>
   </trkpt>
   <trkpt lat="47.2968270" lon="4.7349460">
    <ele>436.0</ele>
   </trkpt>
   <trkpt lat="47.2968330" lon="4.7349600">
    <ele>436.4</ele>
   </trkpt>
   <trkpt lat="47.2968370" lon="4.7349770">
    <ele>437.0</ele>
   </trkpt>
   <trkpt lat="47.2968400" lon="4.7349950">
    <ele>437.4</ele>
   </trkpt>
   <trkpt lat="47.2968490" lon="4.7350280">
    <ele>438.0</ele>
   </trkpt>
   <trkpt lat="47.2968570" lon="4.7350800">
    <ele>438.8</ele>
   </trkpt>
   <trkpt lat="47.2968640" lon="4.7351040">
    <ele>439.2</ele>
   </trkpt>
   <trkpt lat="47.2968630" lon="4.7351340">
    <ele>439.8</ele>
   </trkpt>
   <trkpt lat="47.2968660" lon="4.7351500">
    <ele>440.2</ele>
   </trkpt>
   <trkpt lat="47.2968720" lon="4.7351620">
    <ele>440.6</ele>
   </trkpt>
   <trkpt lat="47.2968920" lon="4.7351860">
    <ele>441.4</ele>
   </trkpt>
   <trkpt lat="47.2969170" lon="4.7352460">
    <ele>442.4</ele>
   </trkpt>
   <trkpt lat="47.2969210" lon="4.7352660">
    <ele>442.8</ele>
   </trkpt>
   <trkpt lat="47.2969500" lon="4.7353160">
    <ele>444.2</ele>
   </trkpt>
   <trkpt lat="47.2969700" lon="4.7353350">
    <ele>445.2</ele>
   </trkpt>
   <trkpt lat="47.2969900" lon="4.7353700">
    <ele>446.0</ele>
   </trkpt>
   <trkpt lat="47.2970050" lon="4.7353870">
    <ele>446.4</ele>
   </trkpt>
   <trkpt lat="47.2970210" lon="4.7354150">
    <ele>447.4</ele>
   </trkpt>
   <trkpt lat="47.2970420" lon="4.7354520">
    <ele>448.8</ele>
   </trkpt>
   <trkpt lat="47.2970680" lon="4.7355040">
    <ele>450.0</ele>
   </trkpt>
   <trkpt lat="47.2971100" lon="4.7355430">
    <ele>450.6</ele>
   </trkpt>
   <trkpt lat="47.2971300" lon="4.7355750">
    <ele>451.2</ele>
   </trkpt>
   <trkpt lat="47.2971470" lon="4.7356340">
    <ele>452.2</ele>
   </trkpt>
   <trkpt lat="47.2971450" lon="4.7356530">
    <ele>452.8</ele>
   </trkpt>
   <trkpt lat="47.2971490" lon="4.7356770">
    <ele>453.2</ele>
   </trkpt>
   <trkpt lat="47.2971730" lon="4.7357270">
    <ele>454.4</ele>
   </trkpt>
   <trkpt lat="47.2971900" lon="4.7357440">
    <ele>454.6</ele>
   </trkpt>
   <trkpt lat="47.2971960" lon="4.7357840">
    <ele>454.8</ele>
   </trkpt>
   <trkpt lat="47.2972180" lon="4.7358610">
    <ele>455.2</ele>
   </trkpt>
   <trkpt lat="47.2972150" lon="4.7358900">
    <ele>455.4</ele>
   </trkpt>
   <trkpt lat="47.2972220" lon="4.7359410">
    <ele>456.2</ele>
   </trkpt>
   <trkpt lat="47.2972260" lon="4.7359590">
    <ele>456.4</ele>
   </trkpt>
   <trkpt lat="47.2972280" lon="4.7359900">
    <ele>457.4</ele>
   </trkpt>
   <trkpt lat="47.2972330" lon="4.7360070">
    <ele>457.8</ele>
   </trkpt>
   <trkpt lat="47.2972340" lon="4.7360280">
    <ele>458.0</ele>
   </trkpt>
   <trkpt lat="47.2972400" lon="4.7361040">
    <ele>458.8</ele>
   </trkpt>
   <trkpt lat="47.2972480" lon="4.7361130">
    <ele>459.4</ele>
   </trkpt>
   <trkpt lat="47.2972520" lon="4.7361440">
    <ele>460.0</ele>
   </trkpt>
   <trkpt lat="47.2972860" lon="4.7362030">
    <ele>461.0</ele>
   </trkpt>
   <trkpt lat="47.2972950" lon="4.7362130">
    <ele>461.4</ele>
   </trkpt>
   <trkpt lat="47.2973140" lon="4.7362230">
    <ele>462.2</ele>
   </trkpt>
   <trkpt lat="47.2973340" lon="4.7362290">
    <ele>462.8</ele>
   </trkpt>
   <trkpt lat="47.2973560" lon="4.7362440">
    <ele>463.6</ele>
   </trkpt>
   <trkpt lat="47.2973800" lon="4.7362570">
    <ele>464.6</ele>
   </trkpt>
   <trkpt lat="47.2974190" lon="4.7362610">
    <ele>465.8</ele>
   </trkpt>
   <trkpt lat="47.2974360" lon="4.7362670">
    <ele>466.0</ele>
   </trkpt>
   <trkpt lat="47.2974540" lon="4.7362980">
    <ele>466.8</ele>
   </trkpt>
   <trkpt lat="47.2974600" lon="4.7363540">
    <ele>468.2</ele>
   </trkpt>
   <trkpt lat="47.2974900" lon="4.7363960">
    <ele>469.0</ele>
   </trkpt>
   <trkpt lat="47.2975020" lon="4.7364410">
    <ele>469.4</ele>
   </trkpt>
   <trkpt lat="47.2975070" lon="4.7365020">
    <ele>471.0</ele>
   </trkpt>
   <trkpt lat="47.2975080" lon="4.7365270">
    <ele>471.2</ele>
   </trkpt>
   <trkpt lat="47.2975040" lon="4.7365920">
    <ele>472.4</ele>
   </trkpt>
   <trkpt lat="47.2975030" lon="4.7366110">
    <ele>472.8</ele>
   </trkpt>
   <trkpt lat="47.2975010" lon="4.7366390">
    <ele>473.4</ele>
   </trkpt>
   <trkpt lat="47.2974930" lon="4.7366610">
    <ele>473.8</ele>
   </trkpt>
   <trkpt lat="47.2974790" lon="4.7367520">
    <ele>475.2</ele>
   </trkpt>
   <trkpt lat="47.2974790" lon="4.7367740">
    <ele>475.8</ele>
   </trkpt>
   <trkpt lat="47.2974770" lon="4.7368030">
    <ele>476.4</ele>
   </trkpt>
   <trkpt lat="47.2974530" lon="4.7368610">
    <ele>478.4</ele>
   </trkpt>
   <trkpt lat="47.2974420" lon="4.7368790">
    <ele>479.0</ele>
   </trkpt>
   <trkpt lat="47.2974370" lon="4.7368950">
    <ele>479.4</ele>
   </trkpt>
   <trkpt lat="47.2974220" lon="4.7369450">
    <ele>480.6</ele>
   </trkpt>
   <trkpt lat="47.2974030" lon="4.7369840">
    <ele>481.0</ele>
   </trkpt>
   <trkpt lat="47.2973920" lon="4.7370320">
    <ele>482.4</ele>
   </trkpt>
   <trkpt lat="47.2973850" lon="4.7370740">
    <ele>483.2</ele>
   </trkpt>
   <trkpt lat="47.2973760" lon="4.7371180">
    <ele>483.4</ele>
   </trkpt>
   <trkpt lat="47.2973750" lon="4.7371540">
    <ele>483.4</ele>
   </trkpt>
   <trkpt lat="47.2973660" lon="4.7371880">
    <ele>484.6</ele>
   </trkpt>
   <trkpt lat="47.2973600" lon="4.7372010">
    <ele>485.0</ele>
   </trkpt>
   <trkpt lat="47.2973520" lon="4.7372330">
    <ele>486.0</ele>
   </trkpt>
   <trkpt lat="47.2973480" lon="4.7372510">
    <ele>486.4</ele>
   </trkpt>
   <trkpt lat="47.2973260" lon="4.7372930">
    <ele>487.0</ele>
   </trkpt>
   <trkpt lat="47.2973070" lon="4.7373650">
    <ele>488.2</ele>
   </trkpt>
   <trkpt lat="47.2972860" lon="4.7374390">
    <ele>489.4</ele>
   </trkpt>
   <trkpt lat="47.2972690" lon="4.7375240">
    <ele>490.4</ele>
   </trkpt>
   <trkpt lat="47.2972690" lon="4.7375930">
    <ele>491.8</ele>
   </trkpt>
   <trkpt lat="47.2972710" lon="4.7376330">
    <ele>492.6</ele>
   </trkpt>
   <trkpt lat="47.2972730" lon="4.7376510">
    <ele>493.0</ele>
   </trkpt>
   <trkpt lat="47.2972450" lon="4.7376690">
    <ele>494.0</ele>
   </trkpt>
   <trkpt lat="47.2972520" lon="4.7376920">
    <ele>494.2</ele>
   </trkpt>
   <trkpt lat="47.2972630" lon="4.7377300">
    <ele>494.8</ele>
   </trkpt>
   <trkpt lat="47.2972690" lon="4.7377680">
    <ele>495.2</ele>
   </trkpt>
   <trkpt lat="47.2972820" lon="4.7378500">
    <ele>496.6</ele>
   </trkpt>
   <trkpt lat="47.2973180" lon="4.7378810">
    <ele>497.8</ele>
   </trkpt>
   <trkpt lat="47.2973230" lon="4.7379000">
    <ele>498.0</ele>
   </trkpt>
   <trkpt lat="47.2973230" lon="4.7379390">
    <ele>498.2</ele>
   </trkpt>
   <trkpt lat="47.2973050" lon="4.7380750">
    <ele>498.8</ele>
   </trkpt>
   <trkpt lat="47.2972770" lon="4.7382830">
    <ele>499.4</ele>
   </trkpt>
   <trkpt lat="47.2972420" lon="4.7384860">
    <ele>499.8</ele>
   </trkpt>
   <trkpt lat="47.2972070" lon="4.7387140">
    <ele>500.2</ele>
   </trkpt>
   <trkpt lat="47.2971920" lon="4.7389560">
    <ele>500.0</ele>
   </trkpt>
   <trkpt lat="47.2971830" lon="4.7390840">
    <ele>500.0</ele>
   </trkpt>
   <trkpt lat="47.2971760" lon="4.7392130">
    <ele>499.8</ele>
   </trkpt>
   <trkpt lat="47.2971620" lon="4.7395060">
    <ele>499.2</ele>
   </trkpt>
   <trkpt lat="47.2971480" lon="4.7397930">
    <ele>500.4</ele>
   </trkpt>
   <trkpt lat="47.2971310" lon="4.7399310">
    <ele>500.0</ele>
   </trkpt>
   <trkpt lat="47.2971220" lon="4.7400030">
    <ele>500.0</ele>
   </trkpt>
   <trkpt lat="47.2971250" lon="4.7401960">
    <ele>500.4</ele>
   </trkpt>
   <trkpt lat="47.2971180" lon="4.7402700">
    <ele>501.0</ele>
   </trkpt>
   <trkpt lat="47.2971040" lon="4.7403680">
    <ele>501.2</ele>
   </trkpt>
   <trkpt lat="47.2970730" lon="4.7405540">
    <ele>501.2</ele>
   </trkpt>
   <trkpt lat="47.2970130" lon="4.7408350">
    <ele>502.0</ele>
   </trkpt>
   <trkpt lat="47.2969980" lon="4.7408750">
    <ele>502.2</ele>
   </trkpt>
   <trkpt lat="47.2969450" lon="4.7410360">
    <ele>502.0</ele>
   </trkpt>
   <trkpt lat="47.2969340" lon="4.7411860">
    <ele>501.6</ele>
   </trkpt>
   <trkpt lat="47.2969320" lon="4.7412590">
    <ele>501.6</ele>
   </trkpt>
   <trkpt lat="47.2969090" lon="4.7414370">
    <ele>501.4</ele>
   </trkpt>
   <trkpt lat="47.2969030" lon="4.7414660">
    <ele>501.4</ele>
   </trkpt>
   <trkpt lat="47.2968740" lon="4.7417350">
    <ele>501.4</ele>
   </trkpt>
   <trkpt lat="47.2968670" lon="4.7418400">
    <ele>501.0</ele>
   </trkpt>
   <trkpt lat="47.2968500" lon="4.7419120">
    <ele>500.4</ele>
   </trkpt>
   <trkpt lat="47.2968430" lon="4.7419460">
    <ele>500.4</ele>
   </trkpt>
   <trkpt lat="47.2967860" lon="4.7421590">
    <ele>500.2</ele>
   </trkpt>
   <trkpt lat="47.2967750" lon="4.7422010">
    <ele>500.2</ele>
   </trkpt>
   <trkpt lat="47.2967410" lon="4.7423610">
    <ele>500.4</ele>
   </trkpt>
   <trkpt lat="47.2966870" lon="4.7426160">
    <ele>501.4</ele>
   </trkpt>
   <trkpt lat="47.2966900" lon="4.7426570">
    <ele>501.4</ele>
   </trkpt>
   <trkpt lat="47.2966790" lon="4.7427760">
    <ele>502.0</ele>
   </trkpt>
   <trkpt lat="47.2966680" lon="4.7428340">
    <ele>502.2</ele>
   </trkpt>
   <trkpt lat="47.2966570" lon="4.7429520">
    <ele>503.0</ele>
   </trkpt>
   <trkpt lat="47.2966480" lon="4.7430140">
    <ele>504.2</ele>
   </trkpt>
   <trkpt lat="47.2966450" lon="4.7430380">
    <ele>504.4</ele>
   </trkpt>
   <trkpt lat="47.2966460" lon="4.7430560">
    <ele>505.0</ele>
   </trkpt>
   <trkpt lat="47.2966490" lon="4.7430770">
    <ele>505.6</ele>
   </trkpt>
   <trkpt lat="47.2966740" lon="4.7431320">
    <ele>506.8</ele>
   </trkpt>
   <trkpt lat="47.2966760" lon="4.7431440">
    <ele>507.2</ele>
   </trkpt>
   <trkpt lat="47.2966800" lon="4.7431690">
    <ele>507.6</ele>
   </trkpt>
   <trkpt lat="47.2966870" lon="4.7431970">
    <ele>508.4</ele>
   </trkpt>
   <trkpt lat="47.2966950" lon="4.7432120">
    <ele>508.8</ele>
   </trkpt>
   <trkpt lat="47.2966990" lon="4.7432500">
    <ele>509.2</ele>
   </trkpt>
   <trkpt lat="47.2967010" lon="4.7432560">
    <ele>510.0</ele>
   </trkpt>
   <trkpt lat="47.2967140" lon="4.7432800">
    <ele>510.8</ele>
   </trkpt>
   <trkpt lat="47.2967240" lon="4.7432970">
    <ele>511.2</ele>
   </trkpt>
   <trkpt lat="47.2967420" lon="4.7433340">
    <ele>512.0</ele>
   </trkpt>
   <trkpt lat="47.2967510" lon="4.7433590">
    <ele>512.6</ele>
   </trkpt>
   <trkpt lat="47.2967580" lon="4.7433900">
    <ele>513.8</ele>
   </trkpt>
   <trkpt lat="47.2967870" lon="4.7434310">
    <ele>515.2</ele>
   </trkpt>
   <trkpt lat="47.2967960" lon="4.7434530">
    <ele>515.8</ele>
   </trkpt>
   <trkpt lat="47.2968240" lon="4.7434640">
    <ele>516.4</ele>
   </trkpt>
   <trkpt lat="47.2968380" lon="4.7434780">
    <ele>517.6</ele>
   </trkpt>
   <trkpt lat="47.2968610" lon="4.7434870">
    <ele>518.6</ele>
   </trkpt>
   <trkpt lat="47.2968690" lon="4.7434900">
    <ele>518.8</ele>
   </trkpt>
   <trkpt lat="47.2968900" lon="4.7434920">
    <ele>519.8</ele>
   </trkpt>
   <trkpt lat="47.2969080" lon="4.7435040">
    <ele>520.6</ele>
   </trkpt>
   <trkpt lat="47.2969170" lon="4.7435160">
    <ele>521.0</ele>
   </trkpt>
   <trkpt lat="47.2969420" lon="4.7435340">
    <ele>521.6</ele>
   </trkpt>
   <trkpt lat="47.2969650" lon="4.7435270">
    <ele>522.2</ele>
   </trkpt>
   <trkpt lat="47.2970000" lon="4.7434960">
    <ele>523.0</ele>
   </trkpt>
   <trkpt lat="47.2970190" lon="4.7434800">
    <ele>523.6</ele>
   </trkpt>
   <trkpt lat="47.2970850" lon="4.7434420">
    <ele>524.6</ele>
   </trkpt>
   <trkpt lat="47.2971060" lon="4.7434550">
    <ele>525.2</ele>
   </trkpt>
   <trkpt lat="47.2971310" lon="4.7434730">
    <ele>525.8</ele>
   </trkpt>
   <trkpt lat="47.2971700" lon="4.7434940">
    <ele>526.6</ele>
   </trkpt>
   <trkpt lat="47.2972080" lon="4.7434930">
    <ele>527.0</ele>
   </trkpt>
   <trkpt lat="47.2972230" lon="4.7435000">
    <ele>527.2</ele>
   </trkpt>
   <trkpt lat="47.2972700" lon="4.7435000">
    <ele>527.4</ele>
   </trkpt>
   <trkpt lat="47.2972800" lon="4.7435040">
    <ele>527.6</ele>
   </trkpt>
   <trkpt lat="47.2973110" lon="4.7435230">
    <ele>527.8</ele>
   </trkpt>
   <trkpt lat="47.2973560" lon="4.7435350">
    <ele>528.2</ele>
   </trkpt>
   <trkpt lat="47.2973850" lon="4.7435500">
    <ele>528.4</ele>
   </trkpt>
   <trkpt lat="47.2975230" lon="4.7435850">
    <ele>529.0</ele>
   </trkpt>
   <trkpt lat="47.2976300" lon="4.7435950">
    <ele>528.6</ele>
   </trkpt>
   <trkpt lat="47.2976510" lon="4.7435980">
    <ele>528.6</ele>
   </trkpt>
   <trkpt lat="47.2977790" lon="4.7436780">
    <ele>529.2</ele>
   </trkpt>
   <trkpt lat="47.2977970" lon="4.7436960">
    <ele>529.2</ele>
   </trkpt>
   <trkpt lat="47.2979130" lon="4.7438120">
    <ele>529.4</ele>
   </trkpt>
   <trkpt lat="47.2980230" lon="4.7439000">
    <ele>530.4</ele>
   </trkpt>
   <trkpt lat="47.2982390" lon="4.7440210">
    <ele>530.4</ele>
   </trkpt>
   <trkpt lat="47.2983610" lon="4.7441050">
    <ele>530.6</ele>
   </trkpt>
   <trkpt lat="47.2984140" lon="4.7441530">
    <ele>530.6</ele>
   </trkpt>
   <trkpt lat="47.2985250" lon="4.7442980">
    <ele>530.8</ele>
   </trkpt>
   <trkpt lat="47.2987090" lon="4.7444340">
    <ele>530.2</ele>
   </trkpt>
   <trkpt lat="47.2987610" lon="4.7444640">
    <ele>530.2</ele>
   </trkpt>
   <trkpt lat="47.2987720" lon="4.7444890">
    <ele>530.6</ele>
   </trkpt>
   <trkpt lat="47.2987730" lon="4.7445090">
    <ele>531.0</ele>
   </trkpt>
   <trkpt lat="47.2987780" lon="4.7445320">
    <ele>531.4</ele>
   </trkpt>
   <trkpt lat="47.2987570" lon="4.7445660">
    <ele>531.8</ele>
   </trkpt>
   <trkpt lat="47.2987400" lon="4.7446360">
    <ele>532.6</ele>
   </trkpt>
   <trkpt lat="47.2986960" lon="4.7447290">
    <ele>533.0</ele>
   </trkpt>
   <trkpt lat="47.2986090" lon="4.7448440">
    <ele>533.6</ele>
   </trkpt>
   <trkpt lat="47.2985860" lon="4.7448950">
    <ele>534.2</ele>
   </trkpt>
   <trkpt lat="47.2985530" lon="4.7449400">
    <ele>534.8</ele>
   </trkpt>
   <trkpt lat="47.2984910" lon="4.7449990">
    <ele>535.4</ele>
   </trkpt>
   <trkpt lat="47.2983330" lon="4.7450540">
    <ele>535.4</ele>
   </trkpt>
   <trkpt lat="47.2981780" lon="4.7450230">
    <ele>536.2</ele>
   </trkpt>
   <trkpt lat="47.2981470" lon="4.7450100">
    <ele>536.4</ele>
   </trkpt>
   <trkpt lat="47.2979940" lon="4.7449090">
    <ele>537.2</ele>
   </trkpt>
   <trkpt lat="47.2979620" lon="4.7449070">
    <ele>537.4</ele>
   </trkpt>
   <trkpt lat="47.2978800" lon="4.7449500">
    <ele>537.2</ele>
   </trkpt>
   <trkpt lat="47.2978660" lon="4.7449810">
    <ele>537.2</ele>
   </trkpt>
   <trkpt lat="47.2978190" lon="4.7452150">
    <ele>537.4</ele>
   </trkpt>
   <trkpt lat="47.2978010" lon="4.7454350">
    <ele>537.0</ele>
   </trkpt>
   <trkpt lat="47.2978140" lon="4.7455240">
    <ele>536.8</ele>
   </trkpt>
   <trkpt lat="47.2978420" lon="4.7457040">
    <ele>536.4</ele>
   </trkpt>
   <trkpt lat="47.2978550" lon="4.7459220">
    <ele>536.4</ele>
   </trkpt>
   <trkpt lat="47.2978600" lon="4.7460640">
    <ele>536.2</ele>
   </trkpt>
   <trkpt lat="47.2978820" lon="4.7461860">
    <ele>535.2</ele>
   </trkpt>
   <trkpt lat="47.2978810" lon="4.7462400">
    <ele>535.2</ele>
   </trkpt>
   <trkpt lat="47.2978990" lon="4.7464400">
    <ele>535.4</ele>
   </trkpt>
   <trkpt lat="47.2979050" lon="4.7467460">
    <ele>535.4</ele>
   </trkpt>
   <trkpt lat="47.2978790" lon="4.7470090">
    <ele>534.8</ele>
   </trkpt>
   <trkpt lat="47.2978810" lon="4.7470790">
    <ele>534.8</ele>
   </trkpt>
   <trkpt lat="47.2978750" lon="4.7472520">
    <ele>533.8</ele>
   </trkpt>
   <trkpt lat="47.2978720" lon="4.7472990">
    <ele>533.6</ele>
   </trkpt>
   <trkpt lat="47.2978320" lon="4.7475960">
    <ele>533.4</ele>
   </trkpt>
   <trkpt lat="47.2978200" lon="4.7477010">
    <ele>532.4</ele>
   </trkpt>
   <trkpt lat="47.2978130" lon="4.7478450">
    <ele>531.8</ele>
   </trkpt>
   <trkpt lat="47.2978380" lon="4.7481330">
    <ele>532.2</ele>
   </trkpt>
   <trkpt lat="47.2978490" lon="4.7481820">
    <ele>532.0</ele>
   </trkpt>
   <trkpt lat="47.2978660" lon="4.7482750">
    <ele>531.6</ele>
   </trkpt>
   <trkpt lat="47.2978760" lon="4.7483110">
    <ele>530.4</ele>
   </trkpt>
   <trkpt lat="47.2978740" lon="4.7483180">
    <ele>530.4</ele>
   </trkpt>
   <trkpt lat="47.2978470" lon="4.7484300">
    <ele>530.4</ele>
   </trkpt>
   <trkpt lat="47.2978450" lon="4.7484650">
    <ele>530.4</ele>
   </trkpt>
   <trkpt lat="47.2978750" lon="4.7486240">
    <ele>530.4</ele>
   </trkpt>
   <trkpt lat="47.2978780" lon="4.7486690">
    <ele>530.2</ele>
   </trkpt>
   <trkpt lat="47.2978150" lon="4.7488430">
    <ele>529.4</ele>
   </trkpt>
   <trkpt lat="47.2977680" lon="4.7489330">
    <ele>528.6</ele>
   </trkpt>
   <trkpt lat="47.2977430" lon="4.7489710">
    <ele>528.2</ele>
   </trkpt>
   <trkpt lat="47.2976830" lon="4.7490870">
    <ele>527.0</ele>
   </trkpt>
   <trkpt lat="47.2976390" lon="4.7491660">
    <ele>526.0</ele>
   </trkpt>
   <trkpt lat="47.2975910" lon="4.7492520">
    <ele>524.6</ele>
   </trkpt>
   <trkpt lat="47.2975610" lon="4.7492820">
    <ele>524.0</ele>
   </trkpt>
   <trkpt lat="47.2974990" lon="4.7493130">
    <ele>522.6</ele>
   </trkpt>
   <trkpt lat="47.2974670" lon="4.7493150">
    <ele>521.8</ele>
   </trkpt>
   <trkpt lat="47.2974350" lon="4.7493110">
    <ele>520.8</ele>
   </trkpt>
   <trkpt lat="47.2973990" lon="4.7493150">
    <ele>519.4</ele>
   </trkpt>
   <trkpt lat="47.2973240" lon="4.7493210">
    <ele>516.6</ele>
   </trkpt>
   <trkpt lat="47.2972830" lon="4.7493300">
    <ele>515.4</ele>
   </trkpt>
   <trkpt lat="47.2972410" lon="4.7493310">
    <ele>514.6</ele>
   </trkpt>
   <trkpt lat="47.2971960" lon="4.7493220">
    <ele>514.0</ele>
   </trkpt>
   <trkpt lat="47.2971550" lon="4.7492840">
    <ele>513.4</ele>
   </trkpt>
   <trkpt lat="47.2971140" lon="4.7492580">
    <ele>512.6</ele>
   </trkpt>
   <trkpt lat="47.2970410" lon="4.7492090">
    <ele>511.6</ele>
   </trkpt>
   <trkpt lat="47.2970060" lon="4.7491920">
    <ele>511.2</ele>
   </trkpt>
   <trkpt lat="47.2969660" lon="4.7491800">
    <ele>510.6</ele>
   </trkpt>
   <trkpt lat="47.2969280" lon="4.7491710">
    <ele>509.4</ele>
   </trkpt>
   <trkpt lat="47.2968870" lon="4.7491700">
    <ele>508.8</ele>
   </trkpt>
   <trkpt lat="47.2968440" lon="4.7491690">
    <ele>508.4</ele>
   </trkpt>
   <trkpt lat="47.2967290" lon="4.7491700">
    <ele>507.4</ele>
   </trkpt>
   <trkpt lat="47.2966910" lon="4.7491680">
    <ele>507.2</ele>
   </trkpt>
   <trkpt lat="47.2964910" lon="4.7491670">
    <ele>506.4</ele>
   </trkpt>
   <trkpt lat="47.2964510" lon="4.7491670">
    <ele>505.8</ele>
   </trkpt>
   <trkpt lat="47.2964120" lon="4.7491690">
    <ele>505.6</ele>
   </trkpt>
   <trkpt lat="47.2962910" lon="4.7491730">
    <ele>504.4</ele>
   </trkpt>
   <trkpt lat="47.2962480" lon="4.7491720">
    <ele>504.0</ele>
   </trkpt>
   <trkpt lat="47.2961710" lon="4.7491700">
    <ele>503.2</ele>
   </trkpt>
   <trkpt lat="47.2961310" lon="4.7491630">
    <ele>502.6</ele>
   </trkpt>
   <trkpt lat="47.2960940" lon="4.7491600">
    <ele>502.0</ele>
   </trkpt>
   <trkpt lat="47.2960580" lon="4.7491610">
    <ele>501.8</ele>
   </trkpt>
   <trkpt lat="47.2959430" lon="4.7491480">
    <ele>501.0</ele>
   </trkpt>
   <trkpt lat="47.2959050" lon="4.7491420">
    <ele>500.8</ele>
   </trkpt>
   <trkpt lat="47.2957560" lon="4.7491340">
    <ele>499.8</ele>
   </trkpt>
   <trkpt lat="47.2956140" lon="4.7491250">
    <ele>498.8</ele>
   </trkpt>
   <trkpt lat="47.2955120" lon="4.7491070">
    <ele>497.6</ele>
   </trkpt>
   <trkpt lat="47.2954060" lon="4.7490890">
    <ele>496.6</ele>
   </trkpt>
   <trkpt lat="47.2952580" lon="4.7490590">
    <ele>495.6</ele>
   </trkpt>
   <trkpt lat="47.2952240" lon="4.7490450">
    <ele>495.4</ele>
   </trkpt>
   <trkpt lat="47.2950240" lon="4.7489270">
    <ele>495.0</ele>
   </trkpt>
   <trkpt lat="47.2949940" lon="4.7488960">
    <ele>494.4</ele>
   </trkpt>
   <trkpt lat="47.2948280" lon="4.7487140">
    <ele>494.0</ele>
   </trkpt>
   <trkpt lat="47.2946590" lon="4.7485520">
    <ele>494.0</ele>
   </trkpt>
   <trkpt lat="47.2946340" lon="4.7485230">
    <ele>494.0</ele>
   </trkpt>
   <trkpt lat="47.2944730" lon="4.7483380">
    <ele>493.8</ele>
   </trkpt>
   <trkpt lat="47.2944480" lon="4.7483050">
    <ele>493.4</ele>
   </trkpt>
   <trkpt lat="47.2943980" lon="4.7482270">
    <ele>492.6</ele>
   </trkpt>
   <trkpt lat="47.2943630" lon="4.7481250">
    <ele>492.0</ele>
   </trkpt>
   <trkpt lat="47.2943560" lon="4.7480670">
    <ele>491.2</ele>
   </trkpt>
   <trkpt lat="47.2943580" lon="4.7480080">
    <ele>490.4</ele>
   </trkpt>
   <trkpt lat="47.2943700" lon="4.7478880">
    <ele>488.8</ele>
   </trkpt>
   <trkpt lat="47.2943790" lon="4.7478320">
    <ele>488.4</ele>
   </trkpt>
   <trkpt lat="47.2944000" lon="4.7477200">
    <ele>487.4</ele>
   </trkpt>
   <trkpt lat="47.2944370" lon="4.7475550">
    <ele>486.2</ele>
   </trkpt>
   <trkpt lat="47.2944640" lon="4.7474460">
    <ele>484.6</ele>
   </trkpt>
   <trkpt lat="47.2944960" lon="4.7473560">
    <ele>483.2</ele>
   </trkpt>
   <trkpt lat="47.2945300" lon="4.7472660">
    <ele>481.6</ele>
   </trkpt>
   <trkpt lat="47.2945370" lon="4.7471500">
    <ele>481.0</ele>
   </trkpt>
   <trkpt lat="47.2945450" lon="4.7471010">
    <ele>480.4</ele>
   </trkpt>
   <trkpt lat="47.2945690" lon="4.7469480">
    <ele>478.4</ele>
   </trkpt>
   <trkpt lat="47.2945710" lon="4.7468970">
    <ele>477.8</ele>
   </trkpt>
   <trkpt lat="47.2945740" lon="4.7468400">
    <ele>476.4</ele>
   </trkpt>
   <trkpt lat="47.2945940" lon="4.7467320">
    <ele>475.0</ele>
   </trkpt>
   <trkpt lat="47.2946100" lon="4.7466110">
    <ele>473.8</ele>
   </trkpt>
   <trkpt lat="47.2946260" lon="4.7465560">
    <ele>472.8</ele>
   </trkpt>
   <trkpt lat="47.2946390" lon="4.7465010">
    <ele>471.8</ele>
   </trkpt>
   <trkpt lat="47.2946510" lon="4.7464350">
    <ele>471.2</ele>
   </trkpt>
   <trkpt lat="47.2946870" lon="4.7462680">
    <ele>469.8</ele>
   </trkpt>
   <trkpt lat="47.2947010" lon="4.7461450">
    <ele>468.8</ele>
   </trkpt>
   <trkpt lat="47.2947260" lon="4.7459540">
    <ele>467.6</ele>
   </trkpt>
   <trkpt lat="47.2947730" lon="4.7458080">
    <ele>466.2</ele>
   </trkpt>
   <trkpt lat="47.2947940" lon="4.7456930">
    <ele>465.0</ele>
   </trkpt>
   <trkpt lat="47.2948160" lon="4.7455200">
    <ele>463.8</ele>
   </trkpt>
   <trkpt lat="47.2948310" lon="4.7453540">
    <ele>462.6</ele>
   </trkpt>
   <trkpt lat="47.2948530" lon="4.7451380">
    <ele>461.6</ele>
   </trkpt>
   <trkpt lat="47.2948560" lon="4.7450790">
    <ele>461.6</ele>
   </trkpt>
   <trkpt lat="47.2949090" lon="4.7448350">
    <ele>460.4</ele>
   </trkpt>
   <trkpt lat="47.2949190" lon="4.7447890">
    <ele>460.4</ele>
   </trkpt>
   <trkpt lat="47.2949760" lon="4.7445460">
    <ele>459.4</ele>
   </trkpt>
   <trkpt lat="47.2950010" lon="4.7444570">
    <ele>459.2</ele>
   </trkpt>
   <trkpt lat="47.2950670" lon="4.7442960">
    <ele>459.4</ele>
   </trkpt>
   <trkpt lat="47.2950950" lon="4.7442150">
    <ele>459.2</ele>
   </trkpt>
   <trkpt lat="47.2951980" lon="4.7440070">
    <ele>458.2</ele>
   </trkpt>
   <trkpt lat="47.2952120" lon="4.7439620">
    <ele>458.2</ele>
   </trkpt>
   <trkpt lat="47.2952610" lon="4.7437900">
    <ele>457.6</ele>
   </trkpt>
   <trkpt lat="47.2952820" lon="4.7437070">
    <ele>457.0</ele>
   </trkpt>
   <trkpt lat="47.2953010" lon="4.7435830">
    <ele>455.6</ele>
   </trkpt>
   <trkpt lat="47.2953030" lon="4.7434820">
    <ele>454.6</ele>
   </trkpt>
   <trkpt lat="47.2953050" lon="4.7434260">
    <ele>454.2</ele>
   </trkpt>
   <trkpt lat="47.2953180" lon="4.7432700">
    <ele>452.8</ele>
   </trkpt>
   <trkpt lat="47.2953150" lon="4.7431840">
    <ele>452.6</ele>
   </trkpt>
   <trkpt lat="47.2953230" lon="4.7430930">
    <ele>451.4</ele>
   </trkpt>
   <trkpt lat="47.2953310" lon="4.7429790">
    <ele>450.2</ele>
   </trkpt>
   <trkpt lat="47.2953320" lon="4.7429130">
    <ele>449.8</ele>
   </trkpt>
   <trkpt lat="47.2953470" lon="4.7427350">
    <ele>449.0</ele>
   </trkpt>
   <trkpt lat="47.2953510" lon="4.7426210">
    <ele>448.4</ele>
   </trkpt>
   <trkpt lat="47.2953450" lon="4.7425700">
    <ele>447.8</ele>
   </trkpt>
   <trkpt lat="47.2953380" lon="4.7424350">
    <ele>446.4</ele>
   </trkpt>
   <trkpt lat="47.2953390" lon="4.7424030">
    <ele>445.6</ele>
   </trkpt>
   <trkpt lat="47.2953240" lon="4.7423670">
    <ele>445.0</ele>
   </trkpt>
   <trkpt lat="47.2952920" lon="4.7422900">
    <ele>442.8</ele>
   </trkpt>
   <trkpt lat="47.2952580" lon="4.7422170">
    <ele>441.6</ele>
   </trkpt>
   <trkpt lat="47.2952160" lon="4.7421400">
    <ele>440.4</ele>
   </trkpt>
   <trkpt lat="47.2951780" lon="4.7420470">
    <ele>438.8</ele>
   </trkpt>
   <trkpt lat="47.2951480" lon="4.7419980">
    <ele>437.6</ele>
   </trkpt>
   <trkpt lat="47.2951100" lon="4.7419310">
    <ele>436.4</ele>
   </trkpt>
   <trkpt lat="47.2950710" lon="4.7418800">
    <ele>434.6</ele>
   </trkpt>
   <trkpt lat="47.2950500" lon="4.7418440">
    <ele>433.6</ele>
   </trkpt>
   <trkpt lat="47.2950310" lon="4.7418090">
    <ele>432.8</ele>
   </trkpt>
   <trkpt lat="47.2950180" lon="4.7417920">
    <ele>432.2</ele>
   </trkpt>
   <trkpt lat="47.2950020" lon="4.7417740">
    <ele>431.0</ele>
   </trkpt>
   <trkpt lat="47.2949640" lon="4.7417350">
    <ele>429.6</ele>
   </trkpt>
   <trkpt lat="47.2948910" lon="4.7416640">
    <ele>427.8</ele>
   </trkpt>
   <trkpt lat="47.2948240" lon="4.7416170">
    <ele>426.0</ele>
   </trkpt>
   <trkpt lat="47.2947690" lon="4.7415830">
    <ele>424.8</ele>
   </trkpt>
   <trkpt lat="47.2947150" lon="4.7415610">
    <ele>422.8</ele>
   </trkpt>
   <trkpt lat="47.2946520" lon="4.7415620">
    <ele>421.4</ele>
   </trkpt>
   <trkpt lat="47.2946240" lon="4.7415500">
    <ele>420.8</ele>
   </trkpt>
   <trkpt lat="47.2945980" lon="4.7415410">
    <ele>420.4</ele>
   </trkpt>
   <trkpt lat="47.2945520" lon="4.7415220">
    <ele>419.4</ele>
   </trkpt>
   <trkpt lat="47.2945240" lon="4.7415140">
    <ele>418.2</ele>
   </trkpt>
   <trkpt lat="47.2944690" lon="4.7415080">
    <ele>416.8</ele>
   </trkpt>
   <trkpt lat="47.2944140" lon="4.7415100">
    <ele>415.4</ele>
   </trkpt>
   <trkpt lat="47.2943820" lon="4.7415110">
    <ele>415.2</ele>
   </trkpt>
   <trkpt lat="47.2943220" lon="4.7415190">
    <ele>413.8</ele>
   </trkpt>
   <trkpt lat="47.2942940" lon="4.7415180">
    <ele>413.0</ele>
   </trkpt>
   <trkpt lat="47.2942680" lon="4.7415140">
    <ele>412.2</ele>
   </trkpt>
   <trkpt lat="47.2942070" lon="4.7415260">
    <ele>410.4</ele>
   </trkpt>
   <trkpt lat="47.2941530" lon="4.7415240">
    <ele>409.2</ele>
   </trkpt>
   <trkpt lat="47.2941010" lon="4.7415310">
    <ele>407.8</ele>
   </trkpt>
   <trkpt lat="47.2940520" lon="4.7415320">
    <ele>406.2</ele>
   </trkpt>
   <trkpt lat="47.2939640" lon="4.7415540">
    <ele>404.8</ele>
   </trkpt>
   <trkpt lat="47.2939040" lon="4.7415580">
    <ele>403.2</ele>
   </trkpt>
   <trkpt lat="47.2938630" lon="4.7415590">
    <ele>402.2</ele>
   </trkpt>
   <trkpt lat="47.2938360" lon="4.7415580">
    <ele>401.4</ele>
   </trkpt>
   <trkpt lat="47.2938070" lon="4.7415500">
    <ele>400.8</ele>
   </trkpt>
   <trkpt lat="47.2937530" lon="4.7415200">
    <ele>399.6</ele>
   </trkpt>
   <trkpt lat="47.2937040" lon="4.7414980">
    <ele>398.8</ele>
   </trkpt>
   <trkpt lat="47.2936840" lon="4.7414960">
    <ele>398.4</ele>
   </trkpt>
   <trkpt lat="47.2936640" lon="4.7414960">
    <ele>397.4</ele>
   </trkpt>
   <trkpt lat="47.2936240" lon="4.7414660">
    <ele>395.4</ele>
   </trkpt>
   <trkpt lat="47.2935550" lon="4.7414200">
    <ele>393.2</ele>
   </trkpt>
   <trkpt lat="47.2935110" lon="4.7413710">
    <ele>391.8</ele>
   </trkpt>
   <trkpt lat="47.2934700" lon="4.7413120">
    <ele>390.8</ele>
   </trkpt>
   <trkpt lat="47.2934190" lon="4.7412760">
    <ele>388.8</ele>
   </trkpt>
   <trkpt lat="47.2933590" lon="4.7412310">
    <ele>387.8</ele>
   </trkpt>
   <trkpt lat="47.2933180" lon="4.7411840">
    <ele>386.4</ele>
   </trkpt>
   <trkpt lat="47.2932440" lon="4.7411180">
    <ele>384.6</ele>
   </trkpt>
   <trkpt lat="47.2931920" lon="4.7410780">
    <ele>383.2</ele>
   </trkpt>
   <trkpt lat="47.2931630" lon="4.7410540">
    <ele>382.2</ele>
   </trkpt>
   <trkpt lat="47.2931020" lon="4.7410130">
    <ele>379.8</ele>
   </trkpt>
   <trkpt lat="47.2930730" lon="4.7409860">
    <ele>379.0</ele>
   </trkpt>
   <trkpt lat="47.2930470" lon="4.7409550">
    <ele>378.6</ele>
   </trkpt>
   <trkpt lat="47.2929690" lon="4.7408620">
    <ele>377.8</ele>
   </trkpt>
   <trkpt lat="47.2929460" lon="4.7408230">
    <ele>377.2</ele>
   </trkpt>
   <trkpt lat="47.2929220" lon="4.7407820">
    <ele>376.4</ele>
   </trkpt>
   <trkpt lat="47.2928950" lon="4.7407380">
    <ele>375.4</ele>
   </trkpt>
   <trkpt lat="47.2928230" lon="4.7406580">
    <ele>374.2</ele>
   </trkpt>
   <trkpt lat="47.2928000" lon="4.7406160">
    <ele>373.0</ele>
   </trkpt>
   <trkpt lat="47.2927760" lon="4.7405750">
    <ele>372.2</ele>
   </trkpt>
   <trkpt lat="47.2927520" lon="4.7405360">
    <ele>371.4</ele>
   </trkpt>
   <trkpt lat="47.2927000" lon="4.7404690">
    <ele>370.2</ele>
   </trkpt>
   <trkpt lat="47.2926460" lon="4.7404110">
    <ele>369.2</ele>
   </trkpt>
   <trkpt lat="47.2925920" lon="4.7403690">
    <ele>366.8</ele>
   </trkpt>
   <trkpt lat="47.2925330" lon="4.7403200">
    <ele>365.2</ele>
   </trkpt>
   <trkpt lat="47.2924410" lon="4.7402500">
    <ele>364.2</ele>
   </trkpt>
   <trkpt lat="47.2924090" lon="4.7402150">
    <ele>363.0</ele>
   </trkpt>
   <trkpt lat="47.2923770" lon="4.7401840">
    <ele>362.0</ele>
   </trkpt>
   <trkpt lat="47.2923130" lon="4.7401220">
    <ele>360.4</ele>
   </trkpt>
   <trkpt lat="47.2922670" lon="4.7400250">
    <ele>359.0</ele>
   </trkpt>
   <trkpt lat="47.2922530" lon="4.7399720">
    <ele>358.4</ele>
   </trkpt>
   <trkpt lat="47.2922350" lon="4.7399210">
    <ele>358.2</ele>
   </trkpt>
   <trkpt lat="47.2922230" lon="4.7398670">
    <ele>357.4</ele>
   </trkpt>
   <trkpt lat="47.2922040" lon="4.7397610">
    <ele>356.0</ele>
   </trkpt>
   <trkpt lat="47.2921970" lon="4.7396520">
    <ele>354.8</ele>
   </trkpt>
   <trkpt lat="47.2922020" lon="4.7394300">
    <ele>353.6</ele>
   </trkpt>
   <trkpt lat="47.2922160" lon="4.7393310">
    <ele>353.0</ele>
   </trkpt>
   <trkpt lat="47.2922260" lon="4.7392830">
    <ele>352.6</ele>
   </trkpt>
   <trkpt lat="47.2922330" lon="4.7392310">
    <ele>352.4</ele>
   </trkpt>
   <trkpt lat="47.2922430" lon="4.7391200">
    <ele>351.2</ele>
   </trkpt>
   <trkpt lat="47.2922500" lon="4.7390150">
    <ele>349.8</ele>
   </trkpt>
   <trkpt lat="47.2922560" lon="4.7389230">
    <ele>349.0</ele>
   </trkpt>
   <trkpt lat="47.2922540" lon="4.7388820">
    <ele>348.6</ele>
   </trkpt>
   <trkpt lat="47.2922430" lon="4.7388490">
    <ele>348.6</ele>
   </trkpt>
   <trkpt lat="47.2922150" lon="4.7388240">
    <ele>348.2</ele>
   </trkpt>
   <trkpt lat="47.2921120" lon="4.7388470">
    <ele>347.4</ele>
   </trkpt>
   <trkpt lat="47.2920790" lon="4.7388560">
    <ele>346.6</ele>
   </trkpt>
   <trkpt lat="47.2920490" lon="4.7388670">
    <ele>346.2</ele>
   </trkpt>
   <trkpt lat="47.2919320" lon="4.7389060">
    <ele>345.6</ele>
   </trkpt>
   <trkpt lat="47.2918930" lon="4.7389140">
    <ele>344.8</ele>
   </trkpt>
   <trkpt lat="47.2917820" lon="4.7389320">
    <ele>343.4</ele>
   </trkpt>
   <trkpt lat="47.2916950" lon="4.7389800">
    <ele>342.4</ele>
   </trkpt>
   <trkpt lat="47.2916570" lon="4.7390560">
    <ele>341.2</ele>
   </trkpt>
   <trkpt lat="47.2916220" lon="4.7391550">
    <ele>340.0</ele>
   </trkpt>
   <trkpt lat="47.2916030" lon="4.7392050">
    <ele>339.0</ele>
   </trkpt>
   <trkpt lat="47.2915820" lon="4.7392530">
    <ele>338.6</ele>
   </trkpt>
   <trkpt lat="47.2915000" lon="4.7393530">
    <ele>337.4</ele>
   </trkpt>
   <trkpt lat="47.2914680" lon="4.7393660">
    <ele>337.0</ele>
   </trkpt>
   <trkpt lat="47.2914370" lon="4.7393760">
    <ele>336.2</ele>
   </trkpt>
   <trkpt lat="47.2914060" lon="4.7393810">
    <ele>335.2</ele>
   </trkpt>
   <trkpt lat="47.2913450" lon="4.7393940">
    <ele>333.8</ele>
   </trkpt>
   <trkpt lat="47.2912920" lon="4.7394390">
    <ele>332.8</ele>
   </trkpt>
   <trkpt lat="47.2912700" lon="4.7394800">
    <ele>331.6</ele>
   </trkpt>
   <trkpt lat="47.2912350" lon="4.7395940">
    <ele>330.4</ele>
   </trkpt>
   <trkpt lat="47.2912220" lon="4.7396510">
    <ele>330.2</ele>
   </trkpt>
   <trkpt lat="47.2912000" lon="4.7397680">
    <ele>329.0</ele>
   </trkpt>
   <trkpt lat="47.2911620" lon="4.7399980">
    <ele>327.6</ele>
   </trkpt>
   <trkpt lat="47.2911530" lon="4.7400520">
    <ele>327.4</ele>
   </trkpt>
   <trkpt lat="47.2911310" lon="4.7401640">
    <ele>326.8</ele>
   </trkpt>
   <trkpt lat="47.2911160" lon="4.7402160">
    <ele>326.2</ele>
   </trkpt>
   <trkpt lat="47.2910570" lon="4.7403690">
    <ele>325.0</ele>
   </trkpt>
   <trkpt lat="47.2910090" lon="4.7404430">
    <ele>324.0</ele>
   </trkpt>
   <trkpt lat="47.2909450" lon="4.7404380">
    <ele>323.2</ele>
   </trkpt>
   <trkpt lat="47.2909150" lon="4.7404360">
    <ele>322.8</ele>
   </trkpt>
   <trkpt lat="47.2907850" lon="4.7403870">
    <ele>322.2</ele>
   </trkpt>
   <trkpt lat="47.2907100" lon="4.7403630">
    <ele>322.0</ele>
   </trkpt>
   <trkpt lat="47.2906730" lon="4.7403490">
    <ele>321.6</ele>
   </trkpt>
   <trkpt lat="47.2905670" lon="4.7402980">
    <ele>321.2</ele>
   </trkpt>
   <trkpt lat="47.2904420" lon="4.7402450">
    <ele>320.4</ele>
   </trkpt>
   <trkpt lat="47.2903300" lon="4.7402090">
    <ele>320.0</ele>
   </trkpt>
   <trkpt lat="47.2902630" lon="4.7401970">
    <ele>320.0</ele>
   </trkpt>
   <trkpt lat="47.2902130" lon="4.7402030">
    <ele>320.2</ele>
   </trkpt>
   <trkpt lat="47.2901390" lon="4.7402210">
    <ele>320.4</ele>
   </trkpt>
   <trkpt lat="47.2900130" lon="4.7402520">
    <ele>321.4</ele>
   </trkpt>
   <trkpt lat="47.2899810" lon="4.7402580">
    <ele>321.8</ele>
   </trkpt>
   <trkpt lat="47.2899180" lon="4.7402620">
    <ele>323.4</ele>
   </trkpt>
   <trkpt lat="47.2898740" lon="4.7402610">
    <ele>324.0</ele>
   </trkpt>
   <trkpt lat="47.2898520" lon="4.7402660">
    <ele>324.4</ele>
   </trkpt>
   <trkpt lat="47.2897450" lon="4.7402770">
    <ele>325.8</ele>
   </trkpt>
   <trkpt lat="47.2897250" lon="4.7402800">
    <ele>326.2</ele>
   </trkpt>
   <trkpt lat="47.2896530" lon="4.7402840">
    <ele>327.0</ele>
   </trkpt>
   <trkpt lat="47.2895800" lon="4.7402950">
    <ele>328.2</ele>
   </trkpt>
   <trkpt lat="47.2895300" lon="4.7403320">
    <ele>328.8</ele>
   </trkpt>
   <trkpt lat="47.2895150" lon="4.7402940">
    <ele>329.2</ele>
   </trkpt>
   <trkpt lat="47.2895120" lon="4.7402630">
    <ele>329.4</ele>
   </trkpt>
   <trkpt lat="47.2895270" lon="4.7400540">
    <ele>330.6</ele>
   </trkpt>
   <trkpt lat="47.2895780" lon="4.7397690">
    <ele>331.4</ele>
   </trkpt>
   <trkpt lat="47.2895880" lon="4.7396870">
    <ele>331.8</ele>
   </trkpt>
   <trkpt lat="47.2896220" lon="4.7394830">
    <ele>333.0</ele>
   </trkpt>
   <trkpt lat="47.2896420" lon="4.7394060">
    <ele>333.4</ele>
   </trkpt>
   <trkpt lat="47.2897140" lon="4.7392090">
    <ele>334.2</ele>
   </trkpt>
   <trkpt lat="47.2897220" lon="4.7391730">
    <ele>334.4</ele>
   </trkpt>
   <trkpt lat="47.2897670" lon="4.7390400">
    <ele>335.4</ele>
   </trkpt>
   <trkpt lat="47.2897790" lon="4.7390090">
    <ele>335.6</ele>
   </trkpt>
   <trkpt lat="47.2898210" lon="4.7389140">
    <ele>336.4</ele>
   </trkpt>
   <trkpt lat="47.2898340" lon="4.7388810">
    <ele>336.6</ele>
   </trkpt>
   <trkpt lat="47.2899450" lon="4.7386600">
    <ele>337.6</ele>
   </trkpt>
   <trkpt lat="47.2899670" lon="4.7386370">
    <ele>337.6</ele>
   </trkpt>
   <trkpt lat="47.2900450" lon="4.7384740">
    <ele>338.2</ele>
   </trkpt>
   <trkpt lat="47.2900510" lon="4.7384890">
    <ele>338.8</ele>
   </trkpt>
   <trkpt lat="47.2900230" lon="4.7385000">
    <ele>339.2</ele>
   </trkpt>
   <trkpt lat="47.2899220" lon="4.7385660">
    <ele>339.8</ele>
   </trkpt>
   <trkpt lat="47.2898920" lon="4.7385920">
    <ele>339.8</ele>
   </trkpt>
   <trkpt lat="47.2897150" lon="4.7387220">
    <ele>340.6</ele>
   </trkpt>
   <trkpt lat="47.2896600" lon="4.7387570">
    <ele>340.6</ele>
   </trkpt>
   <trkpt lat="47.2895790" lon="4.7388130">
    <ele>341.2</ele>
   </trkpt>
   <trkpt lat="47.2894230" lon="4.7389070">
    <ele>342.0</ele>
   </trkpt>
   <trkpt lat="47.2893980" lon="4.7389210">
    <ele>342.2</ele>
   </trkpt>
   <trkpt lat="47.2892380" lon="4.7390120">
    <ele>343.0</ele>
   </trkpt>
   <trkpt lat="47.2891850" lon="4.7390340">
    <ele>343.6</ele>
   </trkpt>
   <trkpt lat="47.2891020" lon="4.7390580">
    <ele>344.2</ele>
   </trkpt>
   <trkpt lat="47.2889300" lon="4.7391500">
    <ele>344.8</ele>
   </trkpt>
   <trkpt lat="47.2888200" lon="4.7392150">
    <ele>346.0</ele>
   </trkpt>
   <trkpt lat="47.2887440" lon="4.7392770">
    <ele>346.4</ele>
   </trkpt>
   <trkpt lat="47.2886060" lon="4.7395040">
    <ele>346.8</ele>
   </trkpt>
   <trkpt lat="47.2884830" lon="4.7397430">
    <ele>347.0</ele>
   </trkpt>
   <trkpt lat="47.2884620" lon="4.7397790">
    <ele>347.0</ele>
   </trkpt>
   <trkpt lat="47.2884420" lon="4.7398160">
    <ele>347.2</ele>
   </trkpt>
   <trkpt lat="47.2883720" lon="4.7399690">
    <ele>347.0</ele>
   </trkpt>
   <trkpt lat="47.2883520" lon="4.7400080">
    <ele>347.0</ele>
   </trkpt>
   <trkpt lat="47.2883120" lon="4.7400810">
    <ele>346.8</ele>
   </trkpt>
   <trkpt lat="47.2881710" lon="4.7402850">
    <ele>347.4</ele>
   </trkpt>
   <trkpt lat="47.2881280" lon="4.7403180">
    <ele>347.8</ele>
   </trkpt>
   <trkpt lat="47.2880580" lon="4.7403620">
    <ele>348.2</ele>
   </trkpt>
   <trkpt lat="47.2879830" lon="4.7404010">
    <ele>349.0</ele>
   </trkpt>
   <trkpt lat="47.2879590" lon="4.7404090">
    <ele>349.4</ele>
   </trkpt>
   <trkpt lat="47.2878860" lon="4.7404370">
    <ele>350.4</ele>
   </trkpt>
   <trkpt lat="47.2877810" lon="4.7404500">
    <ele>351.4</ele>
   </trkpt>
   <trkpt lat="47.2876720" lon="4.7404530">
    <ele>352.6</ele>
   </trkpt>
   <trkpt lat="47.2876290" lon="4.7404520">
    <ele>353.8</ele>
   </trkpt>
   <trkpt lat="47.2875670" lon="4.7404650">
    <ele>355.0</ele>
   </trkpt>
   <trkpt lat="47.2874840" lon="4.7404830">
    <ele>356.4</ele>
   </trkpt>
   <trkpt lat="47.2874440" lon="4.7404840">
    <ele>357.0</ele>
   </trkpt>
   <trkpt lat="47.2874040" lon="4.7404910">
    <ele>357.8</ele>
   </trkpt>
   <trkpt lat="47.2873270" lon="4.7405070">
    <ele>358.8</ele>
   </trkpt>
   <trkpt lat="47.2872880" lon="4.7405190">
    <ele>359.8</ele>
   </trkpt>
   <trkpt lat="47.2872670" lon="4.7405240">
    <ele>360.2</ele>
   </trkpt>
   <trkpt lat="47.2872250" lon="4.7405420">
    <ele>360.8</ele>
   </trkpt>
   <trkpt lat="47.2871590" lon="4.7405680">
    <ele>362.0</ele>
   </trkpt>
   <trkpt lat="47.2871210" lon="4.7405850">
    <ele>362.6</ele>
   </trkpt>
   <trkpt lat="47.2870600" lon="4.7406200">
    <ele>363.6</ele>
   </trkpt>
   <trkpt lat="47.2869990" lon="4.7406550">
    <ele>364.6</ele>
   </trkpt>
   <trkpt lat="47.2869610" lon="4.7406750">
    <ele>365.0</ele>
   </trkpt>
   <trkpt lat="47.2868240" lon="4.7407000">
    <ele>366.0</ele>
   </trkpt>
   <trkpt lat="47.2868020" lon="4.7406960">
    <ele>366.4</ele>
   </trkpt>
   <trkpt lat="47.2867330" lon="4.7406900">
    <ele>367.4</ele>
   </trkpt>
   <trkpt lat="47.2866640" lon="4.7406780">
    <ele>368.8</ele>
   </trkpt>
   <trkpt lat="47.2866220" lon="4.7406660">
    <ele>369.2</ele>
   </trkpt>
   <trkpt lat="47.2864660" lon="4.7406330">
    <ele>370.2</ele>
   </trkpt>
   <trkpt lat="47.2864430" lon="4.7406260">
    <ele>370.6</ele>
   </trkpt>
   <trkpt lat="47.2863980" lon="4.7406120">
    <ele>371.6</ele>
   </trkpt>
   <trkpt lat="47.2863320" lon="4.7405880">
    <ele>372.8</ele>
   </trkpt>
   <trkpt lat="47.2862430" lon="4.7405530">
    <ele>374.2</ele>
   </trkpt>
   <trkpt lat="47.2861700" lon="4.7405050">
    <ele>375.2</ele>
   </trkpt>
   <trkpt lat="47.2860970" lon="4.7404550">
    <ele>375.8</ele>
   </trkpt>
   <trkpt lat="47.2860260" lon="4.7404090">
    <ele>376.2</ele>
   </trkpt>
   <trkpt lat="47.2859720" lon="4.7403740">
    <ele>376.8</ele>
   </trkpt>
   <trkpt lat="47.2859350" lon="4.7403490">
    <ele>377.4</ele>
   </trkpt>
   <trkpt lat="47.2858980" lon="4.7403280">
    <ele>378.6</ele>
   </trkpt>
   <trkpt lat="47.2858460" lon="4.7402950">
    <ele>379.8</ele>
   </trkpt>
   <trkpt lat="47.2858280" lon="4.7402820">
    <ele>380.2</ele>
   </trkpt>
   <trkpt lat="47.2857970" lon="4.7402580">
    <ele>381.0</ele>
   </trkpt>
   <trkpt lat="47.2857650" lon="4.7402330">
    <ele>382.2</ele>
   </trkpt>
   <trkpt lat="47.2857170" lon="4.7402040">
    <ele>383.2</ele>
   </trkpt>
   <trkpt lat="47.2857000" lon="4.7401960">
    <ele>383.4</ele>
   </trkpt>
   <trkpt lat="47.2856220" lon="4.7401340">
    <ele>384.4</ele>
   </trkpt>
   <trkpt lat="47.2855900" lon="4.7401120">
    <ele>385.4</ele>
   </trkpt>
   <trkpt lat="47.2855250" lon="4.7400750">
    <ele>386.6</ele>
   </trkpt>
   <trkpt lat="47.2854830" lon="4.7400470">
    <ele>388.0</ele>
   </trkpt>
   <trkpt lat="47.2854580" lon="4.7400400">
    <ele>388.6</ele>
   </trkpt>
   <trkpt lat="47.2854280" lon="4.7400550">
    <ele>389.2</ele>
   </trkpt>
   <trkpt lat="47.2853940" lon="4.7400950">
    <ele>389.6</ele>
   </trkpt>
   <trkpt lat="47.2853630" lon="4.7401310">
    <ele>390.0</ele>
   </trkpt>
   <trkpt lat="47.2853350" lon="4.7401820">
    <ele>390.4</ele>
   </trkpt>
   <trkpt lat="47.2852910" lon="4.7402480">
    <ele>391.4</ele>
   </trkpt>
   <trkpt lat="47.2852570" lon="4.7402860">
    <ele>392.2</ele>
   </trkpt>
   <trkpt lat="47.2852190" lon="4.7403200">
    <ele>392.6</ele>
   </trkpt>
   <trkpt lat="47.2851330" lon="4.7403650">
    <ele>393.2</ele>
   </trkpt>
   <trkpt lat="47.2851120" lon="4.7403680">
    <ele>393.6</ele>
   </trkpt>
   <trkpt lat="47.2849950" lon="4.7403910">
    <ele>394.6</ele>
   </trkpt>
   <trkpt lat="47.2849480" lon="4.7403950">
    <ele>395.2</ele>
   </trkpt>
   <trkpt lat="47.2848850" lon="4.7403940">
    <ele>395.8</ele>
   </trkpt>
   <trkpt lat="47.2848190" lon="4.7403830">
    <ele>396.8</ele>
   </trkpt>
   <trkpt lat="47.2847940" lon="4.7403830">
    <ele>397.0</ele>
   </trkpt>
   <trkpt lat="47.2846400" lon="4.7403540">
    <ele>397.4</ele>
   </trkpt>
   <trkpt lat="47.2846190" lon="4.7403440">
    <ele>398.2</ele>
   </trkpt>
   <trkpt lat="47.2845540" lon="4.7403330">
    <ele>399.4</ele>
   </trkpt>
   <trkpt lat="47.2845130" lon="4.7403310">
    <ele>399.6</ele>
   </trkpt>
   <trkpt lat="47.2844490" lon="4.7403390">
    <ele>399.8</ele>
   </trkpt>
   <trkpt lat="47.2844110" lon="4.7403690">
    <ele>400.4</ele>
   </trkpt>
   <trkpt lat="47.2843980" lon="4.7403890">
    <ele>400.8</ele>
   </trkpt>
   <trkpt lat="47.2843680" lon="4.7405520">
    <ele>401.4</ele>
   </trkpt>
   <trkpt lat="47.2843360" lon="4.7408390">
    <ele>400.6</ele>
   </trkpt>
   <trkpt lat="47.2843220" lon="4.7409510">
    <ele>400.0</ele>
   </trkpt>
   <trkpt lat="47.2842820" lon="4.7410440">
    <ele>399.8</ele>
   </trkpt>
   <trkpt lat="47.2842230" lon="4.7410720">
    <ele>399.8</ele>
   </trkpt>
   <trkpt lat="47.2841920" lon="4.7410630">
    <ele>400.0</ele>
   </trkpt>
   <trkpt lat="47.2840800" lon="4.7409950">
    <ele>399.8</ele>
   </trkpt>
   <trkpt lat="47.2839090" lon="4.7408920">
    <ele>400.8</ele>
   </trkpt>
   <trkpt lat="47.2838880" lon="4.7408770">
    <ele>401.0</ele>
   </trkpt>
   <trkpt lat="47.2838040" lon="4.7407870">
    <ele>401.8</ele>
   </trkpt>
   <trkpt lat="47.2837720" lon="4.7407580">
    <ele>403.0</ele>
   </trkpt>
   <trkpt lat="47.2837360" lon="4.7407380">
    <ele>403.6</ele>
   </trkpt>
   <trkpt lat="47.2837170" lon="4.7407330">
    <ele>404.0</ele>
   </trkpt>
   <trkpt lat="47.2836820" lon="4.7407170">
    <ele>405.2</ele>
   </trkpt>
   <trkpt lat="47.2836620" lon="4.7407120">
    <ele>405.4</ele>
   </trkpt>
   <trkpt lat="47.2836230" lon="4.7407000">
    <ele>406.0</ele>
   </trkpt>
   <trkpt lat="47.2836080" lon="4.7406940">
    <ele>406.4</ele>
   </trkpt>
   <trkpt lat="47.2835600" lon="4.7406710">
    <ele>407.4</ele>
   </trkpt>
   <trkpt lat="47.2834890" lon="4.7406320">
    <ele>408.8</ele>
   </trkpt>
   <trkpt lat="47.2834700" lon="4.7406240">
    <ele>409.2</ele>
   </trkpt>
   <trkpt lat="47.2834390" lon="4.7406150">
    <ele>410.2</ele>
   </trkpt>
   <trkpt lat="47.2833720" lon="4.7406500">
    <ele>411.0</ele>
   </trkpt>
   <trkpt lat="47.2833160" lon="4.7407310">
    <ele>411.2</ele>
   </trkpt>
   <trkpt lat="47.2832360" lon="4.7408780">
    <ele>412.2</ele>
   </trkpt>
   <trkpt lat="47.2831300" lon="4.7410020">
    <ele>412.4</ele>
   </trkpt>
   <trkpt lat="47.2831110" lon="4.7410030">
    <ele>412.6</ele>
   </trkpt>
   <trkpt lat="47.2830230" lon="4.7409870">
    <ele>413.0</ele>
   </trkpt>
   <trkpt lat="47.2829840" lon="4.7409690">
    <ele>413.4</ele>
   </trkpt>
   <trkpt lat="47.2829510" lon="4.7409540">
    <ele>414.0</ele>
   </trkpt>
   <trkpt lat="47.2829360" lon="4.7409530">
    <ele>414.2</ele>
   </trkpt>
   <trkpt lat="47.2828920" lon="4.7409600">
    <ele>414.8</ele>
   </trkpt>
   <trkpt lat="47.2828390" lon="4.7409570">
    <ele>415.8</ele>
   </trkpt>
   <trkpt lat="47.2828090" lon="4.7409540">
    <ele>416.4</ele>
   </trkpt>
   <trkpt lat="47.2827760" lon="4.7409410">
    <ele>417.0</ele>
   </trkpt>
   <trkpt lat="47.2827320" lon="4.7409450">
    <ele>417.6</ele>
   </trkpt>
   <trkpt lat="47.2826630" lon="4.7409460">
    <ele>418.4</ele>
   </trkpt>
   <trkpt lat="47.2826420" lon="4.7409560">
    <ele>418.6</ele>
   </trkpt>
   <trkpt lat="47.2826080" lon="4.7409770">
    <ele>419.2</ele>
   </trkpt>
   <trkpt lat="47.2825900" lon="4.7409890">
    <ele>419.4</ele>
   </trkpt>
   <trkpt lat="47.2825050" lon="4.7410890">
    <ele>419.6</ele>
   </trkpt>
   <trkpt lat="47.2824710" lon="4.7410810">
    <ele>419.8</ele>
   </trkpt>
   <trkpt lat="47.2824580" lon="4.7410750">
    <ele>420.6</ele>
   </trkpt>
   <trkpt lat="47.2824480" lon="4.7410740">
    <ele>421.0</ele>
   </trkpt>
   <trkpt lat="47.2824450" lon="4.7410610">
    <ele>421.2</ele>
   </trkpt>
   <trkpt lat="47.2824440" lon="4.7410280">
    <ele>421.6</ele>
   </trkpt>
   <trkpt lat="47.2824480" lon="4.7410170">
    <ele>421.8</ele>
   </trkpt>
   <trkpt lat="47.2824470" lon="4.7409920">
    <ele>422.8</ele>
   </trkpt>
   <trkpt lat="47.2824690" lon="4.7409590">
    <ele>423.8</ele>
   </trkpt>
   <trkpt lat="47.2824760" lon="4.7409320">
    <ele>424.4</ele>
   </trkpt>
   <trkpt lat="47.2824870" lon="4.7408750">
    <ele>425.2</ele>
   </trkpt>
   <trkpt lat="47.2825170" lon="4.7408070">
    <ele>425.4</ele>
   </trkpt>
   <trkpt lat="47.2825360" lon="4.7407690">
    <ele>425.4</ele>
   </trkpt>
   <trkpt lat="47.2826210" lon="4.7406280">
    <ele>425.6</ele>
   </trkpt>
   <trkpt lat="47.2827660" lon="4.7404750">
    <ele>425.8</ele>
   </trkpt>
   <trkpt lat="47.2828450" lon="4.7403380">
    <ele>426.0</ele>
   </trkpt>
   <trkpt lat="47.2828560" lon="4.7402650">
    <ele>426.6</ele>
   </trkpt>
   <trkpt lat="47.2828730" lon="4.7402300">
    <ele>426.8</ele>
   </trkpt>
   <trkpt lat="47.2828670" lon="4.7402120">
    <ele>427.6</ele>
   </trkpt>
   <trkpt lat="47.2828520" lon="4.7401890">
    <ele>428.0</ele>
   </trkpt>
   <trkpt lat="47.2828580" lon="4.7401490">
    <ele>428.8</ele>
   </trkpt>
   <trkpt lat="47.2828600" lon="4.7401230">
    <ele>429.2</ele>
   </trkpt>
   <trkpt lat="47.2828580" lon="4.7401050">
    <ele>429.6</ele>
   </trkpt>
   <trkpt lat="47.2828540" lon="4.7400890">
    <ele>430.0</ele>
   </trkpt>
   <trkpt lat="47.2828270" lon="4.7400490">
    <ele>430.4</ele>
   </trkpt>
   <trkpt lat="47.2828260" lon="4.7400240">
    <ele>431.0</ele>
   </trkpt>
   <trkpt lat="47.2828330" lon="4.7399890">
    <ele>431.4</ele>
   </trkpt>
   <trkpt lat="47.2828240" lon="4.7399590">
    <ele>432.0</ele>
   </trkpt>
   <trkpt lat="47.2828180" lon="4.7399150">
    <ele>432.6</ele>
   </trkpt>
   <trkpt lat="47.2828090" lon="4.7398910">
    <ele>433.4</ele>
   </trkpt>
   <trkpt lat="47.2828060" lon="4.7398860">
    <ele>433.6</ele>
   </trkpt>
   <trkpt lat="47.2828070" lon="4.7398750">
    <ele>434.0</ele>
   </trkpt>
   <trkpt lat="47.2828140" lon="4.7398520">
    <ele>434.2</ele>
   </trkpt>
   <trkpt lat="47.2828180" lon="4.7398210">
    <ele>434.8</ele>
   </trkpt>
   <trkpt lat="47.2828130" lon="4.7397610">
    <ele>435.0</ele>
   </trkpt>
   <trkpt lat="47.2828110" lon="4.7397470">
    <ele>435.6</ele>
   </trkpt>
   <trkpt lat="47.2828150" lon="4.7397380">
    <ele>436.2</ele>
   </trkpt>
   <trkpt lat="47.2828090" lon="4.7397110">
    <ele>436.6</ele>
   </trkpt>
   <trkpt lat="47.2828070" lon="4.7397060">
    <ele>437.2</ele>
   </trkpt>
   <trkpt lat="47.2828080" lon="4.7397030">
    <ele>437.4</ele>
   </trkpt>
   <trkpt lat="47.2828310" lon="4.7396750">
    <ele>438.0</ele>
   </trkpt>
   <trkpt lat="47.2828300" lon="4.7396630">
    <ele>438.4</ele>
   </trkpt>
   <trkpt lat="47.2828310" lon="4.7396470">
    <ele>439.0</ele>
   </trkpt>
   <trkpt lat="47.2828310" lon="4.7396170">
    <ele>439.4</ele>
   </trkpt>
   <trkpt lat="47.2828560" lon="4.7395830">
    <ele>440.2</ele>
   </trkpt>
   <trkpt lat="47.2828550" lon="4.7395770">
    <ele>440.4</ele>
   </trkpt>
   <trkpt lat="47.2828890" lon="4.7394960">
    <ele>441.6</ele>
   </trkpt>
   <trkpt lat="47.2828870" lon="4.7394840">
    <ele>442.0</ele>
   </trkpt>
   <trkpt lat="47.2828820" lon="4.7394660">
    <ele>443.0</ele>
   </trkpt>
   <trkpt lat="47.2828960" lon="4.7394290">
    <ele>444.0</ele>
   </trkpt>
   <trkpt lat="47.2829010" lon="4.7394200">
    <ele>444.2</ele>
   </trkpt>
   <trkpt lat="47.2829050" lon="4.7394120">
    <ele>444.4</ele>
   </trkpt>
   <trkpt lat="47.2829200" lon="4.7393840">
    <ele>445.0</ele>
   </trkpt>
   <trkpt lat="47.2829190" lon="4.7393740">
    <ele>445.4</ele>
   </trkpt>
   <trkpt lat="47.2829180" lon="4.7393730">
    <ele>445.6</ele>
   </trkpt>
   <trkpt lat="47.2829170" lon="4.7393340">
    <ele>446.4</ele>
   </trkpt>
   <trkpt lat="47.2829210" lon="4.7393170">
    <ele>446.8</ele>
   </trkpt>
   <trkpt lat="47.2829280" lon="4.7392960">
    <ele>447.0</ele>
   </trkpt>
   <trkpt lat="47.2829490" lon="4.7392540">
    <ele>447.2</ele>
   </trkpt>
   <trkpt lat="47.2829570" lon="4.7392470">
    <ele>447.0</ele>
   </trkpt>
   <trkpt lat="47.2829650" lon="4.7392350">
    <ele>447.4</ele>
   </trkpt>
   <trkpt lat="47.2829730" lon="4.7392130">
    <ele>447.6</ele>
   </trkpt>
   <trkpt lat="47.2830080" lon="4.7391560">
    <ele>448.6</ele>
   </trkpt>
   <trkpt lat="47.2830220" lon="4.7391460">
    <ele>448.6</ele>
   </trkpt>
   <trkpt lat="47.2830560" lon="4.7391010">
    <ele>449.0</ele>
   </trkpt>
   <trkpt lat="47.2830760" lon="4.7390520">
    <ele>449.8</ele>
   </trkpt>
   <trkpt lat="47.2830860" lon="4.7390240">
    <ele>450.0</ele>
   </trkpt>
   <trkpt lat="47.2830800" lon="4.7389620">
    <ele>451.0</ele>
   </trkpt>
   <trkpt lat="47.2830790" lon="4.7389290">
    <ele>451.6</ele>
   </trkpt>
   <trkpt lat="47.2830830" lon="4.7389130">
    <ele>452.0</ele>
   </trkpt>
   <trkpt lat="47.2830860" lon="4.7389130">
    <ele>452.2</ele>
   </trkpt>
   <trkpt lat="47.2830890" lon="4.7389080">
    <ele>452.6</ele>
   </trkpt>
   <trkpt lat="47.2830980" lon="4.7388910">
    <ele>453.2</ele>
   </trkpt>
   <trkpt lat="47.2831030" lon="4.7388780">
    <ele>453.4</ele>
   </trkpt>
   <trkpt lat="47.2831120" lon="4.7388610">
    <ele>453.8</ele>
   </trkpt>
   <trkpt lat="47.2831160" lon="4.7388450">
    <ele>454.0</ele>
   </trkpt>
   <trkpt lat="47.2831160" lon="4.7388280">
    <ele>454.2</ele>
   </trkpt>
   <trkpt lat="47.2831220" lon="4.7387900">
    <ele>454.6</ele>
   </trkpt>
   <trkpt lat="47.2831340" lon="4.7387580">
    <ele>455.6</ele>
   </trkpt>
   <trkpt lat="47.2831360" lon="4.7387470">
    <ele>455.8</ele>
   </trkpt>
   <trkpt lat="47.2831320" lon="4.7387270">
    <ele>456.2</ele>
   </trkpt>
   <trkpt lat="47.2831390" lon="4.7386840">
    <ele>457.2</ele>
   </trkpt>
   <trkpt lat="47.2831420" lon="4.7386320">
    <ele>458.4</ele>
   </trkpt>
   <trkpt lat="47.2831420" lon="4.7385730">
    <ele>459.4</ele>
   </trkpt>
   <trkpt lat="47.2831440" lon="4.7385620">
    <ele>459.6</ele>
   </trkpt>
   <trkpt lat="47.2831240" lon="4.7385260">
    <ele>460.6</ele>
   </trkpt>
   <trkpt lat="47.2831190" lon="4.7385090">
    <ele>461.0</ele>
   </trkpt>
   <trkpt lat="47.2831080" lon="4.7385050">
    <ele>462.0</ele>
   </trkpt>
   <trkpt lat="47.2830770" lon="4.7385140">
    <ele>462.6</ele>
   </trkpt>
   <trkpt lat="47.2830750" lon="4.7385130">
    <ele>462.8</ele>
   </trkpt>
   <trkpt lat="47.2830550" lon="4.7385170">
    <ele>463.0</ele>
   </trkpt>
   <trkpt lat="47.2830410" lon="4.7385030">
    <ele>464.2</ele>
   </trkpt>
   <trkpt lat="47.2830370" lon="4.7384910">
    <ele>464.6</ele>
   </trkpt>
   <trkpt lat="47.2830240" lon="4.7384720">
    <ele>465.4</ele>
   </trkpt>
   <trkpt lat="47.2830200" lon="4.7384690">
    <ele>465.6</ele>
   </trkpt>
   <trkpt lat="47.2830140" lon="4.7384660">
    <ele>466.2</ele>
   </trkpt>
   <trkpt lat="47.2830110" lon="4.7384550">
    <ele>466.4</ele>
   </trkpt>
   <trkpt lat="47.2829770" lon="4.7384400">
    <ele>467.2</ele>
   </trkpt>
   <trkpt lat="47.2829700" lon="4.7384470">
    <ele>467.8</ele>
   </trkpt>
   <trkpt lat="47.2829670" lon="4.7384500">
    <ele>468.2</ele>
   </trkpt>
   <trkpt lat="47.2829670" lon="4.7384540">
    <ele>468.8</ele>
   </trkpt>
   <trkpt lat="47.2829730" lon="4.7384500">
    <ele>468.8</ele>
   </trkpt>
   <trkpt lat="47.2829980" lon="4.7384300">
    <ele>469.6</ele>
   </trkpt>
   <trkpt lat="47.2830230" lon="4.7384080">
    <ele>470.0</ele>
   </trkpt>
   <trkpt lat="47.2831010" lon="4.7383040">
    <ele>470.6</ele>
   </trkpt>
   <trkpt lat="47.2831160" lon="4.7382820">
    <ele>470.6</ele>
   </trkpt>
   <trkpt lat="47.2831390" lon="4.7382610">
    <ele>470.8</ele>
   </trkpt>
   <trkpt lat="47.2832320" lon="4.7381900">
    <ele>470.8</ele>
   </trkpt>
   <trkpt lat="47.2832570" lon="4.7381640">
    <ele>470.6</ele>
   </trkpt>
   <trkpt lat="47.2832840" lon="4.7381440">
    <ele>470.4</ele>
   </trkpt>
   <trkpt lat="47.2834360" lon="4.7380430">
    <ele>469.8</ele>
   </trkpt>
   <trkpt lat="47.2835390" lon="4.7379530">
    <ele>469.0</ele>
   </trkpt>
   <trkpt lat="47.2835650" lon="4.7379090">
    <ele>468.8</ele>
   </trkpt>
   <trkpt lat="47.2836620" lon="4.7378140">
    <ele>469.0</ele>
   </trkpt>
   <trkpt lat="47.2837650" lon="4.7377360">
    <ele>469.0</ele>
   </trkpt>
   <trkpt lat="47.2838730" lon="4.7375980">
    <ele>468.6</ele>
   </trkpt>
   <trkpt lat="47.2840070" lon="4.7374400">
    <ele>468.0</ele>
   </trkpt>
   <trkpt lat="47.2841380" lon="4.7373290">
    <ele>468.4</ele>
   </trkpt>
   <trkpt lat="47.2842680" lon="4.7372060">
    <ele>469.0</ele>
   </trkpt>
   <trkpt lat="47.2844030" lon="4.7370630">
    <ele>469.0</ele>
   </trkpt>
   <trkpt lat="47.2845670" lon="4.7369740">
    <ele>469.0</ele>
   </trkpt>
   <trkpt lat="47.2846910" lon="4.7368760">
    <ele>468.4</ele>
   </trkpt>
   <trkpt lat="47.2848410" lon="4.7367830">
    <ele>468.2</ele>
   </trkpt>
   <trkpt lat="47.2849660" lon="4.7366940">
    <ele>468.4</ele>
   </trkpt>
   <trkpt lat="47.2851140" lon="4.7365220">
    <ele>467.8</ele>
   </trkpt>
   <trkpt lat="47.2852760" lon="4.7363730">
    <ele>466.2</ele>
   </trkpt>
   <trkpt lat="47.2853360" lon="4.7363220">
    <ele>465.4</ele>
   </trkpt>
   <trkpt lat="47.2853580" lon="4.7363030">
    <ele>464.6</ele>
   </trkpt>
   <trkpt lat="47.2854390" lon="4.7361590">
    <ele>463.2</ele>
   </trkpt>
   <trkpt lat="47.2855050" lon="4.7360570">
    <ele>461.8</ele>
   </trkpt>
   <trkpt lat="47.2855340" lon="4.7359730">
    <ele>461.2</ele>
   </trkpt>
   <trkpt lat="47.2855370" lon="4.7358740">
    <ele>460.8</ele>
   </trkpt>
   <trkpt lat="47.2855450" lon="4.7357950">
    <ele>460.2</ele>
   </trkpt>
   <trkpt lat="47.2855490" lon="4.7356530">
    <ele>460.0</ele>
   </trkpt>
   <trkpt lat="47.2855470" lon="4.7355310">
    <ele>459.8</ele>
   </trkpt>
   <trkpt lat="47.2855480" lon="4.7354480">
    <ele>459.0</ele>
   </trkpt>
   <trkpt lat="47.2855460" lon="4.7352700">
    <ele>457.8</ele>
   </trkpt>
   <trkpt lat="47.2855280" lon="4.7351110">
    <ele>457.0</ele>
   </trkpt>
   <trkpt lat="47.2855190" lon="4.7350500">
    <ele>456.6</ele>
   </trkpt>
   <trkpt lat="47.2855180" lon="4.7348470">
    <ele>455.4</ele>
   </trkpt>
   <trkpt lat="47.2855090" lon="4.7347270">
    <ele>454.4</ele>
   </trkpt>
   <trkpt lat="47.2855040" lon="4.7346820">
    <ele>454.2</ele>
   </trkpt>
   <trkpt lat="47.2854910" lon="4.7345870">
    <ele>452.8</ele>
   </trkpt>
   <trkpt lat="47.2855020" lon="4.7344940">
    <ele>452.2</ele>
   </trkpt>
   <trkpt lat="47.2855190" lon="4.7344620">
    <ele>451.8</ele>
   </trkpt>
   <trkpt lat="47.2855560" lon="4.7343350">
    <ele>450.8</ele>
   </trkpt>
   <trkpt lat="47.2855300" lon="4.7342580">
    <ele>450.6</ele>
   </trkpt>
   <trkpt lat="47.2855090" lon="4.7342380">
    <ele>450.6</ele>
   </trkpt>
   <trkpt lat="47.2854630" lon="4.7342240">
    <ele>450.6</ele>
   </trkpt>
   <trkpt lat="47.2853540" lon="4.7341960">
    <ele>451.6</ele>
   </trkpt>
   <trkpt lat="47.2853300" lon="4.7341900">
    <ele>452.0</ele>
   </trkpt>
   <trkpt lat="47.2852830" lon="4.7341810">
    <ele>453.0</ele>
   </trkpt>
   <trkpt lat="47.2852220" lon="4.7341540">
    <ele>453.6</ele>
   </trkpt>
   <trkpt lat="47.2851690" lon="4.7341510">
    <ele>454.4</ele>
   </trkpt>
   <trkpt lat="47.2850480" lon="4.7341260">
    <ele>455.4</ele>
   </trkpt>
   <trkpt lat="47.2849340" lon="4.7341010">
    <ele>455.6</ele>
   </trkpt>
   <trkpt lat="47.2848850" lon="4.7340840">
    <ele>455.8</ele>
   </trkpt>
   <trkpt lat="47.2848040" lon="4.7340610">
    <ele>456.4</ele>
   </trkpt>
   <trkpt lat="47.2847750" lon="4.7340500">
    <ele>456.6</ele>
   </trkpt>
   <trkpt lat="47.2846940" lon="4.7340390">
    <ele>456.6</ele>
   </trkpt>
   <trkpt lat="47.2845810" lon="4.7340040">
    <ele>457.0</ele>
   </trkpt>
   <trkpt lat="47.2845760" lon="4.7340090">
    <ele>457.2</ele>
   </trkpt>
   <trkpt lat="47.2845650" lon="4.7340460">
    <ele>457.4</ele>
   </trkpt>
   <trkpt lat="47.2845600" lon="4.7340610">
    <ele>457.8</ele>
   </trkpt>
   <trkpt lat="47.2845490" lon="4.7340810">
    <ele>458.8</ele>
   </trkpt>
   <trkpt lat="47.2845400" lon="4.7340870">
    <ele>459.0</ele>
   </trkpt>
   <trkpt lat="47.2845300" lon="4.7340960">
    <ele>459.6</ele>
   </trkpt>
   <trkpt lat="47.2845230" lon="4.7341060">
    <ele>460.4</ele>
   </trkpt>
   <trkpt lat="47.2845150" lon="4.7341620">
    <ele>461.4</ele>
   </trkpt>
   <trkpt lat="47.2845190" lon="4.7341980">
    <ele>462.2</ele>
   </trkpt>
   <trkpt lat="47.2845260" lon="4.7342160">
    <ele>462.6</ele>
   </trkpt>
   <trkpt lat="47.2845210" lon="4.7342480">
    <ele>463.4</ele>
   </trkpt>
   <trkpt lat="47.2845160" lon="4.7342670">
    <ele>464.0</ele>
   </trkpt>
   <trkpt lat="47.2845040" lon="4.7343400">
    <ele>465.2</ele>
   </trkpt>
   <trkpt lat="47.2845000" lon="4.7343610">
    <ele>465.6</ele>
   </trkpt>
   <trkpt lat="47.2845070" lon="4.7343850">
    <ele>466.2</ele>
   </trkpt>
   <trkpt lat="47.2845060" lon="4.7344320">
    <ele>467.6</ele>
   </trkpt>
   <trkpt lat="47.2845030" lon="4.7344720">
    <ele>469.0</ele>
   </trkpt>
   <trkpt lat="47.2845020" lon="4.7344950">
    <ele>469.2</ele>
   </trkpt>
   <trkpt lat="47.2844780" lon="4.7345100">
    <ele>469.8</ele>
   </trkpt>
   <trkpt lat="47.2844680" lon="4.7345090">
    <ele>470.2</ele>
   </trkpt>
   <trkpt lat="47.2844470" lon="4.7345220">
    <ele>471.0</ele>
   </trkpt>
   <trkpt lat="47.2844400" lon="4.7345300">
    <ele>471.6</ele>
   </trkpt>
   <trkpt lat="47.2844320" lon="4.7345340">
    <ele>471.8</ele>
   </trkpt>
   <trkpt lat="47.2844020" lon="4.7345380">
    <ele>472.6</ele>
   </trkpt>
   <trkpt lat="47.2843930" lon="4.7345480">
    <ele>472.8</ele>
   </trkpt>
   <trkpt lat="47.2843770" lon="4.7345620">
    <ele>474.0</ele>
   </trkpt>
   <trkpt lat="47.2843730" lon="4.7345700">
    <ele>474.4</ele>
   </trkpt>
   <trkpt lat="47.2843550" lon="4.7345830">
    <ele>475.4</ele>
   </trkpt>
   <trkpt lat="47.2843460" lon="4.7345990">
    <ele>476.2</ele>
   </trkpt>
   <trkpt lat="47.2843360" lon="4.7346110">
    <ele>476.4</ele>
   </trkpt>
   <trkpt lat="47.2843300" lon="4.7346190">
    <ele>476.6</ele>
   </trkpt>
   <trkpt lat="47.2843220" lon="4.7346260">
    <ele>477.0</ele>
   </trkpt>
   <trkpt lat="47.2843110" lon="4.7346370">
    <ele>477.8</ele>
   </trkpt>
   <trkpt lat="47.2843040" lon="4.7346540">
    <ele>479.0</ele>
   </trkpt>
   <trkpt lat="47.2842970" lon="4.7346730">
    <ele>479.6</ele>
   </trkpt>
   <trkpt lat="47.2842890" lon="4.7346980">
    <ele>480.2</ele>
   </trkpt>
   <trkpt lat="47.2842810" lon="4.7347030">
    <ele>480.4</ele>
   </trkpt>
   <trkpt lat="47.2842690" lon="4.7347130">
    <ele>481.4</ele>
   </trkpt>
   <trkpt lat="47.2842690" lon="4.7347230">
    <ele>481.6</ele>
   </trkpt>
   <trkpt lat="47.2842540" lon="4.7347570">
    <ele>482.6</ele>
   </trkpt>
   <trkpt lat="47.2842460" lon="4.7347800">
    <ele>483.8</ele>
   </trkpt>
   <trkpt lat="47.2842380" lon="4.7347870">
    <ele>484.0</ele>
   </trkpt>
   <trkpt lat="47.2842220" lon="4.7347990">
    <ele>484.4</ele>
   </trkpt>
   <trkpt lat="47.2842070" lon="4.7348140">
    <ele>485.0</ele>
   </trkpt>
   <trkpt lat="47.2841760" lon="4.7348250">
    <ele>486.0</ele>
   </trkpt>
   <trkpt lat="47.2841690" lon="4.7348270">
    <ele>486.4</ele>
   </trkpt>
   <trkpt lat="47.2841540" lon="4.7348200">
    <ele>486.8</ele>
   </trkpt>
   <trkpt lat="47.2841330" lon="4.7348180">
    <ele>487.2</ele>
   </trkpt>
   <trkpt lat="47.2840990" lon="4.7348340">
    <ele>488.4</ele>
   </trkpt>
   <trkpt lat="47.2840730" lon="4.7348550">
    <ele>488.8</ele>
   </trkpt>
   <trkpt lat="47.2840620" lon="4.7348670">
    <ele>489.8</ele>
   </trkpt>
   <trkpt lat="47.2840500" lon="4.7348760">
    <ele>490.4</ele>
   </trkpt>
   <trkpt lat="47.2840290" lon="4.7348820">
    <ele>491.0</ele>
   </trkpt>
   <trkpt lat="47.2840210" lon="4.7348860">
    <ele>491.2</ele>
   </trkpt>
   <trkpt lat="47.2840140" lon="4.7348910">
    <ele>491.6</ele>
   </trkpt>
   <trkpt lat="47.2840120" lon="4.7349030">
    <ele>492.0</ele>
   </trkpt>
   <trkpt lat="47.2839980" lon="4.7349300">
    <ele>493.0</ele>
   </trkpt>
   <trkpt lat="47.2839920" lon="4.7349420">
    <ele>493.4</ele>
   </trkpt>
   <trkpt lat="47.2839810" lon="4.7349520">
    <ele>494.0</ele>
   </trkpt>
   <trkpt lat="47.2839750" lon="4.7349570">
    <ele>494.2</ele>
   </trkpt>
   <trkpt lat="47.2839670" lon="4.7349600">
    <ele>494.6</ele>
   </trkpt>
   <trkpt lat="47.2839490" lon="4.7349670">
    <ele>495.4</ele>
   </trkpt>
   <trkpt lat="47.2839420" lon="4.7349660">
    <ele>495.8</ele>
   </trkpt>
   <trkpt lat="47.2839350" lon="4.7349710">
    <ele>496.2</ele>
   </trkpt>
   <trkpt lat="47.2839240" lon="4.7349760">
    <ele>496.6</ele>
   </trkpt>
   <trkpt lat="47.2839150" lon="4.7349800">
    <ele>496.8</ele>
   </trkpt>
   <trkpt lat="47.2839000" lon="4.7350000">
    <ele>497.6</ele>
   </trkpt>
   <trkpt lat="47.2838970" lon="4.7350070">
    <ele>497.8</ele>
   </trkpt>
   <trkpt lat="47.2838930" lon="4.7350140">
    <ele>498.2</ele>
   </trkpt>
   <trkpt lat="47.2838830" lon="4.7350230">
    <ele>498.8</ele>
   </trkpt>
   <trkpt lat="47.2838710" lon="4.7350500">
    <ele>499.4</ele>
   </trkpt>
   <trkpt lat="47.2838580" lon="4.7350640">
    <ele>500.4</ele>
   </trkpt>
   <trkpt lat="47.2838360" lon="4.7350870">
    <ele>501.2</ele>
   </trkpt>
   <trkpt lat="47.2838340" lon="4.7350900">
    <ele>501.4</ele>
   </trkpt>
   <trkpt lat="47.2838130" lon="4.7351060">
    <ele>502.0</ele>
   </trkpt>
   <trkpt lat="47.2837930" lon="4.7351160">
    <ele>502.6</ele>
   </trkpt>
   <trkpt lat="47.2837590" lon="4.7351450">
    <ele>503.8</ele>
   </trkpt>
   <trkpt lat="47.2837500" lon="4.7351600">
    <ele>504.4</ele>
   </trkpt>
   <trkpt lat="47.2837390" lon="4.7351860">
    <ele>505.0</ele>
   </trkpt>
   <trkpt lat="47.2837290" lon="4.7352150">
    <ele>505.4</ele>
   </trkpt>
   <trkpt lat="47.2837190" lon="4.7352470">
    <ele>506.4</ele>
   </trkpt>
   <trkpt lat="47.2837090" lon="4.7352750">
    <ele>506.8</ele>
   </trkpt>
   <trkpt lat="47.2836940" lon="4.7352880">
    <ele>507.8</ele>
   </trkpt>
   <trkpt lat="47.2836620" lon="4.7352960">
    <ele>508.8</ele>
   </trkpt>
   <trkpt lat="47.2836440" lon="4.7353060">
    <ele>509.2</ele>
   </trkpt>
   <trkpt lat="47.2836300" lon="4.7353070">
    <ele>509.6</ele>
   </trkpt>
   <trkpt lat="47.2836210" lon="4.7353190">
    <ele>510.0</ele>
   </trkpt>
   <trkpt lat="47.2835980" lon="4.7353370">
    <ele>511.0</ele>
   </trkpt>
   <trkpt lat="47.2835900" lon="4.7353420">
    <ele>511.2</ele>
   </trkpt>
   <trkpt lat="47.2835750" lon="4.7353650">
    <ele>512.0</ele>
   </trkpt>
   <trkpt lat="47.2835570" lon="4.7353890">
    <ele>512.4</ele>
   </trkpt>
   <trkpt lat="47.2835490" lon="4.7353960">
    <ele>512.6</ele>
   </trkpt>
   <trkpt lat="47.2835280" lon="4.7354270">
    <ele>513.6</ele>
   </trkpt>
   <trkpt lat="47.2835150" lon="4.7354430">
    <ele>513.8</ele>
   </trkpt>
   <trkpt lat="47.2835030" lon="4.7354570">
    <ele>514.4</ele>
   </trkpt>
   <trkpt lat="47.2834990" lon="4.7354670">
    <ele>515.2</ele>
   </trkpt>
   <trkpt lat="47.2834790" lon="4.7354860">
    <ele>516.2</ele>
   </trkpt>
   <trkpt lat="47.2834700" lon="4.7354880">
    <ele>516.6</ele>
   </trkpt>
   <trkpt lat="47.2834640" lon="4.7354970">
    <ele>516.8</ele>
   </trkpt>
   <trkpt lat="47.2834520" lon="4.7355000">
    <ele>517.0</ele>
   </trkpt>
   <trkpt lat="47.2834390" lon="4.7355100">
    <ele>517.6</ele>
   </trkpt>
   <trkpt lat="47.2834310" lon="4.7355260">
    <ele>518.2</ele>
   </trkpt>
   <trkpt lat="47.2834200" lon="4.7355500">
    <ele>518.8</ele>
   </trkpt>
   <trkpt lat="47.2834110" lon="4.7355610">
    <ele>518.8</ele>
   </trkpt>
   <trkpt lat="47.2834060" lon="4.7355620">
    <ele>519.0</ele>
   </trkpt>
   <trkpt lat="47.2833950" lon="4.7355650">
    <ele>520.2</ele>
   </trkpt>
   <trkpt lat="47.2833900" lon="4.7355710">
    <ele>520.6</ele>
   </trkpt>
   <trkpt lat="47.2833850" lon="4.7355760">
    <ele>521.4</ele>
   </trkpt>
   <trkpt lat="47.2833780" lon="4.7355860">
    <ele>521.6</ele>
   </trkpt>
   <trkpt lat="47.2833680" lon="4.7355960">
    <ele>522.0</ele>
   </trkpt>
   <trkpt lat="47.2833470" lon="4.7356130">
    <ele>522.8</ele>
   </trkpt>
   <trkpt lat="47.2833220" lon="4.7356390">
    <ele>523.8</ele>
   </trkpt>
   <trkpt lat="47.2833080" lon="4.7356430">
    <ele>524.4</ele>
   </trkpt>
   <trkpt lat="47.2832950" lon="4.7356510">
    <ele>524.8</ele>
   </trkpt>
   <trkpt lat="47.2832780" lon="4.7356610">
    <ele>525.2</ele>
   </trkpt>
   <trkpt lat="47.2832390" lon="4.7356860">
    <ele>526.6</ele>
   </trkpt>
   <trkpt lat="47.2832010" lon="4.7357220">
    <ele>527.2</ele>
   </trkpt>
   <trkpt lat="47.2831400" lon="4.7357910">
    <ele>527.6</ele>
   </trkpt>
   <trkpt lat="47.2830930" lon="4.7358400">
    <ele>528.0</ele>
   </trkpt>
   <trkpt lat="47.2830140" lon="4.7358880">
    <ele>528.4</ele>
   </trkpt>
   <trkpt lat="47.2829320" lon="4.7359610">
    <ele>528.6</ele>
   </trkpt>
   <trkpt lat="47.2829210" lon="4.7359790">
    <ele>528.8</ele>
   </trkpt>
   <trkpt lat="47.2828690" lon="4.7360220">
    <ele>529.8</ele>
   </trkpt>
   <trkpt lat="47.2828340" lon="4.7360720">
    <ele>530.2</ele>
   </trkpt>
   <trkpt lat="47.2827380" lon="4.7361670">
    <ele>530.6</ele>
   </trkpt>
   <trkpt lat="47.2827200" lon="4.7361920">
    <ele>530.6</ele>
   </trkpt>
   <trkpt lat="47.2827020" lon="4.7362150">
    <ele>530.8</ele>
   </trkpt>
   <trkpt lat="47.2826260" lon="4.7363140">
    <ele>530.6</ele>
   </trkpt>
   <trkpt lat="47.2825470" lon="4.7364340">
    <ele>530.4</ele>
   </trkpt>
   <trkpt lat="47.2824410" lon="4.7366100">
    <ele>530.6</ele>
   </trkpt>
   <trkpt lat="47.2823390" lon="4.7367520">
    <ele>531.4</ele>
   </trkpt>
   <trkpt lat="47.2822550" lon="4.7369040">
    <ele>532.0</ele>
   </trkpt>
   <trkpt lat="47.2822240" lon="4.7369370">
    <ele>532.8</ele>
   </trkpt>
   <trkpt lat="47.2822080" lon="4.7369480">
    <ele>533.0</ele>
   </trkpt>
   <trkpt lat="47.2821940" lon="4.7369650">
    <ele>533.4</ele>
   </trkpt>
   <trkpt lat="47.2821670" lon="4.7370360">
    <ele>533.6</ele>
   </trkpt>
   <trkpt lat="47.2821500" lon="4.7370790">
    <ele>533.6</ele>
   </trkpt>
   <trkpt lat="47.2821120" lon="4.7371740">
    <ele>534.0</ele>
   </trkpt>
   <trkpt lat="47.2820890" lon="4.7372440">
    <ele>534.2</ele>
   </trkpt>
   <trkpt lat="47.2820690" lon="4.7372950">
    <ele>534.4</ele>
   </trkpt>
   <trkpt lat="47.2820090" lon="4.7373630">
    <ele>534.6</ele>
   </trkpt>
   <trkpt lat="47.2819780" lon="4.7374090">
    <ele>535.0</ele>
   </trkpt>
   <trkpt lat="47.2819570" lon="4.7374320">
    <ele>535.2</ele>
   </trkpt>
   <trkpt lat="47.2818940" lon="4.7375250">
    <ele>536.0</ele>
   </trkpt>
   <trkpt lat="47.2818060" lon="4.7376520">
    <ele>535.8</ele>
   </trkpt>
   <trkpt lat="47.2817210" lon="4.7378170">
    <ele>535.2</ele>
   </trkpt>
   <trkpt lat="47.2816370" lon="4.7379860">
    <ele>534.0</ele>
   </trkpt>
   <trkpt lat="47.2815970" lon="4.7380480">
    <ele>533.8</ele>
   </trkpt>
   <trkpt lat="47.2815370" lon="4.7381310">
    <ele>533.6</ele>
   </trkpt>
   <trkpt lat="47.2814900" lon="4.7381960">
    <ele>533.8</ele>
   </trkpt>
   <trkpt lat="47.2814130" lon="4.7382940">
    <ele>534.4</ele>
   </trkpt>
   <trkpt lat="47.2813390" lon="4.7383930">
    <ele>533.8</ele>
   </trkpt>
   <trkpt lat="47.2813310" lon="4.7384000">
    <ele>533.8</ele>
   </trkpt>
   <trkpt lat="47.2813280" lon="4.7384110">
    <ele>533.4</ele>
   </trkpt>
   <trkpt lat="47.2813200" lon="4.7384280">
    <ele>532.8</ele>
   </trkpt>
   <trkpt lat="47.2813020" lon="4.7384510">
    <ele>531.6</ele>
   </trkpt>
   <trkpt lat="47.2812920" lon="4.7384610">
    <ele>530.4</ele>
   </trkpt>
   <trkpt lat="47.2812730" lon="4.7384960">
    <ele>529.0</ele>
   </trkpt>
   <trkpt lat="47.2812570" lon="4.7385230">
    <ele>527.6</ele>
   </trkpt>
   <trkpt lat="47.2812210" lon="4.7385860">
    <ele>526.0</ele>
   </trkpt>
   <trkpt lat="47.2812010" lon="4.7386110">
    <ele>524.8</ele>
   </trkpt>
   <trkpt lat="47.2811530" lon="4.7386740">
    <ele>523.6</ele>
   </trkpt>
   <trkpt lat="47.2811210" lon="4.7387080">
    <ele>522.4</ele>
   </trkpt>
   <trkpt lat="47.2810660" lon="4.7388000">
    <ele>521.2</ele>
   </trkpt>
   <trkpt lat="47.2809620" lon="4.7389840">
    <ele>520.0</ele>
   </trkpt>
   <trkpt lat="47.2808910" lon="4.7391270">
    <ele>518.6</ele>
   </trkpt>
   <trkpt lat="47.2808410" lon="4.7392160">
    <ele>516.8</ele>
   </trkpt>
   <trkpt lat="47.2807800" lon="4.7393700">
    <ele>515.8</ele>
   </trkpt>
   <trkpt lat="47.2807180" lon="4.7394940">
    <ele>514.2</ele>
   </trkpt>
   <trkpt lat="47.2806740" lon="4.7395750">
    <ele>512.8</ele>
   </trkpt>
   <trkpt lat="47.2806560" lon="4.7396150">
    <ele>512.4</ele>
   </trkpt>
   <trkpt lat="47.2806150" lon="4.7396970">
    <ele>511.2</ele>
   </trkpt>
   <trkpt lat="47.2805500" lon="4.7397970">
    <ele>509.6</ele>
   </trkpt>
   <trkpt lat="47.2805090" lon="4.7398610">
    <ele>508.6</ele>
   </trkpt>
   <trkpt lat="47.2804700" lon="4.7399350">
    <ele>507.6</ele>
   </trkpt>
   <trkpt lat="47.2804360" lon="4.7400070">
    <ele>506.8</ele>
   </trkpt>
   <trkpt lat="47.2804140" lon="4.7400470">
    <ele>506.4</ele>
   </trkpt>
   <trkpt lat="47.2803410" lon="4.7401450">
    <ele>505.2</ele>
   </trkpt>
   <trkpt lat="47.2803220" lon="4.7401780">
    <ele>504.4</ele>
   </trkpt>
   <trkpt lat="47.2803030" lon="4.7402070">
    <ele>503.2</ele>
   </trkpt>
   <trkpt lat="47.2802620" lon="4.7402660">
    <ele>502.0</ele>
   </trkpt>
   <trkpt lat="47.2802160" lon="4.7403390">
    <ele>501.0</ele>
   </trkpt>
   <trkpt lat="47.2801960" lon="4.7403770">
    <ele>500.8</ele>
   </trkpt>
   <trkpt lat="47.2801420" lon="4.7404580">
    <ele>499.2</ele>
   </trkpt>
   <trkpt lat="47.2801250" lon="4.7404870">
    <ele>498.6</ele>
   </trkpt>
   <trkpt lat="47.2801100" lon="4.7405100">
    <ele>497.4</ele>
   </trkpt>
   <trkpt lat="47.2800780" lon="4.7405680">
    <ele>495.8</ele>
   </trkpt>
   <trkpt lat="47.2800620" lon="4.7405910">
    <ele>494.4</ele>
   </trkpt>
   <trkpt lat="47.2800290" lon="4.7406460">
    <ele>492.2</ele>
   </trkpt>
   <trkpt lat="47.2800130" lon="4.7406690">
    <ele>490.8</ele>
   </trkpt>
   <trkpt lat="47.2799840" lon="4.7407100">
    <ele>489.4</ele>
   </trkpt>
   <trkpt lat="47.2799520" lon="4.7407730">
    <ele>488.4</ele>
   </trkpt>
   <trkpt lat="47.2799330" lon="4.7408060">
    <ele>487.0</ele>
   </trkpt>
   <trkpt lat="47.2799060" lon="4.7408610">
    <ele>485.0</ele>
   </trkpt>
   <trkpt lat="47.2798940" lon="4.7409310">
    <ele>483.2</ele>
   </trkpt>
   <trkpt lat="47.2799020" lon="4.7410190">
    <ele>482.2</ele>
   </trkpt>
   <trkpt lat="47.2799180" lon="4.7411200">
    <ele>481.0</ele>
   </trkpt>
   <trkpt lat="47.2799230" lon="4.7411780">
    <ele>480.6</ele>
   </trkpt>
   <trkpt lat="47.2799240" lon="4.7412410">
    <ele>480.0</ele>
   </trkpt>
   <trkpt lat="47.2799140" lon="4.7413720">
    <ele>478.8</ele>
   </trkpt>
   <trkpt lat="47.2799090" lon="4.7414910">
    <ele>477.6</ele>
   </trkpt>
   <trkpt lat="47.2799080" lon="4.7415380">
    <ele>477.2</ele>
   </trkpt>
   <trkpt lat="47.2799030" lon="4.7416460">
    <ele>476.2</ele>
   </trkpt>
   <trkpt lat="47.2798930" lon="4.7418160">
    <ele>475.0</ele>
   </trkpt>
   <trkpt lat="47.2798930" lon="4.7419230">
    <ele>474.2</ele>
   </trkpt>
   <trkpt lat="47.2798940" lon="4.7420280">
    <ele>473.8</ele>
   </trkpt>
   <trkpt lat="47.2798990" lon="4.7421310">
    <ele>472.8</ele>
   </trkpt>
   <trkpt lat="47.2798920" lon="4.7422690">
    <ele>471.8</ele>
   </trkpt>
   <trkpt lat="47.2798870" lon="4.7423060">
    <ele>471.6</ele>
   </trkpt>
   <trkpt lat="47.2798360" lon="4.7424740">
    <ele>470.2</ele>
   </trkpt>
   <trkpt lat="47.2797990" lon="4.7425040">
    <ele>469.0</ele>
   </trkpt>
   <trkpt lat="47.2798040" lon="4.7425000">
    <ele>468.8</ele>
   </trkpt>
   <trkpt lat="47.2798370" lon="4.7424970">
    <ele>467.4</ele>
   </trkpt>
   <trkpt lat="47.2798530" lon="4.7424970">
    <ele>466.4</ele>
   </trkpt>
   <trkpt lat="47.2798930" lon="4.7424970">
    <ele>465.4</ele>
   </trkpt>
   <trkpt lat="47.2799100" lon="4.7424910">
    <ele>464.8</ele>
   </trkpt>
   <trkpt lat="47.2799520" lon="4.7424590">
    <ele>463.4</ele>
   </trkpt>
   <trkpt lat="47.2799820" lon="4.7424400">
    <ele>462.8</ele>
   </trkpt>
   <trkpt lat="47.2800050" lon="4.7424250">
    <ele>461.8</ele>
   </trkpt>
   <trkpt lat="47.2800410" lon="4.7424100">
    <ele>460.8</ele>
   </trkpt>
   <trkpt lat="47.2800530" lon="4.7424160">
    <ele>460.0</ele>
   </trkpt>
   <trkpt lat="47.2800590" lon="4.7424300">
    <ele>458.4</ele>
   </trkpt>
   <trkpt lat="47.2800660" lon="4.7424790">
    <ele>457.2</ele>
   </trkpt>
   <trkpt lat="47.2800690" lon="4.7425040">
    <ele>455.8</ele>
   </trkpt>
   <trkpt lat="47.2800550" lon="4.7425720">
    <ele>454.2</ele>
   </trkpt>
   <trkpt lat="47.2800380" lon="4.7426320">
    <ele>453.0</ele>
   </trkpt>
   <trkpt lat="47.2800370" lon="4.7426900">
    <ele>452.6</ele>
   </trkpt>
   <trkpt lat="47.2800270" lon="4.7427140">
    <ele>452.0</ele>
   </trkpt>
   <trkpt lat="47.2800130" lon="4.7427350">
    <ele>451.6</ele>
   </trkpt>
   <trkpt lat="47.2799800" lon="4.7427580">
    <ele>450.8</ele>
   </trkpt>
   <trkpt lat="47.2799630" lon="4.7427620">
    <ele>450.2</ele>
   </trkpt>
   <trkpt lat="47.2799440" lon="4.7427880">
    <ele>449.8</ele>
   </trkpt>
   <trkpt lat="47.2799090" lon="4.7428190">
    <ele>449.2</ele>
   </trkpt>
   <trkpt lat="47.2798870" lon="4.7428340">
    <ele>448.8</ele>
   </trkpt>
   <trkpt lat="47.2798320" lon="4.7428590">
    <ele>448.0</ele>
   </trkpt>
   <trkpt lat="47.2797850" lon="4.7429010">
    <ele>446.6</ele>
   </trkpt>
   <trkpt lat="47.2797320" lon="4.7429420">
    <ele>444.8</ele>
   </trkpt>
   <trkpt lat="47.2796880" lon="4.7429960">
    <ele>443.6</ele>
   </trkpt>
   <trkpt lat="47.2796490" lon="4.7430510">
    <ele>442.4</ele>
   </trkpt>
   <trkpt lat="47.2796320" lon="4.7430770">
    <ele>441.0</ele>
   </trkpt>
   <trkpt lat="47.2795950" lon="4.7431160">
    <ele>439.6</ele>
   </trkpt>
   <trkpt lat="47.2795790" lon="4.7431230">
    <ele>438.4</ele>
   </trkpt>
   <trkpt lat="47.2795700" lon="4.7431240">
    <ele>437.8</ele>
   </trkpt>
   <trkpt lat="47.2795580" lon="4.7431380">
    <ele>437.2</ele>
   </trkpt>
   <trkpt lat="47.2795500" lon="4.7431560">
    <ele>436.4</ele>
   </trkpt>
   <trkpt lat="47.2795450" lon="4.7431810">
    <ele>435.6</ele>
   </trkpt>
   <trkpt lat="47.2795260" lon="4.7432160">
    <ele>434.6</ele>
   </trkpt>
   <trkpt lat="47.2795220" lon="4.7432370">
    <ele>434.0</ele>
   </trkpt>
   <trkpt lat="47.2795160" lon="4.7432650">
    <ele>432.8</ele>
   </trkpt>
   <trkpt lat="47.2795070" lon="4.7432860">
    <ele>431.8</ele>
   </trkpt>
   <trkpt lat="47.2794890" lon="4.7433020">
    <ele>431.0</ele>
   </trkpt>
   <trkpt lat="47.2794710" lon="4.7433060">
    <ele>430.4</ele>
   </trkpt>
   <trkpt lat="47.2794360" lon="4.7433310">
    <ele>429.2</ele>
   </trkpt>
   <trkpt lat="47.2793960" lon="4.7433620">
    <ele>428.8</ele>
   </trkpt>
   <trkpt lat="47.2793070" lon="4.7433870">
    <ele>430.0</ele>
   </trkpt>
   <trkpt lat="47.2792890" lon="4.7433910">
    <ele>430.6</ele>
   </trkpt>
   <trkpt lat="47.2792360" lon="4.7433840">
    <ele>432.0</ele>
   </trkpt>
   <trkpt lat="47.2792240" lon="4.7433790">
    <ele>432.2</ele>
   </trkpt>
   <trkpt lat="47.2792060" lon="4.7433490">
    <ele>433.0</ele>
   </trkpt>
   <trkpt lat="47.2792010" lon="4.7433180">
    <ele>433.4</ele>
   </trkpt>
   <trkpt lat="47.2791840" lon="4.7432520">
    <ele>434.0</ele>
   </trkpt>
   <trkpt lat="47.2791850" lon="4.7432360">
    <ele>434.6</ele>
   </trkpt>
   <trkpt lat="47.2791850" lon="4.7432170">
    <ele>434.8</ele>
   </trkpt>
   <trkpt lat="47.2791860" lon="4.7431960">
    <ele>435.4</ele>
   </trkpt>
   <trkpt lat="47.2791820" lon="4.7431650">
    <ele>436.4</ele>
   </trkpt>
   <trkpt lat="47.2791810" lon="4.7431260">
    <ele>437.4</ele>
   </trkpt>
   <trkpt lat="47.2791690" lon="4.7430890">
    <ele>438.4</ele>
   </trkpt>
   <trkpt lat="47.2791570" lon="4.7430560">
    <ele>439.0</ele>
   </trkpt>
   <trkpt lat="47.2791480" lon="4.7430190">
    <ele>439.4</ele>
   </trkpt>
   <trkpt lat="47.2791370" lon="4.7429970">
    <ele>439.6</ele>
   </trkpt>
   <trkpt lat="47.2791370" lon="4.7429790">
    <ele>439.8</ele>
   </trkpt>
   <trkpt lat="47.2791440" lon="4.7429470">
    <ele>440.4</ele>
   </trkpt>
   <trkpt lat="47.2791370" lon="4.7429240">
    <ele>441.0</ele>
   </trkpt>
   <trkpt lat="47.2791370" lon="4.7429040">
    <ele>441.4</ele>
   </trkpt>
   <trkpt lat="47.2791390" lon="4.7428930">
    <ele>441.6</ele>
   </trkpt>
   <trkpt lat="47.2791310" lon="4.7428730">
    <ele>441.8</ele>
   </trkpt>
   <trkpt lat="47.2791240" lon="4.7428170">
    <ele>442.6</ele>
   </trkpt>
   <trkpt lat="47.2791100" lon="4.7427850">
    <ele>443.4</ele>
   </trkpt>
   <trkpt lat="47.2790940" lon="4.7427720">
    <ele>443.8</ele>
   </trkpt>
   <trkpt lat="47.2790900" lon="4.7427570">
    <ele>444.2</ele>
   </trkpt>
   <trkpt lat="47.2790830" lon="4.7427160">
    <ele>444.6</ele>
   </trkpt>
   <trkpt lat="47.2790770" lon="4.7426750">
    <ele>445.6</ele>
   </trkpt>
   <trkpt lat="47.2790680" lon="4.7426470">
    <ele>446.2</ele>
   </trkpt>
   <trkpt lat="47.2790660" lon="4.7426160">
    <ele>446.6</ele>
   </trkpt>
   <trkpt lat="47.2790770" lon="4.7425850">
    <ele>447.6</ele>
   </trkpt>
   <trkpt lat="47.2790840" lon="4.7425680">
    <ele>448.0</ele>
   </trkpt>
   <trkpt lat="47.2790970" lon="4.7425440">
    <ele>448.6</ele>
   </trkpt>
   <trkpt lat="47.2790980" lon="4.7425260">
    <ele>449.0</ele>
   </trkpt>
   <trkpt lat="47.2791120" lon="4.7424580">
    <ele>450.0</ele>
   </trkpt>
   <trkpt lat="47.2791120" lon="4.7424300">
    <ele>450.2</ele>
   </trkpt>
   <trkpt lat="47.2791010" lon="4.7423860">
    <ele>451.0</ele>
   </trkpt>
   <trkpt lat="47.2790910" lon="4.7423570">
    <ele>451.4</ele>
   </trkpt>
   <trkpt lat="47.2790690" lon="4.7422780">
    <ele>451.8</ele>
   </trkpt>
   <trkpt lat="47.2790440" lon="4.7422170">
    <ele>452.4</ele>
   </trkpt>
   <trkpt lat="47.2790230" lon="4.7421920">
    <ele>452.6</ele>
   </trkpt>
   <trkpt lat="47.2790090" lon="4.7421840">
    <ele>452.8</ele>
   </trkpt>
   <trkpt lat="47.2789510" lon="4.7421700">
    <ele>453.8</ele>
   </trkpt>
   <trkpt lat="47.2789210" lon="4.7421780">
    <ele>454.4</ele>
   </trkpt>
   <trkpt lat="47.2788910" lon="4.7421820">
    <ele>455.2</ele>
   </trkpt>
   <trkpt lat="47.2788540" lon="4.7421830">
    <ele>456.6</ele>
   </trkpt>
   <trkpt lat="47.2788350" lon="4.7421780">
    <ele>457.4</ele>
   </trkpt>
   <trkpt lat="47.2788320" lon="4.7421800">
    <ele>458.0</ele>
   </trkpt>
   <trkpt lat="47.2788230" lon="4.7421880">
    <ele>458.4</ele>
   </trkpt>
   <trkpt lat="47.2788020" lon="4.7421950">
    <ele>459.0</ele>
   </trkpt>
   <trkpt lat="47.2787850" lon="4.7422110">
    <ele>459.6</ele>
   </trkpt>
   <trkpt lat="47.2787590" lon="4.7422150">
    <ele>460.6</ele>
   </trkpt>
   <trkpt lat="47.2786780" lon="4.7422380">
    <ele>462.0</ele>
   </trkpt>
   <trkpt lat="47.2786670" lon="4.7422330">
    <ele>462.2</ele>
   </trkpt>
   <trkpt lat="47.2786530" lon="4.7422350">
    <ele>462.4</ele>
   </trkpt>
   <trkpt lat="47.2786240" lon="4.7422480">
    <ele>463.2</ele>
   </trkpt>
   <trkpt lat="47.2785870" lon="4.7422720">
    <ele>463.4</ele>
   </trkpt>
   <trkpt lat="47.2785650" lon="4.7423230">
    <ele>463.6</ele>
   </trkpt>
   <trkpt lat="47.2785650" lon="4.7423540">
    <ele>464.4</ele>
   </trkpt>
   <trkpt lat="47.2786070" lon="4.7424610">
    <ele>464.4</ele>
   </trkpt>
   <trkpt lat="47.2786830" lon="4.7426060">
    <ele>463.0</ele>
   </trkpt>
   <trkpt lat="47.2787060" lon="4.7426430">
    <ele>462.4</ele>
   </trkpt>
   <trkpt lat="47.2787190" lon="4.7426830">
    <ele>462.0</ele>
   </trkpt>
   <trkpt lat="47.2787610" lon="4.7427610">
    <ele>461.0</ele>
   </trkpt>
   <trkpt lat="47.2787780" lon="4.7427990">
    <ele>460.6</ele>
   </trkpt>
   <trkpt lat="47.2788060" lon="4.7428710">
    <ele>459.8</ele>
   </trkpt>
   <trkpt lat="47.2788310" lon="4.7429420">
    <ele>458.2</ele>
   </trkpt>
   <trkpt lat="47.2788470" lon="4.7429800">
    <ele>458.0</ele>
   </trkpt>
   <trkpt lat="47.2788840" lon="4.7430510">
    <ele>456.4</ele>
   </trkpt>
   <trkpt lat="47.2789060" lon="4.7431410">
    <ele>454.8</ele>
   </trkpt>
   <trkpt lat="47.2789170" lon="4.7432250">
    <ele>454.0</ele>
   </trkpt>
   <trkpt lat="47.2789160" lon="4.7432640">
    <ele>453.6</ele>
   </trkpt>
   <trkpt lat="47.2789200" lon="4.7433500">
    <ele>452.0</ele>
   </trkpt>
   <trkpt lat="47.2789190" lon="4.7433850">
    <ele>450.8</ele>
   </trkpt>
   <trkpt lat="47.2789160" lon="4.7434650">
    <ele>448.6</ele>
   </trkpt>
   <trkpt lat="47.2789050" lon="4.7435010">
    <ele>447.8</ele>
   </trkpt>
   <trkpt lat="47.2788930" lon="4.7435280">
    <ele>446.8</ele>
   </trkpt>
   <trkpt lat="47.2788770" lon="4.7436280">
    <ele>445.8</ele>
   </trkpt>
   <trkpt lat="47.2788630" lon="4.7436610">
    <ele>444.6</ele>
   </trkpt>
   <trkpt lat="47.2788610" lon="4.7437590">
    <ele>443.2</ele>
   </trkpt>
   <trkpt lat="47.2788510" lon="4.7438490">
    <ele>441.6</ele>
   </trkpt>
   <trkpt lat="47.2788640" lon="4.7439100">
    <ele>440.8</ele>
   </trkpt>
   <trkpt lat="47.2788770" lon="4.7439650">
    <ele>439.8</ele>
   </trkpt>
   <trkpt lat="47.2788770" lon="4.7440630">
    <ele>438.6</ele>
   </trkpt>
   <trkpt lat="47.2788610" lon="4.7441740">
    <ele>437.4</ele>
   </trkpt>
   <trkpt lat="47.2788620" lon="4.7442270">
    <ele>437.0</ele>
   </trkpt>
   <trkpt lat="47.2788710" lon="4.7443780">
    <ele>435.8</ele>
   </trkpt>
   <trkpt lat="47.2788860" lon="4.7445430">
    <ele>435.0</ele>
   </trkpt>
   <trkpt lat="47.2788830" lon="4.7446130">
    <ele>434.6</ele>
   </trkpt>
   <trkpt lat="47.2788720" lon="4.7447880">
    <ele>433.6</ele>
   </trkpt>
   <trkpt lat="47.2788790" lon="4.7450030">
    <ele>432.4</ele>
   </trkpt>
   <trkpt lat="47.2788860" lon="4.7450380">
    <ele>432.2</ele>
   </trkpt>
   <trkpt lat="47.2789320" lon="4.7452520">
    <ele>431.0</ele>
   </trkpt>
   <trkpt lat="47.2789440" lon="4.7453110">
    <ele>430.6</ele>
   </trkpt>
   <trkpt lat="47.2789640" lon="4.7454740">
    <ele>429.6</ele>
   </trkpt>
   <trkpt lat="47.2789680" lon="4.7455730">
    <ele>428.6</ele>
   </trkpt>
   <trkpt lat="47.2789740" lon="4.7457260">
    <ele>427.0</ele>
   </trkpt>
   <trkpt lat="47.2789620" lon="4.7458290">
    <ele>426.2</ele>
   </trkpt>
   <trkpt lat="47.2789570" lon="4.7458720">
    <ele>425.8</ele>
   </trkpt>
   <trkpt lat="47.2789500" lon="4.7459880">
    <ele>424.8</ele>
   </trkpt>
   <trkpt lat="47.2789570" lon="4.7460340">
    <ele>424.2</ele>
   </trkpt>
   <trkpt lat="47.2789560" lon="4.7460890">
    <ele>423.8</ele>
   </trkpt>
   <trkpt lat="47.2789630" lon="4.7462920">
    <ele>422.6</ele>
   </trkpt>
   <trkpt lat="47.2789640" lon="4.7465370">
    <ele>421.6</ele>
   </trkpt>
   <trkpt lat="47.2789640" lon="4.7465940">
    <ele>421.2</ele>
   </trkpt>
   <trkpt lat="47.2789440" lon="4.7467010">
    <ele>420.0</ele>
   </trkpt>
   <trkpt lat="47.2789520" lon="4.7467430">
    <ele>419.4</ele>
   </trkpt>
   <trkpt lat="47.2789640" lon="4.7468280">
    <ele>418.8</ele>
   </trkpt>
   <trkpt lat="47.2789630" lon="4.7468700">
    <ele>417.8</ele>
   </trkpt>
   <trkpt lat="47.2789820" lon="4.7469420">
    <ele>416.6</ele>
   </trkpt>
   <trkpt lat="47.2789900" lon="4.7469830">
    <ele>415.8</ele>
   </trkpt>
   <trkpt lat="47.2790080" lon="4.7470230">
    <ele>415.4</ele>
   </trkpt>
   <trkpt lat="47.2790620" lon="4.7471230">
    <ele>414.2</ele>
   </trkpt>
   <trkpt lat="47.2791170" lon="4.7472220">
    <ele>413.2</ele>
   </trkpt>
   <trkpt lat="47.2791510" lon="4.7473100">
    <ele>413.0</ele>
   </trkpt>
   <trkpt lat="47.2792510" lon="4.7475800">
    <ele>412.2</ele>
   </trkpt>
   <trkpt lat="47.2792700" lon="4.7476260">
    <ele>412.2</ele>
   </trkpt>
   <trkpt lat="47.2793370" lon="4.7478500">
    <ele>411.8</ele>
   </trkpt>
   <trkpt lat="47.2794010" lon="4.7481330">
    <ele>411.0</ele>
   </trkpt>
   <trkpt lat="47.2794010" lon="4.7482540">
    <ele>410.6</ele>
   </trkpt>
   <trkpt lat="47.2794070" lon="4.7483580">
    <ele>410.0</ele>
   </trkpt>
   <trkpt lat="47.2794020" lon="4.7484370">
    <ele>409.8</ele>
   </trkpt>
   <trkpt lat="47.2793990" lon="4.7485480">
    <ele>409.6</ele>
   </trkpt>
   <trkpt lat="47.2793710" lon="4.7487690">
    <ele>408.4</ele>
   </trkpt>
   <trkpt lat="47.2793670" lon="4.7488320">
    <ele>408.0</ele>
   </trkpt>
   <trkpt lat="47.2793710" lon="4.7488880">
    <ele>407.2</ele>
   </trkpt>
   <trkpt lat="47.2793840" lon="4.7490650">
    <ele>406.0</ele>
   </trkpt>
   <trkpt lat="47.2793920" lon="4.7491290">
    <ele>405.4</ele>
   </trkpt>
   <trkpt lat="47.2794050" lon="4.7491890">
    <ele>404.6</ele>
   </trkpt>
   <trkpt lat="47.2794350" lon="4.7493040">
    <ele>403.6</ele>
   </trkpt>
   <trkpt lat="47.2794850" lon="4.7494620">
    <ele>402.0</ele>
   </trkpt>
   <trkpt lat="47.2795240" lon="4.7495640">
    <ele>400.8</ele>
   </trkpt>
   <trkpt lat="47.2795650" lon="4.7496610">
    <ele>399.6</ele>
   </trkpt>
   <trkpt lat="47.2796130" lon="4.7497590">
    <ele>398.2</ele>
   </trkpt>
   <trkpt lat="47.2796360" lon="4.7498050">
    <ele>397.6</ele>
   </trkpt>
   <trkpt lat="47.2796820" lon="4.7498970">
    <ele>396.8</ele>
   </trkpt>
   <trkpt lat="47.2797210" lon="4.7499840">
    <ele>395.4</ele>
   </trkpt>
   <trkpt lat="47.2797700" lon="4.7500700">
    <ele>394.6</ele>
   </trkpt>
   <trkpt lat="47.2797990" lon="4.7501130">
    <ele>394.0</ele>
   </trkpt>
   <trkpt lat="47.2798480" lon="4.7502070">
    <ele>392.8</ele>
   </trkpt>
   <trkpt lat="47.2798930" lon="4.7502940">
    <ele>391.4</ele>
   </trkpt>
   <trkpt lat="47.2799160" lon="4.7503350">
    <ele>390.8</ele>
   </trkpt>
   <trkpt lat="47.2799400" lon="4.7503760">
    <ele>390.2</ele>
   </trkpt>
   <trkpt lat="47.2800040" lon="4.7505030">
    <ele>388.6</ele>
   </trkpt>
   <trkpt lat="47.2800580" lon="4.7505900">
    <ele>387.6</ele>
   </trkpt>
   <trkpt lat="47.2801150" lon="4.7507260">
    <ele>386.2</ele>
   </trkpt>
   <trkpt lat="47.2801550" lon="4.7508140">
    <ele>385.0</ele>
   </trkpt>
   <trkpt lat="47.2801750" lon="4.7508580">
    <ele>383.8</ele>
   </trkpt>
   <trkpt lat="47.2802160" lon="4.7509480">
    <ele>382.8</ele>
   </trkpt>
   <trkpt lat="47.2802570" lon="4.7510340">
    <ele>381.4</ele>
   </trkpt>
   <trkpt lat="47.2802970" lon="4.7511220">
    <ele>380.2</ele>
   </trkpt>
   <trkpt lat="47.2803230" lon="4.7511650">
    <ele>379.0</ele>
   </trkpt>
   <trkpt lat="47.2803710" lon="4.7512560">
    <ele>377.6</ele>
   </trkpt>
   <trkpt lat="47.2804430" lon="4.7513700">
    <ele>376.2</ele>
   </trkpt>
   <trkpt lat="47.2805090" lon="4.7514710">
    <ele>374.6</ele>
   </trkpt>
   <trkpt lat="47.2805590" lon="4.7515390">
    <ele>373.4</ele>
   </trkpt>
   <trkpt lat="47.2806080" lon="4.7516050">
    <ele>372.6</ele>
   </trkpt>
   <trkpt lat="47.2806350" lon="4.7516400">
    <ele>372.0</ele>
   </trkpt>
   <trkpt lat="47.2806820" lon="4.7517070">
    <ele>371.0</ele>
   </trkpt>
   <trkpt lat="47.2807320" lon="4.7517800">
    <ele>369.4</ele>
   </trkpt>
   <trkpt lat="47.2807800" lon="4.7518570">
    <ele>368.6</ele>
   </trkpt>
   <trkpt lat="47.2808030" lon="4.7518980">
    <ele>368.2</ele>
   </trkpt>
   <trkpt lat="47.2808540" lon="4.7520280">
    <ele>366.6</ele>
   </trkpt>
   <trkpt lat="47.2808890" lon="4.7521250">
    <ele>365.0</ele>
   </trkpt>
   <trkpt lat="47.2809060" lon="4.7521750">
    <ele>364.4</ele>
   </trkpt>
   <trkpt lat="47.2809230" lon="4.7522260">
    <ele>364.0</ele>
   </trkpt>
   <trkpt lat="47.2809600" lon="4.7523300">
    <ele>362.6</ele>
   </trkpt>
   <trkpt lat="47.2809790" lon="4.7523810">
    <ele>361.6</ele>
   </trkpt>
   <trkpt lat="47.2810210" lon="4.7524840">
    <ele>360.2</ele>
   </trkpt>
   <trkpt lat="47.2810390" lon="4.7525360">
    <ele>359.8</ele>
   </trkpt>
   <trkpt lat="47.2810740" lon="4.7526350">
    <ele>358.4</ele>
   </trkpt>
   <trkpt lat="47.2811030" lon="4.7527370">
    <ele>357.4</ele>
   </trkpt>
   <trkpt lat="47.2811390" lon="4.7528430">
    <ele>356.4</ele>
   </trkpt>
   <trkpt lat="47.2811540" lon="4.7528950">
    <ele>356.2</ele>
   </trkpt>
   <trkpt lat="47.2811910" lon="4.7530460">
    <ele>354.6</ele>
   </trkpt>
   <trkpt lat="47.2812170" lon="4.7531340">
    <ele>354.0</ele>
   </trkpt>
   <trkpt lat="47.2812590" lon="4.7532660">
    <ele>353.4</ele>
   </trkpt>
   <trkpt lat="47.2813120" lon="4.7533840">
    <ele>351.8</ele>
   </trkpt>
   <trkpt lat="47.2813780" lon="4.7534930">
    <ele>349.6</ele>
   </trkpt>
   <trkpt lat="47.2814290" lon="4.7535590">
    <ele>348.2</ele>
   </trkpt>
   <trkpt lat="47.2814790" lon="4.7536310">
    <ele>347.2</ele>
   </trkpt>
   <trkpt lat="47.2815270" lon="4.7537030">
    <ele>346.0</ele>
   </trkpt>
   <trkpt lat="47.2815530" lon="4.7537380">
    <ele>345.0</ele>
   </trkpt>
   <trkpt lat="47.2816070" lon="4.7538080">
    <ele>343.4</ele>
   </trkpt>
   <trkpt lat="47.2816280" lon="4.7538410">
    <ele>343.0</ele>
   </trkpt>
   <trkpt lat="47.2816550" lon="4.7538760">
    <ele>342.2</ele>
   </trkpt>
   <trkpt lat="47.2817030" lon="4.7539470">
    <ele>340.8</ele>
   </trkpt>
   <trkpt lat="47.2817550" lon="4.7540160">
    <ele>339.6</ele>
   </trkpt>
   <trkpt lat="47.2818070" lon="4.7540800">
    <ele>338.4</ele>
   </trkpt>
   <trkpt lat="47.2818840" lon="4.7541780">
    <ele>336.6</ele>
   </trkpt>
   <trkpt lat="47.2819290" lon="4.7542490">
    <ele>335.4</ele>
   </trkpt>
   <trkpt lat="47.2819690" lon="4.7543150">
    <ele>333.8</ele>
   </trkpt>
   <trkpt lat="47.2820240" lon="4.7544010">
    <ele>332.4</ele>
   </trkpt>
   <trkpt lat="47.2820990" lon="4.7544900">
    <ele>331.2</ele>
   </trkpt>
   <trkpt lat="47.2821730" lon="4.7545390">
    <ele>329.8</ele>
   </trkpt>
   <trkpt lat="47.2822430" lon="4.7545990">
    <ele>328.4</ele>
   </trkpt>
   <trkpt lat="47.2823090" lon="4.7546750">
    <ele>327.4</ele>
   </trkpt>
   <trkpt lat="47.2823390" lon="4.7547170">
    <ele>327.0</ele>
   </trkpt>
   <trkpt lat="47.2823630" lon="4.7547630">
    <ele>325.8</ele>
   </trkpt>
   <trkpt lat="47.2824100" lon="4.7548600">
    <ele>324.0</ele>
   </trkpt>
   <trkpt lat="47.2824490" lon="4.7549690">
    <ele>323.0</ele>
   </trkpt>
   <trkpt lat="47.2824880" lon="4.7550730">
    <ele>321.8</ele>
   </trkpt>
   <trkpt lat="47.2825550" lon="4.7552190">
    <ele>320.0</ele>
   </trkpt>
   <trkpt lat="47.2825820" lon="4.7552570">
    <ele>319.0</ele>
   </trkpt>
   <trkpt lat="47.2826150" lon="4.7552890">
    <ele>318.4</ele>
   </trkpt>
   <trkpt lat="47.2826470" lon="4.7553210">
    <ele>317.4</ele>
   </trkpt>
   <trkpt lat="47.2827180" lon="4.7553860">
    <ele>315.6</ele>
   </trkpt>
   <trkpt lat="47.2827780" lon="4.7554510">
    <ele>314.4</ele>
   </trkpt>
   <trkpt lat="47.2828010" lon="4.7555280">
    <ele>313.2</ele>
   </trkpt>
   <trkpt lat="47.2828810" lon="4.7556530">
    <ele>312.2</ele>
   </trkpt>
   <trkpt lat="47.2829120" lon="4.7556950">
    <ele>311.6</ele>
   </trkpt>
   <trkpt lat="47.2829410" lon="4.7557380">
    <ele>310.8</ele>
   </trkpt>
   <trkpt lat="47.2829740" lon="4.7557800">
    <ele>310.4</ele>
   </trkpt>
   <trkpt lat="47.2830010" lon="4.7558200">
    <ele>309.6</ele>
   </trkpt>
   <trkpt lat="47.2830590" lon="4.7558940">
    <ele>307.8</ele>
   </trkpt>
   <trkpt lat="47.2830850" lon="4.7559340">
    <ele>307.4</ele>
   </trkpt>
   <trkpt lat="47.2831110" lon="4.7559710">
    <ele>307.2</ele>
   </trkpt>
   <trkpt lat="47.2831670" lon="4.7560490">
    <ele>306.6</ele>
   </trkpt>
   <trkpt lat="47.2831910" lon="4.7560910">
    <ele>306.2</ele>
   </trkpt>
   <trkpt lat="47.2832670" lon="4.7562180">
    <ele>305.4</ele>
   </trkpt>
   <trkpt lat="47.2832890" lon="4.7562600">
    <ele>305.4</ele>
   </trkpt>
   <trkpt lat="47.2833380" lon="4.7563410">
    <ele>304.4</ele>
   </trkpt>
   <trkpt lat="47.2833930" lon="4.7564150">
    <ele>303.2</ele>
   </trkpt>
   <trkpt lat="47.2834970" lon="4.7565550">
    <ele>302.0</ele>
   </trkpt>
   <trkpt lat="47.2835360" lon="4.7566420">
    <ele>300.8</ele>
   </trkpt>
   <trkpt lat="47.2835580" lon="4.7567470">
    <ele>300.4</ele>
   </trkpt>
   <trkpt lat="47.2835640" lon="4.7568010">
    <ele>300.2</ele>
   </trkpt>
   <trkpt lat="47.2835600" lon="4.7570540">
    <ele>299.6</ele>
   </trkpt>
   <trkpt lat="47.2835550" lon="4.7571040">
    <ele>299.8</ele>
   </trkpt>
   <trkpt lat="47.2835810" lon="4.7573780">
    <ele>298.8</ele>
   </trkpt>
   <trkpt lat="47.2836180" lon="4.7574210">
    <ele>298.8</ele>
   </trkpt>
   <trkpt lat="47.2836450" lon="4.7574130">
    <ele>298.8</ele>
   </trkpt>
   <trkpt lat="47.2837290" lon="4.7573340">
    <ele>298.8</ele>
   </trkpt>
   <trkpt lat="47.2837420" lon="4.7572920">
    <ele>298.8</ele>
   </trkpt>
   <trkpt lat="47.2837490" lon="4.7571890">
    <ele>298.4</ele>
   </trkpt>
   <trkpt lat="47.2837530" lon="4.7570600">
    <ele>298.0</ele>
   </trkpt>
   <trkpt lat="47.2837970" lon="4.7568490">
    <ele>299.0</ele>
   </trkpt>
   <trkpt lat="47.2838440" lon="4.7566070">
    <ele>299.2</ele>
   </trkpt>
   <trkpt lat="47.2838880" lon="4.7565160">
    <ele>299.8</ele>
   </trkpt>
   <trkpt lat="47.2839380" lon="4.7564340">
    <ele>300.8</ele>
   </trkpt>
   <trkpt lat="47.2839610" lon="4.7564190">
    <ele>301.2</ele>
   </trkpt>
   <trkpt lat="47.2840590" lon="4.7564070">
    <ele>302.0</ele>
   </trkpt>
   <trkpt lat="47.2840870" lon="4.7564060">
    <ele>302.0</ele>
   </trkpt>
   <trkpt lat="47.2841840" lon="4.7563940">
    <ele>302.2</ele>
   </trkpt>
   <trkpt lat="47.2842500" lon="4.7564020">
    <ele>303.0</ele>
   </trkpt>
   <trkpt lat="47.2842720" lon="4.7564100">
    <ele>303.2</ele>
   </trkpt>
   <trkpt lat="47.2843320" lon="4.7564250">
    <ele>304.4</ele>
   </trkpt>
   <trkpt lat="47.2844140" lon="4.7564420">
    <ele>305.8</ele>
   </trkpt>
   <trkpt lat="47.2844920" lon="4.7564780">
    <ele>307.0</ele>
   </trkpt>
   <trkpt lat="47.2845030" lon="4.7564920">
    <ele>307.2</ele>
   </trkpt>
   <trkpt lat="47.2845310" lon="4.7565080">
    <ele>308.2</ele>
   </trkpt>
   <trkpt lat="47.2845540" lon="4.7565100">
    <ele>308.6</ele>
   </trkpt>
   <trkpt lat="47.2845840" lon="4.7565070">
    <ele>309.8</ele>
   </trkpt>
   <trkpt lat="47.2846250" lon="4.7564970">
    <ele>311.0</ele>
   </trkpt>
   <trkpt lat="47.2847540" lon="4.7564130">
    <ele>312.6</ele>
   </trkpt>
   <trkpt lat="47.2847810" lon="4.7563900">
    <ele>313.6</ele>
   </trkpt>
   <trkpt lat="47.2848150" lon="4.7563610">
    <ele>314.8</ele>
   </trkpt>
   <trkpt lat="47.2848420" lon="4.7563340">
    <ele>315.2</ele>
   </trkpt>
   <trkpt lat="47.2848650" lon="4.7562570">
    <ele>315.8</ele>
   </trkpt>
   <trkpt lat="47.2848690" lon="4.7562330">
    <ele>316.4</ele>
   </trkpt>
   <trkpt lat="47.2848730" lon="4.7562080">
    <ele>316.8</ele>
   </trkpt>
   <trkpt lat="47.2848820" lon="4.7561860">
    <ele>317.2</ele>
   </trkpt>
   <trkpt lat="47.2849430" lon="4.7560210">
    <ele>318.4</ele>
   </trkpt>
   <trkpt lat="47.2849560" lon="4.7559680">
    <ele>319.4</ele>
   </trkpt>
   <trkpt lat="47.2849810" lon="4.7558840">
    <ele>320.6</ele>
   </trkpt>
   <trkpt lat="47.2849880" lon="4.7558500">
    <ele>320.6</ele>
   </trkpt>
   <trkpt lat="47.2850030" lon="4.7557440">
    <ele>321.8</ele>
   </trkpt>
   <trkpt lat="47.2850260" lon="4.7556040">
    <ele>322.4</ele>
   </trkpt>
   <trkpt lat="47.2850700" lon="4.7554960">
    <ele>323.2</ele>
   </trkpt>
   <trkpt lat="47.2851070" lon="4.7554680">
    <ele>323.8</ele>
   </trkpt>
   <trkpt lat="47.2852190" lon="4.7554000">
    <ele>324.2</ele>
   </trkpt>
   <trkpt lat="47.2852860" lon="4.7553790">
    <ele>325.2</ele>
   </trkpt>
   <trkpt lat="47.2853360" lon="4.7553180">
    <ele>325.8</ele>
   </trkpt>
   <trkpt lat="47.2853720" lon="4.7552750">
    <ele>326.6</ele>
   </trkpt>
   <trkpt lat="47.2854690" lon="4.7551300">
    <ele>327.4</ele>
   </trkpt>
   <trkpt lat="47.2854720" lon="4.7550970">
    <ele>327.8</ele>
   </trkpt>
   <trkpt lat="47.2854930" lon="4.7550180">
    <ele>329.4</ele>
   </trkpt>
   <trkpt lat="47.2855040" lon="4.7549550">
    <ele>329.8</ele>
   </trkpt>
   <trkpt lat="47.2855130" lon="4.7548930">
    <ele>330.6</ele>
   </trkpt>
   <trkpt lat="47.2855440" lon="4.7547540">
    <ele>331.6</ele>
   </trkpt>
   <trkpt lat="47.2855490" lon="4.7547210">
    <ele>331.8</ele>
   </trkpt>
   <trkpt lat="47.2855980" lon="4.7546940">
    <ele>333.0</ele>
   </trkpt>
   <trkpt lat="47.2856310" lon="4.7546740">
    <ele>333.6</ele>
   </trkpt>
   <trkpt lat="47.2856430" lon="4.7546620">
    <ele>334.0</ele>
   </trkpt>
   <trkpt lat="47.2857420" lon="4.7546350">
    <ele>335.6</ele>
   </trkpt>
   <trkpt lat="47.2857730" lon="4.7546030">
    <ele>336.2</ele>
   </trkpt>
   <trkpt lat="47.2858070" lon="4.7545760">
    <ele>336.6</ele>
   </trkpt>
   <trkpt lat="47.2858380" lon="4.7545600">
    <ele>336.6</ele>
   </trkpt>
   <trkpt lat="47.2858790" lon="4.7545310">
    <ele>337.8</ele>
   </trkpt>
   <trkpt lat="47.2859080" lon="4.7545090">
    <ele>339.0</ele>
   </trkpt>
   <trkpt lat="47.2859440" lon="4.7544840">
    <ele>339.4</ele>
   </trkpt>
   <trkpt lat="47.2859830" lon="4.7544680">
    <ele>340.4</ele>
   </trkpt>
   <trkpt lat="47.2860250" lon="4.7544430">
    <ele>341.4</ele>
   </trkpt>
   <trkpt lat="47.2860370" lon="4.7544340">
    <ele>341.6</ele>
   </trkpt>
   <trkpt lat="47.2860520" lon="4.7544350">
    <ele>341.8</ele>
   </trkpt>
   <trkpt lat="47.2860780" lon="4.7544490">
    <ele>342.2</ele>
   </trkpt>
   <trkpt lat="47.2860850" lon="4.7544610">
    <ele>342.6</ele>
   </trkpt>
   <trkpt lat="47.2860930" lon="4.7544760">
    <ele>342.8</ele>
   </trkpt>
   <trkpt lat="47.2861120" lon="4.7545290">
    <ele>343.6</ele>
   </trkpt>
   <trkpt lat="47.2861320" lon="4.7546110">
    <ele>344.6</ele>
   </trkpt>
   <trkpt lat="47.2861400" lon="4.7546370">
    <ele>344.8</ele>
   </trkpt>
   <trkpt lat="47.2861600" lon="4.7547260">
    <ele>346.0</ele>
   </trkpt>
   <trkpt lat="47.2861770" lon="4.7547690">
    <ele>346.4</ele>
   </trkpt>
   <trkpt lat="47.2862090" lon="4.7548140">
    <ele>347.0</ele>
   </trkpt>
   <trkpt lat="47.2862250" lon="4.7548250">
    <ele>347.6</ele>
   </trkpt>
   <trkpt lat="47.2862500" lon="4.7548230">
    <ele>348.8</ele>
   </trkpt>
   <trkpt lat="47.2862670" lon="4.7548140">
    <ele>349.2</ele>
   </trkpt>
   <trkpt lat="47.2863270" lon="4.7547610">
    <ele>350.0</ele>
   </trkpt>
   <trkpt lat="47.2864420" lon="4.7546760">
    <ele>350.8</ele>
   </trkpt>
   <trkpt lat="47.2864590" lon="4.7546650">
    <ele>351.2</ele>
   </trkpt>
   <trkpt lat="47.2865520" lon="4.7546120">
    <ele>352.4</ele>
   </trkpt>
   <trkpt lat="47.2865730" lon="4.7545980">
    <ele>352.8</ele>
   </trkpt>
   <trkpt lat="47.2866550" lon="4.7545470">
    <ele>353.6</ele>
   </trkpt>
   <trkpt lat="47.2867160" lon="4.7545070">
    <ele>354.4</ele>
   </trkpt>
   <trkpt lat="47.2867570" lon="4.7544840">
    <ele>354.6</ele>
   </trkpt>
   <trkpt lat="47.2868660" lon="4.7544190">
    <ele>355.4</ele>
   </trkpt>
   <trkpt lat="47.2869200" lon="4.7543580">
    <ele>355.6</ele>
   </trkpt>
   <trkpt lat="47.2869910" lon="4.7542670">
    <ele>356.8</ele>
   </trkpt>
   <trkpt lat="47.2870060" lon="4.7542450">
    <ele>357.2</ele>
   </trkpt>
   <trkpt lat="47.2870720" lon="4.7541510">
    <ele>358.0</ele>
   </trkpt>
   <trkpt lat="47.2871000" lon="4.7540990">
    <ele>358.0</ele>
   </trkpt>
   <trkpt lat="47.2871390" lon="4.7540210">
    <ele>359.0</ele>
   </trkpt>
   <trkpt lat="47.2871720" lon="4.7539610">
    <ele>359.6</ele>
   </trkpt>
   <trkpt lat="47.2872040" lon="4.7538950">
    <ele>360.4</ele>
   </trkpt>
   <trkpt lat="47.2872420" lon="4.7538340">
    <ele>361.6</ele>
   </trkpt>
   <trkpt lat="47.2872580" lon="4.7538200">
    <ele>361.8</ele>
   </trkpt>
   <trkpt lat="47.2873380" lon="4.7537260">
    <ele>362.6</ele>
   </trkpt>
   <trkpt lat="47.2873730" lon="4.7536450">
    <ele>363.4</ele>
   </trkpt>
   <trkpt lat="47.2874220" lon="4.7535670">
    <ele>363.6</ele>
   </trkpt>
   <trkpt lat="47.2874790" lon="4.7534620">
    <ele>365.0</ele>
   </trkpt>
   <trkpt lat="47.2875770" lon="4.7532900">
    <ele>366.0</ele>
   </trkpt>
   <trkpt lat="47.2875870" lon="4.7532680">
    <ele>366.2</ele>
   </trkpt>
   <trkpt lat="47.2876490" lon="4.7531810">
    <ele>367.2</ele>
   </trkpt>
   <trkpt lat="47.2876840" lon="4.7531370">
    <ele>367.6</ele>
   </trkpt>
   <trkpt lat="47.2877200" lon="4.7531030">
    <ele>368.4</ele>
   </trkpt>
   <trkpt lat="47.2877720" lon="4.7530560">
    <ele>369.2</ele>
   </trkpt>
   <trkpt lat="47.2878080" lon="4.7530310">
    <ele>369.6</ele>
   </trkpt>
   <trkpt lat="47.2878260" lon="4.7530170">
    <ele>369.6</ele>
   </trkpt>
   <trkpt lat="47.2879050" lon="4.7529660">
    <ele>370.8</ele>
   </trkpt>
   <trkpt lat="47.2879150" lon="4.7529530">
    <ele>371.0</ele>
   </trkpt>
   <trkpt lat="47.2879330" lon="4.7529270">
    <ele>371.6</ele>
   </trkpt>
   <trkpt lat="47.2879440" lon="4.7529190">
    <ele>372.0</ele>
   </trkpt>
   <trkpt lat="47.2879710" lon="4.7529160">
    <ele>373.0</ele>
   </trkpt>
   <trkpt lat="47.2880300" lon="4.7529270">
    <ele>374.0</ele>
   </trkpt>
   <trkpt lat="47.2880460" lon="4.7529350">
    <ele>374.4</ele>
   </trkpt>
   <trkpt lat="47.2880880" lon="4.7529480">
    <ele>375.4</ele>
   </trkpt>
   <trkpt lat="47.2881140" lon="4.7529520">
    <ele>376.0</ele>
   </trkpt>
   <trkpt lat="47.2881480" lon="4.7529440">
    <ele>376.8</ele>
   </trkpt>
   <trkpt lat="47.2882370" lon="4.7529340">
    <ele>378.4</ele>
   </trkpt>
   <trkpt lat="47.2883130" lon="4.7529140">
    <ele>379.4</ele>
   </trkpt>
   <trkpt lat="47.2883320" lon="4.7529030">
    <ele>379.6</ele>
   </trkpt>
   <trkpt lat="47.2883870" lon="4.7528710">
    <ele>380.2</ele>
   </trkpt>
   <trkpt lat="47.2884020" lon="4.7528660">
    <ele>380.6</ele>
   </trkpt>
   <trkpt lat="47.2884220" lon="4.7528370">
    <ele>381.4</ele>
   </trkpt>
   <trkpt lat="47.2884440" lon="4.7528290">
    <ele>381.6</ele>
   </trkpt>
   <trkpt lat="47.2884630" lon="4.7528170">
    <ele>382.0</ele>
   </trkpt>
   <trkpt lat="47.2885010" lon="4.7528070">
    <ele>382.8</ele>
   </trkpt>
   <trkpt lat="47.2885140" lon="4.7527960">
    <ele>383.2</ele>
   </trkpt>
   <trkpt lat="47.2885650" lon="4.7527860">
    <ele>384.2</ele>
   </trkpt>
   <trkpt lat="47.2885850" lon="4.7527760">
    <ele>385.4</ele>
   </trkpt>
   <trkpt lat="47.2886470" lon="4.7527750">
    <ele>386.4</ele>
   </trkpt>
   <trkpt lat="47.2886830" lon="4.7527760">
    <ele>387.6</ele>
   </trkpt>
   <trkpt lat="47.2886880" lon="4.7528210">
    <ele>388.6</ele>
   </trkpt>
   <trkpt lat="47.2887040" lon="4.7528290">
    <ele>389.0</ele>
   </trkpt>
   <trkpt lat="47.2887050" lon="4.7528380">
    <ele>389.2</ele>
   </trkpt>
   <trkpt lat="47.2887050" lon="4.7528500">
    <ele>389.4</ele>
   </trkpt>
   <trkpt lat="47.2887200" lon="4.7528780">
    <ele>390.2</ele>
   </trkpt>
   <trkpt lat="47.2887300" lon="4.7529000">
    <ele>391.4</ele>
   </trkpt>
   <trkpt lat="47.2887290" lon="4.7529150">
    <ele>391.8</ele>
   </trkpt>
   <trkpt lat="47.2887300" lon="4.7529600">
    <ele>392.4</ele>
   </trkpt>
   <trkpt lat="47.2887270" lon="4.7529790">
    <ele>392.6</ele>
   </trkpt>
   <trkpt lat="47.2886990" lon="4.7531040">
    <ele>393.6</ele>
   </trkpt>
   <trkpt lat="47.2886900" lon="4.7531430">
    <ele>393.8</ele>
   </trkpt>
   <trkpt lat="47.2886510" lon="4.7533010">
    <ele>394.4</ele>
   </trkpt>
   <trkpt lat="47.2886540" lon="4.7533200">
    <ele>395.0</ele>
   </trkpt>
   <trkpt lat="47.2886600" lon="4.7533380">
    <ele>395.4</ele>
   </trkpt>
   <trkpt lat="47.2886680" lon="4.7533500">
    <ele>396.2</ele>
   </trkpt>
   <trkpt lat="47.2887080" lon="4.7533530">
    <ele>397.2</ele>
   </trkpt>
   <trkpt lat="47.2887470" lon="4.7533410">
    <ele>397.4</ele>
   </trkpt>
   <trkpt lat="47.2887990" lon="4.7533330">
    <ele>398.6</ele>
   </trkpt>
   <trkpt lat="47.2888080" lon="4.7533260">
    <ele>398.6</ele>
   </trkpt>
   <trkpt lat="47.2888840" lon="4.7532880">
    <ele>400.0</ele>
   </trkpt>
   <trkpt lat="47.2888980" lon="4.7532880">
    <ele>400.4</ele>
   </trkpt>
   <trkpt lat="47.2889710" lon="4.7532610">
    <ele>401.2</ele>
   </trkpt>
   <trkpt lat="47.2889940" lon="4.7532580">
    <ele>401.8</ele>
   </trkpt>
   <trkpt lat="47.2890100" lon="4.7532490">
    <ele>402.2</ele>
   </trkpt>
   <trkpt lat="47.2890240" lon="4.7532390">
    <ele>402.4</ele>
   </trkpt>
   <trkpt lat="47.2890850" lon="4.7532000">
    <ele>402.8</ele>
   </trkpt>
   <trkpt lat="47.2891350" lon="4.7531510">
    <ele>403.6</ele>
   </trkpt>
   <trkpt lat="47.2891730" lon="4.7531080">
    <ele>405.0</ele>
   </trkpt>
   <trkpt lat="47.2891960" lon="4.7530710">
    <ele>406.0</ele>
   </trkpt>
   <trkpt lat="47.2892030" lon="4.7530630">
    <ele>406.6</ele>
   </trkpt>
   <trkpt lat="47.2892160" lon="4.7530620">
    <ele>407.4</ele>
   </trkpt>
   <trkpt lat="47.2892270" lon="4.7530490">
    <ele>407.8</ele>
   </trkpt>
   <trkpt lat="47.2892410" lon="4.7530470">
    <ele>408.2</ele>
   </trkpt>
   <trkpt lat="47.2892610" lon="4.7530340">
    <ele>408.6</ele>
   </trkpt>
   <trkpt lat="47.2892840" lon="4.7530070">
    <ele>408.8</ele>
   </trkpt>
   <trkpt lat="47.2893420" lon="4.7529860">
    <ele>409.4</ele>
   </trkpt>
   <trkpt lat="47.2893580" lon="4.7529850">
    <ele>409.6</ele>
   </trkpt>
   <trkpt lat="47.2893780" lon="4.7529790">
    <ele>409.6</ele>
   </trkpt>
   <trkpt lat="47.2894450" lon="4.7529690">
    <ele>410.6</ele>
   </trkpt>
   <trkpt lat="47.2894640" lon="4.7529660">
    <ele>411.4</ele>
   </trkpt>
   <trkpt lat="47.2894830" lon="4.7529570">
    <ele>411.8</ele>
   </trkpt>
   <trkpt lat="47.2895470" lon="4.7529380">
    <ele>413.0</ele>
   </trkpt>
   <trkpt lat="47.2895670" lon="4.7529130">
    <ele>413.8</ele>
   </trkpt>
   <trkpt lat="47.2895780" lon="4.7529030">
    <ele>414.0</ele>
   </trkpt>
   <trkpt lat="47.2897110" lon="4.7528770">
    <ele>414.6</ele>
   </trkpt>
   <trkpt lat="47.2897790" lon="4.7528680">
    <ele>415.2</ele>
   </trkpt>
   <trkpt lat="47.2898220" lon="4.7528600">
    <ele>415.4</ele>
   </trkpt>
   <trkpt lat="47.2898360" lon="4.7528540">
    <ele>415.6</ele>
   </trkpt>
   <trkpt lat="47.2898650" lon="4.7528280">
    <ele>416.2</ele>
   </trkpt>
   <trkpt lat="47.2899230" lon="4.7528100">
    <ele>417.4</ele>
   </trkpt>
   <trkpt lat="47.2899540" lon="4.7528150">
    <ele>418.0</ele>
   </trkpt>
   <trkpt lat="47.2899720" lon="4.7527990">
    <ele>418.8</ele>
   </trkpt>
   <trkpt lat="47.2900100" lon="4.7527590">
    <ele>419.8</ele>
   </trkpt>
   <trkpt lat="47.2900350" lon="4.7527400">
    <ele>420.8</ele>
   </trkpt>
   <trkpt lat="47.2900530" lon="4.7526930">
    <ele>422.0</ele>
   </trkpt>
   <trkpt lat="47.2900820" lon="4.7526540">
    <ele>422.8</ele>
   </trkpt>
   <trkpt lat="47.2900890" lon="4.7526440">
    <ele>423.6</ele>
   </trkpt>
   <trkpt lat="47.2900960" lon="4.7526360">
    <ele>424.0</ele>
   </trkpt>
   <trkpt lat="47.2901230" lon="4.7526050">
    <ele>424.4</ele>
   </trkpt>
   <trkpt lat="47.2901800" lon="4.7525860">
    <ele>424.6</ele>
   </trkpt>
   <trkpt lat="47.2902010" lon="4.7525740">
    <ele>424.8</ele>
   </trkpt>
   <trkpt lat="47.2902700" lon="4.7525180">
    <ele>425.6</ele>
   </trkpt>
   <trkpt lat="47.2902820" lon="4.7525030">
    <ele>426.0</ele>
   </trkpt>
   <trkpt lat="47.2903410" lon="4.7524890">
    <ele>426.6</ele>
   </trkpt>
   <trkpt lat="47.2903890" lon="4.7524480">
    <ele>427.4</ele>
   </trkpt>
   <trkpt lat="47.2904160" lon="4.7524190">
    <ele>428.0</ele>
   </trkpt>
   <trkpt lat="47.2904430" lon="4.7524020">
    <ele>429.0</ele>
   </trkpt>
   <trkpt lat="47.2904570" lon="4.7523650">
    <ele>429.4</ele>
   </trkpt>
   <trkpt lat="47.2905130" lon="4.7522980">
    <ele>430.4</ele>
   </trkpt>
   <trkpt lat="47.2905630" lon="4.7522810">
    <ele>431.0</ele>
   </trkpt>
   <trkpt lat="47.2905930" lon="4.7522450">
    <ele>431.2</ele>
   </trkpt>
   <trkpt lat="47.2906050" lon="4.7522410">
    <ele>431.4</ele>
   </trkpt>
   <trkpt lat="47.2906140" lon="4.7522390">
    <ele>431.6</ele>
   </trkpt>
   <trkpt lat="47.2906730" lon="4.7521730">
    <ele>432.0</ele>
   </trkpt>
   <trkpt lat="47.2906910" lon="4.7521580">
    <ele>432.0</ele>
   </trkpt>
   <trkpt lat="47.2907100" lon="4.7521410">
    <ele>432.6</ele>
   </trkpt>
   <trkpt lat="47.2907670" lon="4.7520920">
    <ele>433.4</ele>
   </trkpt>
   <trkpt lat="47.2907890" lon="4.7520640">
    <ele>433.8</ele>
   </trkpt>
   <trkpt lat="47.2908450" lon="4.7520150">
    <ele>434.0</ele>
   </trkpt>
   <trkpt lat="47.2908910" lon="4.7519770">
    <ele>434.4</ele>
   </trkpt>
   <trkpt lat="47.2909280" lon="4.7519520">
    <ele>434.8</ele>
   </trkpt>
   <trkpt lat="47.2910280" lon="4.7517540">
    <ele>434.8</ele>
   </trkpt>
   <trkpt lat="47.2911050" lon="4.7515100">
    <ele>433.6</ele>
   </trkpt>
   <trkpt lat="47.2912210" lon="4.7513830">
    <ele>432.8</ele>
   </trkpt>
   <trkpt lat="47.2912580" lon="4.7512920">
    <ele>432.4</ele>
   </trkpt>
   <trkpt lat="47.2912870" lon="4.7512220">
    <ele>432.0</ele>
   </trkpt>
   <trkpt lat="47.2913200" lon="4.7511360">
    <ele>431.4</ele>
   </trkpt>
   <trkpt lat="47.2913480" lon="4.7511110">
    <ele>431.0</ele>
   </trkpt>
   <trkpt lat="47.2913710" lon="4.7510800">
    <ele>430.6</ele>
   </trkpt>
   <trkpt lat="47.2914080" lon="4.7510130">
    <ele>429.8</ele>
   </trkpt>
   <trkpt lat="47.2914490" lon="4.7509300">
    <ele>429.2</ele>
   </trkpt>
   <trkpt lat="47.2915090" lon="4.7508390">
    <ele>428.6</ele>
   </trkpt>
   <trkpt lat="47.2915340" lon="4.7508170">
    <ele>428.8</ele>
   </trkpt>
   <trkpt lat="47.2915460" lon="4.7507970">
    <ele>428.8</ele>
   </trkpt>
   <trkpt lat="47.2915950" lon="4.7507080">
    <ele>429.4</ele>
   </trkpt>
   <trkpt lat="47.2916230" lon="4.7506910">
    <ele>429.4</ele>
   </trkpt>
   <trkpt lat="47.2916970" lon="4.7506520">
    <ele>429.4</ele>
   </trkpt>
   <trkpt lat="47.2917560" lon="4.7505660">
    <ele>429.8</ele>
   </trkpt>
   <trkpt lat="47.2917950" lon="4.7504990">
    <ele>430.0</ele>
   </trkpt>
   <trkpt lat="47.2918320" lon="4.7504380">
    <ele>430.8</ele>
   </trkpt>
   <trkpt lat="47.2918440" lon="4.7504040">
    <ele>430.8</ele>
   </trkpt>
   <trkpt lat="47.2918690" lon="4.7501720">
    <ele>431.4</ele>
   </trkpt>
   <trkpt lat="47.2918810" lon="4.7500860">
    <ele>431.8</ele>
   </trkpt>
   <trkpt lat="47.2919020" lon="4.7500540">
    <ele>432.0</ele>
   </trkpt>
   <trkpt lat="47.2919670" lon="4.7499840">
    <ele>433.4</ele>
   </trkpt>
   <trkpt lat="47.2919680" lon="4.7499380">
    <ele>434.0</ele>
   </trkpt>
   <trkpt lat="47.2919690" lon="4.7499090">
    <ele>434.6</ele>
   </trkpt>
   <trkpt lat="47.2919680" lon="4.7498930">
    <ele>435.0</ele>
   </trkpt>
   <trkpt lat="47.2919890" lon="4.7498660">
    <ele>435.6</ele>
   </trkpt>
   <trkpt lat="47.2919960" lon="4.7498530">
    <ele>435.8</ele>
   </trkpt>
   <trkpt lat="47.2920080" lon="4.7498350">
    <ele>436.0</ele>
   </trkpt>
   <trkpt lat="47.2920310" lon="4.7498150">
    <ele>436.2</ele>
   </trkpt>
   <trkpt lat="47.2920580" lon="4.7497890">
    <ele>436.8</ele>
   </trkpt>
   <trkpt lat="47.2920730" lon="4.7497810">
    <ele>437.4</ele>
   </trkpt>
   <trkpt lat="47.2921050" lon="4.7497700">
    <ele>438.4</ele>
   </trkpt>
   <trkpt lat="47.2921500" lon="4.7497470">
    <ele>439.6</ele>
   </trkpt>
   <trkpt lat="47.2921940" lon="4.7497230">
    <ele>440.0</ele>
   </trkpt>
   <trkpt lat="47.2922610" lon="4.7496480">
    <ele>440.2</ele>
   </trkpt>
   <trkpt lat="47.2923070" lon="4.7495800">
    <ele>440.2</ele>
   </trkpt>
   <trkpt lat="47.2923540" lon="4.7492880">
    <ele>440.2</ele>
   </trkpt>
   <trkpt lat="47.2924010" lon="4.7491320">
    <ele>440.6</ele>
   </trkpt>
   <trkpt lat="47.2924210" lon="4.7491040">
    <ele>441.0</ele>
   </trkpt>
   <trkpt lat="47.2924390" lon="4.7490300">
    <ele>441.6</ele>
   </trkpt>
   <trkpt lat="47.2924690" lon="4.7489930">
    <ele>442.8</ele>
   </trkpt>
   <trkpt lat="47.2924660" lon="4.7489740">
    <ele>443.2</ele>
   </trkpt>
   <trkpt lat="47.2924700" lon="4.7489690">
    <ele>443.8</ele>
   </trkpt>
   <trkpt lat="47.2924980" lon="4.7489780">
    <ele>444.8</ele>
   </trkpt>
   <trkpt lat="47.2925050" lon="4.7489770">
    <ele>445.0</ele>
   </trkpt>
   <trkpt lat="47.2925350" lon="4.7490120">
    <ele>446.2</ele>
   </trkpt>
   <trkpt lat="47.2925360" lon="4.7490240">
    <ele>446.4</ele>
   </trkpt>
   <trkpt lat="47.2925530" lon="4.7490710">
    <ele>447.2</ele>
   </trkpt>
   <trkpt lat="47.2925580" lon="4.7490920">
    <ele>447.6</ele>
   </trkpt>
   <trkpt lat="47.2925720" lon="4.7491350">
    <ele>448.2</ele>
   </trkpt>
   <trkpt lat="47.2925750" lon="4.7491580">
    <ele>448.8</ele>
   </trkpt>
   <trkpt lat="47.2925810" lon="4.7491780">
    <ele>449.2</ele>
   </trkpt>
   <trkpt lat="47.2926020" lon="4.7492270">
    <ele>449.6</ele>
   </trkpt>
   <trkpt lat="47.2926090" lon="4.7492440">
    <ele>450.2</ele>
   </trkpt>
   <trkpt lat="47.2926240" lon="4.7492590">
    <ele>450.8</ele>
   </trkpt>
   <trkpt lat="47.2926250" lon="4.7492630">
    <ele>451.4</ele>
   </trkpt>
   <trkpt lat="47.2926460" lon="4.7492960">
    <ele>452.4</ele>
   </trkpt>
   <trkpt lat="47.2926510" lon="4.7493030">
    <ele>452.8</ele>
   </trkpt>
   <trkpt lat="47.2926880" lon="4.7493430">
    <ele>454.2</ele>
   </trkpt>
   <trkpt lat="47.2926910" lon="4.7493540">
    <ele>454.8</ele>
   </trkpt>
   <trkpt lat="47.2927120" lon="4.7493830">
    <ele>455.4</ele>
   </trkpt>
   <trkpt lat="47.2927380" lon="4.7494000">
    <ele>455.8</ele>
   </trkpt>
   <trkpt lat="47.2927700" lon="4.7494660">
    <ele>456.4</ele>
   </trkpt>
   <trkpt lat="47.2927730" lon="4.7494760">
    <ele>456.8</ele>
   </trkpt>
   <trkpt lat="47.2927760" lon="4.7495260">
    <ele>457.8</ele>
   </trkpt>
   <trkpt lat="47.2927730" lon="4.7495600">
    <ele>458.2</ele>
   </trkpt>
   <trkpt lat="47.2927720" lon="4.7495840">
    <ele>458.4</ele>
   </trkpt>
   <trkpt lat="47.2927900" lon="4.7496130">
    <ele>458.6</ele>
   </trkpt>
   <trkpt lat="47.2928170" lon="4.7496730">
    <ele>459.0</ele>
   </trkpt>
   <trkpt lat="47.2928450" lon="4.7497240">
    <ele>460.2</ele>
   </trkpt>
   <trkpt lat="47.2928660" lon="4.7497600">
    <ele>461.6</ele>
   </trkpt>
   <trkpt lat="47.2929000" lon="4.7497700">
    <ele>461.8</ele>
   </trkpt>
   <trkpt lat="47.2929170" lon="4.7498050">
    <ele>462.2</ele>
   </trkpt>
   <trkpt lat="47.2929170" lon="4.7498090">
    <ele>462.8</ele>
   </trkpt>
   <trkpt lat="47.2929190" lon="4.7498120">
    <ele>463.0</ele>
   </trkpt>
   <trkpt lat="47.2928960" lon="4.7498300">
    <ele>463.8</ele>
   </trkpt>
   <trkpt lat="47.2928850" lon="4.7498350">
    <ele>464.2</ele>
   </trkpt>
   <trkpt lat="47.2928710" lon="4.7498400">
    <ele>464.6</ele>
   </trkpt>
   <trkpt lat="47.2928670" lon="4.7498450">
    <ele>465.0</ele>
   </trkpt>
   <trkpt lat="47.2928770" lon="4.7498240">
    <ele>466.0</ele>
   </trkpt>
   <trkpt lat="47.2928750" lon="4.7498230">
    <ele>466.2</ele>
   </trkpt>
   <trkpt lat="47.2928650" lon="4.7498190">
    <ele>466.8</ele>
   </trkpt>
   <trkpt lat="47.2928640" lon="4.7498180">
    <ele>467.4</ele>
   </trkpt>
   <trkpt lat="47.2928630" lon="4.7498060">
    <ele>468.0</ele>
   </trkpt>
   <trkpt lat="47.2928580" lon="4.7497900">
    <ele>468.6</ele>
   </trkpt>
   <trkpt lat="47.2928600" lon="4.7497870">
    <ele>468.8</ele>
   </trkpt>
   <trkpt lat="47.2928700" lon="4.7497860">
    <ele>468.8</ele>
   </trkpt>
   <trkpt lat="47.2928690" lon="4.7497780">
    <ele>469.0</ele>
   </trkpt>
   <trkpt lat="47.2928950" lon="4.7497900">
    <ele>469.4</ele>
   </trkpt>
   <trkpt lat="47.2929030" lon="4.7497810">
    <ele>470.0</ele>
   </trkpt>
   <trkpt lat="47.2929000" lon="4.7497770">
    <ele>470.4</ele>
   </trkpt>
   <trkpt lat="47.2929100" lon="4.7497990">
    <ele>470.6</ele>
   </trkpt>
   <trkpt lat="47.2929200" lon="4.7497830">
    <ele>471.0</ele>
   </trkpt>
   <trkpt lat="47.2929280" lon="4.7497840">
    <ele>471.2</ele>
   </trkpt>
   <trkpt lat="47.2929310" lon="4.7497850">
    <ele>471.4</ele>
   </trkpt>
   <trkpt lat="47.2929460" lon="4.7497820">
    <ele>472.2</ele>
   </trkpt>
   <trkpt lat="47.2929460" lon="4.7498020">
    <ele>473.0</ele>
   </trkpt>
   <trkpt lat="47.2929560" lon="4.7498210">
    <ele>473.4</ele>
   </trkpt>
   <trkpt lat="47.2929590" lon="4.7498500">
    <ele>474.4</ele>
   </trkpt>
   <trkpt lat="47.2929570" lon="4.7498540">
    <ele>474.8</ele>
   </trkpt>
   <trkpt lat="47.2929520" lon="4.7498480">
    <ele>475.6</ele>
   </trkpt>
   <trkpt lat="47.2929810" lon="4.7498710">
    <ele>476.6</ele>
   </trkpt>
   <trkpt lat="47.2930080" lon="4.7498610">
    <ele>477.2</ele>
   </trkpt>
   <trkpt lat="47.2930290" lon="4.7498520">
    <ele>477.8</ele>
   </trkpt>
   <trkpt lat="47.2930330" lon="4.7498500">
    <ele>478.4</ele>
   </trkpt>
   <trkpt lat="47.2930360" lon="4.7498550">
    <ele>478.8</ele>
   </trkpt>
   <trkpt lat="47.2930420" lon="4.7498600">
    <ele>479.0</ele>
   </trkpt>
   <trkpt lat="47.2930610" lon="4.7498610">
    <ele>479.4</ele>
   </trkpt>
   <trkpt lat="47.2930690" lon="4.7498650">
    <ele>479.8</ele>
   </trkpt>
   <trkpt lat="47.2930900" lon="4.7498600">
    <ele>480.2</ele>
   </trkpt>
   <trkpt lat="47.2931010" lon="4.7498610">
    <ele>480.6</ele>
   </trkpt>
   <trkpt lat="47.2931130" lon="4.7498690">
    <ele>481.2</ele>
   </trkpt>
   <trkpt lat="47.2931170" lon="4.7498770">
    <ele>481.8</ele>
   </trkpt>
   <trkpt lat="47.2931270" lon="4.7498950">
    <ele>482.0</ele>
   </trkpt>
   <trkpt lat="47.2931430" lon="4.7499230">
    <ele>482.4</ele>
   </trkpt>
   <trkpt lat="47.2931490" lon="4.7499310">
    <ele>482.6</ele>
   </trkpt>
   <trkpt lat="47.2931570" lon="4.7499410">
    <ele>483.0</ele>
   </trkpt>
   <trkpt lat="47.2931610" lon="4.7499520">
    <ele>483.4</ele>
   </trkpt>
   <trkpt lat="47.2931670" lon="4.7499620">
    <ele>483.8</ele>
   </trkpt>
   <trkpt lat="47.2931680" lon="4.7499710">
    <ele>484.2</ele>
   </trkpt>
   <trkpt lat="47.2931660" lon="4.7499820">
    <ele>484.2</ele>
   </trkpt>
   <trkpt lat="47.2931700" lon="4.7500030">
    <ele>484.6</ele>
   </trkpt>
   <trkpt lat="47.2931810" lon="4.7500370">
    <ele>485.2</ele>
   </trkpt>
   <trkpt lat="47.2931830" lon="4.7500500">
    <ele>485.4</ele>
   </trkpt>
   <trkpt lat="47.2931870" lon="4.7500570">
    <ele>485.6</ele>
   </trkpt>
   <trkpt lat="47.2931910" lon="4.7500700">
    <ele>486.0</ele>
   </trkpt>
   <trkpt lat="47.2932030" lon="4.7500820">
    <ele>486.6</ele>
   </trkpt>
   <trkpt lat="47.2932060" lon="4.7500960">
    <ele>487.6</ele>
   </trkpt>
   <trkpt lat="47.2932260" lon="4.7501190">
    <ele>488.4</ele>
   </trkpt>
   <trkpt lat="47.2932260" lon="4.7501290">
    <ele>488.8</ele>
   </trkpt>
   <trkpt lat="47.2932410" lon="4.7501570">
    <ele>489.8</ele>
   </trkpt>
   <trkpt lat="47.2932430" lon="4.7501620">
    <ele>490.2</ele>
   </trkpt>
   <trkpt lat="47.2932700" lon="4.7502560">
    <ele>490.6</ele>
   </trkpt>
   <trkpt lat="47.2933910" lon="4.7503440">
    <ele>490.8</ele>
   </trkpt>
   <trkpt lat="47.2934190" lon="4.7503650">
    <ele>490.8</ele>
   </trkpt>
   <trkpt lat="47.2934680" lon="4.7504070">
    <ele>490.8</ele>
   </trkpt>
   <trkpt lat="47.2935040" lon="4.7504540">
    <ele>490.8</ele>
   </trkpt>
   <trkpt lat="47.2935110" lon="4.7504860">
    <ele>490.8</ele>
   </trkpt>
   <trkpt lat="47.2934790" lon="4.7506170">
    <ele>489.6</ele>
   </trkpt>
   <trkpt lat="47.2933870" lon="4.7508100">
    <ele>489.2</ele>
   </trkpt>
   <trkpt lat="47.2933500" lon="4.7508850">
    <ele>489.4</ele>
   </trkpt>
   <trkpt lat="47.2933000" lon="4.7509540">
    <ele>489.0</ele>
   </trkpt>
   <trkpt lat="47.2931750" lon="4.7510530">
    <ele>489.2</ele>
   </trkpt>
   <trkpt lat="47.2931460" lon="4.7510600">
    <ele>489.2</ele>
   </trkpt>
   <trkpt lat="47.2930880" lon="4.7510570">
    <ele>489.2</ele>
   </trkpt>
   <trkpt lat="47.2929720" lon="4.7510020">
    <ele>488.8</ele>
   </trkpt>
   <trkpt lat="47.2929410" lon="4.7509880">
    <ele>488.6</ele>
   </trkpt>
   <trkpt lat="47.2928280" lon="4.7509260">
    <ele>489.0</ele>
   </trkpt>
   <trkpt lat="47.2927840" lon="4.7509570">
    <ele>489.2</ele>
   </trkpt>
   <trkpt lat="47.2927430" lon="4.7510200">
    <ele>489.0</ele>
   </trkpt>
   <trkpt lat="47.2926070" lon="4.7512090">
    <ele>488.2</ele>
   </trkpt>
   <trkpt lat="47.2925830" lon="4.7512370">
    <ele>488.0</ele>
   </trkpt>
   <trkpt lat="47.2925140" lon="4.7513130">
    <ele>487.6</ele>
   </trkpt>
   <trkpt lat="47.2924720" lon="4.7513660">
    <ele>487.4</ele>
   </trkpt>
   <trkpt lat="47.2924460" lon="4.7514460">
    <ele>486.4</ele>
   </trkpt>
   <trkpt lat="47.2924430" lon="4.7515460">
    <ele>485.8</ele>
   </trkpt>
   <trkpt lat="47.2923940" lon="4.7517430">
    <ele>486.2</ele>
   </trkpt>
   <trkpt lat="47.2923200" lon="4.7519090">
    <ele>486.0</ele>
   </trkpt>
   <trkpt lat="47.2922360" lon="4.7519930">
    <ele>486.4</ele>
   </trkpt>
   <trkpt lat="47.2922250" lon="4.7519960">
    <ele>486.6</ele>
   </trkpt>
   <trkpt lat="47.2921330" lon="4.7520930">
    <ele>486.0</ele>
   </trkpt>
   <trkpt lat="47.2921080" lon="4.7521160">
    <ele>485.6</ele>
   </trkpt>
   <trkpt lat="47.2920840" lon="4.7521390">
    <ele>485.0</ele>
   </trkpt>
   <trkpt lat="47.2920520" lon="4.7521980">
    <ele>483.8</ele>
   </trkpt>
   <trkpt lat="47.2920010" lon="4.7522790">
    <ele>483.0</ele>
   </trkpt>
   <trkpt lat="47.2919690" lon="4.7523300">
    <ele>482.2</ele>
   </trkpt>
   <trkpt lat="47.2918810" lon="4.7524660">
    <ele>481.2</ele>
   </trkpt>
   <trkpt lat="47.2918300" lon="4.7525480">
    <ele>479.8</ele>
   </trkpt>
   <trkpt lat="47.2917930" lon="4.7525700">
    <ele>479.2</ele>
   </trkpt>
   <trkpt lat="47.2916940" lon="4.7526140">
    <ele>478.8</ele>
   </trkpt>
   <trkpt lat="47.2916570" lon="4.7526420">
    <ele>478.2</ele>
   </trkpt>
   <trkpt lat="47.2915910" lon="4.7527010">
    <ele>477.0</ele>
   </trkpt>
   <trkpt lat="47.2915680" lon="4.7527170">
    <ele>476.8</ele>
   </trkpt>
   <trkpt lat="47.2915470" lon="4.7527450">
    <ele>476.0</ele>
   </trkpt>
   <trkpt lat="47.2915060" lon="4.7527970">
    <ele>474.8</ele>
   </trkpt>
   <trkpt lat="47.2914180" lon="4.7528890">
    <ele>473.6</ele>
   </trkpt>
   <trkpt lat="47.2913390" lon="4.7529800">
    <ele>472.4</ele>
   </trkpt>
   <trkpt lat="47.2912990" lon="4.7530220">
    <ele>472.2</ele>
   </trkpt>
   <trkpt lat="47.2912020" lon="4.7530610">
    <ele>471.2</ele>
   </trkpt>
   <trkpt lat="47.2911840" lon="4.7530750">
    <ele>470.8</ele>
   </trkpt>
   <trkpt lat="47.2911060" lon="4.7531480">
    <ele>470.0</ele>
   </trkpt>
   <trkpt lat="47.2910830" lon="4.7531550">
    <ele>469.6</ele>
   </trkpt>
   <trkpt lat="47.2910530" lon="4.7531540">
    <ele>469.4</ele>
   </trkpt>
   <trkpt lat="47.2909500" lon="4.7531660">
    <ele>468.6</ele>
   </trkpt>
   <trkpt lat="47.2908410" lon="4.7532180">
    <ele>467.4</ele>
   </trkpt>
   <trkpt lat="47.2907840" lon="4.7532440">
    <ele>466.2</ele>
   </trkpt>
   <trkpt lat="47.2907640" lon="4.7532590">
    <ele>465.4</ele>
   </trkpt>
   <trkpt lat="47.2907520" lon="4.7532690">
    <ele>465.0</ele>
   </trkpt>
   <trkpt lat="47.2907280" lon="4.7533100">
    <ele>464.6</ele>
   </trkpt>
   <trkpt lat="47.2907060" lon="4.7533230">
    <ele>464.2</ele>
   </trkpt>
   <trkpt lat="47.2906900" lon="4.7533410">
    <ele>463.6</ele>
   </trkpt>
   <trkpt lat="47.2905690" lon="4.7535230">
    <ele>462.2</ele>
   </trkpt>
   <trkpt lat="47.2905250" lon="4.7535500">
    <ele>461.8</ele>
   </trkpt>
   <trkpt lat="47.2904690" lon="4.7535830">
    <ele>461.0</ele>
   </trkpt>
   <trkpt lat="47.2904070" lon="4.7535900">
    <ele>459.8</ele>
   </trkpt>
   <trkpt lat="47.2903800" lon="4.7536080">
    <ele>459.2</ele>
   </trkpt>
   <trkpt lat="47.2903570" lon="4.7536190">
    <ele>458.8</ele>
   </trkpt>
   <trkpt lat="47.2902910" lon="4.7536670">
    <ele>457.2</ele>
   </trkpt>
   <trkpt lat="47.2902700" lon="4.7536780">
    <ele>456.8</ele>
   </trkpt>
   <trkpt lat="47.2902010" lon="4.7537350">
    <ele>456.0</ele>
   </trkpt>
   <trkpt lat="47.2900900" lon="4.7538060">
    <ele>455.2</ele>
   </trkpt>
   <trkpt lat="47.2900490" lon="4.7538270">
    <ele>454.8</ele>
   </trkpt>
   <trkpt lat="47.2899820" lon="4.7538270">
    <ele>453.6</ele>
   </trkpt>
   <trkpt lat="47.2899110" lon="4.7538620">
    <ele>452.6</ele>
   </trkpt>
   <trkpt lat="47.2898420" lon="4.7539130">
    <ele>451.0</ele>
   </trkpt>
   <trkpt lat="47.2897760" lon="4.7539550">
    <ele>449.8</ele>
   </trkpt>
   <trkpt lat="47.2897320" lon="4.7540060">
    <ele>449.2</ele>
   </trkpt>
   <trkpt lat="47.2896570" lon="4.7540520">
    <ele>447.8</ele>
   </trkpt>
   <trkpt lat="47.2896130" lon="4.7541120">
    <ele>447.0</ele>
   </trkpt>
   <trkpt lat="47.2895880" lon="4.7541370">
    <ele>446.2</ele>
   </trkpt>
   <trkpt lat="47.2895140" lon="4.7541870">
    <ele>444.6</ele>
   </trkpt>
   <trkpt lat="47.2894500" lon="4.7542380">
    <ele>444.0</ele>
   </trkpt>
   <trkpt lat="47.2894030" lon="4.7542920">
    <ele>443.6</ele>
   </trkpt>
   <trkpt lat="47.2892980" lon="4.7543590">
    <ele>442.4</ele>
   </trkpt>
   <trkpt lat="47.2892450" lon="4.7543700">
    <ele>441.2</ele>
   </trkpt>
   <trkpt lat="47.2891850" lon="4.7543930">
    <ele>440.2</ele>
   </trkpt>
   <trkpt lat="47.2891630" lon="4.7543930">
    <ele>440.0</ele>
   </trkpt>
   <trkpt lat="47.2891090" lon="4.7544170">
    <ele>438.8</ele>
   </trkpt>
   <trkpt lat="47.2890860" lon="4.7544290">
    <ele>438.6</ele>
   </trkpt>
   <trkpt lat="47.2890480" lon="4.7544650">
    <ele>438.4</ele>
   </trkpt>
   <trkpt lat="47.2889800" lon="4.7544980">
    <ele>437.4</ele>
   </trkpt>
   <trkpt lat="47.2888750" lon="4.7545980">
    <ele>436.2</ele>
   </trkpt>
   <trkpt lat="47.2888310" lon="4.7546330">
    <ele>435.6</ele>
   </trkpt>
   <trkpt lat="47.2887600" lon="4.7546580">
    <ele>434.8</ele>
   </trkpt>
   <trkpt lat="47.2887240" lon="4.7546630">
    <ele>433.4</ele>
   </trkpt>
   <trkpt lat="47.2886530" lon="4.7546830">
    <ele>432.0</ele>
   </trkpt>
   <trkpt lat="47.2886220" lon="4.7546810">
    <ele>431.4</ele>
   </trkpt>
   <trkpt lat="47.2885920" lon="4.7546750">
    <ele>430.6</ele>
   </trkpt>
   <trkpt lat="47.2885430" lon="4.7546780">
    <ele>429.0</ele>
   </trkpt>
   <trkpt lat="47.2884970" lon="4.7547170">
    <ele>427.6</ele>
   </trkpt>
   <trkpt lat="47.2884740" lon="4.7547330">
    <ele>426.6</ele>
   </trkpt>
   <trkpt lat="47.2884550" lon="4.7547460">
    <ele>425.6</ele>
   </trkpt>
   <trkpt lat="47.2884080" lon="4.7548020">
    <ele>424.4</ele>
   </trkpt>
   <trkpt lat="47.2883860" lon="4.7548190">
    <ele>423.8</ele>
   </trkpt>
   <trkpt lat="47.2883610" lon="4.7548380">
    <ele>423.4</ele>
   </trkpt>
   <trkpt lat="47.2883100" lon="4.7548720">
    <ele>422.0</ele>
   </trkpt>
   <trkpt lat="47.2882660" lon="4.7548850">
    <ele>420.4</ele>
   </trkpt>
   <trkpt lat="47.2882410" lon="4.7549070">
    <ele>419.2</ele>
   </trkpt>
   <trkpt lat="47.2882090" lon="4.7549350">
    <ele>418.4</ele>
   </trkpt>
   <trkpt lat="47.2881820" lon="4.7549480">
    <ele>417.4</ele>
   </trkpt>
   <trkpt lat="47.2881210" lon="4.7550060">
    <ele>416.4</ele>
   </trkpt>
   <trkpt lat="47.2880580" lon="4.7550340">
    <ele>414.8</ele>
   </trkpt>
   <trkpt lat="47.2879830" lon="4.7550540">
    <ele>412.6</ele>
   </trkpt>
   <trkpt lat="47.2878950" lon="4.7551100">
    <ele>411.2</ele>
   </trkpt>
   <trkpt lat="47.2878690" lon="4.7551410">
    <ele>410.2</ele>
   </trkpt>
   <trkpt lat="47.2878430" lon="4.7551730">
    <ele>409.2</ele>
   </trkpt>
   <trkpt lat="47.2877780" lon="4.7552230">
    <ele>407.8</ele>
   </trkpt>
   <trkpt lat="47.2877130" lon="4.7552780">
    <ele>406.4</ele>
   </trkpt>
   <trkpt lat="47.2876420" lon="4.7553530">
    <ele>404.6</ele>
   </trkpt>
   <trkpt lat="47.2875870" lon="4.7554070">
    <ele>403.0</ele>
   </trkpt>
   <trkpt lat="47.2875570" lon="4.7554260">
    <ele>402.6</ele>
   </trkpt>
   <trkpt lat="47.2875370" lon="4.7554420">
    <ele>401.8</ele>
   </trkpt>
   <trkpt lat="47.2875250" lon="4.7554690">
    <ele>401.4</ele>
   </trkpt>
   <trkpt lat="47.2875000" lon="4.7554930">
    <ele>401.0</ele>
   </trkpt>
   <trkpt lat="47.2874870" lon="4.7555090">
    <ele>401.0</ele>
   </trkpt>
   <trkpt lat="47.2874850" lon="4.7555240">
    <ele>401.2</ele>
   </trkpt>
   <trkpt lat="47.2874810" lon="4.7555330">
    <ele>401.4</ele>
   </trkpt>
   <trkpt lat="47.2874740" lon="4.7555420">
    <ele>401.6</ele>
   </trkpt>
   <trkpt lat="47.2874660" lon="4.7555540">
    <ele>402.0</ele>
   </trkpt>
   <trkpt lat="47.2874610" lon="4.7555680">
    <ele>402.0</ele>
   </trkpt>
   <trkpt lat="47.2874770" lon="4.7555850">
    <ele>402.6</ele>
   </trkpt>
   <trkpt lat="47.2874820" lon="4.7555910">
    <ele>402.8</ele>
   </trkpt>
   <trkpt lat="47.2875040" lon="4.7556090">
    <ele>404.0</ele>
   </trkpt>
   <trkpt lat="47.2875090" lon="4.7556220">
    <ele>404.6</ele>
   </trkpt>
   <trkpt lat="47.2875070" lon="4.7556410">
    <ele>405.0</ele>
   </trkpt>
   <trkpt lat="47.2875260" lon="4.7556580">
    <ele>405.8</ele>
   </trkpt>
   <trkpt lat="47.2875380" lon="4.7556530">
    <ele>406.2</ele>
   </trkpt>
   <trkpt lat="47.2875390" lon="4.7556590">
    <ele>406.6</ele>
   </trkpt>
   <trkpt lat="47.2875500" lon="4.7556930">
    <ele>407.2</ele>
   </trkpt>
   <trkpt lat="47.2875530" lon="4.7557050">
    <ele>407.6</ele>
   </trkpt>
   <trkpt lat="47.2875470" lon="4.7556830">
    <ele>407.8</ele>
   </trkpt>
   <trkpt lat="47.2875580" lon="4.7556800">
    <ele>408.4</ele>
   </trkpt>
   <trkpt lat="47.2875660" lon="4.7556850">
    <ele>408.8</ele>
   </trkpt>
   <trkpt lat="47.2875660" lon="4.7557000">
    <ele>409.2</ele>
   </trkpt>
   <trkpt lat="47.2875740" lon="4.7557100">
    <ele>409.4</ele>
   </trkpt>
   <trkpt lat="47.2875990" lon="4.7557080">
    <ele>410.0</ele>
   </trkpt>
   <trkpt lat="47.2876130" lon="4.7556880">
    <ele>410.6</ele>
   </trkpt>
   <trkpt lat="47.2876310" lon="4.7556860">
    <ele>410.8</ele>
   </trkpt>
   <trkpt lat="47.2876370" lon="4.7556930">
    <ele>411.0</ele>
   </trkpt>
   <trkpt lat="47.2876390" lon="4.7556990">
    <ele>412.0</ele>
   </trkpt>
   <trkpt lat="47.2876350" lon="4.7557230">
    <ele>412.8</ele>
   </trkpt>
   <trkpt lat="47.2876240" lon="4.7557500">
    <ele>413.4</ele>
   </trkpt>
   <trkpt lat="47.2876170" lon="4.7557630">
    <ele>413.6</ele>
   </trkpt>
   <trkpt lat="47.2876160" lon="4.7558050">
    <ele>414.2</ele>
   </trkpt>
   <trkpt lat="47.2876220" lon="4.7558200">
    <ele>414.4</ele>
   </trkpt>
   <trkpt lat="47.2876260" lon="4.7558530">
    <ele>415.0</ele>
   </trkpt>
   <trkpt lat="47.2876310" lon="4.7558650">
    <ele>415.6</ele>
   </trkpt>
   <trkpt lat="47.2876400" lon="4.7558900">
    <ele>416.8</ele>
   </trkpt>
   <trkpt lat="47.2876500" lon="4.7558950">
    <ele>417.0</ele>
   </trkpt>
   <trkpt lat="47.2876640" lon="4.7558780">
    <ele>417.6</ele>
   </trkpt>
   <trkpt lat="47.2876700" lon="4.7558830">
    <ele>417.8</ele>
   </trkpt>
   <trkpt lat="47.2876800" lon="4.7558910">
    <ele>418.4</ele>
   </trkpt>
   <trkpt lat="47.2876810" lon="4.7558960">
    <ele>418.8</ele>
   </trkpt>
   <trkpt lat="47.2876840" lon="4.7559220">
    <ele>419.2</ele>
   </trkpt>
   <trkpt lat="47.2876860" lon="4.7559380">
    <ele>419.8</ele>
   </trkpt>
   <trkpt lat="47.2876910" lon="4.7559490">
    <ele>420.4</ele>
   </trkpt>
   <trkpt lat="47.2876950" lon="4.7559610">
    <ele>420.8</ele>
   </trkpt>
   <trkpt lat="47.2876990" lon="4.7559720">
    <ele>421.0</ele>
   </trkpt>
   <trkpt lat="47.2877010" lon="4.7559820">
    <ele>421.2</ele>
   </trkpt>
   <trkpt lat="47.2877100" lon="4.7560190">
    <ele>422.0</ele>
   </trkpt>
   <trkpt lat="47.2877100" lon="4.7560280">
    <ele>422.2</ele>
   </trkpt>
   <trkpt lat="47.2877100" lon="4.7560300">
    <ele>423.2</ele>
   </trkpt>
   <trkpt lat="47.2877160" lon="4.7560310">
    <ele>424.0</ele>
   </trkpt>
   <trkpt lat="47.2877230" lon="4.7560380">
    <ele>424.4</ele>
   </trkpt>
   <trkpt lat="47.2877380" lon="4.7560520">
    <ele>425.0</ele>
   </trkpt>
   <trkpt lat="47.2877380" lon="4.7560570">
    <ele>425.4</ele>
   </trkpt>
   <trkpt lat="47.2877500" lon="4.7560680">
    <ele>426.0</ele>
   </trkpt>
   <trkpt lat="47.2877600" lon="4.7560710">
    <ele>426.6</ele>
   </trkpt>
   <trkpt lat="47.2878080" lon="4.7560590">
    <ele>427.8</ele>
   </trkpt>
   <trkpt lat="47.2878130" lon="4.7560530">
    <ele>428.2</ele>
   </trkpt>
   <trkpt lat="47.2878260" lon="4.7560560">
    <ele>428.8</ele>
   </trkpt>
   <trkpt lat="47.2878330" lon="4.7560570">
    <ele>429.0</ele>
   </trkpt>
   <trkpt lat="47.2878450" lon="4.7560720">
    <ele>429.6</ele>
   </trkpt>
   <trkpt lat="47.2878530" lon="4.7560770">
    <ele>429.8</ele>
   </trkpt>
   <trkpt lat="47.2878600" lon="4.7560780">
    <ele>430.0</ele>
   </trkpt>
   <trkpt lat="47.2878740" lon="4.7560820">
    <ele>430.2</ele>
   </trkpt>
   <trkpt lat="47.2879030" lon="4.7560850">
    <ele>431.2</ele>
   </trkpt>
   <trkpt lat="47.2879020" lon="4.7561050">
    <ele>431.8</ele>
   </trkpt>
   <trkpt lat="47.2879120" lon="4.7561210">
    <ele>432.6</ele>
   </trkpt>
   <trkpt lat="47.2879230" lon="4.7561510">
    <ele>433.8</ele>
   </trkpt>
   <trkpt lat="47.2879500" lon="4.7561810">
    <ele>434.6</ele>
   </trkpt>
   <trkpt lat="47.2879560" lon="4.7561840">
    <ele>435.0</ele>
   </trkpt>
   <trkpt lat="47.2879980" lon="4.7561680">
    <ele>436.2</ele>
   </trkpt>
   <trkpt lat="47.2880180" lon="4.7561480">
    <ele>436.8</ele>
   </trkpt>
   <trkpt lat="47.2880450" lon="4.7561310">
    <ele>437.2</ele>
   </trkpt>
   <trkpt lat="47.2880880" lon="4.7561330">
    <ele>438.2</ele>
   </trkpt>
   <trkpt lat="47.2881030" lon="4.7561240">
    <ele>439.2</ele>
   </trkpt>
   <trkpt lat="47.2881070" lon="4.7561180">
    <ele>439.8</ele>
   </trkpt>
   <trkpt lat="47.2881150" lon="4.7561020">
    <ele>440.6</ele>
   </trkpt>
   <trkpt lat="47.2881180" lon="4.7560960">
    <ele>440.8</ele>
   </trkpt>
   <trkpt lat="47.2881180" lon="4.7560550">
    <ele>441.8</ele>
   </trkpt>
   <trkpt lat="47.2881140" lon="4.7560750">
    <ele>442.8</ele>
   </trkpt>
   <trkpt lat="47.2881160" lon="4.7560860">
    <ele>443.2</ele>
   </trkpt>
   <trkpt lat="47.2881470" lon="4.7561200">
    <ele>444.4</ele>
   </trkpt>
   <trkpt lat="47.2881600" lon="4.7561370">
    <ele>444.8</ele>
   </trkpt>
   <trkpt lat="47.2881800" lon="4.7561340">
    <ele>445.8</ele>
   </trkpt>
   <trkpt lat="47.2882010" lon="4.7561070">
    <ele>447.0</ele>
   </trkpt>
   <trkpt lat="47.2882120" lon="4.7561000">
    <ele>447.2</ele>
   </trkpt>
   <trkpt lat="47.2882380" lon="4.7560990">
    <ele>447.6</ele>
   </trkpt>
   <trkpt lat="47.2882680" lon="4.7561280">
    <ele>448.2</ele>
   </trkpt>
   <trkpt lat="47.2882750" lon="4.7561430">
    <ele>449.4</ele>
   </trkpt>
   <trkpt lat="47.2882800" lon="4.7561590">
    <ele>449.8</ele>
   </trkpt>
   <trkpt lat="47.2882890" lon="4.7561710">
    <ele>450.6</ele>
   </trkpt>
   <trkpt lat="47.2883080" lon="4.7561600">
    <ele>451.2</ele>
   </trkpt>
   <trkpt lat="47.2883190" lon="4.7561480">
    <ele>452.0</ele>
   </trkpt>
   <trkpt lat="47.2883390" lon="4.7561480">
    <ele>452.8</ele>
   </trkpt>
   <trkpt lat="47.2883470" lon="4.7561510">
    <ele>453.2</ele>
   </trkpt>
   <trkpt lat="47.2883550" lon="4.7561470">
    <ele>453.4</ele>
   </trkpt>
   <trkpt lat="47.2883770" lon="4.7561420">
    <ele>453.8</ele>
   </trkpt>
   <trkpt lat="47.2884010" lon="4.7561370">
    <ele>454.8</ele>
   </trkpt>
   <trkpt lat="47.2884120" lon="4.7561370">
    <ele>455.2</ele>
   </trkpt>
   <trkpt lat="47.2884410" lon="4.7561380">
    <ele>455.8</ele>
   </trkpt>
   <trkpt lat="47.2884660" lon="4.7561270">
    <ele>456.6</ele>
   </trkpt>
   <trkpt lat="47.2884760" lon="4.7561120">
    <ele>456.6</ele>
   </trkpt>
   <trkpt lat="47.2884830" lon="4.7561020">
    <ele>457.0</ele>
   </trkpt>
   <trkpt lat="47.2885040" lon="4.7560730">
    <ele>458.6</ele>
   </trkpt>
   <trkpt lat="47.2885100" lon="4.7560640">
    <ele>458.8</ele>
   </trkpt>
   <trkpt lat="47.2885660" lon="4.7560200">
    <ele>460.0</ele>
   </trkpt>
   <trkpt lat="47.2886050" lon="4.7559970">
    <ele>460.8</ele>
   </trkpt>
   <trkpt lat="47.2886190" lon="4.7559650">
    <ele>461.0</ele>
   </trkpt>
   <trkpt lat="47.2886250" lon="4.7559420">
    <ele>461.4</ele>
   </trkpt>
   <trkpt lat="47.2886320" lon="4.7559270">
    <ele>461.8</ele>
   </trkpt>
   <trkpt lat="47.2886400" lon="4.7559160">
    <ele>462.0</ele>
   </trkpt>
   <trkpt lat="47.2886510" lon="4.7558730">
    <ele>461.8</ele>
   </trkpt>
   <trkpt lat="47.2886580" lon="4.7558190">
    <ele>460.4</ele>
   </trkpt>
   <trkpt lat="47.2887180" lon="4.7557930">
    <ele>460.8</ele>
   </trkpt>
   <trkpt lat="47.2887340" lon="4.7557890">
    <ele>461.2</ele>
   </trkpt>
   <trkpt lat="47.2887840" lon="4.7557840">
    <ele>462.2</ele>
   </trkpt>
   <trkpt lat="47.2888270" lon="4.7557720">
    <ele>463.2</ele>
   </trkpt>
   <trkpt lat="47.2888400" lon="4.7557680">
    <ele>463.2</ele>
   </trkpt>
   <trkpt lat="47.2888680" lon="4.7557560">
    <ele>464.2</ele>
   </trkpt>
   <trkpt lat="47.2888970" lon="4.7557390">
    <ele>465.4</ele>
   </trkpt>
   <trkpt lat="47.2889030" lon="4.7557400">
    <ele>465.6</ele>
   </trkpt>
   <trkpt lat="47.2889180" lon="4.7557390">
    <ele>466.6</ele>
   </trkpt>
   <trkpt lat="47.2889360" lon="4.7557310">
    <ele>467.4</ele>
   </trkpt>
   <trkpt lat="47.2889450" lon="4.7557310">
    <ele>467.6</ele>
   </trkpt>
   <trkpt lat="47.2889570" lon="4.7557330">
    <ele>468.0</ele>
   </trkpt>
   <trkpt lat="47.2889690" lon="4.7557290">
    <ele>468.4</ele>
   </trkpt>
   <trkpt lat="47.2889800" lon="4.7557250">
    <ele>468.6</ele>
   </trkpt>
   <trkpt lat="47.2890100" lon="4.7557020">
    <ele>469.8</ele>
   </trkpt>
   <trkpt lat="47.2890180" lon="4.7556930">
    <ele>470.0</ele>
   </trkpt>
   <trkpt lat="47.2890420" lon="4.7556710">
    <ele>470.8</ele>
   </trkpt>
   <trkpt lat="47.2890620" lon="4.7556540">
    <ele>471.0</ele>
   </trkpt>
   <trkpt lat="47.2890670" lon="4.7556300">
    <ele>471.4</ele>
   </trkpt>
   <trkpt lat="47.2890850" lon="4.7555790">
    <ele>471.8</ele>
   </trkpt>
   <trkpt lat="47.2891330" lon="4.7555740">
    <ele>472.4</ele>
   </trkpt>
   <trkpt lat="47.2891410" lon="4.7555720">
    <ele>473.0</ele>
   </trkpt>
   <trkpt lat="47.2891700" lon="4.7555600">
    <ele>474.0</ele>
   </trkpt>
   <trkpt lat="47.2892250" lon="4.7555370">
    <ele>475.2</ele>
   </trkpt>
   <trkpt lat="47.2892510" lon="4.7555340">
    <ele>476.0</ele>
   </trkpt>
   <trkpt lat="47.2892730" lon="4.7555220">
    <ele>476.4</ele>
   </trkpt>
   <trkpt lat="47.2893030" lon="4.7555060">
    <ele>477.4</ele>
   </trkpt>
   <trkpt lat="47.2893230" lon="4.7554990">
    <ele>478.0</ele>
   </trkpt>
   <trkpt lat="47.2893620" lon="4.7554790">
    <ele>478.4</ele>
   </trkpt>
   <trkpt lat="47.2893930" lon="4.7554630">
    <ele>478.8</ele>
   </trkpt>
   <trkpt lat="47.2894230" lon="4.7554670">
    <ele>479.2</ele>
   </trkpt>
   <trkpt lat="47.2894350" lon="4.7554680">
    <ele>479.4</ele>
   </trkpt>
   <trkpt lat="47.2894890" lon="4.7554640">
    <ele>480.6</ele>
   </trkpt>
   <trkpt lat="47.2895030" lon="4.7554620">
    <ele>481.0</ele>
   </trkpt>
   <trkpt lat="47.2895360" lon="4.7554380">
    <ele>481.6</ele>
   </trkpt>
   <trkpt lat="47.2895530" lon="4.7554260">
    <ele>481.8</ele>
   </trkpt>
   <trkpt lat="47.2895970" lon="4.7553990">
    <ele>482.4</ele>
   </trkpt>
   <trkpt lat="47.2896130" lon="4.7553920">
    <ele>482.8</ele>
   </trkpt>
   <trkpt lat="47.2896820" lon="4.7553710">
    <ele>483.8</ele>
   </trkpt>
   <trkpt lat="47.2897450" lon="4.7553490">
    <ele>485.0</ele>
   </trkpt>
   <trkpt lat="47.2897940" lon="4.7553270">
    <ele>485.4</ele>
   </trkpt>
   <trkpt lat="47.2898610" lon="4.7553000">
    <ele>486.2</ele>
   </trkpt>
   <trkpt lat="47.2898970" lon="4.7552960">
    <ele>487.0</ele>
   </trkpt>
   <trkpt lat="47.2899360" lon="4.7552770">
    <ele>487.2</ele>
   </trkpt>
   <trkpt lat="47.2899960" lon="4.7552300">
    <ele>487.8</ele>
   </trkpt>
   <trkpt lat="47.2900530" lon="4.7551740">
    <ele>488.6</ele>
   </trkpt>
   <trkpt lat="47.2900600" lon="4.7551690">
    <ele>489.0</ele>
   </trkpt>
   <trkpt lat="47.2900660" lon="4.7551710">
    <ele>489.2</ele>
   </trkpt>
   <trkpt lat="47.2900720" lon="4.7551940">
    <ele>490.0</ele>
   </trkpt>
   <trkpt lat="47.2900820" lon="4.7552020">
    <ele>490.8</ele>
   </trkpt>
   <trkpt lat="47.2900910" lon="4.7551980">
    <ele>491.2</ele>
   </trkpt>
   <trkpt lat="47.2901030" lon="4.7551890">
    <ele>491.4</ele>
   </trkpt>
   <trkpt lat="47.2901660" lon="4.7551470">
    <ele>492.6</ele>
   </trkpt>
   <trkpt lat="47.2902400" lon="4.7550940">
    <ele>493.6</ele>
   </trkpt>
   <trkpt lat="47.2903300" lon="4.7550420">
    <ele>494.6</ele>
   </trkpt>
   <trkpt lat="47.2903450" lon="4.7550420">
    <ele>494.6</ele>
   </trkpt>
   <trkpt lat="47.2904010" lon="4.7550540">
    <ele>496.2</ele>
   </trkpt>
   <trkpt lat="47.2904200" lon="4.7550510">
    <ele>496.6</ele>
   </trkpt>
   <trkpt lat="47.2904490" lon="4.7550610">
    <ele>497.6</ele>
   </trkpt>
   <trkpt lat="47.2905000" lon="4.7550860">
    <ele>498.8</ele>
   </trkpt>
   <trkpt lat="47.2905080" lon="4.7551030">
    <ele>499.4</ele>
   </trkpt>
   <trkpt lat="47.2905200" lon="4.7551390">
    <ele>500.0</ele>
   </trkpt>
   <trkpt lat="47.2905260" lon="4.7552120">
    <ele>500.8</ele>
   </trkpt>
   <trkpt lat="47.2905230" lon="4.7552340">
    <ele>501.0</ele>
   </trkpt>
   <trkpt lat="47.2905340" lon="4.7552620">
    <ele>501.0</ele>
   </trkpt>
   <trkpt lat="47.2905240" lon="4.7552730">
    <ele>501.0</ele>
   </trkpt>
   <trkpt lat="47.2904360" lon="4.7553090">
    <ele>500.0</ele>
   </trkpt>
   <trkpt lat="47.2903680" lon="4.7553080">
    <ele>499.0</ele>
   </trkpt>
   <trkpt lat="47.2903470" lon="4.7553160">
    <ele>498.8</ele>
   </trkpt>
   <trkpt lat="47.2903240" lon="4.7553310">
    <ele>498.4</ele>
   </trkpt>
   <trkpt lat="47.2902530" lon="4.7553830">
    <ele>497.4</ele>
   </trkpt>
   <trkpt lat="47.2902060" lon="4.7553850">
    <ele>496.4</ele>
   </trkpt>
   <trkpt lat="47.2901860" lon="4.7553870">
    <ele>495.8</ele>
   </trkpt>
   <trkpt lat="47.2901790" lon="4.7553990">
    <ele>494.8</ele>
   </trkpt>
   <trkpt lat="47.2901750" lon="4.7554190">
    <ele>494.6</ele>
   </trkpt>
   <trkpt lat="47.2901420" lon="4.7555340">
    <ele>493.2</ele>
   </trkpt>
   <trkpt lat="47.2901290" lon="4.7555740">
    <ele>492.8</ele>
   </trkpt>
   <trkpt lat="47.2901040" lon="4.7557380">
    <ele>492.2</ele>
   </trkpt>
   <trkpt lat="47.2900990" lon="4.7557710">
    <ele>492.2</ele>
   </trkpt>
   <trkpt lat="47.2901090" lon="4.7558180">
    <ele>491.6</ele>
   </trkpt>
   <trkpt lat="47.2901250" lon="4.7558940">
    <ele>490.8</ele>
   </trkpt>
   <trkpt lat="47.2901150" lon="4.7559810">
    <ele>489.6</ele>
   </trkpt>
   <trkpt lat="47.2901070" lon="4.7560700">
    <ele>488.0</ele>
   </trkpt>
   <trkpt lat="47.2900980" lon="4.7561550">
    <ele>486.6</ele>
   </trkpt>
   <trkpt lat="47.2900960" lon="4.7562590">
    <ele>485.6</ele>
   </trkpt>
   <trkpt lat="47.2900840" lon="4.7563630">
    <ele>483.6</ele>
   </trkpt>
   <trkpt lat="47.2900770" lon="4.7563950">
    <ele>482.8</ele>
   </trkpt>
   <trkpt lat="47.2900720" lon="4.7564280">
    <ele>482.0</ele>
   </trkpt>
   <trkpt lat="47.2900610" lon="4.7565600">
    <ele>480.6</ele>
   </trkpt>
   <trkpt lat="47.2900540" lon="4.7565900">
    <ele>479.4</ele>
   </trkpt>
   <trkpt lat="47.2900460" lon="4.7566250">
    <ele>478.6</ele>
   </trkpt>
   <trkpt lat="47.2900430" lon="4.7566610">
    <ele>477.6</ele>
   </trkpt>
   <trkpt lat="47.2900550" lon="4.7567230">
    <ele>476.4</ele>
   </trkpt>
   <trkpt lat="47.2900480" lon="4.7567480">
    <ele>476.0</ele>
   </trkpt>
   <trkpt lat="47.2900220" lon="4.7568040">
    <ele>475.2</ele>
   </trkpt>
   <trkpt lat="47.2900000" lon="4.7568490">
    <ele>474.0</ele>
   </trkpt>
   <trkpt lat="47.2899630" lon="4.7569210">
    <ele>472.2</ele>
   </trkpt>
   <trkpt lat="47.2899560" lon="4.7569820">
    <ele>470.4</ele>
   </trkpt>
   <trkpt lat="47.2899590" lon="4.7570550">
    <ele>468.4</ele>
   </trkpt>
   <trkpt lat="47.2899510" lon="4.7570890">
    <ele>467.6</ele>
   </trkpt>
   <trkpt lat="47.2899460" lon="4.7571140">
    <ele>467.2</ele>
   </trkpt>
   <trkpt lat="47.2899380" lon="4.7571410">
    <ele>466.2</ele>
   </trkpt>
   <trkpt lat="47.2899440" lon="4.7571450">
    <ele>465.6</ele>
   </trkpt>
   <trkpt lat="47.2899460" lon="4.7571520">
    <ele>465.2</ele>
   </trkpt>
   <trkpt lat="47.2899580" lon="4.7571700">
    <ele>464.0</ele>
   </trkpt>
   <trkpt lat="47.2899750" lon="4.7572120">
    <ele>464.0</ele>
   </trkpt>
   <trkpt lat="47.2900370" lon="4.7572720">
    <ele>464.0</ele>
   </trkpt>
   <trkpt lat="47.2901450" lon="4.7574130">
    <ele>462.8</ele>
   </trkpt>
   <trkpt lat="47.2902520" lon="4.7574980">
    <ele>462.0</ele>
   </trkpt>
   <trkpt lat="47.2902830" lon="4.7575040">
    <ele>461.6</ele>
   </trkpt>
   <trkpt lat="47.2903410" lon="4.7575320">
    <ele>461.0</ele>
   </trkpt>
   <trkpt lat="47.2904000" lon="4.7575510">
    <ele>460.6</ele>
   </trkpt>
   <trkpt lat="47.2904880" lon="4.7575630">
    <ele>460.2</ele>
   </trkpt>
   <trkpt lat="47.2905360" lon="4.7575790">
    <ele>460.0</ele>
   </trkpt>
   <trkpt lat="47.2906070" lon="4.7575850">
    <ele>459.8</ele>
   </trkpt>
   <trkpt lat="47.2906400" lon="4.7576040">
    <ele>460.0</ele>
   </trkpt>
   <trkpt lat="47.2907040" lon="4.7576020">
    <ele>460.0</ele>
   </trkpt>
   <trkpt lat="47.2907470" lon="4.7575970">
    <ele>459.8</ele>
   </trkpt>
   <trkpt lat="47.2907890" lon="4.7575980">
    <ele>459.4</ele>
   </trkpt>
   <trkpt lat="47.2908850" lon="4.7575910">
    <ele>459.2</ele>
   </trkpt>
   <trkpt lat="47.2909330" lon="4.7576090">
    <ele>459.0</ele>
   </trkpt>
   <trkpt lat="47.2909830" lon="4.7576180">
    <ele>458.4</ele>
   </trkpt>
   <trkpt lat="47.2910330" lon="4.7576410">
    <ele>457.8</ele>
   </trkpt>
   <trkpt lat="47.2910580" lon="4.7576520">
    <ele>457.4</ele>
   </trkpt>
   <trkpt lat="47.2910820" lon="4.7576540">
    <ele>457.4</ele>
   </trkpt>
   <trkpt lat="47.2911500" lon="4.7576320">
    <ele>456.6</ele>
   </trkpt>
   <trkpt lat="47.2912490" lon="4.7575590">
    <ele>457.4</ele>
   </trkpt>
   <trkpt lat="47.2912730" lon="4.7575490">
    <ele>457.4</ele>
   </trkpt>
   <trkpt lat="47.2913260" lon="4.7574850">
    <ele>457.4</ele>
   </trkpt>
   <trkpt lat="47.2913540" lon="4.7574540">
    <ele>458.8</ele>
   </trkpt>
   <trkpt lat="47.2913860" lon="4.7574230">
    <ele>460.0</ele>
   </trkpt>
   <trkpt lat="47.2914520" lon="4.7573390">
    <ele>461.2</ele>
   </trkpt>
   <trkpt lat="47.2914670" lon="4.7573300">
    <ele>461.4</ele>
   </trkpt>
   <trkpt lat="47.2915370" lon="4.7572620">
    <ele>462.4</ele>
   </trkpt>
   <trkpt lat="47.2915580" lon="4.7572530">
    <ele>462.8</ele>
   </trkpt>
   <trkpt lat="47.2915920" lon="4.7572460">
    <ele>463.6</ele>
   </trkpt>
   <trkpt lat="47.2916130" lon="4.7572330">
    <ele>464.0</ele>
   </trkpt>
   <trkpt lat="47.2916920" lon="4.7571850">
    <ele>464.8</ele>
   </trkpt>
   <trkpt lat="47.2917920" lon="4.7571100">
    <ele>465.8</ele>
   </trkpt>
   <trkpt lat="47.2918130" lon="4.7570990">
    <ele>466.0</ele>
   </trkpt>
   <trkpt lat="47.2918810" lon="4.7570740">
    <ele>467.2</ele>
   </trkpt>
   <trkpt lat="47.2919050" lon="4.7570520">
    <ele>468.0</ele>
   </trkpt>
   <trkpt lat="47.2919350" lon="4.7570290">
    <ele>468.6</ele>
   </trkpt>
   <trkpt lat="47.2919840" lon="4.7570030">
    <ele>469.8</ele>
   </trkpt>
   <trkpt lat="47.2920000" lon="4.7569950">
    <ele>470.2</ele>
   </trkpt>
   <trkpt lat="47.2920420" lon="4.7569540">
    <ele>471.0</ele>
   </trkpt>
   <trkpt lat="47.2920950" lon="4.7569170">
    <ele>472.4</ele>
   </trkpt>
   <trkpt lat="47.2921020" lon="4.7568940">
    <ele>472.8</ele>
   </trkpt>
   <trkpt lat="47.2920990" lon="4.7568690">
    <ele>473.0</ele>
   </trkpt>
   <trkpt lat="47.2920590" lon="4.7568420">
    <ele>473.4</ele>
   </trkpt>
   <trkpt lat="47.2919810" lon="4.7568160">
    <ele>474.4</ele>
   </trkpt>
   <trkpt lat="47.2919640" lon="4.7568030">
    <ele>475.0</ele>
   </trkpt>
   <trkpt lat="47.2918790" lon="4.7567790">
    <ele>475.4</ele>
   </trkpt>
   <trkpt lat="47.2918610" lon="4.7567720">
    <ele>475.4</ele>
   </trkpt>
   <trkpt lat="47.2918200" lon="4.7567540">
    <ele>476.0</ele>
   </trkpt>
   <trkpt lat="47.2917940" lon="4.7567690">
    <ele>476.2</ele>
   </trkpt>
   <trkpt lat="47.2917750" lon="4.7567620">
    <ele>477.0</ele>
   </trkpt>
   <trkpt lat="47.2917840" lon="4.7567550">
    <ele>477.6</ele>
   </trkpt>
   <trkpt lat="47.2918120" lon="4.7567390">
    <ele>478.8</ele>
   </trkpt>
   <trkpt lat="47.2918270" lon="4.7567360">
    <ele>478.8</ele>
   </trkpt>
   <trkpt lat="47.2918570" lon="4.7567240">
    <ele>479.8</ele>
   </trkpt>
   <trkpt lat="47.2918850" lon="4.7567130">
    <ele>480.4</ele>
   </trkpt>
   <trkpt lat="47.2919030" lon="4.7566880">
    <ele>480.8</ele>
   </trkpt>
   <trkpt lat="47.2919360" lon="4.7566440">
    <ele>481.8</ele>
   </trkpt>
   <trkpt lat="47.2919430" lon="4.7566310">
    <ele>482.2</ele>
   </trkpt>
   <trkpt lat="47.2919820" lon="4.7566010">
    <ele>483.0</ele>
   </trkpt>
   <trkpt lat="47.2920230" lon="4.7565780">
    <ele>484.0</ele>
   </trkpt>
   <trkpt lat="47.2920840" lon="4.7565280">
    <ele>485.2</ele>
   </trkpt>
   <trkpt lat="47.2921140" lon="4.7565000">
    <ele>486.6</ele>
   </trkpt>
   <trkpt lat="47.2921310" lon="4.7564790">
    <ele>487.4</ele>
   </trkpt>
   <trkpt lat="47.2921340" lon="4.7564630">
    <ele>487.8</ele>
   </trkpt>
   <trkpt lat="47.2921300" lon="4.7564390">
    <ele>488.0</ele>
   </trkpt>
   <trkpt lat="47.2920790" lon="4.7563950">
    <ele>488.8</ele>
   </trkpt>
   <trkpt lat="47.2920500" lon="4.7563790">
    <ele>489.6</ele>
   </trkpt>
   <trkpt lat="47.2920330" lon="4.7563680">
    <ele>489.8</ele>
   </trkpt>
   <trkpt lat="47.2919810" lon="4.7563340">
    <ele>490.6</ele>
   </trkpt>
   <trkpt lat="47.2919530" lon="4.7563230">
    <ele>491.2</ele>
   </trkpt>
   <trkpt lat="47.2918870" lon="4.7563090">
    <ele>491.6</ele>
   </trkpt>
   <trkpt lat="47.2918510" lon="4.7562970">
    <ele>492.4</ele>
   </trkpt>
   <trkpt lat="47.2918150" lon="4.7562600">
    <ele>493.4</ele>
   </trkpt>
   <trkpt lat="47.2917990" lon="4.7562450">
    <ele>493.6</ele>
   </trkpt>
   <trkpt lat="47.2917220" lon="4.7562220">
    <ele>494.0</ele>
   </trkpt>
   <trkpt lat="47.2917140" lon="4.7562120">
    <ele>494.2</ele>
   </trkpt>
   <trkpt lat="47.2917170" lon="4.7562020">
    <ele>494.6</ele>
   </trkpt>
   <trkpt lat="47.2917130" lon="4.7561880">
    <ele>495.0</ele>
   </trkpt>
   <trkpt lat="47.2917320" lon="4.7561620">
    <ele>495.6</ele>
   </trkpt>
   <trkpt lat="47.2917910" lon="4.7561310">
    <ele>496.2</ele>
   </trkpt>
   <trkpt lat="47.2918310" lon="4.7561140">
    <ele>496.6</ele>
   </trkpt>
   <trkpt lat="47.2919120" lon="4.7560480">
    <ele>497.6</ele>
   </trkpt>
   <trkpt lat="47.2919300" lon="4.7560320">
    <ele>497.8</ele>
   </trkpt>
   <trkpt lat="47.2919750" lon="4.7559780">
    <ele>498.8</ele>
   </trkpt>
   <trkpt lat="47.2920120" lon="4.7559450">
    <ele>500.0</ele>
   </trkpt>
   <trkpt lat="47.2920220" lon="4.7559330">
    <ele>500.2</ele>
   </trkpt>
   <trkpt lat="47.2920500" lon="4.7559060">
    <ele>501.0</ele>
   </trkpt>
   <trkpt lat="47.2920690" lon="4.7558790">
    <ele>502.2</ele>
   </trkpt>
   <trkpt lat="47.2920880" lon="4.7558440">
    <ele>502.8</ele>
   </trkpt>
   <trkpt lat="47.2921120" lon="4.7558150">
    <ele>503.2</ele>
   </trkpt>
   <trkpt lat="47.2921350" lon="4.7558020">
    <ele>504.2</ele>
   </trkpt>
   <trkpt lat="47.2921520" lon="4.7557830">
    <ele>504.6</ele>
   </trkpt>
   <trkpt lat="47.2921840" lon="4.7557410">
    <ele>505.4</ele>
   </trkpt>
   <trkpt lat="47.2922110" lon="4.7556740">
    <ele>506.0</ele>
   </trkpt>
   <trkpt lat="47.2922250" lon="4.7556410">
    <ele>506.4</ele>
   </trkpt>
   <trkpt lat="47.2922230" lon="4.7556290">
    <ele>506.4</ele>
   </trkpt>
   <trkpt lat="47.2922150" lon="4.7556130">
    <ele>506.8</ele>
   </trkpt>
   <trkpt lat="47.2922070" lon="4.7555940">
    <ele>507.4</ele>
   </trkpt>
   <trkpt lat="47.2922090" lon="4.7555800">
    <ele>507.8</ele>
   </trkpt>
   <trkpt lat="47.2922010" lon="4.7555390">
    <ele>508.4</ele>
   </trkpt>
   <trkpt lat="47.2921990" lon="4.7555280">
    <ele>508.6</ele>
   </trkpt>
   <trkpt lat="47.2921970" lon="4.7555120">
    <ele>508.8</ele>
   </trkpt>
   <trkpt lat="47.2921900" lon="4.7554740">
    <ele>509.4</ele>
   </trkpt>
   <trkpt lat="47.2921850" lon="4.7554570">
    <ele>509.8</ele>
   </trkpt>
   <trkpt lat="47.2921770" lon="4.7554350">
    <ele>510.4</ele>
   </trkpt>
   <trkpt lat="47.2921670" lon="4.7554020">
    <ele>510.8</ele>
   </trkpt>
   <trkpt lat="47.2921480" lon="4.7553690">
    <ele>511.4</ele>
   </trkpt>
   <trkpt lat="47.2921270" lon="4.7553440">
    <ele>511.8</ele>
   </trkpt>
   <trkpt lat="47.2921160" lon="4.7553280">
    <ele>512.2</ele>
   </trkpt>
   <trkpt lat="47.2920670" lon="4.7552560">
    <ele>513.2</ele>
   </trkpt>
   <trkpt lat="47.2920580" lon="4.7552280">
    <ele>513.4</ele>
   </trkpt>
   <trkpt lat="47.2920240" lon="4.7551540">
    <ele>514.6</ele>
   </trkpt>
   <trkpt lat="47.2920180" lon="4.7551370">
    <ele>515.0</ele>
   </trkpt>
   <trkpt lat="47.2920050" lon="4.7551050">
    <ele>515.2</ele>
   </trkpt>
   <trkpt lat="47.2919940" lon="4.7550490">
    <ele>515.6</ele>
   </trkpt>
   <trkpt lat="47.2919860" lon="4.7550320">
    <ele>515.6</ele>
   </trkpt>
   <trkpt lat="47.2919900" lon="4.7550320">
    <ele>516.0</ele>
   </trkpt>
   <trkpt lat="47.2920000" lon="4.7550280">
    <ele>516.4</ele>
   </trkpt>
   <trkpt lat="47.2920410" lon="4.7549900">
    <ele>516.2</ele>
   </trkpt>
   <trkpt lat="47.2920530" lon="4.7549750">
    <ele>516.0</ele>
   </trkpt>
   <trkpt lat="47.2920930" lon="4.7549460">
    <ele>515.4</ele>
   </trkpt>
   <trkpt lat="47.2921100" lon="4.7549550">
    <ele>515.0</ele>
   </trkpt>
   <trkpt lat="47.2921370" lon="4.7549820">
    <ele>514.6</ele>
   </trkpt>
   <trkpt lat="47.2921660" lon="4.7550070">
    <ele>514.4</ele>
   </trkpt>
   <trkpt lat="47.2921890" lon="4.7550090">
    <ele>514.6</ele>
   </trkpt>
   <trkpt lat="47.2922630" lon="4.7549910">
    <ele>514.6</ele>
   </trkpt>
   <trkpt lat="47.2922840" lon="4.7549820">
    <ele>514.8</ele>
   </trkpt>
   <trkpt lat="47.2923050" lon="4.7549750">
    <ele>514.6</ele>
   </trkpt>
   <trkpt lat="47.2923600" lon="4.7550170">
    <ele>514.0</ele>
   </trkpt>
   <trkpt lat="47.2923940" lon="4.7550490">
    <ele>513.8</ele>
   </trkpt>
   <trkpt lat="47.2924580" lon="4.7550110">
    <ele>513.8</ele>
   </trkpt>
   <trkpt lat="47.2925800" lon="4.7548610">
    <ele>514.2</ele>
   </trkpt>
   <trkpt lat="47.2926580" lon="4.7547780">
    <ele>514.4</ele>
   </trkpt>
   <trkpt lat="47.2926990" lon="4.7547370">
    <ele>514.0</ele>
   </trkpt>
   <trkpt lat="47.2927510" lon="4.7547000">
    <ele>514.6</ele>
   </trkpt>
   <trkpt lat="47.2927650" lon="4.7546710">
    <ele>514.6</ele>
   </trkpt>
   <trkpt lat="47.2928480" lon="4.7545170">
    <ele>513.8</ele>
   </trkpt>
   <trkpt lat="47.2928630" lon="4.7544970">
    <ele>513.4</ele>
   </trkpt>
   <trkpt lat="47.2928880" lon="4.7544410">
    <ele>512.2</ele>
   </trkpt>
   <trkpt lat="47.2929080" lon="4.7543540">
    <ele>510.8</ele>
   </trkpt>
   <trkpt lat="47.2929320" lon="4.7543480">
    <ele>509.4</ele>
   </trkpt>
   <trkpt lat="47.2929420" lon="4.7543590">
    <ele>508.6</ele>
   </trkpt>
   <trkpt lat="47.2929540" lon="4.7543710">
    <ele>507.6</ele>
   </trkpt>
   <trkpt lat="47.2929830" lon="4.7543850">
    <ele>506.4</ele>
   </trkpt>
   <trkpt lat="47.2929920" lon="4.7543910">
    <ele>505.6</ele>
   </trkpt>
   <trkpt lat="47.2930010" lon="4.7544010">
    <ele>505.2</ele>
   </trkpt>
   <trkpt lat="47.2930190" lon="4.7544070">
    <ele>504.8</ele>
   </trkpt>
   <trkpt lat="47.2930360" lon="4.7544020">
    <ele>504.0</ele>
   </trkpt>
   <trkpt lat="47.2930510" lon="4.7544120">
    <ele>503.4</ele>
   </trkpt>
   <trkpt lat="47.2930690" lon="4.7544250">
    <ele>502.4</ele>
   </trkpt>
   <trkpt lat="47.2931070" lon="4.7544350">
    <ele>501.0</ele>
   </trkpt>
   <trkpt lat="47.2931420" lon="4.7544310">
    <ele>499.4</ele>
   </trkpt>
   <trkpt lat="47.2931950" lon="4.7544410">
    <ele>498.4</ele>
   </trkpt>
   <trkpt lat="47.2932100" lon="4.7544330">
    <ele>497.2</ele>
   </trkpt>
   <trkpt lat="47.2932320" lon="4.7544190">
    <ele>496.0</ele>
   </trkpt>
   <trkpt lat="47.2932830" lon="4.7543800">
    <ele>494.6</ele>
   </trkpt>
   <trkpt lat="47.2933190" lon="4.7543480">
    <ele>494.2</ele>
   </trkpt>
   <trkpt lat="47.2934080" lon="4.7543000">
    <ele>493.4</ele>
   </trkpt>
   <trkpt lat="47.2934820" lon="4.7542590">
    <ele>492.4</ele>
   </trkpt>
   <trkpt lat="47.2935000" lon="4.7542540">
    <ele>492.2</ele>
   </trkpt>
   <trkpt lat="47.2935660" lon="4.7542300">
    <ele>491.6</ele>
   </trkpt>
   <trkpt lat="47.2936680" lon="4.7541180">
    <ele>491.2</ele>
   </trkpt>
   <trkpt lat="47.2938020" lon="4.7539250">
    <ele>490.8</ele>
   </trkpt>
   <trkpt lat="47.2938260" lon="4.7538870">
    <ele>490.8</ele>
   </trkpt>
   <trkpt lat="47.2938610" lon="4.7538190">
    <ele>490.8</ele>
   </trkpt>
   <trkpt lat="47.2938790" lon="4.7537590">
    <ele>490.8</ele>
   </trkpt>
   <trkpt lat="47.2938730" lon="4.7537300">
    <ele>490.8</ele>
   </trkpt>
   <trkpt lat="47.2938840" lon="4.7535850">
    <ele>491.0</ele>
   </trkpt>
   <trkpt lat="47.2939780" lon="4.7534210">
    <ele>490.6</ele>
   </trkpt>
   <trkpt lat="47.2940110" lon="4.7533730">
    <ele>490.6</ele>
   </trkpt>
   <trkpt lat="47.2940600" lon="4.7533810">
    <ele>490.2</ele>
   </trkpt>
   <trkpt lat="47.2940780" lon="4.7533960">
    <ele>489.8</ele>
   </trkpt>
   <trkpt lat="47.2941370" lon="4.7534300">
    <ele>489.4</ele>
   </trkpt>
   <trkpt lat="47.2941460" lon="4.7534530">
    <ele>489.2</ele>
   </trkpt>
   <trkpt lat="47.2941530" lon="4.7534730">
    <ele>488.8</ele>
   </trkpt>
   <trkpt lat="47.2941890" lon="4.7535160">
    <ele>488.4</ele>
   </trkpt>
   <trkpt lat="47.2942050" lon="4.7535200">
    <ele>487.6</ele>
   </trkpt>
   <trkpt lat="47.2942220" lon="4.7535100">
    <ele>487.2</ele>
   </trkpt>
   <trkpt lat="47.2942760" lon="4.7534850">
    <ele>486.6</ele>
   </trkpt>
   <trkpt lat="47.2943040" lon="4.7534540">
    <ele>486.2</ele>
   </trkpt>
   <trkpt lat="47.2943990" lon="4.7532970">
    <ele>485.0</ele>
   </trkpt>
   <trkpt lat="47.2944640" lon="4.7531290">
    <ele>484.8</ele>
   </trkpt>
   <trkpt lat="47.2944820" lon="4.7530930">
    <ele>485.0</ele>
   </trkpt>
   <trkpt lat="47.2945280" lon="4.7530040">
    <ele>485.2</ele>
   </trkpt>
   <trkpt lat="47.2945780" lon="4.7528170">
    <ele>485.4</ele>
   </trkpt>
   <trkpt lat="47.2945850" lon="4.7527860">
    <ele>485.4</ele>
   </trkpt>
   <trkpt lat="47.2946530" lon="4.7527490">
    <ele>484.8</ele>
   </trkpt>
   <trkpt lat="47.2947100" lon="4.7527030">
    <ele>484.4</ele>
   </trkpt>
   <trkpt lat="47.2947520" lon="4.7527050">
    <ele>484.4</ele>
   </trkpt>
   <trkpt lat="47.2947760" lon="4.7527450">
    <ele>483.4</ele>
   </trkpt>
   <trkpt lat="47.2948020" lon="4.7527460">
    <ele>482.8</ele>
   </trkpt>
   <trkpt lat="47.2948150" lon="4.7527290">
    <ele>482.4</ele>
   </trkpt>
   <trkpt lat="47.2948880" lon="4.7526270">
    <ele>482.4</ele>
   </trkpt>
   <trkpt lat="47.2949210" lon="4.7525570">
    <ele>482.2</ele>
   </trkpt>
   <trkpt lat="47.2949390" lon="4.7526080">
    <ele>482.0</ele>
   </trkpt>
   <trkpt lat="47.2949500" lon="4.7527360">
    <ele>481.2</ele>
   </trkpt>
   <trkpt lat="47.2949620" lon="4.7528110">
    <ele>480.8</ele>
   </trkpt>
   <trkpt lat="47.2949770" lon="4.7528920">
    <ele>480.2</ele>
   </trkpt>
   <trkpt lat="47.2950240" lon="4.7529680">
    <ele>478.8</ele>
   </trkpt>
   <trkpt lat="47.2950940" lon="4.7530220">
    <ele>477.8</ele>
   </trkpt>
   <trkpt lat="47.2951270" lon="4.7530210">
    <ele>477.4</ele>
   </trkpt>
   <trkpt lat="47.2953260" lon="4.7530210">
    <ele>477.0</ele>
   </trkpt>
   <trkpt lat="47.2953440" lon="4.7530350">
    <ele>477.2</ele>
   </trkpt>
   <trkpt lat="47.2953540" lon="4.7530640">
    <ele>477.8</ele>
   </trkpt>
   <trkpt lat="47.2954000" lon="4.7531160">
    <ele>478.2</ele>
   </trkpt>
   <trkpt lat="47.2954390" lon="4.7531560">
    <ele>478.2</ele>
   </trkpt>
   <trkpt lat="47.2955070" lon="4.7531990">
    <ele>478.2</ele>
   </trkpt>
   <trkpt lat="47.2955870" lon="4.7532730">
    <ele>478.2</ele>
   </trkpt>
   <trkpt lat="47.2956380" lon="4.7533500">
    <ele>478.2</ele>
   </trkpt>
   <trkpt lat="47.2956860" lon="4.7534230">
    <ele>478.0</ele>
   </trkpt>
   <trkpt lat="47.2957080" lon="4.7534620">
    <ele>477.8</ele>
   </trkpt>
   <trkpt lat="47.2957410" lon="4.7535010">
    <ele>477.6</ele>
   </trkpt>
   <trkpt lat="47.2957890" lon="4.7535320">
    <ele>477.0</ele>
   </trkpt>
   <trkpt lat="47.2958170" lon="4.7535230">
    <ele>477.0</ele>
   </trkpt>
   <trkpt lat="47.2959470" lon="4.7533940">
    <ele>477.8</ele>
   </trkpt>
   <trkpt lat="47.2960040" lon="4.7533320">
    <ele>478.6</ele>
   </trkpt>
   <trkpt lat="47.2960630" lon="4.7532540">
    <ele>479.2</ele>
   </trkpt>
   <trkpt lat="47.2960830" lon="4.7532170">
    <ele>479.8</ele>
   </trkpt>
   <trkpt lat="47.2960920" lon="4.7532030">
    <ele>480.0</ele>
   </trkpt>
   <trkpt lat="47.2961150" lon="4.7531400">
    <ele>481.0</ele>
   </trkpt>
   <trkpt lat="47.2961280" lon="4.7531240">
    <ele>481.2</ele>
   </trkpt>
   <trkpt lat="47.2961530" lon="4.7530890">
    <ele>482.0</ele>
   </trkpt>
   <trkpt lat="47.2961640" lon="4.7530750">
    <ele>482.0</ele>
   </trkpt>
   <trkpt lat="47.2962110" lon="4.7530060">
    <ele>483.0</ele>
   </trkpt>
   <trkpt lat="47.2962590" lon="4.7529600">
    <ele>484.2</ele>
   </trkpt>
   <trkpt lat="47.2962680" lon="4.7529530">
    <ele>484.4</ele>
   </trkpt>
   <trkpt lat="47.2962790" lon="4.7529540">
    <ele>484.6</ele>
   </trkpt>
   <trkpt lat="47.2962840" lon="4.7529640">
    <ele>485.4</ele>
   </trkpt>
   <trkpt lat="47.2963040" lon="4.7530180">
    <ele>486.0</ele>
   </trkpt>
   <trkpt lat="47.2963850" lon="4.7530700">
    <ele>486.6</ele>
   </trkpt>
   <trkpt lat="47.2964380" lon="4.7530780">
    <ele>487.8</ele>
   </trkpt>
   <trkpt lat="47.2964530" lon="4.7530700">
    <ele>488.8</ele>
   </trkpt>
   <trkpt lat="47.2964620" lon="4.7530650">
    <ele>489.2</ele>
   </trkpt>
   <trkpt lat="47.2964680" lon="4.7530610">
    <ele>489.6</ele>
   </trkpt>
   <trkpt lat="47.2964740" lon="4.7530580">
    <ele>490.2</ele>
   </trkpt>
   <trkpt lat="47.2965090" lon="4.7530440">
    <ele>490.4</ele>
   </trkpt>
   <trkpt lat="47.2965440" lon="4.7529880">
    <ele>491.6</ele>
   </trkpt>
   <trkpt lat="47.2965940" lon="4.7529320">
    <ele>492.6</ele>
   </trkpt>
   <trkpt lat="47.2966010" lon="4.7529160">
    <ele>492.8</ele>
   </trkpt>
   <trkpt lat="47.2966330" lon="4.7528760">
    <ele>493.6</ele>
   </trkpt>
   <trkpt lat="47.2966490" lon="4.7528640">
    <ele>494.6</ele>
   </trkpt>
   <trkpt lat="47.2966600" lon="4.7528610">
    <ele>495.0</ele>
   </trkpt>
   <trkpt lat="47.2966860" lon="4.7528610">
    <ele>496.0</ele>
   </trkpt>
   <trkpt lat="47.2967060" lon="4.7528790">
    <ele>496.6</ele>
   </trkpt>
   <trkpt lat="47.2967160" lon="4.7528950">
    <ele>497.0</ele>
   </trkpt>
   <trkpt lat="47.2967950" lon="4.7530010">
    <ele>497.8</ele>
   </trkpt>
   <trkpt lat="47.2968190" lon="4.7530160">
    <ele>497.8</ele>
   </trkpt>
   <trkpt lat="47.2968480" lon="4.7530350">
    <ele>497.8</ele>
   </trkpt>
   <trkpt lat="47.2968820" lon="4.7530410">
    <ele>498.0</ele>
   </trkpt>
   <trkpt lat="47.2968950" lon="4.7530440">
    <ele>498.2</ele>
   </trkpt>
   <trkpt lat="47.2969110" lon="4.7530510">
    <ele>498.4</ele>
   </trkpt>
   <trkpt lat="47.2970000" lon="4.7531190">
    <ele>499.0</ele>
   </trkpt>
   <trkpt lat="47.2970300" lon="4.7531340">
    <ele>499.2</ele>
   </trkpt>
   <trkpt lat="47.2970650" lon="4.7531690">
    <ele>499.2</ele>
   </trkpt>
   <trkpt lat="47.2971280" lon="4.7532190">
    <ele>499.4</ele>
   </trkpt>
   <trkpt lat="47.2971750" lon="4.7532480">
    <ele>499.4</ele>
   </trkpt>
   <trkpt lat="47.2972170" lon="4.7532620">
    <ele>499.4</ele>
   </trkpt>
   <trkpt lat="47.2973530" lon="4.7532700">
    <ele>499.6</ele>
   </trkpt>
   <trkpt lat="47.2974490" lon="4.7533460">
    <ele>499.6</ele>
   </trkpt>
   <trkpt lat="47.2974650" lon="4.7533640">
    <ele>499.6</ele>
   </trkpt>
   <trkpt lat="47.2975700" lon="4.7534690">
    <ele>500.0</ele>
   </trkpt>
   <trkpt lat="47.2976340" lon="4.7535490">
    <ele>500.0</ele>
   </trkpt>
   <trkpt lat="47.2976420" lon="4.7535740">
    <ele>500.0</ele>
   </trkpt>
   <trkpt lat="47.2977010" lon="4.7536720">
    <ele>500.4</ele>
   </trkpt>
   <trkpt lat="47.2977310" lon="4.7536880">
    <ele>500.2</ele>
   </trkpt>
   <trkpt lat="47.2979290" lon="4.7537870">
    <ele>500.0</ele>
   </trkpt>
   <trkpt lat="47.2980450" lon="4.7538200">
    <ele>500.4</ele>
   </trkpt>
   <trkpt lat="47.2980730" lon="4.7538090">
    <ele>500.6</ele>
   </trkpt>
   <trkpt lat="47.2981470" lon="4.7537660">
    <ele>501.4</ele>
   </trkpt>
   <trkpt lat="47.2982200" lon="4.7537200">
    <ele>501.8</ele>
   </trkpt>
   <trkpt lat="47.2982990" lon="4.7536980">
    <ele>502.4</ele>
   </trkpt>
   <trkpt lat="47.2983430" lon="4.7536560">
    <ele>502.4</ele>
   </trkpt>
   <trkpt lat="47.2985070" lon="4.7535210">
    <ele>502.6</ele>
   </trkpt>
   <trkpt lat="47.2985350" lon="4.7534960">
    <ele>502.6</ele>
   </trkpt>
   <trkpt lat="47.2986720" lon="4.7533800">
    <ele>503.4</ele>
   </trkpt>
   <trkpt lat="47.2986870" lon="4.7533610">
    <ele>503.4</ele>
   </trkpt>
   <trkpt lat="47.2987680" lon="4.7532450">
    <ele>504.4</ele>
   </trkpt>
   <trkpt lat="47.2988000" lon="4.7531690">
    <ele>504.6</ele>
   </trkpt>
   <trkpt lat="47.2988480" lon="4.7530810">
    <ele>505.2</ele>
   </trkpt>
   <trkpt lat="47.2988900" lon="4.7530160">
    <ele>505.6</ele>
   </trkpt>
   <trkpt lat="47.2989430" lon="4.7528940">
    <ele>506.2</ele>
   </trkpt>
   <trkpt lat="47.2989620" lon="4.7528300">
    <ele>506.6</ele>
   </trkpt>
   <trkpt lat="47.2989860" lon="4.7527280">
    <ele>507.6</ele>
   </trkpt>
   <trkpt lat="47.2989870" lon="4.7526400">
    <ele>508.0</ele>
   </trkpt>
   <trkpt lat="47.2989870" lon="4.7525840">
    <ele>509.0</ele>
   </trkpt>
   <trkpt lat="47.2989740" lon="4.7525200">
    <ele>509.4</ele>
   </trkpt>
   <trkpt lat="47.2989540" lon="4.7524620">
    <ele>510.0</ele>
   </trkpt>
   <trkpt lat="47.2989290" lon="4.7524170">
    <ele>511.0</ele>
   </trkpt>
   <trkpt lat="47.2989220" lon="4.7523890">
    <ele>511.4</ele>
   </trkpt>
   <trkpt lat="47.2989050" lon="4.7523200">
    <ele>512.2</ele>
   </trkpt>
   <trkpt lat="47.2988690" lon="4.7522460">
    <ele>513.2</ele>
   </trkpt>
   <trkpt lat="47.2988550" lon="4.7522380">
    <ele>513.2</ele>
   </trkpt>
   <trkpt lat="47.2988500" lon="4.7522300">
    <ele>513.4</ele>
   </trkpt>
   <trkpt lat="47.2988070" lon="4.7522140">
    <ele>513.6</ele>
   </trkpt>
   <trkpt lat="47.2987140" lon="4.7522290">
    <ele>514.4</ele>
   </trkpt>
   <trkpt lat="47.2986980" lon="4.7522220">
    <ele>514.4</ele>
   </trkpt>
   <trkpt lat="47.2986860" lon="4.7522140">
    <ele>514.6</ele>
   </trkpt>
   <trkpt lat="47.2986230" lon="4.7521970">
    <ele>515.4</ele>
   </trkpt>
   <trkpt lat="47.2985980" lon="4.7522060">
    <ele>515.6</ele>
   </trkpt>
   <trkpt lat="47.2984810" lon="4.7521680">
    <ele>515.6</ele>
   </trkpt>
   <trkpt lat="47.2983770" lon="4.7521160">
    <ele>515.4</ele>
   </trkpt>
   <trkpt lat="47.2983530" lon="4.7520770">
    <ele>515.6</ele>
   </trkpt>
   <trkpt lat="47.2983470" lon="4.7520040">
    <ele>516.2</ele>
   </trkpt>
   <trkpt lat="47.2983520" lon="4.7519530">
    <ele>516.6</ele>
   </trkpt>
   <trkpt lat="47.2983490" lon="4.7519070">
    <ele>517.4</ele>
   </trkpt>
   <trkpt lat="47.2983300" lon="4.7518880">
    <ele>517.6</ele>
   </trkpt>
   <trkpt lat="47.2982880" lon="4.7518340">
    <ele>517.6</ele>
   </trkpt>
   <trkpt lat="47.2982730" lon="4.7518350">
    <ele>517.4</ele>
   </trkpt>
   <trkpt lat="47.2982580" lon="4.7518410">
    <ele>517.2</ele>
   </trkpt>
   <trkpt lat="47.2981720" lon="4.7518110">
    <ele>516.4</ele>
   </trkpt>
   <trkpt lat="47.2981010" lon="4.7517280">
    <ele>515.8</ele>
   </trkpt>
   <trkpt lat="47.2980860" lon="4.7517080">
    <ele>515.6</ele>
   </trkpt>
   <trkpt lat="47.2980670" lon="4.7516780">
    <ele>515.4</ele>
   </trkpt>
   <trkpt lat="47.2979770" lon="4.7515370">
    <ele>515.2</ele>
   </trkpt>
   <trkpt lat="47.2978460" lon="4.7512970">
    <ele>515.2</ele>
   </trkpt>
   <trkpt lat="47.2978300" lon="4.7512620">
    <ele>515.2</ele>
   </trkpt>
   <trkpt lat="47.2977530" lon="4.7510100">
    <ele>515.6</ele>
   </trkpt>
   <trkpt lat="47.2977480" lon="4.7509680">
    <ele>515.6</ele>
   </trkpt>
   <trkpt lat="47.2977370" lon="4.7508850">
    <ele>515.6</ele>
   </trkpt>
   <trkpt lat="47.2977540" lon="4.7507630">
    <ele>516.4</ele>
   </trkpt>
   <trkpt lat="47.2977670" lon="4.7507540">
    <ele>516.6</ele>
   </trkpt>
   <trkpt lat="47.2978340" lon="4.7507060">
    <ele>517.2</ele>
   </trkpt>
   <trkpt lat="47.2978460" lon="4.7506810">
    <ele>517.6</ele>
   </trkpt>
   <trkpt lat="47.2978710" lon="4.7506380">
    <ele>518.6</ele>
   </trkpt>
   <trkpt lat="47.2979090" lon="4.7505880">
    <ele>519.2</ele>
   </trkpt>
   <trkpt lat="47.2979350" lon="4.7505640">
    <ele>520.0</ele>
   </trkpt>
   <trkpt lat="47.2979800" lon="4.7505180">
    <ele>521.0</ele>
   </trkpt>
   <trkpt lat="47.2979920" lon="4.7505040">
    <ele>521.6</ele>
   </trkpt>
   <trkpt lat="47.2980140" lon="4.7504720">
    <ele>522.2</ele>
   </trkpt>
   <trkpt lat="47.2980590" lon="4.7503990">
    <ele>523.4</ele>
   </trkpt>
   <trkpt lat="47.2980690" lon="4.7503830">
    <ele>523.6</ele>
   </trkpt>
   <trkpt lat="47.2981080" lon="4.7503330">
    <ele>524.4</ele>
   </trkpt>
   <trkpt lat="47.2981470" lon="4.7502600">
    <ele>525.6</ele>
   </trkpt>
   <trkpt lat="47.2981630" lon="4.7502250">
    <ele>526.6</ele>
   </trkpt>
   <trkpt lat="47.2982350" lon="4.7500730">
    <ele>527.4</ele>
   </trkpt>
   <trkpt lat="47.2982500" lon="4.7500590">
    <ele>527.8</ele>
   </trkpt>
   <trkpt lat="47.2983320" lon="4.7500040">
    <ele>528.8</ele>
   </trkpt>
   <trkpt lat="47.2983720" lon="4.7499690">
    <ele>529.6</ele>
   </trkpt>
   <trkpt lat="47.2984110" lon="4.7499390">
    <ele>530.2</ele>
   </trkpt>
   <trkpt lat="47.2984570" lon="4.7498980">
    <ele>531.4</ele>
   </trkpt>
   <trkpt lat="47.2984950" lon="4.7498590">
    <ele>532.4</ele>
   </trkpt>
   <trkpt lat="47.2985560" lon="4.7497470">
    <ele>533.2</ele>
   </trkpt>
   <trkpt lat="47.2985670" lon="4.7497120">
    <ele>533.4</ele>
   </trkpt>
   <trkpt lat="47.2985820" lon="4.7496810">
    <ele>533.6</ele>
   </trkpt>
   <trkpt lat="47.2986720" lon="4.7495240">
    <ele>534.8</ele>
   </trkpt>
   <trkpt lat="47.2987870" lon="4.7493770">
    <ele>535.8</ele>
   </trkpt>
   <trkpt lat="47.2988240" lon="4.7493290">
    <ele>536.0</ele>
   </trkpt>
   <trkpt lat="47.2988550" lon="4.7492940">
    <ele>536.4</ele>
   </trkpt>
   <trkpt lat="47.2989050" lon="4.7493800">
    <ele>536.8</ele>
   </trkpt>
   <trkpt lat="47.2989340" lon="4.7494330">
    <ele>537.2</ele>
   </trkpt>
   <trkpt lat="47.2989350" lon="4.7494650">
    <ele>538.2</ele>
   </trkpt>
   <trkpt lat="47.2989620" lon="4.7494870">
    <ele>538.6</ele>
   </trkpt>
   <trkpt lat="47.2989940" lon="4.7495170">
    <ele>538.6</ele>
   </trkpt>
   <trkpt lat="47.2990060" lon="4.7495210">
    <ele>538.8</ele>
   </trkpt>
   <trkpt lat="47.2990280" lon="4.7495170">
    <ele>538.8</ele>
   </trkpt>
   <trkpt lat="47.2990700" lon="4.7495050">
    <ele>539.2</ele>
   </trkpt>
   <trkpt lat="47.2990830" lon="4.7495060">
    <ele>539.2</ele>
   </trkpt>
   <trkpt lat="47.2992070" lon="4.7494880">
    <ele>538.6</ele>
   </trkpt>
   <trkpt lat="47.2992640" lon="4.7495180">
    <ele>538.4</ele>
   </trkpt>
   <trkpt lat="47.2992980" lon="4.7495650">
    <ele>538.2</ele>
   </trkpt>
   <trkpt lat="47.2993400" lon="4.7496050">
    <ele>538.0</ele>
   </trkpt>
   <trkpt lat="47.2993680" lon="4.7496420">
    <ele>537.2</ele>
   </trkpt>
   <trkpt lat="47.2993950" lon="4.7496880">
    <ele>535.8</ele>
   </trkpt>
   <trkpt lat="47.2994120" lon="4.7497100">
    <ele>535.2</ele>
   </trkpt>
   <trkpt lat="47.2994490" lon="4.7497130">
    <ele>533.6</ele>
   </trkpt>
   <trkpt lat="47.2994730" lon="4.7497250">
    <ele>532.4</ele>
   </trkpt>
   <trkpt lat="47.2995200" lon="4.7497350">
    <ele>531.0</ele>
   </trkpt>
   <trkpt lat="47.2995850" lon="4.7497180">
    <ele>530.4</ele>
   </trkpt>
   <trkpt lat="47.2996010" lon="4.7497180">
    <ele>529.4</ele>
   </trkpt>
   <trkpt lat="47.2996250" lon="4.7497080">
    <ele>528.8</ele>
   </trkpt>
   <trkpt lat="47.2996340" lon="4.7497010">
    <ele>528.4</ele>
   </trkpt>
   <trkpt lat="47.2997100" lon="4.7496780">
    <ele>527.0</ele>
   </trkpt>
   <trkpt lat="47.2997680" lon="4.7497060">
    <ele>525.2</ele>
   </trkpt>
   <trkpt lat="47.2997740" lon="4.7497240">
    <ele>524.0</ele>
   </trkpt>
   <trkpt lat="47.2997890" lon="4.7497360">
    <ele>523.2</ele>
   </trkpt>
   <trkpt lat="47.2997960" lon="4.7497420">
    <ele>521.8</ele>
   </trkpt>
   <trkpt lat="47.2998090" lon="4.7497460">
    <ele>520.2</ele>
   </trkpt>
   <trkpt lat="47.2998250" lon="4.7497470">
    <ele>518.6</ele>
   </trkpt>
   <trkpt lat="47.2998460" lon="4.7497460">
    <ele>518.0</ele>
   </trkpt>
   <trkpt lat="47.2998700" lon="4.7497480">
    <ele>517.0</ele>
   </trkpt>
   <trkpt lat="47.2999030" lon="4.7497780">
    <ele>514.8</ele>
   </trkpt>
   <trkpt lat="47.2999180" lon="4.7497910">
    <ele>514.0</ele>
   </trkpt>
   <trkpt lat="47.2999350" lon="4.7498040">
    <ele>513.2</ele>
   </trkpt>
   <trkpt lat="47.2999820" lon="4.7498290">
    <ele>512.0</ele>
   </trkpt>
   <trkpt lat="47.3000120" lon="4.7497970">
    <ele>511.4</ele>
   </trkpt>
   <trkpt lat="47.3000680" lon="4.7497450">
    <ele>511.0</ele>
   </trkpt>
   <trkpt lat="47.3001540" lon="4.7496510">
    <ele>511.4</ele>
   </trkpt>
   <trkpt lat="47.3002610" lon="4.7494600">
    <ele>511.4</ele>
   </trkpt>
   <trkpt lat="47.3002750" lon="4.7494310">
    <ele>511.4</ele>
   </trkpt>
   <trkpt lat="47.3003180" lon="4.7493620">
    <ele>511.4</ele>
   </trkpt>
   <trkpt lat="47.3003420" lon="4.7493010">
    <ele>511.8</ele>
   </trkpt>
   <trkpt lat="47.3003520" lon="4.7492500">
    <ele>512.2</ele>
   </trkpt>
   <trkpt lat="47.3003980" lon="4.7491560">
    <ele>512.6</ele>
   </trkpt>
   <trkpt lat="47.3004660" lon="4.7490010">
    <ele>512.8</ele>
   </trkpt>
   <trkpt lat="47.3005180" lon="4.7489050">
    <ele>513.4</ele>
   </trkpt>
   <trkpt lat="47.3005640" lon="4.7487840">
    <ele>514.0</ele>
   </trkpt>
   <trkpt lat="47.3006190" lon="4.7486840">
    <ele>514.2</ele>
   </trkpt>
   <trkpt lat="47.3006250" lon="4.7486480">
    <ele>513.8</ele>
   </trkpt>
   <trkpt lat="47.3006500" lon="4.7485130">
    <ele>514.0</ele>
   </trkpt>
   <trkpt lat="47.3006520" lon="4.7484690">
    <ele>514.0</ele>
   </trkpt>
   <trkpt lat="47.3007300" lon="4.7482440">
    <ele>514.0</ele>
   </trkpt>
   <trkpt lat="47.3007430" lon="4.7482100">
    <ele>513.8</ele>
   </trkpt>
   <trkpt lat="47.3007970" lon="4.7480550">
    <ele>512.8</ele>
   </trkpt>
   <trkpt lat="47.3008250" lon="4.7479710">
    <ele>512.4</ele>
   </trkpt>
   <trkpt lat="47.3008400" lon="4.7479090">
    <ele>512.0</ele>
   </trkpt>
   <trkpt lat="47.3008900" lon="4.7477460">
    <ele>511.4</ele>
   </trkpt>
   <trkpt lat="47.3009480" lon="4.7475910">
    <ele>511.2</ele>
   </trkpt>
   <trkpt lat="47.3009910" lon="4.7474990">
    <ele>511.0</ele>
   </trkpt>
   <trkpt lat="47.3010820" lon="4.7473080">
    <ele>510.6</ele>
   </trkpt>
   <trkpt lat="47.3010940" lon="4.7472630">
    <ele>510.4</ele>
   </trkpt>
   <trkpt lat="47.3011190" lon="4.7472250">
    <ele>510.0</ele>
   </trkpt>
   <trkpt lat="47.3011740" lon="4.7471070">
    <ele>509.6</ele>
   </trkpt>
   <trkpt lat="47.3011900" lon="4.7470480">
    <ele>509.0</ele>
   </trkpt>
   <trkpt lat="47.3012240" lon="4.7469410">
    <ele>508.4</ele>
   </trkpt>
   <trkpt lat="47.3012790" lon="4.7467940">
    <ele>508.2</ele>
   </trkpt>
   <trkpt lat="47.3013000" lon="4.7467550">
    <ele>508.0</ele>
   </trkpt>
   <trkpt lat="47.3013370" lon="4.7465490">
    <ele>507.6</ele>
   </trkpt>
   <trkpt lat="47.3013440" lon="4.7465360">
    <ele>507.6</ele>
   </trkpt>
   <trkpt lat="47.3013830" lon="4.7464900">
    <ele>506.8</ele>
   </trkpt>
   <trkpt lat="47.3013900" lon="4.7464680">
    <ele>505.4</ele>
   </trkpt>
   <trkpt lat="47.3014000" lon="4.7464600">
    <ele>504.2</ele>
   </trkpt>
   <trkpt lat="47.3014030" lon="4.7464650">
    <ele>503.2</ele>
   </trkpt>
   <trkpt lat="47.3014040" lon="4.7464550">
    <ele>502.0</ele>
   </trkpt>
   <trkpt lat="47.3014120" lon="4.7464490">
    <ele>501.2</ele>
   </trkpt>
   <trkpt lat="47.3014200" lon="4.7464490">
    <ele>499.8</ele>
   </trkpt>
   <trkpt lat="47.3014200" lon="4.7464780">
    <ele>497.6</ele>
   </trkpt>
   <trkpt lat="47.3014200" lon="4.7464890">
    <ele>496.6</ele>
   </trkpt>
   <trkpt lat="47.3014200" lon="4.7464930">
    <ele>496.0</ele>
   </trkpt>
   <trkpt lat="47.3014260" lon="4.7464920">
    <ele>495.0</ele>
   </trkpt>
   <trkpt lat="47.3014270" lon="4.7464940">
    <ele>493.8</ele>
   </trkpt>
   <trkpt lat="47.3014280" lon="4.7464920">
    <ele>492.0</ele>
   </trkpt>
   <trkpt lat="47.3014450" lon="4.7464900">
    <ele>491.2</ele>
   </trkpt>
   <trkpt lat="47.3014780" lon="4.7464800">
    <ele>490.6</ele>
   </trkpt>
   <trkpt lat="47.3014970" lon="4.7464730">
    <ele>490.2</ele>
   </trkpt>
   <trkpt lat="47.3015070" lon="4.7464840">
    <ele>490.0</ele>
   </trkpt>
   <trkpt lat="47.3015300" lon="4.7464940">
    <ele>489.4</ele>
   </trkpt>
   <trkpt lat="47.3015470" lon="4.7465040">
    <ele>488.4</ele>
   </trkpt>
   <trkpt lat="47.3015670" lon="4.7465040">
    <ele>487.2</ele>
   </trkpt>
   <trkpt lat="47.3015840" lon="4.7465040">
    <ele>486.2</ele>
   </trkpt>
   <trkpt lat="47.3016490" lon="4.7465260">
    <ele>483.0</ele>
   </trkpt>
   <trkpt lat="47.3016730" lon="4.7465560">
    <ele>481.4</ele>
   </trkpt>
   <trkpt lat="47.3016900" lon="4.7465930">
    <ele>480.2</ele>
   </trkpt>
   <trkpt lat="47.3016990" lon="4.7466230">
    <ele>479.0</ele>
   </trkpt>
   <trkpt lat="47.3017150" lon="4.7466430">
    <ele>477.6</ele>
   </trkpt>
   <trkpt lat="47.3017550" lon="4.7466790">
    <ele>475.6</ele>
   </trkpt>
   <trkpt lat="47.3017970" lon="4.7467210">
    <ele>474.2</ele>
   </trkpt>
   <trkpt lat="47.3018210" lon="4.7467430">
    <ele>472.6</ele>
   </trkpt>
   <trkpt lat="47.3018410" lon="4.7467690">
    <ele>471.8</ele>
   </trkpt>
   <trkpt lat="47.3018560" lon="4.7467950">
    <ele>471.4</ele>
   </trkpt>
   <trkpt lat="47.3018670" lon="4.7468190">
    <ele>470.2</ele>
   </trkpt>
   <trkpt lat="47.3018800" lon="4.7468370">
    <ele>468.8</ele>
   </trkpt>
   <trkpt lat="47.3018950" lon="4.7468570">
    <ele>467.8</ele>
   </trkpt>
   <trkpt lat="47.3019100" lon="4.7468770">
    <ele>466.6</ele>
   </trkpt>
   <trkpt lat="47.3019190" lon="4.7469050">
    <ele>465.2</ele>
   </trkpt>
   <trkpt lat="47.3019510" lon="4.7469530">
    <ele>463.4</ele>
   </trkpt>
   <trkpt lat="47.3019640" lon="4.7469730">
    <ele>462.6</ele>
   </trkpt>
   <trkpt lat="47.3019780" lon="4.7470050">
    <ele>461.6</ele>
   </trkpt>
   <trkpt lat="47.3019880" lon="4.7470340">
    <ele>460.0</ele>
   </trkpt>
   <trkpt lat="47.3020340" lon="4.7470560">
    <ele>459.2</ele>
   </trkpt>
   <trkpt lat="47.3020750" lon="4.7470840">
    <ele>458.6</ele>
   </trkpt>
   <trkpt lat="47.3022030" lon="4.7471710">
    <ele>457.4</ele>
   </trkpt>
   <trkpt lat="47.3022690" lon="4.7473030">
    <ele>456.2</ele>
   </trkpt>
   <trkpt lat="47.3022420" lon="4.7473700">
    <ele>455.4</ele>
   </trkpt>
   <trkpt lat="47.3022070" lon="4.7474170">
    <ele>455.2</ele>
   </trkpt>
   <trkpt lat="47.3021350" lon="4.7475720">
    <ele>455.4</ele>
   </trkpt>
   <trkpt lat="47.3020840" lon="4.7476740">
    <ele>455.4</ele>
   </trkpt>
   <trkpt lat="47.3020720" lon="4.7477030">
    <ele>455.4</ele>
   </trkpt>
   <trkpt lat="47.3019580" lon="4.7478970">
    <ele>455.2</ele>
   </trkpt>
   <trkpt lat="47.3019380" lon="4.7479340">
    <ele>455.0</ele>
   </trkpt>
   <trkpt lat="47.3018850" lon="4.7480330">
    <ele>454.2</ele>
   </trkpt>
   <trkpt lat="47.3018690" lon="4.7480750">
    <ele>454.2</ele>
   </trkpt>
   <trkpt lat="47.3017980" lon="4.7482700">
    <ele>454.8</ele>
   </trkpt>
   <trkpt lat="47.3018040" lon="4.7483170">
    <ele>454.8</ele>
   </trkpt>
   <trkpt lat="47.3017950" lon="4.7484080">
    <ele>454.6</ele>
   </trkpt>
   <trkpt lat="47.3017440" lon="4.7486730">
    <ele>454.4</ele>
   </trkpt>
   <trkpt lat="47.3016560" lon="4.7488630">
    <ele>454.8</ele>
   </trkpt>
   <trkpt lat="47.3015850" lon="4.7490610">
    <ele>455.0</ele>
   </trkpt>
   <trkpt lat="47.3015670" lon="4.7491130">
    <ele>455.0</ele>
   </trkpt>
   <trkpt lat="47.3015390" lon="4.7492440">
    <ele>454.8</ele>
   </trkpt>
   <trkpt lat="47.3014800" lon="4.7494070">
    <ele>455.2</ele>
   </trkpt>
   <trkpt lat="47.3014590" lon="4.7494920">
    <ele>455.4</ele>
   </trkpt>
   <trkpt lat="47.3014450" lon="4.7495180">
    <ele>455.4</ele>
   </trkpt>
   <trkpt lat="47.3013910" lon="4.7496490">
    <ele>455.4</ele>
   </trkpt>
   <trkpt lat="47.3013500" lon="4.7497550">
    <ele>455.4</ele>
   </trkpt>
   <trkpt lat="47.3012880" lon="4.7499440">
    <ele>455.4</ele>
   </trkpt>
   <trkpt lat="47.3012240" lon="4.7500670">
    <ele>455.6</ele>
   </trkpt>
   <trkpt lat="47.3011090" lon="4.7503070">
    <ele>455.8</ele>
   </trkpt>
   <trkpt lat="47.3010310" lon="4.7505460">
    <ele>455.8</ele>
   </trkpt>
   <trkpt lat="47.3010120" lon="4.7505970">
    <ele>455.8</ele>
   </trkpt>
   <trkpt lat="47.3009130" lon="4.7508530">
    <ele>455.6</ele>
   </trkpt>
   <trkpt lat="47.3008030" lon="4.7511110">
    <ele>455.4</ele>
   </trkpt>
   <trkpt lat="47.3006820" lon="4.7512860">
    <ele>455.8</ele>
   </trkpt>
   <trkpt lat="47.3005680" lon="4.7514350">
    <ele>454.4</ele>
   </trkpt>
   <trkpt lat="47.3005450" lon="4.7514670">
    <ele>454.4</ele>
   </trkpt>
   <trkpt lat="47.3005310" lon="4.7514940">
    <ele>454.2</ele>
   </trkpt>
   <trkpt lat="47.3004780" lon="4.7515790">
    <ele>454.0</ele>
   </trkpt>
   <trkpt lat="47.3004360" lon="4.7516430">
    <ele>453.8</ele>
   </trkpt>
   <trkpt lat="47.3003240" lon="4.7518540">
    <ele>453.2</ele>
   </trkpt>
   <trkpt lat="47.3002450" lon="4.7520490">
    <ele>452.8</ele>
   </trkpt>
   <trkpt lat="47.3002000" lon="4.7523360">
    <ele>451.8</ele>
   </trkpt>
   <trkpt lat="47.3001940" lon="4.7523890">
    <ele>451.4</ele>
   </trkpt>
   <trkpt lat="47.3001920" lon="4.7526190">
    <ele>451.0</ele>
   </trkpt>
   <trkpt lat="47.3001740" lon="4.7526990">
    <ele>450.4</ele>
   </trkpt>
   <trkpt lat="47.3001120" lon="4.7528170">
    <ele>450.0</ele>
   </trkpt>
   <trkpt lat="47.3001190" lon="4.7528720">
    <ele>449.8</ele>
   </trkpt>
   <trkpt lat="47.3000870" lon="4.7529520">
    <ele>449.8</ele>
   </trkpt>
   <trkpt lat="47.3000590" lon="4.7530580">
    <ele>450.2</ele>
   </trkpt>
   <trkpt lat="47.3000520" lon="4.7530860">
    <ele>450.6</ele>
   </trkpt>
   <trkpt lat="47.3000590" lon="4.7531130">
    <ele>450.8</ele>
   </trkpt>
   <trkpt lat="47.3000390" lon="4.7531520">
    <ele>451.2</ele>
   </trkpt>
   <trkpt lat="47.3000040" lon="4.7532570">
    <ele>451.6</ele>
   </trkpt>
   <trkpt lat="47.2999590" lon="4.7533300">
    <ele>452.0</ele>
   </trkpt>
   <trkpt lat="47.2999180" lon="4.7533970">
    <ele>452.6</ele>
   </trkpt>
   <trkpt lat="47.2998920" lon="4.7534590">
    <ele>453.0</ele>
   </trkpt>
   <trkpt lat="47.2998570" lon="4.7535180">
    <ele>453.6</ele>
   </trkpt>
   <trkpt lat="47.2998450" lon="4.7535380">
    <ele>453.6</ele>
   </trkpt>
   <trkpt lat="47.2997860" lon="4.7536890">
    <ele>454.2</ele>
   </trkpt>
   <trkpt lat="47.2997050" lon="4.7538960">
    <ele>454.0</ele>
   </trkpt>
   <trkpt lat="47.2996870" lon="4.7539320">
    <ele>454.0</ele>
   </trkpt>
   <trkpt lat="47.2996070" lon="4.7541450">
    <ele>452.8</ele>
   </trkpt>
   <trkpt lat="47.2994910" lon="4.7543200">
    <ele>453.4</ele>
   </trkpt>
   <trkpt lat="47.2993560" lon="4.7545230">
    <ele>452.8</ele>
   </trkpt>
   <trkpt lat="47.2993280" lon="4.7545570">
    <ele>452.6</ele>
   </trkpt>
   <trkpt lat="47.2992290" lon="4.7546100">
    <ele>451.8</ele>
   </trkpt>
   <trkpt lat="47.2992060" lon="4.7546210">
    <ele>451.6</ele>
   </trkpt>
   <trkpt lat="47.2991370" lon="4.7546880">
    <ele>451.4</ele>
   </trkpt>
   <trkpt lat="47.2990320" lon="4.7548420">
    <ele>451.6</ele>
   </trkpt>
   <trkpt lat="47.2989320" lon="4.7549720">
    <ele>452.4</ele>
   </trkpt>
   <trkpt lat="47.2989170" lon="4.7549780">
    <ele>452.6</ele>
   </trkpt>
   <trkpt lat="47.2988650" lon="4.7550360">
    <ele>453.4</ele>
   </trkpt>
   <trkpt lat="47.2988470" lon="4.7550620">
    <ele>453.8</ele>
   </trkpt>
   <trkpt lat="47.2988120" lon="4.7551290">
    <ele>454.2</ele>
   </trkpt>
   <trkpt lat="47.2987950" lon="4.7551450">
    <ele>454.2</ele>
   </trkpt>
   <trkpt lat="47.2987740" lon="4.7551620">
    <ele>454.2</ele>
   </trkpt>
   <trkpt lat="47.2987010" lon="4.7552340">
    <ele>454.0</ele>
   </trkpt>
   <trkpt lat="47.2985890" lon="4.7553170">
    <ele>455.0</ele>
   </trkpt>
   <trkpt lat="47.2985640" lon="4.7553250">
    <ele>455.4</ele>
   </trkpt>
   <trkpt lat="47.2985030" lon="4.7553720">
    <ele>455.8</ele>
   </trkpt>
   <trkpt lat="47.2984600" lon="4.7554280">
    <ele>455.8</ele>
   </trkpt>
   <trkpt lat="47.2984190" lon="4.7554660">
    <ele>456.2</ele>
   </trkpt>
   <trkpt lat="47.2983200" lon="4.7555180">
    <ele>457.2</ele>
   </trkpt>
   <trkpt lat="47.2981860" lon="4.7555940">
    <ele>458.0</ele>
   </trkpt>
   <trkpt lat="47.2981610" lon="4.7556030">
    <ele>458.4</ele>
   </trkpt>
   <trkpt lat="47.2980090" lon="4.7556490">
    <ele>459.6</ele>
   </trkpt>
   <trkpt lat="47.2978810" lon="4.7556250">
    <ele>459.6</ele>
   </trkpt>
   <trkpt lat="47.2978010" lon="4.7555950">
    <ele>459.8</ele>
   </trkpt>
   <trkpt lat="47.2977610" lon="4.7555590">
    <ele>459.6</ele>
   </trkpt>
   <trkpt lat="47.2977550" lon="4.7555390">
    <ele>459.6</ele>
   </trkpt>
   <trkpt lat="47.2977370" lon="4.7554730">
    <ele>459.8</ele>
   </trkpt>
   <trkpt lat="47.2977400" lon="4.7554510">
    <ele>459.8</ele>
   </trkpt>
   <trkpt lat="47.2977450" lon="4.7554150">
    <ele>460.2</ele>
   </trkpt>
   <trkpt lat="47.2977470" lon="4.7554040">
    <ele>460.8</ele>
   </trkpt>
   <trkpt lat="47.2977430" lon="4.7553290">
    <ele>462.4</ele>
   </trkpt>
   <trkpt lat="47.2977190" lon="4.7552840">
    <ele>463.0</ele>
   </trkpt>
   <trkpt lat="47.2977020" lon="4.7552350">
    <ele>463.4</ele>
   </trkpt>
   <trkpt lat="47.2976380" lon="4.7551330">
    <ele>464.0</ele>
   </trkpt>
   <trkpt lat="47.2975940" lon="4.7550770">
    <ele>464.8</ele>
   </trkpt>
   <trkpt lat="47.2974970" lon="4.7549510">
    <ele>465.8</ele>
   </trkpt>
   <trkpt lat="47.2974790" lon="4.7549290">
    <ele>466.6</ele>
   </trkpt>
   <trkpt lat="47.2974560" lon="4.7549020">
    <ele>467.0</ele>
   </trkpt>
   <trkpt lat="47.2974060" lon="4.7548380">
    <ele>467.2</ele>
   </trkpt>
   <trkpt lat="47.2973360" lon="4.7547850">
    <ele>467.2</ele>
   </trkpt>
   <trkpt lat="47.2972950" lon="4.7547740">
    <ele>467.2</ele>
   </trkpt>
   <trkpt lat="47.2972120" lon="4.7547120">
    <ele>467.4</ele>
   </trkpt>
   <trkpt lat="47.2971460" lon="4.7546160">
    <ele>468.0</ele>
   </trkpt>
   <trkpt lat="47.2971320" lon="4.7546050">
    <ele>469.2</ele>
   </trkpt>
   <trkpt lat="47.2970870" lon="4.7545800">
    <ele>470.2</ele>
   </trkpt>
   <trkpt lat="47.2969790" lon="4.7545060">
    <ele>470.6</ele>
   </trkpt>
   <trkpt lat="47.2968970" lon="4.7544850">
    <ele>470.2</ele>
   </trkpt>
   <trkpt lat="47.2968720" lon="4.7544760">
    <ele>470.2</ele>
   </trkpt>
   <trkpt lat="47.2967710" lon="4.7544450">
    <ele>470.2</ele>
   </trkpt>
   <trkpt lat="47.2967100" lon="4.7544450">
    <ele>470.0</ele>
   </trkpt>
   <trkpt lat="47.2965630" lon="4.7544560">
    <ele>469.0</ele>
   </trkpt>
   <trkpt lat="47.2965010" lon="4.7544520">
    <ele>468.2</ele>
   </trkpt>
   <trkpt lat="47.2964660" lon="4.7544390">
    <ele>468.0</ele>
   </trkpt>
   <trkpt lat="47.2963650" lon="4.7544480">
    <ele>467.2</ele>
   </trkpt>
   <trkpt lat="47.2962970" lon="4.7544360">
    <ele>466.8</ele>
   </trkpt>
   <trkpt lat="47.2962320" lon="4.7544250">
    <ele>466.2</ele>
   </trkpt>
   <trkpt lat="47.2962050" lon="4.7544290">
    <ele>465.8</ele>
   </trkpt>
   <trkpt lat="47.2960750" lon="4.7543790">
    <ele>465.2</ele>
   </trkpt>
   <trkpt lat="47.2959590" lon="4.7542630">
    <ele>465.8</ele>
   </trkpt>
   <trkpt lat="47.2958620" lon="4.7541930">
    <ele>466.8</ele>
   </trkpt>
   <trkpt lat="47.2958280" lon="4.7541870">
    <ele>466.8</ele>
   </trkpt>
   <trkpt lat="47.2957360" lon="4.7541890">
    <ele>467.2</ele>
   </trkpt>
   <trkpt lat="47.2956490" lon="4.7541640">
    <ele>467.4</ele>
   </trkpt>
   <trkpt lat="47.2955820" lon="4.7541140">
    <ele>467.0</ele>
   </trkpt>
   <trkpt lat="47.2955520" lon="4.7541100">
    <ele>466.8</ele>
   </trkpt>
   <trkpt lat="47.2955370" lon="4.7541420">
    <ele>466.8</ele>
   </trkpt>
   <trkpt lat="47.2955090" lon="4.7543430">
    <ele>466.8</ele>
   </trkpt>
   <trkpt lat="47.2954930" lon="4.7544360">
    <ele>465.4</ele>
   </trkpt>
   <trkpt lat="47.2954830" lon="4.7544850">
    <ele>465.0</ele>
   </trkpt>
   <trkpt lat="47.2954570" lon="4.7545780">
    <ele>464.4</ele>
   </trkpt>
   <trkpt lat="47.2954440" lon="4.7546210">
    <ele>463.8</ele>
   </trkpt>
   <trkpt lat="47.2954170" lon="4.7547010">
    <ele>463.0</ele>
   </trkpt>
   <trkpt lat="47.2953800" lon="4.7548660">
    <ele>462.6</ele>
   </trkpt>
   <trkpt lat="47.2953420" lon="4.7549800">
    <ele>461.8</ele>
   </trkpt>
   <trkpt lat="47.2953070" lon="4.7551130">
    <ele>461.0</ele>
   </trkpt>
   <trkpt lat="47.2952960" lon="4.7551590">
    <ele>460.8</ele>
   </trkpt>
   <trkpt lat="47.2952640" lon="4.7552870">
    <ele>459.6</ele>
   </trkpt>
   <trkpt lat="47.2952500" lon="4.7553730">
    <ele>459.0</ele>
   </trkpt>
   <trkpt lat="47.2952280" lon="4.7554510">
    <ele>458.4</ele>
   </trkpt>
   <trkpt lat="47.2951960" lon="4.7555640">
    <ele>457.8</ele>
   </trkpt>
   <trkpt lat="47.2951700" lon="4.7556600">
    <ele>457.2</ele>
   </trkpt>
   <trkpt lat="47.2951280" lon="4.7558460">
    <ele>456.2</ele>
   </trkpt>
   <trkpt lat="47.2951230" lon="4.7558900">
    <ele>456.0</ele>
   </trkpt>
   <trkpt lat="47.2951100" lon="4.7560590">
    <ele>455.0</ele>
   </trkpt>
   <trkpt lat="47.2951120" lon="4.7561070">
    <ele>454.8</ele>
   </trkpt>
   <trkpt lat="47.2951000" lon="4.7562670">
    <ele>453.6</ele>
   </trkpt>
   <trkpt lat="47.2950930" lon="4.7564240">
    <ele>452.4</ele>
   </trkpt>
   <trkpt lat="47.2950730" lon="4.7565280">
    <ele>451.4</ele>
   </trkpt>
   <trkpt lat="47.2950360" lon="4.7566860">
    <ele>450.4</ele>
   </trkpt>
   <trkpt lat="47.2950180" lon="4.7568790">
    <ele>449.2</ele>
   </trkpt>
   <trkpt lat="47.2950240" lon="4.7569280">
    <ele>449.0</ele>
   </trkpt>
   <trkpt lat="47.2950640" lon="4.7571120">
    <ele>447.0</ele>
   </trkpt>
   <trkpt lat="47.2950790" lon="4.7571510">
    <ele>446.0</ele>
   </trkpt>
   <trkpt lat="47.2951200" lon="4.7572290">
    <ele>444.8</ele>
   </trkpt>
   <trkpt lat="47.2951640" lon="4.7573070">
    <ele>443.4</ele>
   </trkpt>
   <trkpt lat="47.2951890" lon="4.7573950">
    <ele>442.4</ele>
   </trkpt>
   <trkpt lat="47.2952320" lon="4.7575280">
    <ele>441.0</ele>
   </trkpt>
   <trkpt lat="47.2952330" lon="4.7575680">
    <ele>440.8</ele>
   </trkpt>
   <trkpt lat="47.2952130" lon="4.7576480">
    <ele>439.8</ele>
   </trkpt>
   <trkpt lat="47.2951810" lon="4.7577230">
    <ele>438.2</ele>
   </trkpt>
   <trkpt lat="47.2951680" lon="4.7578320">
    <ele>437.0</ele>
   </trkpt>
   <trkpt lat="47.2951630" lon="4.7578860">
    <ele>436.0</ele>
   </trkpt>
   <trkpt lat="47.2951710" lon="4.7579960">
    <ele>434.6</ele>
   </trkpt>
   <trkpt lat="47.2951840" lon="4.7580960">
    <ele>433.8</ele>
   </trkpt>
   <trkpt lat="47.2952070" lon="4.7581890">
    <ele>433.0</ele>
   </trkpt>
   <trkpt lat="47.2952400" lon="4.7582780">
    <ele>431.4</ele>
   </trkpt>
   <trkpt lat="47.2952780" lon="4.7583590">
    <ele>430.4</ele>
   </trkpt>
   <trkpt lat="47.2953670" lon="4.7585090">
    <ele>429.2</ele>
   </trkpt>
   <trkpt lat="47.2954120" lon="4.7585740">
    <ele>428.0</ele>
   </trkpt>
   <trkpt lat="47.2954390" lon="4.7586020">
    <ele>427.4</ele>
   </trkpt>
   <trkpt lat="47.2954610" lon="4.7586310">
    <ele>426.8</ele>
   </trkpt>
   <trkpt lat="47.2955180" lon="4.7586860">
    <ele>425.8</ele>
   </trkpt>
   <trkpt lat="47.2955590" lon="4.7587580">
    <ele>424.6</ele>
   </trkpt>
   <trkpt lat="47.2955920" lon="4.7588420">
    <ele>423.4</ele>
   </trkpt>
   <trkpt lat="47.2956130" lon="4.7589400">
    <ele>422.2</ele>
   </trkpt>
   <trkpt lat="47.2956340" lon="4.7589870">
    <ele>421.8</ele>
   </trkpt>
   <trkpt lat="47.2956450" lon="4.7590370">
    <ele>421.0</ele>
   </trkpt>
   <trkpt lat="47.2956680" lon="4.7591330">
    <ele>420.0</ele>
   </trkpt>
   <trkpt lat="47.2957010" lon="4.7592790">
    <ele>418.8</ele>
   </trkpt>
   <trkpt lat="47.2957170" lon="4.7593680">
    <ele>417.4</ele>
   </trkpt>
   <trkpt lat="47.2957580" lon="4.7595030">
    <ele>416.4</ele>
   </trkpt>
   <trkpt lat="47.2957720" lon="4.7595960">
    <ele>415.6</ele>
   </trkpt>
   <trkpt lat="47.2957810" lon="4.7596410">
    <ele>415.0</ele>
   </trkpt>
   <trkpt lat="47.2958010" lon="4.7597360">
    <ele>414.0</ele>
   </trkpt>
   <trkpt lat="47.2958100" lon="4.7598380">
    <ele>412.4</ele>
   </trkpt>
   <trkpt lat="47.2958200" lon="4.7598860">
    <ele>411.8</ele>
   </trkpt>
   <trkpt lat="47.2958340" lon="4.7599810">
    <ele>411.2</ele>
   </trkpt>
   <trkpt lat="47.2958460" lon="4.7601250">
    <ele>410.2</ele>
   </trkpt>
   <trkpt lat="47.2958420" lon="4.7601720">
    <ele>409.8</ele>
   </trkpt>
   <trkpt lat="47.2958270" lon="4.7602690">
    <ele>408.6</ele>
   </trkpt>
   <trkpt lat="47.2958070" lon="4.7603510">
    <ele>407.2</ele>
   </trkpt>
   <trkpt lat="47.2958060" lon="4.7603930">
    <ele>406.6</ele>
   </trkpt>
   <trkpt lat="47.2958040" lon="4.7604360">
    <ele>405.8</ele>
   </trkpt>
   <trkpt lat="47.2958200" lon="4.7605160">
    <ele>404.6</ele>
   </trkpt>
   <trkpt lat="47.2958540" lon="4.7605710">
    <ele>403.4</ele>
   </trkpt>
   <trkpt lat="47.2959770" lon="4.7606430">
    <ele>401.6</ele>
   </trkpt>
   <trkpt lat="47.2960170" lon="4.7606760">
    <ele>400.8</ele>
   </trkpt>
   <trkpt lat="47.2960250" lon="4.7607030">
    <ele>400.4</ele>
   </trkpt>
   <trkpt lat="47.2960270" lon="4.7607360">
    <ele>399.8</ele>
   </trkpt>
   <trkpt lat="47.2960260" lon="4.7607710">
    <ele>398.8</ele>
   </trkpt>
   <trkpt lat="47.2960270" lon="4.7608360">
    <ele>397.8</ele>
   </trkpt>
   <trkpt lat="47.2960310" lon="4.7608840">
    <ele>397.0</ele>
   </trkpt>
   <trkpt lat="47.2960310" lon="4.7609080">
    <ele>397.0</ele>
   </trkpt>
   <trkpt lat="47.2960260" lon="4.7609310">
    <ele>396.4</ele>
   </trkpt>
   <trkpt lat="47.2960000" lon="4.7609860">
    <ele>395.2</ele>
   </trkpt>
   <trkpt lat="47.2959700" lon="4.7610280">
    <ele>394.6</ele>
   </trkpt>
   <trkpt lat="47.2959410" lon="4.7610920">
    <ele>394.0</ele>
   </trkpt>
   <trkpt lat="47.2959240" lon="4.7611110">
    <ele>393.8</ele>
   </trkpt>
   <trkpt lat="47.2958710" lon="4.7611590">
    <ele>393.4</ele>
   </trkpt>
   <trkpt lat="47.2958460" lon="4.7611860">
    <ele>393.4</ele>
   </trkpt>
   <trkpt lat="47.2958070" lon="4.7612080">
    <ele>393.0</ele>
   </trkpt>
   <trkpt lat="47.2957840" lon="4.7612090">
    <ele>392.8</ele>
   </trkpt>
   <trkpt lat="47.2957630" lon="4.7612150">
    <ele>393.0</ele>
   </trkpt>
   <trkpt lat="47.2956930" lon="4.7612580">
    <ele>392.0</ele>
   </trkpt>
   <trkpt lat="47.2956710" lon="4.7612630">
    <ele>391.8</ele>
   </trkpt>
   <trkpt lat="47.2956500" lon="4.7612630">
    <ele>391.8</ele>
   </trkpt>
   <trkpt lat="47.2955880" lon="4.7612400">
    <ele>391.8</ele>
   </trkpt>
   <trkpt lat="47.2955750" lon="4.7612430">
    <ele>391.8</ele>
   </trkpt>
   <trkpt lat="47.2955460" lon="4.7612240">
    <ele>392.8</ele>
   </trkpt>
   <trkpt lat="47.2955450" lon="4.7612160">
    <ele>393.4</ele>
   </trkpt>
   <trkpt lat="47.2955530" lon="4.7611870">
    <ele>393.8</ele>
   </trkpt>
   <trkpt lat="47.2955470" lon="4.7611640">
    <ele>394.4</ele>
   </trkpt>
   <trkpt lat="47.2955200" lon="4.7611200">
    <ele>395.0</ele>
   </trkpt>
   <trkpt lat="47.2955010" lon="4.7610870">
    <ele>395.4</ele>
   </trkpt>
   <trkpt lat="47.2954960" lon="4.7610660">
    <ele>395.4</ele>
   </trkpt>
   <trkpt lat="47.2954930" lon="4.7610440">
    <ele>395.8</ele>
   </trkpt>
   <trkpt lat="47.2954860" lon="4.7610310">
    <ele>396.0</ele>
   </trkpt>
   <trkpt lat="47.2954910" lon="4.7610160">
    <ele>396.8</ele>
   </trkpt>
   <trkpt lat="47.2955240" lon="4.7609850">
    <ele>397.4</ele>
   </trkpt>
   <trkpt lat="47.2955250" lon="4.7609660">
    <ele>397.8</ele>
   </trkpt>
   <trkpt lat="47.2955220" lon="4.7609540">
    <ele>398.2</ele>
   </trkpt>
   <trkpt lat="47.2955230" lon="4.7609410">
    <ele>398.4</ele>
   </trkpt>
   <trkpt lat="47.2955190" lon="4.7609100">
    <ele>398.8</ele>
   </trkpt>
   <trkpt lat="47.2955150" lon="4.7608980">
    <ele>399.2</ele>
   </trkpt>
   <trkpt lat="47.2954990" lon="4.7608730">
    <ele>400.2</ele>
   </trkpt>
   <trkpt lat="47.2955030" lon="4.7608580">
    <ele>400.8</ele>
   </trkpt>
   <trkpt lat="47.2955050" lon="4.7608390">
    <ele>401.0</ele>
   </trkpt>
   <trkpt lat="47.2954830" lon="4.7607800">
    <ele>401.4</ele>
   </trkpt>
   <trkpt lat="47.2954740" lon="4.7607570">
    <ele>402.0</ele>
   </trkpt>
   <trkpt lat="47.2954750" lon="4.7607430">
    <ele>402.6</ele>
   </trkpt>
   <trkpt lat="47.2954750" lon="4.7607190">
    <ele>402.8</ele>
   </trkpt>
   <trkpt lat="47.2954820" lon="4.7606630">
    <ele>404.2</ele>
   </trkpt>
   <trkpt lat="47.2954900" lon="4.7605960">
    <ele>405.4</ele>
   </trkpt>
   <trkpt lat="47.2955010" lon="4.7605620">
    <ele>405.6</ele>
   </trkpt>
   <trkpt lat="47.2955020" lon="4.7605170">
    <ele>406.6</ele>
   </trkpt>
   <trkpt lat="47.2955040" lon="4.7604980">
    <ele>407.0</ele>
   </trkpt>
   <trkpt lat="47.2955230" lon="4.7604600">
    <ele>407.8</ele>
   </trkpt>
   <trkpt lat="47.2955290" lon="4.7604290">
    <ele>408.2</ele>
   </trkpt>
   <trkpt lat="47.2955530" lon="4.7603420">
    <ele>409.0</ele>
   </trkpt>
   <trkpt lat="47.2955860" lon="4.7602780">
    <ele>409.8</ele>
   </trkpt>
   <trkpt lat="47.2956230" lon="4.7602260">
    <ele>410.0</ele>
   </trkpt>
   <trkpt lat="47.2956620" lon="4.7601170">
    <ele>411.4</ele>
   </trkpt>
   <trkpt lat="47.2956680" lon="4.7600960">
    <ele>411.8</ele>
   </trkpt>
   <trkpt lat="47.2956790" lon="4.7600520">
    <ele>412.6</ele>
   </trkpt>
   <trkpt lat="47.2956740" lon="4.7600280">
    <ele>413.0</ele>
   </trkpt>
   <trkpt lat="47.2956520" lon="4.7599970">
    <ele>413.4</ele>
   </trkpt>
   <trkpt lat="47.2956130" lon="4.7599640">
    <ele>413.8</ele>
   </trkpt>
   <trkpt lat="47.2956140" lon="4.7599290">
    <ele>414.4</ele>
   </trkpt>
   <trkpt lat="47.2956050" lon="4.7598880">
    <ele>414.8</ele>
   </trkpt>
   <trkpt lat="47.2955840" lon="4.7598520">
    <ele>415.2</ele>
   </trkpt>
   <trkpt lat="47.2955680" lon="4.7598270">
    <ele>415.2</ele>
   </trkpt>
   <trkpt lat="47.2955340" lon="4.7597890">
    <ele>416.6</ele>
   </trkpt>
   <trkpt lat="47.2955150" lon="4.7597740">
    <ele>417.0</ele>
   </trkpt>
   <trkpt lat="47.2954740" lon="4.7597750">
    <ele>417.6</ele>
   </trkpt>
   <trkpt lat="47.2953640" lon="4.7598070">
    <ele>418.4</ele>
   </trkpt>
   <trkpt lat="47.2953410" lon="4.7598040">
    <ele>418.4</ele>
   </trkpt>
   <trkpt lat="47.2953180" lon="4.7598060">
    <ele>418.4</ele>
   </trkpt>
   <trkpt lat="47.2952580" lon="4.7598160">
    <ele>418.4</ele>
   </trkpt>
   <trkpt lat="47.2951810" lon="4.7598720">
    <ele>419.0</ele>
   </trkpt>
   <trkpt lat="47.2951160" lon="4.7599360">
    <ele>419.0</ele>
   </trkpt>
   <trkpt lat="47.2949430" lon="4.7600220">
    <ele>418.8</ele>
   </trkpt>
   <trkpt lat="47.2948340" lon="4.7599950">
    <ele>419.6</ele>
   </trkpt>
   <trkpt lat="47.2947770" lon="4.7599770">
    <ele>420.2</ele>
   </trkpt>
   <trkpt lat="47.2946960" lon="4.7599860">
    <ele>420.8</ele>
   </trkpt>
   <trkpt lat="47.2945950" lon="4.7600220">
    <ele>420.8</ele>
   </trkpt>
   <trkpt lat="47.2945700" lon="4.7600340">
    <ele>420.8</ele>
   </trkpt>
   <trkpt lat="47.2945290" lon="4.7600510">
    <ele>420.8</ele>
   </trkpt>
   <trkpt lat="47.2945110" lon="4.7600770">
    <ele>420.6</ele>
   </trkpt>
   <trkpt lat="47.2944370" lon="4.7601050">
    <ele>420.4</ele>
   </trkpt>
   <trkpt lat="47.2943240" lon="4.7601560">
    <ele>420.6</ele>
   </trkpt>
   <trkpt lat="47.2941670" lon="4.7601630">
    <ele>421.0</ele>
   </trkpt>
   <trkpt lat="47.2941290" lon="4.7601700">
    <ele>421.2</ele>
   </trkpt>
   <trkpt lat="47.2941160" lon="4.7601850">
    <ele>420.8</ele>
   </trkpt>
   <trkpt lat="47.2940660" lon="4.7602650">
    <ele>420.0</ele>
   </trkpt>
   <trkpt lat="47.2940430" lon="4.7602700">
    <ele>419.8</ele>
   </trkpt>
   <trkpt lat="47.2939710" lon="4.7602790">
    <ele>419.4</ele>
   </trkpt>
   <trkpt lat="47.2939300" lon="4.7602960">
    <ele>419.4</ele>
   </trkpt>
   <trkpt lat="47.2939120" lon="4.7602990">
    <ele>419.2</ele>
   </trkpt>
   <trkpt lat="47.2938560" lon="4.7602940">
    <ele>419.2</ele>
   </trkpt>
   <trkpt lat="47.2938470" lon="4.7603060">
    <ele>419.0</ele>
   </trkpt>
   <trkpt lat="47.2938290" lon="4.7603530">
    <ele>418.6</ele>
   </trkpt>
   <trkpt lat="47.2938150" lon="4.7603790">
    <ele>418.0</ele>
   </trkpt>
   <trkpt lat="47.2937780" lon="4.7604100">
    <ele>416.8</ele>
   </trkpt>
   <trkpt lat="47.2937580" lon="4.7604100">
    <ele>416.4</ele>
   </trkpt>
   <trkpt lat="47.2937370" lon="4.7604120">
    <ele>416.2</ele>
   </trkpt>
   <trkpt lat="47.2936670" lon="4.7604080">
    <ele>415.8</ele>
   </trkpt>
   <trkpt lat="47.2936360" lon="4.7604040">
    <ele>415.8</ele>
   </trkpt>
   <trkpt lat="47.2935860" lon="4.7604690">
    <ele>415.4</ele>
   </trkpt>
   <trkpt lat="47.2935800" lon="4.7604840">
    <ele>414.2</ele>
   </trkpt>
   <trkpt lat="47.2935520" lon="4.7605770">
    <ele>412.8</ele>
   </trkpt>
   <trkpt lat="47.2935360" lon="4.7606400">
    <ele>411.2</ele>
   </trkpt>
   <trkpt lat="47.2935210" lon="4.7607090">
    <ele>409.6</ele>
   </trkpt>
   <trkpt lat="47.2934780" lon="4.7607480">
    <ele>408.6</ele>
   </trkpt>
   <trkpt lat="47.2934570" lon="4.7607560">
    <ele>408.2</ele>
   </trkpt>
   <trkpt lat="47.2934370" lon="4.7607090">
    <ele>407.6</ele>
   </trkpt>
   <trkpt lat="47.2934310" lon="4.7606940">
    <ele>407.8</ele>
   </trkpt>
   <trkpt lat="47.2934220" lon="4.7606380">
    <ele>408.2</ele>
   </trkpt>
   <trkpt lat="47.2934060" lon="4.7605950">
    <ele>408.6</ele>
   </trkpt>
   <trkpt lat="47.2934010" lon="4.7605860">
    <ele>409.2</ele>
   </trkpt>
   <trkpt lat="47.2933960" lon="4.7605810">
    <ele>409.8</ele>
   </trkpt>
   <trkpt lat="47.2933690" lon="4.7605690">
    <ele>410.4</ele>
   </trkpt>
   <trkpt lat="47.2933230" lon="4.7605120">
    <ele>411.6</ele>
   </trkpt>
   <trkpt lat="47.2933020" lon="4.7604880">
    <ele>412.8</ele>
   </trkpt>
   <trkpt lat="47.2932540" lon="4.7604770">
    <ele>413.2</ele>
   </trkpt>
   <trkpt lat="47.2932270" lon="4.7604660">
    <ele>413.2</ele>
   </trkpt>
   <trkpt lat="47.2931340" lon="4.7604930">
    <ele>413.2</ele>
   </trkpt>
   <trkpt lat="47.2930850" lon="4.7605220">
    <ele>413.0</ele>
   </trkpt>
   <trkpt lat="47.2930470" lon="4.7605360">
    <ele>411.6</ele>
   </trkpt>
   <trkpt lat="47.2930260" lon="4.7605420">
    <ele>410.2</ele>
   </trkpt>
   <trkpt lat="47.2930100" lon="4.7605460">
    <ele>409.2</ele>
   </trkpt>
   <trkpt lat="47.2929890" lon="4.7605440">
    <ele>408.6</ele>
   </trkpt>
   <trkpt lat="47.2929570" lon="4.7605300">
    <ele>407.6</ele>
   </trkpt>
   <trkpt lat="47.2929380" lon="4.7605320">
    <ele>407.4</ele>
   </trkpt>
   <trkpt lat="47.2928640" lon="4.7605300">
    <ele>406.2</ele>
   </trkpt>
   <trkpt lat="47.2928150" lon="4.7605280">
    <ele>405.4</ele>
   </trkpt>
   <trkpt lat="47.2927910" lon="4.7605280">
    <ele>405.2</ele>
   </trkpt>
   <trkpt lat="47.2927190" lon="4.7605570">
    <ele>404.0</ele>
   </trkpt>
   <trkpt lat="47.2926990" lon="4.7605720">
    <ele>403.4</ele>
   </trkpt>
   <trkpt lat="47.2926720" lon="4.7605890">
    <ele>402.8</ele>
   </trkpt>
   <trkpt lat="47.2926450" lon="4.7605990">
    <ele>401.8</ele>
   </trkpt>
   <trkpt lat="47.2926080" lon="4.7606030">
    <ele>400.2</ele>
   </trkpt>
   <trkpt lat="47.2926010" lon="4.7606130">
    <ele>399.6</ele>
   </trkpt>
   <trkpt lat="47.2925890" lon="4.7606300">
    <ele>399.2</ele>
   </trkpt>
   <trkpt lat="47.2925750" lon="4.7606390">
    <ele>399.0</ele>
   </trkpt>
   <trkpt lat="47.2925590" lon="4.7606620">
    <ele>398.0</ele>
   </trkpt>
   <trkpt lat="47.2925310" lon="4.7607040">
    <ele>396.8</ele>
   </trkpt>
   <trkpt lat="47.2925110" lon="4.7607070">
    <ele>395.6</ele>
   </trkpt>
   <trkpt lat="47.2924620" lon="4.7607140">
    <ele>393.8</ele>
   </trkpt>
   <trkpt lat="47.2924440" lon="4.7607120">
    <ele>393.6</ele>
   </trkpt>
   <trkpt lat="47.2924030" lon="4.7607000">
    <ele>392.6</ele>
   </trkpt>
   <trkpt lat="47.2923670" lon="4.7606880">
    <ele>392.0</ele>
   </trkpt>
   <trkpt lat="47.2923510" lon="4.7606730">
    <ele>392.2</ele>
   </trkpt>
   <trkpt lat="47.2923000" lon="4.7606620">
    <ele>392.2</ele>
   </trkpt>
   <trkpt lat="47.2922480" lon="4.7606650">
    <ele>392.6</ele>
   </trkpt>
   <trkpt lat="47.2922220" lon="4.7606840">
    <ele>392.6</ele>
   </trkpt>
   <trkpt lat="47.2921790" lon="4.7607000">
    <ele>392.8</ele>
   </trkpt>
   <trkpt lat="47.2921600" lon="4.7606980">
    <ele>392.8</ele>
   </trkpt>
   <trkpt lat="47.2921070" lon="4.7607100">
    <ele>393.6</ele>
   </trkpt>
   <trkpt lat="47.2920640" lon="4.7607490">
    <ele>393.4</ele>
   </trkpt>
   <trkpt lat="47.2919600" lon="4.7607900">
    <ele>392.8</ele>
   </trkpt>
   <trkpt lat="47.2919280" lon="4.7607800">
    <ele>392.6</ele>
   </trkpt>
   <trkpt lat="47.2918370" lon="4.7607420">
    <ele>391.8</ele>
   </trkpt>
   <trkpt lat="47.2918230" lon="4.7607240">
    <ele>391.6</ele>
   </trkpt>
   <trkpt lat="47.2917980" lon="4.7606850">
    <ele>391.4</ele>
   </trkpt>
   <trkpt lat="47.2917790" lon="4.7606650">
    <ele>392.0</ele>
   </trkpt>
   <trkpt lat="47.2917240" lon="4.7606350">
    <ele>392.6</ele>
   </trkpt>
   <trkpt lat="47.2916760" lon="4.7606110">
    <ele>392.8</ele>
   </trkpt>
   <trkpt lat="47.2916080" lon="4.7605970">
    <ele>393.8</ele>
   </trkpt>
   <trkpt lat="47.2915490" lon="4.7605850">
    <ele>394.6</ele>
   </trkpt>
   <trkpt lat="47.2914880" lon="4.7606020">
    <ele>395.0</ele>
   </trkpt>
   <trkpt lat="47.2914680" lon="4.7605970">
    <ele>394.8</ele>
   </trkpt>
   <trkpt lat="47.2914410" lon="4.7605920">
    <ele>394.8</ele>
   </trkpt>
   <trkpt lat="47.2914150" lon="4.7606040">
    <ele>394.8</ele>
   </trkpt>
   <trkpt lat="47.2913540" lon="4.7605760">
    <ele>394.8</ele>
   </trkpt>
   <trkpt lat="47.2913370" lon="4.7605360">
    <ele>395.2</ele>
   </trkpt>
   <trkpt lat="47.2913400" lon="4.7605180">
    <ele>395.6</ele>
   </trkpt>
   <trkpt lat="47.2913380" lon="4.7605000">
    <ele>396.0</ele>
   </trkpt>
   <trkpt lat="47.2913310" lon="4.7604670">
    <ele>396.4</ele>
   </trkpt>
   <trkpt lat="47.2913350" lon="4.7604110">
    <ele>397.2</ele>
   </trkpt>
   <trkpt lat="47.2913250" lon="4.7604000">
    <ele>397.6</ele>
   </trkpt>
   <trkpt lat="47.2913100" lon="4.7603850">
    <ele>397.8</ele>
   </trkpt>
   <trkpt lat="47.2912880" lon="4.7603560">
    <ele>398.4</ele>
   </trkpt>
   <trkpt lat="47.2912110" lon="4.7603050">
    <ele>399.2</ele>
   </trkpt>
   <trkpt lat="47.2911250" lon="4.7602650">
    <ele>399.6</ele>
   </trkpt>
   <trkpt lat="47.2911020" lon="4.7602650">
    <ele>399.4</ele>
   </trkpt>
   <trkpt lat="47.2910810" lon="4.7602750">
    <ele>399.2</ele>
   </trkpt>
   <trkpt lat="47.2910610" lon="4.7602820">
    <ele>399.2</ele>
   </trkpt>
   <trkpt lat="47.2909990" lon="4.7603220">
    <ele>398.0</ele>
   </trkpt>
   <trkpt lat="47.2909390" lon="4.7603160">
    <ele>396.8</ele>
   </trkpt>
   <trkpt lat="47.2908230" lon="4.7602640">
    <ele>397.4</ele>
   </trkpt>
   <trkpt lat="47.2907840" lon="4.7602410">
    <ele>398.0</ele>
   </trkpt>
   <trkpt lat="47.2907300" lon="4.7602130">
    <ele>399.0</ele>
   </trkpt>
   <trkpt lat="47.2907140" lon="4.7601980">
    <ele>399.2</ele>
   </trkpt>
   <trkpt lat="47.2906780" lon="4.7601590">
    <ele>400.6</ele>
   </trkpt>
   <trkpt lat="47.2906510" lon="4.7601260">
    <ele>401.8</ele>
   </trkpt>
   <trkpt lat="47.2906440" lon="4.7601050">
    <ele>402.6</ele>
   </trkpt>
   <trkpt lat="47.2906350" lon="4.7600820">
    <ele>403.0</ele>
   </trkpt>
   <trkpt lat="47.2906320" lon="4.7600710">
    <ele>403.6</ele>
   </trkpt>
   <trkpt lat="47.2906330" lon="4.7600520">
    <ele>404.0</ele>
   </trkpt>
   <trkpt lat="47.2906330" lon="4.7600320">
    <ele>404.4</ele>
   </trkpt>
   <trkpt lat="47.2906280" lon="4.7599980">
    <ele>405.6</ele>
   </trkpt>
   <trkpt lat="47.2906160" lon="4.7599590">
    <ele>406.0</ele>
   </trkpt>
   <trkpt lat="47.2905870" lon="4.7599240">
    <ele>406.2</ele>
   </trkpt>
   <trkpt lat="47.2905630" lon="4.7599270">
    <ele>406.0</ele>
   </trkpt>
   <trkpt lat="47.2905500" lon="4.7599380">
    <ele>405.8</ele>
   </trkpt>
   <trkpt lat="47.2905050" lon="4.7599590">
    <ele>404.4</ele>
   </trkpt>
   <trkpt lat="47.2904920" lon="4.7599680">
    <ele>404.2</ele>
   </trkpt>
   <trkpt lat="47.2904730" lon="4.7599830">
    <ele>403.8</ele>
   </trkpt>
   <trkpt lat="47.2904340" lon="4.7600260">
    <ele>403.2</ele>
   </trkpt>
   <trkpt lat="47.2904050" lon="4.7600850">
    <ele>402.0</ele>
   </trkpt>
   <trkpt lat="47.2903890" lon="4.7601210">
    <ele>401.2</ele>
   </trkpt>
   <trkpt lat="47.2903670" lon="4.7601460">
    <ele>400.8</ele>
   </trkpt>
   <trkpt lat="47.2903000" lon="4.7601690">
    <ele>399.6</ele>
   </trkpt>
   <trkpt lat="47.2902680" lon="4.7601730">
    <ele>398.4</ele>
   </trkpt>
   <trkpt lat="47.2902030" lon="4.7601900">
    <ele>397.2</ele>
   </trkpt>
   <trkpt lat="47.2901110" lon="4.7602160">
    <ele>396.0</ele>
   </trkpt>
   <trkpt lat="47.2900840" lon="4.7602310">
    <ele>395.6</ele>
   </trkpt>
   <trkpt lat="47.2899840" lon="4.7602090">
    <ele>394.6</ele>
   </trkpt>
   <trkpt lat="47.2899700" lon="4.7602000">
    <ele>394.4</ele>
   </trkpt>
   <trkpt lat="47.2899420" lon="4.7601540">
    <ele>394.4</ele>
   </trkpt>
   <trkpt lat="47.2899260" lon="4.7601090">
    <ele>394.4</ele>
   </trkpt>
   <trkpt lat="47.2898970" lon="4.7600250">
    <ele>395.6</ele>
   </trkpt>
   <trkpt lat="47.2898840" lon="4.7600140">
    <ele>395.8</ele>
   </trkpt>
   <trkpt lat="47.2898490" lon="4.7600170">
    <ele>395.6</ele>
   </trkpt>
   <trkpt lat="47.2897890" lon="4.7600500">
    <ele>395.4</ele>
   </trkpt>
   <trkpt lat="47.2896820" lon="4.7600390">
    <ele>395.4</ele>
   </trkpt>
   <trkpt lat="47.2896100" lon="4.7600160">
    <ele>395.0</ele>
   </trkpt>
   <trkpt lat="47.2895900" lon="4.7600300">
    <ele>394.8</ele>
   </trkpt>
   <trkpt lat="47.2895490" lon="4.7600570">
    <ele>394.6</ele>
   </trkpt>
   <trkpt lat="47.2894970" lon="4.7600490">
    <ele>393.8</ele>
   </trkpt>
   <trkpt lat="47.2893500" lon="4.7600240">
    <ele>393.2</ele>
   </trkpt>
   <trkpt lat="47.2893280" lon="4.7600320">
    <ele>393.0</ele>
   </trkpt>
   <trkpt lat="47.2892840" lon="4.7600420">
    <ele>392.6</ele>
   </trkpt>
   <trkpt lat="47.2892360" lon="4.7600620">
    <ele>392.0</ele>
   </trkpt>
   <trkpt lat="47.2891360" lon="4.7600910">
    <ele>390.8</ele>
   </trkpt>
   <trkpt lat="47.2891060" lon="4.7601680">
    <ele>389.6</ele>
   </trkpt>
   <trkpt lat="47.2890930" lon="4.7601740">
    <ele>389.2</ele>
   </trkpt>
   <trkpt lat="47.2890440" lon="4.7601090">
    <ele>389.0</ele>
   </trkpt>
   <trkpt lat="47.2890150" lon="4.7600850">
    <ele>389.4</ele>
   </trkpt>
   <trkpt lat="47.2889790" lon="4.7600630">
    <ele>389.6</ele>
   </trkpt>
   <trkpt lat="47.2889540" lon="4.7600490">
    <ele>389.6</ele>
   </trkpt>
   <trkpt lat="47.2888960" lon="4.7600460">
    <ele>389.8</ele>
   </trkpt>
   <trkpt lat="47.2888870" lon="4.7600360">
    <ele>389.8</ele>
   </trkpt>
   <trkpt lat="47.2888370" lon="4.7599780">
    <ele>390.2</ele>
   </trkpt>
   <trkpt lat="47.2888160" lon="4.7599740">
    <ele>390.2</ele>
   </trkpt>
   <trkpt lat="47.2887820" lon="4.7599550">
    <ele>390.6</ele>
   </trkpt>
   <trkpt lat="47.2887760" lon="4.7599410">
    <ele>390.6</ele>
   </trkpt>
   <trkpt lat="47.2887510" lon="4.7599070">
    <ele>391.2</ele>
   </trkpt>
   <trkpt lat="47.2886840" lon="4.7598710">
    <ele>391.2</ele>
   </trkpt>
   <trkpt lat="47.2886110" lon="4.7598540">
    <ele>390.8</ele>
   </trkpt>
   <trkpt lat="47.2885270" lon="4.7598490">
    <ele>389.2</ele>
   </trkpt>
   <trkpt lat="47.2884970" lon="4.7598490">
    <ele>389.8</ele>
   </trkpt>
   <trkpt lat="47.2884780" lon="4.7598140">
    <ele>390.4</ele>
   </trkpt>
   <trkpt lat="47.2884510" lon="4.7597770">
    <ele>390.8</ele>
   </trkpt>
   <trkpt lat="47.2884320" lon="4.7597700">
    <ele>391.0</ele>
   </trkpt>
   <trkpt lat="47.2883460" lon="4.7597290">
    <ele>391.8</ele>
   </trkpt>
   <trkpt lat="47.2883190" lon="4.7597120">
    <ele>392.2</ele>
   </trkpt>
   <trkpt lat="47.2882810" lon="4.7596810">
    <ele>392.8</ele>
   </trkpt>
   <trkpt lat="47.2882710" lon="4.7596740">
    <ele>393.2</ele>
   </trkpt>
   <trkpt lat="47.2882380" lon="4.7596670">
    <ele>393.8</ele>
   </trkpt>
   <trkpt lat="47.2882260" lon="4.7596620">
    <ele>394.2</ele>
   </trkpt>
   <trkpt lat="47.2882130" lon="4.7596560">
    <ele>394.6</ele>
   </trkpt>
   <trkpt lat="47.2882000" lon="4.7596460">
    <ele>395.2</ele>
   </trkpt>
   <trkpt lat="47.2881620" lon="4.7596310">
    <ele>395.8</ele>
   </trkpt>
   <trkpt lat="47.2881390" lon="4.7596250">
    <ele>396.6</ele>
   </trkpt>
   <trkpt lat="47.2880300" lon="4.7595890">
    <ele>397.4</ele>
   </trkpt>
   <trkpt lat="47.2879970" lon="4.7595970">
    <ele>397.6</ele>
   </trkpt>
   <trkpt lat="47.2878940" lon="4.7596000">
    <ele>397.0</ele>
   </trkpt>
   <trkpt lat="47.2877170" lon="4.7596080">
    <ele>395.6</ele>
   </trkpt>
   <trkpt lat="47.2876940" lon="4.7596070">
    <ele>395.6</ele>
   </trkpt>
   <trkpt lat="47.2876220" lon="4.7596360">
    <ele>394.4</ele>
   </trkpt>
   <trkpt lat="47.2875770" lon="4.7596560">
    <ele>393.2</ele>
   </trkpt>
   <trkpt lat="47.2875140" lon="4.7596890">
    <ele>391.8</ele>
   </trkpt>
   <trkpt lat="47.2874700" lon="4.7596940">
    <ele>390.6</ele>
   </trkpt>
   <trkpt lat="47.2874250" lon="4.7596960">
    <ele>389.4</ele>
   </trkpt>
   <trkpt lat="47.2873550" lon="4.7597350">
    <ele>387.8</ele>
   </trkpt>
   <trkpt lat="47.2873060" lon="4.7597750">
    <ele>386.6</ele>
   </trkpt>
   <trkpt lat="47.2872640" lon="4.7598230">
    <ele>385.4</ele>
   </trkpt>
   <trkpt lat="47.2872310" lon="4.7598680">
    <ele>384.2</ele>
   </trkpt>
   <trkpt lat="47.2872160" lon="4.7598920">
    <ele>383.2</ele>
   </trkpt>
   <trkpt lat="47.2872010" lon="4.7599210">
    <ele>382.6</ele>
   </trkpt>
   <trkpt lat="47.2871860" lon="4.7599570">
    <ele>381.8</ele>
   </trkpt>
   <trkpt lat="47.2871530" lon="4.7600200">
    <ele>380.6</ele>
   </trkpt>
   <trkpt lat="47.2871140" lon="4.7600660">
    <ele>379.2</ele>
   </trkpt>
   <trkpt lat="47.2870630" lon="4.7600930">
    <ele>377.8</ele>
   </trkpt>
   <trkpt lat="47.2870070" lon="4.7601190">
    <ele>376.2</ele>
   </trkpt>
   <trkpt lat="47.2869250" lon="4.7601700">
    <ele>375.0</ele>
   </trkpt>
   <trkpt lat="47.2868520" lon="4.7602320">
    <ele>373.6</ele>
   </trkpt>
   <trkpt lat="47.2868340" lon="4.7602530">
    <ele>373.0</ele>
   </trkpt>
   <trkpt lat="47.2868010" lon="4.7603160">
    <ele>372.0</ele>
   </trkpt>
   <trkpt lat="47.2867530" lon="4.7603310">
    <ele>370.6</ele>
   </trkpt>
   <trkpt lat="47.2866190" lon="4.7602720">
    <ele>369.4</ele>
   </trkpt>
   <trkpt lat="47.2865460" lon="4.7603460">
    <ele>368.4</ele>
   </trkpt>
   <trkpt lat="47.2865340" lon="4.7603690">
    <ele>368.0</ele>
   </trkpt>
   <trkpt lat="47.2865260" lon="4.7603890">
    <ele>366.6</ele>
   </trkpt>
   <trkpt lat="47.2865110" lon="4.7604430">
    <ele>365.0</ele>
   </trkpt>
   <trkpt lat="47.2864910" lon="4.7604940">
    <ele>363.8</ele>
   </trkpt>
   <trkpt lat="47.2864860" lon="4.7605230">
    <ele>363.2</ele>
   </trkpt>
   <trkpt lat="47.2864840" lon="4.7605550">
    <ele>362.4</ele>
   </trkpt>
   <trkpt lat="47.2864780" lon="4.7606200">
    <ele>361.2</ele>
   </trkpt>
   <trkpt lat="47.2864690" lon="4.7606600">
    <ele>360.0</ele>
   </trkpt>
   <trkpt lat="47.2864570" lon="4.7607000">
    <ele>359.2</ele>
   </trkpt>
   <trkpt lat="47.2864440" lon="4.7607410">
    <ele>358.4</ele>
   </trkpt>
   <trkpt lat="47.2863940" lon="4.7608450">
    <ele>357.0</ele>
   </trkpt>
   <trkpt lat="47.2863480" lon="4.7609060">
    <ele>355.2</ele>
   </trkpt>
   <trkpt lat="47.2863220" lon="4.7609320">
    <ele>354.4</ele>
   </trkpt>
   <trkpt lat="47.2862920" lon="4.7609540">
    <ele>354.0</ele>
   </trkpt>
   <trkpt lat="47.2862360" lon="4.7609990">
    <ele>352.8</ele>
   </trkpt>
   <trkpt lat="47.2861820" lon="4.7610470">
    <ele>351.4</ele>
   </trkpt>
   <trkpt lat="47.2861190" lon="4.7611020">
    <ele>349.8</ele>
   </trkpt>
   <trkpt lat="47.2860840" lon="4.7611270">
    <ele>348.8</ele>
   </trkpt>
   <trkpt lat="47.2860510" lon="4.7611530">
    <ele>347.6</ele>
   </trkpt>
   <trkpt lat="47.2859560" lon="4.7612190">
    <ele>346.4</ele>
   </trkpt>
   <trkpt lat="47.2859230" lon="4.7612400">
    <ele>346.0</ele>
   </trkpt>
   <trkpt lat="47.2858560" lon="4.7612870">
    <ele>344.6</ele>
   </trkpt>
   <trkpt lat="47.2857810" lon="4.7613260">
    <ele>343.2</ele>
   </trkpt>
   <trkpt lat="47.2857080" lon="4.7613650">
    <ele>341.4</ele>
   </trkpt>
   <trkpt lat="47.2856730" lon="4.7613830">
    <ele>340.6</ele>
   </trkpt>
   <trkpt lat="47.2856380" lon="4.7614060">
    <ele>339.6</ele>
   </trkpt>
   <trkpt lat="47.2855780" lon="4.7614530">
    <ele>338.6</ele>
   </trkpt>
   <trkpt lat="47.2855370" lon="4.7615290">
    <ele>337.4</ele>
   </trkpt>
   <trkpt lat="47.2855410" lon="4.7616650">
    <ele>336.2</ele>
   </trkpt>
   <trkpt lat="47.2855490" lon="4.7617090">
    <ele>335.8</ele>
   </trkpt>
   <trkpt lat="47.2855660" lon="4.7618020">
    <ele>335.0</ele>
   </trkpt>
   <trkpt lat="47.2855760" lon="4.7619990">
    <ele>333.8</ele>
   </trkpt>
   <trkpt lat="47.2855660" lon="4.7622980">
    <ele>332.6</ele>
   </trkpt>
   <trkpt lat="47.2855610" lon="4.7624490">
    <ele>331.6</ele>
   </trkpt>
   <trkpt lat="47.2855390" lon="4.7625920">
    <ele>330.6</ele>
   </trkpt>
   <trkpt lat="47.2854950" lon="4.7627870">
    <ele>329.4</ele>
   </trkpt>
   <trkpt lat="47.2854670" lon="4.7628770">
    <ele>328.4</ele>
   </trkpt>
   <trkpt lat="47.2854410" lon="4.7629750">
    <ele>327.4</ele>
   </trkpt>
   <trkpt lat="47.2854290" lon="4.7630250">
    <ele>327.0</ele>
   </trkpt>
   <trkpt lat="47.2853950" lon="4.7631000">
    <ele>326.6</ele>
   </trkpt>
   <trkpt lat="47.2853750" lon="4.7631300">
    <ele>326.2</ele>
   </trkpt>
   <trkpt lat="47.2852740" lon="4.7631500">
    <ele>325.4</ele>
   </trkpt>
   <trkpt lat="47.2851640" lon="4.7631320">
    <ele>325.2</ele>
   </trkpt>
   <trkpt lat="47.2850580" lon="4.7631090">
    <ele>324.4</ele>
   </trkpt>
   <trkpt lat="47.2850210" lon="4.7631050">
    <ele>324.0</ele>
   </trkpt>
   <trkpt lat="47.2848800" lon="4.7630780">
    <ele>322.8</ele>
   </trkpt>
   <trkpt lat="47.2848460" lon="4.7630640">
    <ele>322.6</ele>
   </trkpt>
   <trkpt lat="47.2847470" lon="4.7630260">
    <ele>322.0</ele>
   </trkpt>
   <trkpt lat="47.2847130" lon="4.7630170">
    <ele>321.8</ele>
   </trkpt>
   <trkpt lat="47.2846060" lon="4.7629580">
    <ele>321.0</ele>
   </trkpt>
   <trkpt lat="47.2845400" lon="4.7629280">
    <ele>320.8</ele>
   </trkpt>
   <trkpt lat="47.2844800" lon="4.7629220">
    <ele>320.6</ele>
   </trkpt>
   <trkpt lat="47.2844270" lon="4.7629900">
    <ele>320.0</ele>
   </trkpt>
   <trkpt lat="47.2843970" lon="4.7630190">
    <ele>319.4</ele>
   </trkpt>
   <trkpt lat="47.2843530" lon="4.7630670">
    <ele>318.2</ele>
   </trkpt>
   <trkpt lat="47.2843520" lon="4.7630980">
    <ele>318.0</ele>
   </trkpt>
   <trkpt lat="47.2844030" lon="4.7632540">
    <ele>318.0</ele>
   </trkpt>
   <trkpt lat="47.2844350" lon="4.7633530">
    <ele>318.6</ele>
   </trkpt>
   <trkpt lat="47.2844470" lon="4.7634280">
    <ele>318.8</ele>
   </trkpt>
   <trkpt lat="47.2844600" lon="4.7635110">
    <ele>318.8</ele>
   </trkpt>
   <trkpt lat="47.2845010" lon="4.7637040">
    <ele>319.2</ele>
   </trkpt>
   <trkpt lat="47.2845080" lon="4.7637340">
    <ele>319.4</ele>
   </trkpt>
   <trkpt lat="47.2845330" lon="4.7639000">
    <ele>319.6</ele>
   </trkpt>
   <trkpt lat="47.2844990" lon="4.7641900">
    <ele>318.8</ele>
   </trkpt>
   <trkpt lat="47.2844640" lon="4.7642500">
    <ele>318.8</ele>
   </trkpt>
   <trkpt lat="47.2844050" lon="4.7643970">
    <ele>318.6</ele>
   </trkpt>
   <trkpt lat="47.2843850" lon="4.7644430">
    <ele>318.2</ele>
   </trkpt>
   <trkpt lat="47.2843470" lon="4.7645360">
    <ele>317.4</ele>
   </trkpt>
   <trkpt lat="47.2843270" lon="4.7645780">
    <ele>317.0</ele>
   </trkpt>
   <trkpt lat="47.2842320" lon="4.7648090">
    <ele>316.0</ele>
   </trkpt>
   <trkpt lat="47.2841440" lon="4.7650290">
    <ele>314.6</ele>
   </trkpt>
   <trkpt lat="47.2841070" lon="4.7651120">
    <ele>313.4</ele>
   </trkpt>
   <trkpt lat="47.2840390" lon="4.7652830">
    <ele>312.4</ele>
   </trkpt>
   <trkpt lat="47.2839880" lon="4.7653960">
    <ele>312.0</ele>
   </trkpt>
   <trkpt lat="47.2839260" lon="4.7655230">
    <ele>310.8</ele>
   </trkpt>
   <trkpt lat="47.2838700" lon="4.7656440">
    <ele>309.6</ele>
   </trkpt>
   <trkpt lat="47.2838140" lon="4.7657570">
    <ele>308.6</ele>
   </trkpt>
   <trkpt lat="47.2837860" lon="4.7658210">
    <ele>308.0</ele>
   </trkpt>
   <trkpt lat="47.2837570" lon="4.7658920">
    <ele>307.6</ele>
   </trkpt>
   <trkpt lat="47.2837520" lon="4.7659220">
    <ele>307.4</ele>
   </trkpt>
   <trkpt lat="47.2837550" lon="4.7660320">
    <ele>306.4</ele>
   </trkpt>
   <trkpt lat="47.2837540" lon="4.7660730">
    <ele>306.0</ele>
   </trkpt>
   <trkpt lat="47.2837540" lon="4.7661100">
    <ele>305.4</ele>
   </trkpt>
   <trkpt lat="47.2837730" lon="4.7661720">
    <ele>304.0</ele>
   </trkpt>
   <trkpt lat="47.2838060" lon="4.7662330">
    <ele>302.8</ele>
   </trkpt>
   <trkpt lat="47.2838160" lon="4.7662630">
    <ele>302.8</ele>
   </trkpt>
   <trkpt lat="47.2838720" lon="4.7663390">
    <ele>302.6</ele>
   </trkpt>
   <trkpt lat="47.2838950" lon="4.7663840">
    <ele>304.2</ele>
   </trkpt>
   <trkpt lat="47.2839050" lon="4.7663930">
    <ele>305.0</ele>
   </trkpt>
   <trkpt lat="47.2839080" lon="4.7664070">
    <ele>305.6</ele>
   </trkpt>
   <trkpt lat="47.2839200" lon="4.7664000">
    <ele>306.6</ele>
   </trkpt>
   <trkpt lat="47.2839270" lon="4.7664060">
    <ele>306.8</ele>
   </trkpt>
   <trkpt lat="47.2839380" lon="4.7664230">
    <ele>307.0</ele>
   </trkpt>
   <trkpt lat="47.2839460" lon="4.7664370">
    <ele>307.6</ele>
   </trkpt>
   <trkpt lat="47.2839540" lon="4.7664510">
    <ele>308.2</ele>
   </trkpt>
   <trkpt lat="47.2839980" lon="4.7664850">
    <ele>309.4</ele>
   </trkpt>
   <trkpt lat="47.2840070" lon="4.7665740">
    <ele>310.6</ele>
   </trkpt>
   <trkpt lat="47.2839920" lon="4.7666490">
    <ele>311.0</ele>
   </trkpt>
   <trkpt lat="47.2839160" lon="4.7669020">
    <ele>311.6</ele>
   </trkpt>
   <trkpt lat="47.2838930" lon="4.7669280">
    <ele>311.8</ele>
   </trkpt>
   <trkpt lat="47.2838070" lon="4.7669220">
    <ele>311.4</ele>
   </trkpt>
   <trkpt lat="47.2837890" lon="4.7669460">
    <ele>311.0</ele>
   </trkpt>
   <trkpt lat="47.2837740" lon="4.7669750">
    <ele>310.6</ele>
   </trkpt>
   <trkpt lat="47.2837640" lon="4.7669940">
    <ele>310.0</ele>
   </trkpt>
   <trkpt lat="47.2837750" lon="4.7671290">
    <ele>308.8</ele>
   </trkpt>
   <trkpt lat="47.2837830" lon="4.7671480">
    <ele>308.6</ele>
   </trkpt>
   <trkpt lat="47.2837820" lon="4.7672430">
    <ele>307.8</ele>
   </trkpt>
   <trkpt lat="47.2837780" lon="4.7672490">
    <ele>307.6</ele>
   </trkpt>
   <trkpt lat="47.2837780" lon="4.7672600">
    <ele>307.2</ele>
   </trkpt>
   <trkpt lat="47.2837620" lon="4.7672800">
    <ele>306.6</ele>
   </trkpt>
   <trkpt lat="47.2837520" lon="4.7672930">
    <ele>305.4</ele>
   </trkpt>
   <trkpt lat="47.2837480" lon="4.7672830">
    <ele>304.8</ele>
   </trkpt>
   <trkpt lat="47.2837460" lon="4.7672720">
    <ele>303.8</ele>
   </trkpt>
   <trkpt lat="47.2837130" lon="4.7672460">
    <ele>302.8</ele>
   </trkpt>
   <trkpt lat="47.2836910" lon="4.7672370">
    <ele>302.4</ele>
   </trkpt>
   <trkpt lat="47.2836640" lon="4.7672240">
    <ele>302.0</ele>
   </trkpt>
   <trkpt lat="47.2836410" lon="4.7671980">
    <ele>301.4</ele>
   </trkpt>
   <trkpt lat="47.2836150" lon="4.7671080">
    <ele>300.6</ele>
   </trkpt>
   <trkpt lat="47.2836030" lon="4.7670600">
    <ele>300.2</ele>
   </trkpt>
   <trkpt lat="47.2835590" lon="4.7668800">
    <ele>299.8</ele>
   </trkpt>
   <trkpt lat="47.2835190" lon="4.7667870">
    <ele>299.2</ele>
   </trkpt>
   <trkpt lat="47.2834500" lon="4.7666150">
    <ele>298.8</ele>
   </trkpt>
   <trkpt lat="47.2833630" lon="4.7664500">
    <ele>298.0</ele>
   </trkpt>
   <trkpt lat="47.2832250" lon="4.7663390">
    <ele>296.8</ele>
   </trkpt>
   <trkpt lat="47.2831680" lon="4.7662840">
    <ele>296.6</ele>
   </trkpt>
   <trkpt lat="47.2830940" lon="4.7661350">
    <ele>295.6</ele>
   </trkpt>
   <trkpt lat="47.2831230" lon="4.7659160">
    <ele>294.6</ele>
   </trkpt>
   <trkpt lat="47.2832170" lon="4.7657070">
    <ele>294.8</ele>
   </trkpt>
   <trkpt lat="47.2832410" lon="4.7656850">
    <ele>294.8</ele>
   </trkpt>
   <trkpt lat="47.2832900" lon="4.7656670">
    <ele>294.8</ele>
   </trkpt>
   <trkpt lat="47.2833180" lon="4.7656790">
    <ele>294.8</ele>
   </trkpt>
   <trkpt lat="47.2833290" lon="4.7656810">
    <ele>294.8</ele>
   </trkpt>
   <trkpt lat="47.2833360" lon="4.7656610">
    <ele>295.0</ele>
   </trkpt>
   <trkpt lat="47.2833360" lon="4.7656510">
    <ele>295.0</ele>
   </trkpt>
   <trkpt lat="47.2833290" lon="4.7656390">
    <ele>295.0</ele>
   </trkpt>
   <trkpt lat="47.2833240" lon="4.7656340">
    <ele>295.2</ele>
   </trkpt>
   <trkpt lat="47.2833310" lon="4.7656380">
    <ele>294.4</ele>
   </trkpt>
   <trkpt lat="47.2833220" lon="4.7656400">
    <ele>294.2</ele>
   </trkpt>
   <trkpt lat="47.2833310" lon="4.7656490">
    <ele>294.4</ele>
   </trkpt>
   <trkpt lat="47.2833170" lon="4.7656430">
    <ele>294.0</ele>
   </trkpt>
   <trkpt lat="47.2833260" lon="4.7656490">
    <ele>293.8</ele>
   </trkpt>
   <trkpt lat="47.2833310" lon="4.7656550">
    <ele>293.6</ele>
   </trkpt>
   <trkpt lat="47.2833360" lon="4.7656640">
    <ele>293.2</ele>
   </trkpt>
   <trkpt lat="47.2833300" lon="4.7656660">
    <ele>293.0</ele>
   </trkpt>
   <trkpt lat="47.2833190" lon="4.7656560">
    <ele>292.8</ele>
   </trkpt>
   <trkpt lat="47.2832810" lon="4.7656240">
    <ele>293.0</ele>
   </trkpt>
   <trkpt lat="47.2832850" lon="4.7656440">
    <ele>292.6</ele>
   </trkpt>
   <trkpt lat="47.2832950" lon="4.7656440">
    <ele>292.4</ele>
   </trkpt>
   <trkpt lat="47.2832980" lon="4.7656480">
    <ele>292.4</ele>
   </trkpt>
   <trkpt lat="47.2832970" lon="4.7656450">
    <ele>292.4</ele>
   </trkpt>
   <trkpt lat="47.2833450" lon="4.7656660">
    <ele>291.6</ele>
   </trkpt>
   <trkpt lat="47.2833770" lon="4.7656920">
    <ele>291.2</ele>
   </trkpt>
   <trkpt lat="47.2833840" lon="4.7657110">
    <ele>290.8</ele>
   </trkpt>
   <trkpt lat="47.2833740" lon="4.7657040">
    <ele>290.8</ele>
   </trkpt>
   <trkpt lat="47.2833670" lon="4.7656900">
    <ele>290.6</ele>
   </trkpt>
   <trkpt lat="47.2833580" lon="4.7656760">
    <ele>290.4</ele>
   </trkpt>
   <trkpt lat="47.2833470" lon="4.7656740">
    <ele>290.6</ele>
   </trkpt>
   <trkpt lat="47.2833280" lon="4.7656480">
    <ele>290.6</ele>
   </trkpt>
   <trkpt lat="47.2832820" lon="4.7654480">
    <ele>290.6</ele>
   </trkpt>
   <trkpt lat="47.2833190" lon="4.7653720">
    <ele>290.8</ele>
   </trkpt>
   <trkpt lat="47.2833370" lon="4.7653280">
    <ele>290.8</ele>
   </trkpt>
   <trkpt lat="47.2833440" lon="4.7652780">
    <ele>291.0</ele>
   </trkpt>
   <trkpt lat="47.2833560" lon="4.7652380">
    <ele>291.0</ele>
   </trkpt>
   <trkpt lat="47.2833730" lon="4.7651000">
    <ele>291.2</ele>
   </trkpt>
   <trkpt lat="47.2833750" lon="4.7649950">
    <ele>291.8</ele>
   </trkpt>
   <trkpt lat="47.2833660" lon="4.7648450">
    <ele>292.4</ele>
   </trkpt>
   <trkpt lat="47.2833680" lon="4.7647990">
    <ele>292.6</ele>
   </trkpt>
   <trkpt lat="47.2833680" lon="4.7647530">
    <ele>292.8</ele>
   </trkpt>
   <trkpt lat="47.2833750" lon="4.7645280">
    <ele>293.6</ele>
   </trkpt>
   <trkpt lat="47.2833780" lon="4.7644860">
    <ele>293.6</ele>
   </trkpt>
   <trkpt lat="47.2833870" lon="4.7642150">
    <ele>294.4</ele>
   </trkpt>
   <trkpt lat="47.2833980" lon="4.7641360">
    <ele>294.6</ele>
   </trkpt>
   <trkpt lat="47.2834160" lon="4.7639860">
    <ele>294.8</ele>
   </trkpt>
   <trkpt lat="47.2834670" lon="4.7638080">
    <ele>295.2</ele>
   </trkpt>
   <trkpt lat="47.2835040" lon="4.7637270">
    <ele>295.6</ele>
   </trkpt>
   <trkpt lat="47.2835480" lon="4.7636540">
    <ele>296.2</ele>
   </trkpt>
   <trkpt lat="47.2836400" lon="4.7634640">
    <ele>296.4</ele>
   </trkpt>
   <trkpt lat="47.2836150" lon="4.7634020">
    <ele>296.8</ele>
   </trkpt>
   <trkpt lat="47.2835870" lon="4.7633370">
    <ele>296.6</ele>
   </trkpt>
   <trkpt lat="47.2835800" lon="4.7632410">
    <ele>297.0</ele>
   </trkpt>
   <trkpt lat="47.2835530" lon="4.7629360">
    <ele>297.4</ele>
   </trkpt>
   <trkpt lat="47.2835560" lon="4.7628940">
    <ele>297.4</ele>
   </trkpt>
   <trkpt lat="47.2835470" lon="4.7626830">
    <ele>297.8</ele>
   </trkpt>
   <trkpt lat="47.2835380" lon="4.7624380">
    <ele>298.8</ele>
   </trkpt>
   <trkpt lat="47.2835390" lon="4.7624010">
    <ele>299.0</ele>
   </trkpt>
   <trkpt lat="47.2835320" lon="4.7623000">
    <ele>299.6</ele>
   </trkpt>
   <trkpt lat="47.2834360" lon="4.7623580">
    <ele>298.6</ele>
   </trkpt>
   <trkpt lat="47.2832930" lon="4.7624060">
    <ele>299.0</ele>
   </trkpt>
   <trkpt lat="47.2832560" lon="4.7623140">
    <ele>299.6</ele>
   </trkpt>
   <trkpt lat="47.2832510" lon="4.7622510">
    <ele>299.8</ele>
   </trkpt>
   <trkpt lat="47.2832450" lon="4.7622300">
    <ele>300.2</ele>
   </trkpt>
   <trkpt lat="47.2832240" lon="4.7621520">
    <ele>301.4</ele>
   </trkpt>
   <trkpt lat="47.2832320" lon="4.7621260">
    <ele>302.4</ele>
   </trkpt>
   <trkpt lat="47.2832280" lon="4.7621170">
    <ele>302.8</ele>
   </trkpt>
   <trkpt lat="47.2832220" lon="4.7620990">
    <ele>303.4</ele>
   </trkpt>
   <trkpt lat="47.2832110" lon="4.7620660">
    <ele>303.6</ele>
   </trkpt>
   <trkpt lat="47.2831990" lon="4.7620440">
    <ele>304.0</ele>
   </trkpt>
   <trkpt lat="47.2831850" lon="4.7620240">
    <ele>304.4</ele>
   </trkpt>
   <trkpt lat="47.2831500" lon="4.7619750">
    <ele>305.2</ele>
   </trkpt>
   <trkpt lat="47.2830810" lon="4.7619320">
    <ele>306.4</ele>
   </trkpt>
   <trkpt lat="47.2830540" lon="4.7619220">
    <ele>307.0</ele>
   </trkpt>
   <trkpt lat="47.2830320" lon="4.7619160">
    <ele>307.4</ele>
   </trkpt>
   <trkpt lat="47.2829800" lon="4.7618900">
    <ele>308.4</ele>
   </trkpt>
   <trkpt lat="47.2829600" lon="4.7618730">
    <ele>309.0</ele>
   </trkpt>
   <trkpt lat="47.2829200" lon="4.7618660">
    <ele>309.8</ele>
   </trkpt>
   <trkpt lat="47.2828770" lon="4.7618470">
    <ele>310.4</ele>
   </trkpt>
   <trkpt lat="47.2828700" lon="4.7618140">
    <ele>310.8</ele>
   </trkpt>
   <trkpt lat="47.2828660" lon="4.7617800">
    <ele>311.0</ele>
   </trkpt>
   <trkpt lat="47.2828610" lon="4.7616230">
    <ele>311.8</ele>
   </trkpt>
   <trkpt lat="47.2828240" lon="4.7614540">
    <ele>312.0</ele>
   </trkpt>
   <trkpt lat="47.2828060" lon="4.7613680">
    <ele>312.2</ele>
   </trkpt>
   <trkpt lat="47.2827870" lon="4.7611940">
    <ele>312.2</ele>
   </trkpt>
   <trkpt lat="47.2827830" lon="4.7609850">
    <ele>313.0</ele>
   </trkpt>
   <trkpt lat="47.2827890" lon="4.7609410">
    <ele>313.2</ele>
   </trkpt>
   <trkpt lat="47.2827990" lon="4.7608140">
    <ele>313.4</ele>
   </trkpt>
   <trkpt lat="47.2828380" lon="4.7606500">
    <ele>313.2</ele>
   </trkpt>
   <trkpt lat="47.2828210" lon="4.7604940">
    <ele>313.2</ele>
   </trkpt>
   <trkpt lat="47.2828100" lon="4.7604470">
    <ele>313.2</ele>
   </trkpt>
   <trkpt lat="47.2827890" lon="4.7602520">
    <ele>313.0</ele>
   </trkpt>
   <trkpt lat="47.2828110" lon="4.7600990">
    <ele>312.2</ele>
   </trkpt>
   <trkpt lat="47.2828190" lon="4.7600600">
    <ele>312.0</ele>
   </trkpt>
   <trkpt lat="47.2828130" lon="4.7598690">
    <ele>311.8</ele>
   </trkpt>
   <trkpt lat="47.2828060" lon="4.7597770">
    <ele>311.8</ele>
   </trkpt>
   <trkpt lat="47.2827820" lon="4.7596400">
    <ele>312.0</ele>
   </trkpt>
   <trkpt lat="47.2827750" lon="4.7596010">
    <ele>312.0</ele>
   </trkpt>
   <trkpt lat="47.2827610" lon="4.7594470">
    <ele>312.6</ele>
   </trkpt>
   <trkpt lat="47.2827340" lon="4.7594440">
    <ele>313.2</ele>
   </trkpt>
   <trkpt lat="47.2826800" lon="4.7594970">
    <ele>314.4</ele>
   </trkpt>
   <trkpt lat="47.2826420" lon="4.7595370">
    <ele>315.6</ele>
   </trkpt>
   <trkpt lat="47.2826130" lon="4.7595520">
    <ele>316.2</ele>
   </trkpt>
   <trkpt lat="47.2825830" lon="4.7595730">
    <ele>316.8</ele>
   </trkpt>
   <trkpt lat="47.2825200" lon="4.7595840">
    <ele>317.8</ele>
   </trkpt>
   <trkpt lat="47.2825090" lon="4.7595880">
    <ele>318.4</ele>
   </trkpt>
   <trkpt lat="47.2824880" lon="4.7595880">
    <ele>319.0</ele>
   </trkpt>
   <trkpt lat="47.2824420" lon="4.7595810">
    <ele>319.6</ele>
   </trkpt>
   <trkpt lat="47.2824280" lon="4.7595740">
    <ele>320.0</ele>
   </trkpt>
   <trkpt lat="47.2824070" lon="4.7595490">
    <ele>320.2</ele>
   </trkpt>
   <trkpt lat="47.2823980" lon="4.7595340">
    <ele>320.8</ele>
   </trkpt>
   <trkpt lat="47.2823820" lon="4.7595140">
    <ele>321.2</ele>
   </trkpt>
   <trkpt lat="47.2823410" lon="4.7594580">
    <ele>322.6</ele>
   </trkpt>
   <trkpt lat="47.2823390" lon="4.7594350">
    <ele>323.4</ele>
   </trkpt>
   <trkpt lat="47.2823250" lon="4.7594330">
    <ele>324.0</ele>
   </trkpt>
   <trkpt lat="47.2823180" lon="4.7594260">
    <ele>324.2</ele>
   </trkpt>
   <trkpt lat="47.2822790" lon="4.7593790">
    <ele>325.2</ele>
   </trkpt>
   <trkpt lat="47.2822730" lon="4.7593690">
    <ele>325.4</ele>
   </trkpt>
   <trkpt lat="47.2822440" lon="4.7593510">
    <ele>326.2</ele>
   </trkpt>
   <trkpt lat="47.2822210" lon="4.7593350">
    <ele>326.6</ele>
   </trkpt>
   <trkpt lat="47.2821950" lon="4.7593080">
    <ele>327.6</ele>
   </trkpt>
   <trkpt lat="47.2821610" lon="4.7592840">
    <ele>329.0</ele>
   </trkpt>
   <trkpt lat="47.2821150" lon="4.7592750">
    <ele>329.8</ele>
   </trkpt>
   <trkpt lat="47.2820990" lon="4.7592630">
    <ele>330.0</ele>
   </trkpt>
   <trkpt lat="47.2820770" lon="4.7592530">
    <ele>330.4</ele>
   </trkpt>
   <trkpt lat="47.2820530" lon="4.7592390">
    <ele>331.0</ele>
   </trkpt>
   <trkpt lat="47.2820360" lon="4.7592260">
    <ele>331.4</ele>
   </trkpt>
   <trkpt lat="47.2820300" lon="4.7592180">
    <ele>331.6</ele>
   </trkpt>
   <trkpt lat="47.2820180" lon="4.7592030">
    <ele>332.4</ele>
   </trkpt>
   <trkpt lat="47.2820080" lon="4.7591980">
    <ele>332.6</ele>
   </trkpt>
   <trkpt lat="47.2820030" lon="4.7591930">
    <ele>332.8</ele>
   </trkpt>
   <trkpt lat="47.2819930" lon="4.7591620">
    <ele>333.8</ele>
   </trkpt>
   <trkpt lat="47.2819580" lon="4.7590770">
    <ele>334.2</ele>
   </trkpt>
   <trkpt lat="47.2819480" lon="4.7590280">
    <ele>335.0</ele>
   </trkpt>
   <trkpt lat="47.2819230" lon="4.7589920">
    <ele>335.8</ele>
   </trkpt>
   <trkpt lat="47.2818870" lon="4.7589470">
    <ele>336.6</ele>
   </trkpt>
   <trkpt lat="47.2818770" lon="4.7589290">
    <ele>337.2</ele>
   </trkpt>
   <trkpt lat="47.2818680" lon="4.7588960">
    <ele>337.8</ele>
   </trkpt>
   <trkpt lat="47.2818490" lon="4.7588420">
    <ele>338.4</ele>
   </trkpt>
   <trkpt lat="47.2818230" lon="4.7587910">
    <ele>339.0</ele>
   </trkpt>
   <trkpt lat="47.2818080" lon="4.7587670">
    <ele>339.4</ele>
   </trkpt>
   <trkpt lat="47.2818010" lon="4.7587520">
    <ele>339.6</ele>
   </trkpt>
   <trkpt lat="47.2817990" lon="4.7587200">
    <ele>340.2</ele>
   </trkpt>
   <trkpt lat="47.2817660" lon="4.7586550">
    <ele>341.4</ele>
   </trkpt>
   <trkpt lat="47.2817200" lon="4.7586180">
    <ele>342.8</ele>
   </trkpt>
   <trkpt lat="47.2816800" lon="4.7585980">
    <ele>343.4</ele>
   </trkpt>
   <trkpt lat="47.2816680" lon="4.7585900">
    <ele>343.8</ele>
   </trkpt>
   <trkpt lat="47.2816340" lon="4.7586120">
    <ele>344.6</ele>
   </trkpt>
   <trkpt lat="47.2816230" lon="4.7586210">
    <ele>345.0</ele>
   </trkpt>
   <trkpt lat="47.2816040" lon="4.7586450">
    <ele>345.2</ele>
   </trkpt>
   <trkpt lat="47.2815130" lon="4.7586990">
    <ele>346.2</ele>
   </trkpt>
   <trkpt lat="47.2814460" lon="4.7587850">
    <ele>347.0</ele>
   </trkpt>
   <trkpt lat="47.2814410" lon="4.7588330">
    <ele>347.0</ele>
   </trkpt>
   <trkpt lat="47.2813910" lon="4.7589980">
    <ele>345.6</ele>
   </trkpt>
   <trkpt lat="47.2813550" lon="4.7590650">
    <ele>345.2</ele>
   </trkpt>
   <trkpt lat="47.2812970" lon="4.7592330">
    <ele>345.2</ele>
   </trkpt>
   <trkpt lat="47.2812910" lon="4.7593720">
    <ele>344.2</ele>
   </trkpt>
   <trkpt lat="47.2812880" lon="4.7594600">
    <ele>343.8</ele>
   </trkpt>
   <trkpt lat="47.2812770" lon="4.7595500">
    <ele>343.0</ele>
   </trkpt>
   <trkpt lat="47.2812690" lon="4.7596930">
    <ele>341.8</ele>
   </trkpt>
   <trkpt lat="47.2812550" lon="4.7597780">
    <ele>341.2</ele>
   </trkpt>
   <trkpt lat="47.2812400" lon="4.7598220">
    <ele>340.8</ele>
   </trkpt>
   <trkpt lat="47.2811570" lon="4.7600160">
    <ele>339.4</ele>
   </trkpt>
   <trkpt lat="47.2811420" lon="4.7600550">
    <ele>339.2</ele>
   </trkpt>
   <trkpt lat="47.2810320" lon="4.7602800">
    <ele>339.0</ele>
   </trkpt>
   <trkpt lat="47.2810110" lon="4.7602960">
    <ele>339.0</ele>
   </trkpt>
   <trkpt lat="47.2809900" lon="4.7602990">
    <ele>338.8</ele>
   </trkpt>
   <trkpt lat="47.2809480" lon="4.7602960">
    <ele>338.4</ele>
   </trkpt>
   <trkpt lat="47.2809120" lon="4.7602940">
    <ele>338.8</ele>
   </trkpt>
   <trkpt lat="47.2808950" lon="4.7602890">
    <ele>338.8</ele>
   </trkpt>
   <trkpt lat="47.2808580" lon="4.7602950">
    <ele>339.6</ele>
   </trkpt>
   <trkpt lat="47.2808060" lon="4.7603130">
    <ele>340.4</ele>
   </trkpt>
   <trkpt lat="47.2807820" lon="4.7603280">
    <ele>340.8</ele>
   </trkpt>
   <trkpt lat="47.2806820" lon="4.7603880">
    <ele>342.0</ele>
   </trkpt>
   <trkpt lat="47.2806680" lon="4.7604010">
    <ele>342.2</ele>
   </trkpt>
   <trkpt lat="47.2805840" lon="4.7604500">
    <ele>343.2</ele>
   </trkpt>
   <trkpt lat="47.2805240" lon="4.7605260">
    <ele>343.4</ele>
   </trkpt>
   <trkpt lat="47.2805160" lon="4.7605520">
    <ele>343.4</ele>
   </trkpt>
   <trkpt lat="47.2805080" lon="4.7606740">
    <ele>343.2</ele>
   </trkpt>
   <trkpt lat="47.2804990" lon="4.7607080">
    <ele>343.0</ele>
   </trkpt>
   <trkpt lat="47.2804220" lon="4.7608610">
    <ele>342.4</ele>
   </trkpt>
   <trkpt lat="47.2804020" lon="4.7609140">
    <ele>342.2</ele>
   </trkpt>
   <trkpt lat="47.2803800" lon="4.7609470">
    <ele>342.4</ele>
   </trkpt>
   <trkpt lat="47.2803300" lon="4.7610480">
    <ele>341.8</ele>
   </trkpt>
   <trkpt lat="47.2802910" lon="4.7611130">
    <ele>341.4</ele>
   </trkpt>
   <trkpt lat="47.2802140" lon="4.7612020">
    <ele>340.6</ele>
   </trkpt>
   <trkpt lat="47.2801830" lon="4.7612510">
    <ele>340.0</ele>
   </trkpt>
   <trkpt lat="47.2800970" lon="4.7613010">
    <ele>340.0</ele>
   </trkpt>
   <trkpt lat="47.2800400" lon="4.7613310">
    <ele>340.0</ele>
   </trkpt>
   <trkpt lat="47.2800080" lon="4.7613410">
    <ele>340.0</ele>
   </trkpt>
   <trkpt lat="47.2799420" lon="4.7613680">
    <ele>340.2</ele>
   </trkpt>
   <trkpt lat="47.2799040" lon="4.7613950">
    <ele>340.2</ele>
   </trkpt>
   <trkpt lat="47.2798070" lon="4.7614080">
    <ele>340.2</ele>
   </trkpt>
   <trkpt lat="47.2797880" lon="4.7614260">
    <ele>340.2</ele>
   </trkpt>
   <trkpt lat="47.2797650" lon="4.7614980">
    <ele>340.2</ele>
   </trkpt>
   <trkpt lat="47.2797590" lon="4.7615610">
    <ele>340.0</ele>
   </trkpt>
   <trkpt lat="47.2797610" lon="4.7616360">
    <ele>339.2</ele>
   </trkpt>
   <trkpt lat="47.2797460" lon="4.7616610">
    <ele>338.8</ele>
   </trkpt>
   <trkpt lat="47.2797290" lon="4.7616820">
    <ele>338.6</ele>
   </trkpt>
   <trkpt lat="47.2797150" lon="4.7617040">
    <ele>337.8</ele>
   </trkpt>
   <trkpt lat="47.2796820" lon="4.7617660">
    <ele>337.2</ele>
   </trkpt>
   <trkpt lat="47.2796950" lon="4.7618000">
    <ele>337.0</ele>
   </trkpt>
   <trkpt lat="47.2796970" lon="4.7618360">
    <ele>336.8</ele>
   </trkpt>
   <trkpt lat="47.2796720" lon="4.7619240">
    <ele>335.0</ele>
   </trkpt>
   <trkpt lat="47.2796630" lon="4.7620090">
    <ele>333.6</ele>
   </trkpt>
   <trkpt lat="47.2796500" lon="4.7620740">
    <ele>332.4</ele>
   </trkpt>
   <trkpt lat="47.2796430" lon="4.7620860">
    <ele>331.8</ele>
   </trkpt>
   <trkpt lat="47.2796430" lon="4.7620740">
    <ele>331.6</ele>
   </trkpt>
   <trkpt lat="47.2796300" lon="4.7620480">
    <ele>331.8</ele>
   </trkpt>
   <trkpt lat="47.2795660" lon="4.7620370">
    <ele>332.4</ele>
   </trkpt>
   <trkpt lat="47.2795100" lon="4.7620720">
    <ele>332.6</ele>
   </trkpt>
   <trkpt lat="47.2794600" lon="4.7621130">
    <ele>332.6</ele>
   </trkpt>
   <trkpt lat="47.2793330" lon="4.7620640">
    <ele>332.4</ele>
   </trkpt>
   <trkpt lat="47.2792610" lon="4.7620550">
    <ele>332.8</ele>
   </trkpt>
   <trkpt lat="47.2792100" lon="4.7620490">
    <ele>332.6</ele>
   </trkpt>
   <trkpt lat="47.2790930" lon="4.7621260">
    <ele>331.8</ele>
   </trkpt>
   <trkpt lat="47.2789360" lon="4.7623100">
    <ele>331.8</ele>
   </trkpt>
   <trkpt lat="47.2789060" lon="4.7623530">
    <ele>330.8</ele>
   </trkpt>
   <trkpt lat="47.2788370" lon="4.7624460">
    <ele>330.2</ele>
   </trkpt>
   <trkpt lat="47.2787150" lon="4.7625690">
    <ele>331.0</ele>
   </trkpt>
   <trkpt lat="47.2785730" lon="4.7627150">
    <ele>331.2</ele>
   </trkpt>
   <trkpt lat="47.2785210" lon="4.7627130">
    <ele>331.4</ele>
   </trkpt>
   <trkpt lat="47.2785010" lon="4.7627040">
    <ele>332.2</ele>
   </trkpt>
   <trkpt lat="47.2784930" lon="4.7627000">
    <ele>332.6</ele>
   </trkpt>
   <trkpt lat="47.2784640" lon="4.7626960">
    <ele>333.0</ele>
   </trkpt>
   <trkpt lat="47.2784370" lon="4.7626920">
    <ele>333.2</ele>
   </trkpt>
   <trkpt lat="47.2783990" lon="4.7626740">
    <ele>333.4</ele>
   </trkpt>
   <trkpt lat="47.2783350" lon="4.7626240">
    <ele>334.0</ele>
   </trkpt>
   <trkpt lat="47.2783050" lon="4.7626050">
    <ele>334.4</ele>
   </trkpt>
   <trkpt lat="47.2782460" lon="4.7625910">
    <ele>335.6</ele>
   </trkpt>
   <trkpt lat="47.2781960" lon="4.7625640">
    <ele>335.8</ele>
   </trkpt>
   <trkpt lat="47.2781580" lon="4.7625810">
    <ele>336.0</ele>
   </trkpt>
   <trkpt lat="47.2781120" lon="4.7626210">
    <ele>336.6</ele>
   </trkpt>
   <trkpt lat="47.2780900" lon="4.7626280">
    <ele>336.8</ele>
   </trkpt>
   <trkpt lat="47.2780460" lon="4.7626190">
    <ele>337.6</ele>
   </trkpt>
   <trkpt lat="47.2780230" lon="4.7626150">
    <ele>338.0</ele>
   </trkpt>
   <trkpt lat="47.2779480" lon="4.7625940">
    <ele>339.2</ele>
   </trkpt>
   <trkpt lat="47.2779290" lon="4.7625880">
    <ele>339.6</ele>
   </trkpt>
   <trkpt lat="47.2778870" lon="4.7625940">
    <ele>340.2</ele>
   </trkpt>
   <trkpt lat="47.2778020" lon="4.7626070">
    <ele>341.4</ele>
   </trkpt>
   <trkpt lat="47.2777430" lon="4.7625940">
    <ele>341.8</ele>
   </trkpt>
   <trkpt lat="47.2776780" lon="4.7625870">
    <ele>342.6</ele>
   </trkpt>
   <trkpt lat="47.2776560" lon="4.7625850">
    <ele>343.0</ele>
   </trkpt>
   <trkpt lat="47.2775520" lon="4.7625840">
    <ele>343.8</ele>
   </trkpt>
   <trkpt lat="47.2775100" lon="4.7625890">
    <ele>344.2</ele>
   </trkpt>
   <trkpt lat="47.2774720" lon="4.7625850">
    <ele>345.0</ele>
   </trkpt>
   <trkpt lat="47.2773800" lon="4.7625500">
    <ele>346.0</ele>
   </trkpt>
   <trkpt lat="47.2773640" lon="4.7625230">
    <ele>346.4</ele>
   </trkpt>
   <trkpt lat="47.2773030" lon="4.7624600">
    <ele>347.4</ele>
   </trkpt>
   <trkpt lat="47.2772880" lon="4.7624390">
    <ele>347.6</ele>
   </trkpt>
   <trkpt lat="47.2772390" lon="4.7623940">
    <ele>348.6</ele>
   </trkpt>
   <trkpt lat="47.2771850" lon="4.7623680">
    <ele>349.6</ele>
   </trkpt>
   <trkpt lat="47.2771410" lon="4.7623640">
    <ele>349.8</ele>
   </trkpt>
   <trkpt lat="47.2770440" lon="4.7623620">
    <ele>350.8</ele>
   </trkpt>
   <trkpt lat="47.2770110" lon="4.7623560">
    <ele>351.4</ele>
   </trkpt>
   <trkpt lat="47.2769780" lon="4.7623360">
    <ele>352.2</ele>
   </trkpt>
   <trkpt lat="47.2769030" lon="4.7623040">
    <ele>353.2</ele>
   </trkpt>
   <trkpt lat="47.2768830" lon="4.7622940">
    <ele>353.6</ele>
   </trkpt>
   <trkpt lat="47.2768070" lon="4.7622760">
    <ele>354.4</ele>
   </trkpt>
   <trkpt lat="47.2767510" lon="4.7622800">
    <ele>355.2</ele>
   </trkpt>
   <trkpt lat="47.2767270" lon="4.7622790">
    <ele>355.6</ele>
   </trkpt>
   <trkpt lat="47.2766450" lon="4.7622640">
    <ele>356.6</ele>
   </trkpt>
   <trkpt lat="47.2766290" lon="4.7622580">
    <ele>356.8</ele>
   </trkpt>
   <trkpt lat="47.2765260" lon="4.7622720">
    <ele>357.8</ele>
   </trkpt>
   <trkpt lat="47.2765060" lon="4.7622860">
    <ele>358.0</ele>
   </trkpt>
   <trkpt lat="47.2764270" lon="4.7623350">
    <ele>358.8</ele>
   </trkpt>
   <trkpt lat="47.2763610" lon="4.7623640">
    <ele>359.4</ele>
   </trkpt>
   <trkpt lat="47.2763190" lon="4.7623470">
    <ele>360.0</ele>
   </trkpt>
   <trkpt lat="47.2762890" lon="4.7623090">
    <ele>360.2</ele>
   </trkpt>
   <trkpt lat="47.2762670" lon="4.7622670">
    <ele>361.4</ele>
   </trkpt>
   <trkpt lat="47.2762260" lon="4.7621850">
    <ele>362.6</ele>
   </trkpt>
   <trkpt lat="47.2762160" lon="4.7621580">
    <ele>362.8</ele>
   </trkpt>
   <trkpt lat="47.2761370" lon="4.7619660">
    <ele>364.2</ele>
   </trkpt>
   <trkpt lat="47.2761230" lon="4.7619400">
    <ele>364.6</ele>
   </trkpt>
   <trkpt lat="47.2760800" lon="4.7618630">
    <ele>365.4</ele>
   </trkpt>
   <trkpt lat="47.2760580" lon="4.7617980">
    <ele>366.0</ele>
   </trkpt>
   <trkpt lat="47.2760620" lon="4.7617620">
    <ele>366.4</ele>
   </trkpt>
   <trkpt lat="47.2760560" lon="4.7616670">
    <ele>367.4</ele>
   </trkpt>
   <trkpt lat="47.2759980" lon="4.7616030">
    <ele>368.6</ele>
   </trkpt>
   <trkpt lat="47.2759810" lon="4.7615940">
    <ele>368.8</ele>
   </trkpt>
   <trkpt lat="47.2759690" lon="4.7615810">
    <ele>369.0</ele>
   </trkpt>
   <trkpt lat="47.2759110" lon="4.7614930">
    <ele>369.8</ele>
   </trkpt>
   <trkpt lat="47.2759040" lon="4.7614740">
    <ele>370.0</ele>
   </trkpt>
   <trkpt lat="47.2758810" lon="4.7614300">
    <ele>370.8</ele>
   </trkpt>
   <trkpt lat="47.2758710" lon="4.7614140">
    <ele>371.2</ele>
   </trkpt>
   <trkpt lat="47.2758420" lon="4.7613870">
    <ele>372.0</ele>
   </trkpt>
   <trkpt lat="47.2758280" lon="4.7613800">
    <ele>372.4</ele>
   </trkpt>
   <trkpt lat="47.2758050" lon="4.7613870">
    <ele>372.8</ele>
   </trkpt>
   <trkpt lat="47.2757420" lon="4.7614320">
    <ele>373.4</ele>
   </trkpt>
   <trkpt lat="47.2756790" lon="4.7614580">
    <ele>374.2</ele>
   </trkpt>
   <trkpt lat="47.2756610" lon="4.7614670">
    <ele>374.4</ele>
   </trkpt>
   <trkpt lat="47.2756410" lon="4.7614700">
    <ele>374.4</ele>
   </trkpt>
   <trkpt lat="47.2756070" lon="4.7614750">
    <ele>374.8</ele>
   </trkpt>
   <trkpt lat="47.2755560" lon="4.7614660">
    <ele>375.6</ele>
   </trkpt>
   <trkpt lat="47.2755310" lon="4.7614490">
    <ele>376.6</ele>
   </trkpt>
   <trkpt lat="47.2755040" lon="4.7614500">
    <ele>377.2</ele>
   </trkpt>
   <trkpt lat="47.2754850" lon="4.7614540">
    <ele>377.4</ele>
   </trkpt>
   <trkpt lat="47.2754480" lon="4.7614390">
    <ele>378.4</ele>
   </trkpt>
   <trkpt lat="47.2753980" lon="4.7614080">
    <ele>379.4</ele>
   </trkpt>
   <trkpt lat="47.2753600" lon="4.7613870">
    <ele>380.2</ele>
   </trkpt>
   <trkpt lat="47.2753270" lon="4.7613960">
    <ele>380.8</ele>
   </trkpt>
   <trkpt lat="47.2753010" lon="4.7613760">
    <ele>381.2</ele>
   </trkpt>
   <trkpt lat="47.2752820" lon="4.7613690">
    <ele>381.8</ele>
   </trkpt>
   <trkpt lat="47.2752540" lon="4.7613410">
    <ele>382.6</ele>
   </trkpt>
   <trkpt lat="47.2752420" lon="4.7613200">
    <ele>382.8</ele>
   </trkpt>
   <trkpt lat="47.2752290" lon="4.7613260">
    <ele>382.8</ele>
   </trkpt>
   <trkpt lat="47.2752030" lon="4.7613690">
    <ele>383.0</ele>
   </trkpt>
   <trkpt lat="47.2751910" lon="4.7613940">
    <ele>383.2</ele>
   </trkpt>
   <trkpt lat="47.2751580" lon="4.7614310">
    <ele>383.8</ele>
   </trkpt>
   <trkpt lat="47.2750830" lon="4.7614780">
    <ele>384.2</ele>
   </trkpt>
   <trkpt lat="47.2750270" lon="4.7614830">
    <ele>385.2</ele>
   </trkpt>
   <trkpt lat="47.2749890" lon="4.7614770">
    <ele>386.0</ele>
   </trkpt>
   <trkpt lat="47.2749690" lon="4.7614810">
    <ele>386.2</ele>
   </trkpt>
   <trkpt lat="47.2748810" lon="4.7615520">
    <ele>386.4</ele>
   </trkpt>
   <trkpt lat="47.2747240" lon="4.7616990">
    <ele>386.0</ele>
   </trkpt>
   <trkpt lat="47.2747010" lon="4.7617190">
    <ele>386.0</ele>
   </trkpt>
   <trkpt lat="47.2745660" lon="4.7618390">
    <ele>386.4</ele>
   </trkpt>
   <trkpt lat="47.2744770" lon="4.7619320">
    <ele>386.4</ele>
   </trkpt>
   <trkpt lat="47.2744130" lon="4.7620040">
    <ele>386.4</ele>
   </trkpt>
   <trkpt lat="47.2742650" lon="4.7621270">
    <ele>386.0</ele>
   </trkpt>
   <trkpt lat="47.2741610" lon="4.7622370">
    <ele>385.0</ele>
   </trkpt>
   <trkpt lat="47.2741560" lon="4.7622920">
    <ele>384.8</ele>
   </trkpt>
   <trkpt lat="47.2741670" lon="4.7623360">
    <ele>383.8</ele>
   </trkpt>
   <trkpt lat="47.2741830" lon="4.7623820">
    <ele>383.2</ele>
   </trkpt>
   <trkpt lat="47.2741970" lon="4.7624240">
    <ele>382.8</ele>
   </trkpt>
   <trkpt lat="47.2742350" lon="4.7625440">
    <ele>381.2</ele>
   </trkpt>
   <trkpt lat="47.2742470" lon="4.7625820">
    <ele>380.6</ele>
   </trkpt>
   <trkpt lat="47.2742680" lon="4.7626180">
    <ele>379.6</ele>
   </trkpt>
   <trkpt lat="47.2742870" lon="4.7626560">
    <ele>378.4</ele>
   </trkpt>
   <trkpt lat="47.2743280" lon="4.7627250">
    <ele>377.4</ele>
   </trkpt>
   <trkpt lat="47.2743550" lon="4.7627600">
    <ele>377.0</ele>
   </trkpt>
   <trkpt lat="47.2744070" lon="4.7628480">
    <ele>376.2</ele>
   </trkpt>
   <trkpt lat="47.2744310" lon="4.7628870">
    <ele>375.0</ele>
   </trkpt>
   <trkpt lat="47.2744780" lon="4.7629650">
    <ele>374.0</ele>
   </trkpt>
   <trkpt lat="47.2744770" lon="4.7630040">
    <ele>373.4</ele>
   </trkpt>
   <trkpt lat="47.2744350" lon="4.7630440">
    <ele>373.0</ele>
   </trkpt>
   <trkpt lat="47.2744090" lon="4.7630450">
    <ele>373.0</ele>
   </trkpt>
   <trkpt lat="47.2743840" lon="4.7630390">
    <ele>372.8</ele>
   </trkpt>
   <trkpt lat="47.2743010" lon="4.7630180">
    <ele>373.2</ele>
   </trkpt>
   <trkpt lat="47.2741810" lon="4.7629550">
    <ele>374.0</ele>
   </trkpt>
   <trkpt lat="47.2740760" lon="4.7629030">
    <ele>375.2</ele>
   </trkpt>
   <trkpt lat="47.2740370" lon="4.7628840">
    <ele>375.6</ele>
   </trkpt>
   <trkpt lat="47.2739430" lon="4.7628280">
    <ele>376.4</ele>
   </trkpt>
   <trkpt lat="47.2738970" lon="4.7628140">
    <ele>376.8</ele>
   </trkpt>
   <trkpt lat="47.2738080" lon="4.7628050">
    <ele>377.6</ele>
   </trkpt>
   <trkpt lat="47.2737810" lon="4.7627990">
    <ele>378.0</ele>
   </trkpt>
   <trkpt lat="47.2737390" lon="4.7627790">
    <ele>378.8</ele>
   </trkpt>
   <trkpt lat="47.2736690" lon="4.7627550">
    <ele>379.4</ele>
   </trkpt>
   <trkpt lat="47.2736510" lon="4.7627410">
    <ele>379.8</ele>
   </trkpt>
   <trkpt lat="47.2736210" lon="4.7627180">
    <ele>380.4</ele>
   </trkpt>
   <trkpt lat="47.2735720" lon="4.7626840">
    <ele>380.8</ele>
   </trkpt>
   <trkpt lat="47.2735360" lon="4.7626750">
    <ele>381.0</ele>
   </trkpt>
   <trkpt lat="47.2734540" lon="4.7626380">
    <ele>381.2</ele>
   </trkpt>
   <trkpt lat="47.2733540" lon="4.7625890">
    <ele>381.8</ele>
   </trkpt>
   <trkpt lat="47.2733100" lon="4.7625740">
    <ele>381.8</ele>
   </trkpt>
   <trkpt lat="47.2732960" lon="4.7625640">
    <ele>382.4</ele>
   </trkpt>
   <trkpt lat="47.2732820" lon="4.7625560">
    <ele>382.6</ele>
   </trkpt>
   <trkpt lat="47.2732720" lon="4.7625810">
    <ele>383.0</ele>
   </trkpt>
   <trkpt lat="47.2732560" lon="4.7625870">
    <ele>383.0</ele>
   </trkpt>
   <trkpt lat="47.2732110" lon="4.7625480">
    <ele>383.2</ele>
   </trkpt>
   <trkpt lat="47.2731830" lon="4.7625410">
    <ele>383.8</ele>
   </trkpt>
   <trkpt lat="47.2731420" lon="4.7625070">
    <ele>384.0</ele>
   </trkpt>
   <trkpt lat="47.2730550" lon="4.7624800">
    <ele>385.4</ele>
   </trkpt>
   <trkpt lat="47.2730250" lon="4.7624790">
    <ele>385.6</ele>
   </trkpt>
   <trkpt lat="47.2728300" lon="4.7623700">
    <ele>386.4</ele>
   </trkpt>
   <trkpt lat="47.2728020" lon="4.7623670">
    <ele>386.6</ele>
   </trkpt>
   <trkpt lat="47.2726940" lon="4.7622900">
    <ele>387.2</ele>
   </trkpt>
   <trkpt lat="47.2726230" lon="4.7622160">
    <ele>387.8</ele>
   </trkpt>
   <trkpt lat="47.2725960" lon="4.7621690">
    <ele>388.4</ele>
   </trkpt>
   <trkpt lat="47.2725570" lon="4.7621220">
    <ele>388.8</ele>
   </trkpt>
   <trkpt lat="47.2725310" lon="4.7620850">
    <ele>389.2</ele>
   </trkpt>
   <trkpt lat="47.2724470" lon="4.7620090">
    <ele>389.8</ele>
   </trkpt>
   <trkpt lat="47.2724290" lon="4.7619860">
    <ele>390.4</ele>
   </trkpt>
   <trkpt lat="47.2724050" lon="4.7619370">
    <ele>391.2</ele>
   </trkpt>
   <trkpt lat="47.2723680" lon="4.7618890">
    <ele>392.0</ele>
   </trkpt>
   <trkpt lat="47.2723550" lon="4.7618650">
    <ele>392.6</ele>
   </trkpt>
   <trkpt lat="47.2723160" lon="4.7617990">
    <ele>393.6</ele>
   </trkpt>
   <trkpt lat="47.2723020" lon="4.7617790">
    <ele>393.6</ele>
   </trkpt>
   <trkpt lat="47.2722240" lon="4.7616430">
    <ele>394.6</ele>
   </trkpt>
   <trkpt lat="47.2722170" lon="4.7616280">
    <ele>395.0</ele>
   </trkpt>
   <trkpt lat="47.2721950" lon="4.7615550">
    <ele>396.2</ele>
   </trkpt>
   <trkpt lat="47.2721940" lon="4.7615390">
    <ele>396.4</ele>
   </trkpt>
   <trkpt lat="47.2721830" lon="4.7615210">
    <ele>396.8</ele>
   </trkpt>
   <trkpt lat="47.2721220" lon="4.7615420">
    <ele>396.6</ele>
   </trkpt>
   <trkpt lat="47.2720980" lon="4.7615630">
    <ele>396.4</ele>
   </trkpt>
   <trkpt lat="47.2720610" lon="4.7616060">
    <ele>395.8</ele>
   </trkpt>
   <trkpt lat="47.2720610" lon="4.7616390">
    <ele>395.6</ele>
   </trkpt>
   <trkpt lat="47.2720790" lon="4.7617130">
    <ele>395.0</ele>
   </trkpt>
   <trkpt lat="47.2721000" lon="4.7618100">
    <ele>393.8</ele>
   </trkpt>
   <trkpt lat="47.2720870" lon="4.7620250">
    <ele>392.6</ele>
   </trkpt>
   <trkpt lat="47.2720710" lon="4.7620620">
    <ele>392.0</ele>
   </trkpt>
   <trkpt lat="47.2720460" lon="4.7620890">
    <ele>391.6</ele>
   </trkpt>
   <trkpt lat="47.2719680" lon="4.7621290">
    <ele>390.4</ele>
   </trkpt>
   <trkpt lat="47.2719470" lon="4.7621200">
    <ele>390.2</ele>
   </trkpt>
   <trkpt lat="47.2718810" lon="4.7620790">
    <ele>389.4</ele>
   </trkpt>
   <trkpt lat="47.2718620" lon="4.7620710">
    <ele>389.4</ele>
   </trkpt>
   <trkpt lat="47.2717770" lon="4.7620020">
    <ele>389.0</ele>
   </trkpt>
   <trkpt lat="47.2717540" lon="4.7619890">
    <ele>388.8</ele>
   </trkpt>
   <trkpt lat="47.2716470" lon="4.7619470">
    <ele>388.8</ele>
   </trkpt>
   <trkpt lat="47.2716150" lon="4.7619570">
    <ele>388.6</ele>
   </trkpt>
   <trkpt lat="47.2715880" lon="4.7619720">
    <ele>388.0</ele>
   </trkpt>
   <trkpt lat="47.2715630" lon="4.7620190">
    <ele>387.6</ele>
   </trkpt>
   <trkpt lat="47.2715470" lon="4.7621000">
    <ele>387.2</ele>
   </trkpt>
   <trkpt lat="47.2715450" lon="4.7621470">
    <ele>387.0</ele>
   </trkpt>
   <trkpt lat="47.2715260" lon="4.7622080">
    <ele>386.2</ele>
   </trkpt>
   <trkpt lat="47.2714670" lon="4.7622310">
    <ele>385.4</ele>
   </trkpt>
   <trkpt lat="47.2714390" lon="4.7622390">
    <ele>384.6</ele>
   </trkpt>
   <trkpt lat="47.2714130" lon="4.7622600">
    <ele>384.2</ele>
   </trkpt>
   <trkpt lat="47.2713950" lon="4.7622930">
    <ele>383.4</ele>
   </trkpt>
   <trkpt lat="47.2713820" lon="4.7623340">
    <ele>383.0</ele>
   </trkpt>
   <trkpt lat="47.2713720" lon="4.7623770">
    <ele>383.0</ele>
   </trkpt>
   <trkpt lat="47.2713750" lon="4.7624100">
    <ele>382.0</ele>
   </trkpt>
   <trkpt lat="47.2713980" lon="4.7624700">
    <ele>381.6</ele>
   </trkpt>
   <trkpt lat="47.2714120" lon="4.7625090">
    <ele>381.4</ele>
   </trkpt>
   <trkpt lat="47.2714360" lon="4.7625810">
    <ele>380.6</ele>
   </trkpt>
   <trkpt lat="47.2714280" lon="4.7626600">
    <ele>380.2</ele>
   </trkpt>
   <trkpt lat="47.2714090" lon="4.7626900">
    <ele>379.6</ele>
   </trkpt>
   <trkpt lat="47.2713860" lon="4.7627160">
    <ele>379.2</ele>
   </trkpt>
   <trkpt lat="47.2713130" lon="4.7627910">
    <ele>378.2</ele>
   </trkpt>
   <trkpt lat="47.2712750" lon="4.7628220">
    <ele>376.4</ele>
   </trkpt>
   <trkpt lat="47.2712670" lon="4.7628490">
    <ele>375.8</ele>
   </trkpt>
   <trkpt lat="47.2712670" lon="4.7628820">
    <ele>374.8</ele>
   </trkpt>
   <trkpt lat="47.2712690" lon="4.7629170">
    <ele>373.8</ele>
   </trkpt>
   <trkpt lat="47.2712630" lon="4.7629480">
    <ele>373.2</ele>
   </trkpt>
   <trkpt lat="47.2712270" lon="4.7629890">
    <ele>371.4</ele>
   </trkpt>
   <trkpt lat="47.2712000" lon="4.7630030">
    <ele>370.8</ele>
   </trkpt>
   <trkpt lat="47.2711730" lon="4.7630130">
    <ele>370.2</ele>
   </trkpt>
   <trkpt lat="47.2711250" lon="4.7630170">
    <ele>369.4</ele>
   </trkpt>
   <trkpt lat="47.2710780" lon="4.7630190">
    <ele>369.0</ele>
   </trkpt>
   <trkpt lat="47.2710380" lon="4.7630330">
    <ele>369.0</ele>
   </trkpt>
   <trkpt lat="47.2710060" lon="4.7630320">
    <ele>369.0</ele>
   </trkpt>
   <trkpt lat="47.2709950" lon="4.7630370">
    <ele>369.4</ele>
   </trkpt>
   <trkpt lat="47.2709870" lon="4.7630160">
    <ele>370.4</ele>
   </trkpt>
   <trkpt lat="47.2709910" lon="4.7630120">
    <ele>370.6</ele>
   </trkpt>
   <trkpt lat="47.2709950" lon="4.7629920">
    <ele>370.6</ele>
   </trkpt>
   <trkpt lat="47.2710080" lon="4.7629270">
    <ele>371.0</ele>
   </trkpt>
   <trkpt lat="47.2710030" lon="4.7629200">
    <ele>371.2</ele>
   </trkpt>
   <trkpt lat="47.2709880" lon="4.7629080">
    <ele>372.0</ele>
   </trkpt>
   <trkpt lat="47.2709560" lon="4.7628770">
    <ele>372.4</ele>
   </trkpt>
   <trkpt lat="47.2709410" lon="4.7628520">
    <ele>372.4</ele>
   </trkpt>
   <trkpt lat="47.2708300" lon="4.7627220">
    <ele>372.0</ele>
   </trkpt>
   <trkpt lat="47.2707240" lon="4.7626560">
    <ele>371.2</ele>
   </trkpt>
   <trkpt lat="47.2706570" lon="4.7626690">
    <ele>370.8</ele>
   </trkpt>
   <trkpt lat="47.2706110" lon="4.7626910">
    <ele>369.6</ele>
   </trkpt>
   <trkpt lat="47.2705870" lon="4.7627020">
    <ele>368.4</ele>
   </trkpt>
   <trkpt lat="47.2705420" lon="4.7627270">
    <ele>366.4</ele>
   </trkpt>
   <trkpt lat="47.2705240" lon="4.7627610">
    <ele>365.4</ele>
   </trkpt>
   <trkpt lat="47.2705110" lon="4.7628010">
    <ele>364.8</ele>
   </trkpt>
   <trkpt lat="47.2704760" lon="4.7628950">
    <ele>363.6</ele>
   </trkpt>
   <trkpt lat="47.2704370" lon="4.7629800">
    <ele>361.4</ele>
   </trkpt>
   <trkpt lat="47.2704220" lon="4.7630010">
    <ele>360.6</ele>
   </trkpt>
   <trkpt lat="47.2704040" lon="4.7630070">
    <ele>359.8</ele>
   </trkpt>
   <trkpt lat="47.2703920" lon="4.7629640">
    <ele>359.2</ele>
   </trkpt>
   <trkpt lat="47.2703770" lon="4.7629310">
    <ele>358.2</ele>
   </trkpt>
   <trkpt lat="47.2703230" lon="4.7628070">
    <ele>357.0</ele>
   </trkpt>
   <trkpt lat="47.2703030" lon="4.7627580">
    <ele>357.0</ele>
   </trkpt>
   <trkpt lat="47.2702610" lon="4.7625650">
    <ele>355.8</ele>
   </trkpt>
   <trkpt lat="47.2702000" lon="4.7623930">
    <ele>355.0</ele>
   </trkpt>
   <trkpt lat="47.2701640" lon="4.7623380">
    <ele>354.8</ele>
   </trkpt>
   <trkpt lat="47.2700940" lon="4.7622440">
    <ele>353.8</ele>
   </trkpt>
   <trkpt lat="47.2700800" lon="4.7622190">
    <ele>353.8</ele>
   </trkpt>
   <trkpt lat="47.2700530" lon="4.7621740">
    <ele>353.8</ele>
   </trkpt>
   <trkpt lat="47.2700160" lon="4.7620940">
    <ele>353.8</ele>
   </trkpt>
   <trkpt lat="47.2699980" lon="4.7620330">
    <ele>354.0</ele>
   </trkpt>
   <trkpt lat="47.2699890" lon="4.7620120">
    <ele>354.2</ele>
   </trkpt>
   <trkpt lat="47.2699920" lon="4.7619670">
    <ele>354.4</ele>
   </trkpt>
   <trkpt lat="47.2699820" lon="4.7619410">
    <ele>354.8</ele>
   </trkpt>
   <trkpt lat="47.2699610" lon="4.7618950">
    <ele>355.0</ele>
   </trkpt>
   <trkpt lat="47.2699490" lon="4.7618640">
    <ele>355.6</ele>
   </trkpt>
   <trkpt lat="47.2699440" lon="4.7617970">
    <ele>356.0</ele>
   </trkpt>
   <trkpt lat="47.2699380" lon="4.7617700">
    <ele>356.2</ele>
   </trkpt>
   <trkpt lat="47.2699320" lon="4.7617530">
    <ele>356.4</ele>
   </trkpt>
   <trkpt lat="47.2699260" lon="4.7617230">
    <ele>356.8</ele>
   </trkpt>
   <trkpt lat="47.2699100" lon="4.7616850">
    <ele>357.0</ele>
   </trkpt>
   <trkpt lat="47.2698940" lon="4.7616680">
    <ele>357.0</ele>
   </trkpt>
   <trkpt lat="47.2698620" lon="4.7616130">
    <ele>358.0</ele>
   </trkpt>
   <trkpt lat="47.2698030" lon="4.7615290">
    <ele>358.8</ele>
   </trkpt>
   <trkpt lat="47.2697230" lon="4.7614230">
    <ele>359.0</ele>
   </trkpt>
   <trkpt lat="47.2697170" lon="4.7614020">
    <ele>359.0</ele>
   </trkpt>
   <trkpt lat="47.2697020" lon="4.7613740">
    <ele>359.2</ele>
   </trkpt>
   <trkpt lat="47.2696290" lon="4.7612310">
    <ele>360.4</ele>
   </trkpt>
   <trkpt lat="47.2696080" lon="4.7612010">
    <ele>361.0</ele>
   </trkpt>
   <trkpt lat="47.2695690" lon="4.7611370">
    <ele>361.6</ele>
   </trkpt>
   <trkpt lat="47.2695610" lon="4.7611150">
    <ele>361.8</ele>
   </trkpt>
   <trkpt lat="47.2695470" lon="4.7610620">
    <ele>361.8</ele>
   </trkpt>
   <trkpt lat="47.2695120" lon="4.7610190">
    <ele>362.2</ele>
   </trkpt>
   <trkpt lat="47.2695100" lon="4.7610150">
    <ele>362.6</ele>
   </trkpt>
   <trkpt lat="47.2694660" lon="4.7608990">
    <ele>363.6</ele>
   </trkpt>
   <trkpt lat="47.2694360" lon="4.7608440">
    <ele>364.2</ele>
   </trkpt>
   <trkpt lat="47.2694040" lon="4.7607870">
    <ele>365.2</ele>
   </trkpt>
   <trkpt lat="47.2693910" lon="4.7607640">
    <ele>365.4</ele>
   </trkpt>
   <trkpt lat="47.2693860" lon="4.7607480">
    <ele>365.6</ele>
   </trkpt>
   <trkpt lat="47.2693600" lon="4.7606980">
    <ele>366.2</ele>
   </trkpt>
   <trkpt lat="47.2693420" lon="4.7606300">
    <ele>366.8</ele>
   </trkpt>
   <trkpt lat="47.2693210" lon="4.7605660">
    <ele>367.0</ele>
   </trkpt>
   <trkpt lat="47.2692660" lon="4.7604520">
    <ele>367.8</ele>
   </trkpt>
   <trkpt lat="47.2692430" lon="4.7604060">
    <ele>368.4</ele>
   </trkpt>
   <trkpt lat="47.2692370" lon="4.7603760">
    <ele>368.4</ele>
   </trkpt>
   <trkpt lat="47.2691610" lon="4.7602750">
    <ele>369.0</ele>
   </trkpt>
   <trkpt lat="47.2691200" lon="4.7602270">
    <ele>369.6</ele>
   </trkpt>
   <trkpt lat="47.2691020" lon="4.7601780">
    <ele>370.6</ele>
   </trkpt>
   <trkpt lat="47.2690870" lon="4.7601560">
    <ele>370.6</ele>
   </trkpt>
   <trkpt lat="47.2690810" lon="4.7601180">
    <ele>370.8</ele>
   </trkpt>
   <trkpt lat="47.2690700" lon="4.7600210">
    <ele>371.6</ele>
   </trkpt>
   <trkpt lat="47.2690660" lon="4.7600020">
    <ele>371.8</ele>
   </trkpt>
   <trkpt lat="47.2690560" lon="4.7599010">
    <ele>372.4</ele>
   </trkpt>
   <trkpt lat="47.2690650" lon="4.7598750">
    <ele>372.8</ele>
   </trkpt>
   <trkpt lat="47.2690470" lon="4.7598430">
    <ele>373.4</ele>
   </trkpt>
   <trkpt lat="47.2690560" lon="4.7598280">
    <ele>373.8</ele>
   </trkpt>
   <trkpt lat="47.2690490" lon="4.7597740">
    <ele>374.6</ele>
   </trkpt>
   <trkpt lat="47.2690530" lon="4.7597530">
    <ele>375.4</ele>
   </trkpt>
   <trkpt lat="47.2690690" lon="4.7597340">
    <ele>375.4</ele>
   </trkpt>
   <trkpt lat="47.2691210" lon="4.7597130">
    <ele>376.6</ele>
   </trkpt>
   <trkpt lat="47.2691230" lon="4.7597070">
    <ele>376.6</ele>
   </trkpt>
   <trkpt lat="47.2691410" lon="4.7596320">
    <ele>377.4</ele>
   </trkpt>
   <trkpt lat="47.2691530" lon="4.7596100">
    <ele>377.8</ele>
   </trkpt>
   <trkpt lat="47.2691780" lon="4.7595490">
    <ele>379.0</ele>
   </trkpt>
   <trkpt lat="47.2691840" lon="4.7595020">
    <ele>380.0</ele>
   </trkpt>
   <trkpt lat="47.2691790" lon="4.7594660">
    <ele>380.2</ele>
   </trkpt>
   <trkpt lat="47.2691780" lon="4.7594320">
    <ele>380.4</ele>
   </trkpt>
   <trkpt lat="47.2692210" lon="4.7593850">
    <ele>381.2</ele>
   </trkpt>
   <trkpt lat="47.2692810" lon="4.7593250">
    <ele>382.2</ele>
   </trkpt>
   <trkpt lat="47.2693200" lon="4.7592520">
    <ele>382.6</ele>
   </trkpt>
   <trkpt lat="47.2693380" lon="4.7591940">
    <ele>383.6</ele>
   </trkpt>
   <trkpt lat="47.2693910" lon="4.7591510">
    <ele>384.2</ele>
   </trkpt>
   <trkpt lat="47.2694620" lon="4.7591340">
    <ele>384.8</ele>
   </trkpt>
   <trkpt lat="47.2694490" lon="4.7590830">
    <ele>385.0</ele>
   </trkpt>
   <trkpt lat="47.2694590" lon="4.7590280">
    <ele>385.6</ele>
   </trkpt>
   <trkpt lat="47.2694660" lon="4.7590030">
    <ele>386.0</ele>
   </trkpt>
   <trkpt lat="47.2695000" lon="4.7589470">
    <ele>387.0</ele>
   </trkpt>
   <trkpt lat="47.2695120" lon="4.7589030">
    <ele>387.6</ele>
   </trkpt>
   <trkpt lat="47.2695360" lon="4.7588820">
    <ele>388.0</ele>
   </trkpt>
   <trkpt lat="47.2695190" lon="4.7588230">
    <ele>388.0</ele>
   </trkpt>
   <trkpt lat="47.2695900" lon="4.7587980">
    <ele>389.0</ele>
   </trkpt>
   <trkpt lat="47.2696130" lon="4.7587900">
    <ele>389.4</ele>
   </trkpt>
   <trkpt lat="47.2696310" lon="4.7587130">
    <ele>390.0</ele>
   </trkpt>
   <trkpt lat="47.2696370" lon="4.7586870">
    <ele>390.2</ele>
   </trkpt>
   <trkpt lat="47.2696560" lon="4.7586230">
    <ele>390.6</ele>
   </trkpt>
   <trkpt lat="47.2696950" lon="4.7585910">
    <ele>391.4</ele>
   </trkpt>
   <trkpt lat="47.2697180" lon="4.7585780">
    <ele>391.6</ele>
   </trkpt>
   <trkpt lat="47.2697630" lon="4.7585630">
    <ele>391.6</ele>
   </trkpt>
   <trkpt lat="47.2698130" lon="4.7584970">
    <ele>392.8</ele>
   </trkpt>
   <trkpt lat="47.2698280" lon="4.7584790">
    <ele>393.2</ele>
   </trkpt>
   <trkpt lat="47.2698630" lon="4.7584550">
    <ele>393.8</ele>
   </trkpt>
   <trkpt lat="47.2698540" lon="4.7584250">
    <ele>394.2</ele>
   </trkpt>
   <trkpt lat="47.2698710" lon="4.7584130">
    <ele>394.4</ele>
   </trkpt>
   <trkpt lat="47.2699100" lon="4.7583950">
    <ele>395.0</ele>
   </trkpt>
   <trkpt lat="47.2699370" lon="4.7583790">
    <ele>395.8</ele>
   </trkpt>
   <trkpt lat="47.2699520" lon="4.7583740">
    <ele>396.2</ele>
   </trkpt>
   <trkpt lat="47.2699680" lon="4.7583480">
    <ele>396.4</ele>
   </trkpt>
   <trkpt lat="47.2700300" lon="4.7583120">
    <ele>397.4</ele>
   </trkpt>
   <trkpt lat="47.2700470" lon="4.7582720">
    <ele>398.4</ele>
   </trkpt>
   <trkpt lat="47.2700680" lon="4.7581820">
    <ele>399.4</ele>
   </trkpt>
   <trkpt lat="47.2700730" lon="4.7581640">
    <ele>399.8</ele>
   </trkpt>
   <trkpt lat="47.2700820" lon="4.7581530">
    <ele>400.2</ele>
   </trkpt>
   <trkpt lat="47.2701010" lon="4.7581380">
    <ele>400.6</ele>
   </trkpt>
   <trkpt lat="47.2701470" lon="4.7581130">
    <ele>401.8</ele>
   </trkpt>
   <trkpt lat="47.2702270" lon="4.7581120">
    <ele>402.8</ele>
   </trkpt>
   <trkpt lat="47.2702620" lon="4.7581010">
    <ele>403.2</ele>
   </trkpt>
   <trkpt lat="47.2703320" lon="4.7580860">
    <ele>404.0</ele>
   </trkpt>
   <trkpt lat="47.2704050" lon="4.7580990">
    <ele>404.8</ele>
   </trkpt>
   <trkpt lat="47.2704150" lon="4.7580950">
    <ele>405.2</ele>
   </trkpt>
   <trkpt lat="47.2704550" lon="4.7580290">
    <ele>406.0</ele>
   </trkpt>
   <trkpt lat="47.2704710" lon="4.7580190">
    <ele>406.4</ele>
   </trkpt>
   <trkpt lat="47.2704770" lon="4.7580050">
    <ele>406.4</ele>
   </trkpt>
   <trkpt lat="47.2704930" lon="4.7579890">
    <ele>407.4</ele>
   </trkpt>
   <trkpt lat="47.2705260" lon="4.7579740">
    <ele>408.2</ele>
   </trkpt>
   <trkpt lat="47.2705400" lon="4.7579730">
    <ele>408.8</ele>
   </trkpt>
   <trkpt lat="47.2705840" lon="4.7579890">
    <ele>409.2</ele>
   </trkpt>
   <trkpt lat="47.2706050" lon="4.7579860">
    <ele>409.4</ele>
   </trkpt>
   <trkpt lat="47.2706660" lon="4.7579770">
    <ele>410.0</ele>
   </trkpt>
   <trkpt lat="47.2707020" lon="4.7579570">
    <ele>410.6</ele>
   </trkpt>
   <trkpt lat="47.2707250" lon="4.7579360">
    <ele>410.8</ele>
   </trkpt>
   <trkpt lat="47.2707400" lon="4.7579260">
    <ele>411.0</ele>
   </trkpt>
   <trkpt lat="47.2708200" lon="4.7578720">
    <ele>412.2</ele>
   </trkpt>
   <trkpt lat="47.2709360" lon="4.7578780">
    <ele>412.8</ele>
   </trkpt>
   <trkpt lat="47.2710400" lon="4.7578970">
    <ele>413.0</ele>
   </trkpt>
   <trkpt lat="47.2710700" lon="4.7578950">
    <ele>413.2</ele>
   </trkpt>
   <trkpt lat="47.2711290" lon="4.7579120">
    <ele>413.2</ele>
   </trkpt>
   <trkpt lat="47.2711480" lon="4.7579120">
    <ele>413.2</ele>
   </trkpt>
   <trkpt lat="47.2711620" lon="4.7579210">
    <ele>413.2</ele>
   </trkpt>
   <trkpt lat="47.2712210" lon="4.7579480">
    <ele>413.4</ele>
   </trkpt>
   <trkpt lat="47.2712470" lon="4.7579620">
    <ele>413.4</ele>
   </trkpt>
   <trkpt lat="47.2712750" lon="4.7579650">
    <ele>413.6</ele>
   </trkpt>
   <trkpt lat="47.2713090" lon="4.7579520">
    <ele>414.2</ele>
   </trkpt>
   <trkpt lat="47.2713250" lon="4.7579470">
    <ele>414.6</ele>
   </trkpt>
   <trkpt lat="47.2713690" lon="4.7579310">
    <ele>415.2</ele>
   </trkpt>
   <trkpt lat="47.2714270" lon="4.7578850">
    <ele>415.4</ele>
   </trkpt>
   <trkpt lat="47.2714460" lon="4.7578790">
    <ele>416.0</ele>
   </trkpt>
   <trkpt lat="47.2714600" lon="4.7578590">
    <ele>416.4</ele>
   </trkpt>
   <trkpt lat="47.2715080" lon="4.7578470">
    <ele>416.8</ele>
   </trkpt>
   <trkpt lat="47.2715570" lon="4.7578470">
    <ele>417.0</ele>
   </trkpt>
   <trkpt lat="47.2715830" lon="4.7578430">
    <ele>417.0</ele>
   </trkpt>
   <trkpt lat="47.2717030" lon="4.7578300">
    <ele>417.4</ele>
   </trkpt>
   <trkpt lat="47.2717620" lon="4.7578430">
    <ele>417.8</ele>
   </trkpt>
   <trkpt lat="47.2717860" lon="4.7578380">
    <ele>417.8</ele>
   </trkpt>
   <trkpt lat="47.2718020" lon="4.7578180">
    <ele>418.2</ele>
   </trkpt>
   <trkpt lat="47.2719120" lon="4.7578140">
    <ele>419.4</ele>
   </trkpt>
   <trkpt lat="47.2719360" lon="4.7578070">
    <ele>419.8</ele>
   </trkpt>
   <trkpt lat="47.2719570" lon="4.7577920">
    <ele>419.8</ele>
   </trkpt>
   <trkpt lat="47.2720370" lon="4.7577400">
    <ele>420.4</ele>
   </trkpt>
   <trkpt lat="47.2720670" lon="4.7577230">
    <ele>420.4</ele>
   </trkpt>
   <trkpt lat="47.2721560" lon="4.7576770">
    <ele>421.6</ele>
   </trkpt>
   <trkpt lat="47.2721780" lon="4.7576690">
    <ele>422.0</ele>
   </trkpt>
   <trkpt lat="47.2722300" lon="4.7576390">
    <ele>422.4</ele>
   </trkpt>
   <trkpt lat="47.2722670" lon="4.7576160">
    <ele>422.6</ele>
   </trkpt>
   <trkpt lat="47.2723030" lon="4.7576060">
    <ele>422.8</ele>
   </trkpt>
   <trkpt lat="47.2724470" lon="4.7575700">
    <ele>423.2</ele>
   </trkpt>
   <trkpt lat="47.2724570" lon="4.7575400">
    <ele>423.4</ele>
   </trkpt>
   <trkpt lat="47.2724730" lon="4.7574800">
    <ele>423.4</ele>
   </trkpt>
   <trkpt lat="47.2725230" lon="4.7573940">
    <ele>423.8</ele>
   </trkpt>
   <trkpt lat="47.2725900" lon="4.7572900">
    <ele>424.6</ele>
   </trkpt>
   <trkpt lat="47.2726160" lon="4.7572590">
    <ele>425.0</ele>
   </trkpt>
   <trkpt lat="47.2726660" lon="4.7572410">
    <ele>425.4</ele>
   </trkpt>
   <trkpt lat="47.2726780" lon="4.7572550">
    <ele>425.6</ele>
   </trkpt>
   <trkpt lat="47.2727070" lon="4.7573110">
    <ele>426.0</ele>
   </trkpt>
   <trkpt lat="47.2727310" lon="4.7573510">
    <ele>426.2</ele>
   </trkpt>
   <trkpt lat="47.2727570" lon="4.7573800">
    <ele>426.2</ele>
   </trkpt>
   <trkpt lat="47.2728570" lon="4.7574430">
    <ele>427.0</ele>
   </trkpt>
   <trkpt lat="47.2729010" lon="4.7574570">
    <ele>427.2</ele>
   </trkpt>
   <trkpt lat="47.2729230" lon="4.7574490">
    <ele>427.2</ele>
   </trkpt>
   <trkpt lat="47.2729720" lon="4.7573970">
    <ele>427.2</ele>
   </trkpt>
   <trkpt lat="47.2729880" lon="4.7573790">
    <ele>427.2</ele>
   </trkpt>
   <trkpt lat="47.2730240" lon="4.7573710">
    <ele>427.2</ele>
   </trkpt>
   <trkpt lat="47.2730450" lon="4.7573070">
    <ele>427.6</ele>
   </trkpt>
   <trkpt lat="47.2730560" lon="4.7572460">
    <ele>428.2</ele>
   </trkpt>
   <trkpt lat="47.2730480" lon="4.7572130">
    <ele>428.4</ele>
   </trkpt>
   <trkpt lat="47.2730320" lon="4.7571850">
    <ele>428.8</ele>
   </trkpt>
   <trkpt lat="47.2729840" lon="4.7570890">
    <ele>429.6</ele>
   </trkpt>
   <trkpt lat="47.2729280" lon="4.7569640">
    <ele>429.8</ele>
   </trkpt>
   <trkpt lat="47.2729170" lon="4.7568940">
    <ele>429.8</ele>
   </trkpt>
   <trkpt lat="47.2729050" lon="4.7568340">
    <ele>429.8</ele>
   </trkpt>
   <trkpt lat="47.2728850" lon="4.7568020">
    <ele>430.2</ele>
   </trkpt>
   <trkpt lat="47.2728660" lon="4.7567670">
    <ele>430.8</ele>
   </trkpt>
   <trkpt lat="47.2728660" lon="4.7567450">
    <ele>431.0</ele>
   </trkpt>
   <trkpt lat="47.2728570" lon="4.7566850">
    <ele>431.4</ele>
   </trkpt>
   <trkpt lat="47.2728550" lon="4.7566570">
    <ele>432.2</ele>
   </trkpt>
   <trkpt lat="47.2728530" lon="4.7566410">
    <ele>432.8</ele>
   </trkpt>
   <trkpt lat="47.2728400" lon="4.7565670">
    <ele>433.0</ele>
   </trkpt>
   <trkpt lat="47.2728060" lon="4.7564690">
    <ele>433.6</ele>
   </trkpt>
   <trkpt lat="47.2727970" lon="4.7564370">
    <ele>434.0</ele>
   </trkpt>
   <trkpt lat="47.2727880" lon="4.7564050">
    <ele>434.8</ele>
   </trkpt>
   <trkpt lat="47.2727740" lon="4.7563200">
    <ele>435.0</ele>
   </trkpt>
   <trkpt lat="47.2727700" lon="4.7562940">
    <ele>435.0</ele>
   </trkpt>
   <trkpt lat="47.2727780" lon="4.7562820">
    <ele>435.2</ele>
   </trkpt>
   <trkpt lat="47.2727940" lon="4.7562500">
    <ele>435.6</ele>
   </trkpt>
   <trkpt lat="47.2727920" lon="4.7562250">
    <ele>435.8</ele>
   </trkpt>
   <trkpt lat="47.2727950" lon="4.7561800">
    <ele>436.0</ele>
   </trkpt>
   <trkpt lat="47.2727960" lon="4.7561580">
    <ele>436.4</ele>
   </trkpt>
   <trkpt lat="47.2727930" lon="4.7561580">
    <ele>437.4</ele>
   </trkpt>
   <trkpt lat="47.2727780" lon="4.7560920">
    <ele>437.4</ele>
   </trkpt>
   <trkpt lat="47.2727880" lon="4.7560350">
    <ele>437.6</ele>
   </trkpt>
   <trkpt lat="47.2727800" lon="4.7559600">
    <ele>438.2</ele>
   </trkpt>
   <trkpt lat="47.2727760" lon="4.7559210">
    <ele>438.4</ele>
   </trkpt>
   <trkpt lat="47.2727650" lon="4.7558820">
    <ele>438.8</ele>
   </trkpt>
   <trkpt lat="47.2727530" lon="4.7558350">
    <ele>439.2</ele>
   </trkpt>
   <trkpt lat="47.2727160" lon="4.7557120">
    <ele>439.8</ele>
   </trkpt>
   <trkpt lat="47.2727160" lon="4.7557010">
    <ele>440.2</ele>
   </trkpt>
   <trkpt lat="47.2727070" lon="4.7556190">
    <ele>441.0</ele>
   </trkpt>
   <trkpt lat="47.2726750" lon="4.7555640">
    <ele>442.0</ele>
   </trkpt>
   <trkpt lat="47.2726640" lon="4.7555310">
    <ele>442.6</ele>
   </trkpt>
   <trkpt lat="47.2726370" lon="4.7554810">
    <ele>442.8</ele>
   </trkpt>
   <trkpt lat="47.2725620" lon="4.7553550">
    <ele>443.6</ele>
   </trkpt>
   <trkpt lat="47.2725270" lon="4.7552410">
    <ele>445.0</ele>
   </trkpt>
   <trkpt lat="47.2725270" lon="4.7552000">
    <ele>445.4</ele>
   </trkpt>
   <trkpt lat="47.2725160" lon="4.7551190">
    <ele>446.2</ele>
   </trkpt>
   <trkpt lat="47.2725070" lon="4.7550500">
    <ele>447.0</ele>
   </trkpt>
   <trkpt lat="47.2725120" lon="4.7550270">
    <ele>447.2</ele>
   </trkpt>
   <trkpt lat="47.2724930" lon="4.7549800">
    <ele>447.6</ele>
   </trkpt>
   <trkpt lat="47.2724900" lon="4.7549170">
    <ele>448.6</ele>
   </trkpt>
   <trkpt lat="47.2724800" lon="4.7548860">
    <ele>449.2</ele>
   </trkpt>
   <trkpt lat="47.2724660" lon="4.7548450">
    <ele>450.2</ele>
   </trkpt>
   <trkpt lat="47.2724680" lon="4.7548230">
    <ele>451.6</ele>
   </trkpt>
   <trkpt lat="47.2724700" lon="4.7548190">
    <ele>452.0</ele>
   </trkpt>
   <trkpt lat="47.2724670" lon="4.7548150">
    <ele>452.8</ele>
   </trkpt>
   <trkpt lat="47.2724630" lon="4.7548220">
    <ele>453.2</ele>
   </trkpt>
   <trkpt lat="47.2724600" lon="4.7548210">
    <ele>453.8</ele>
   </trkpt>
   <trkpt lat="47.2724620" lon="4.7548190">
    <ele>454.2</ele>
   </trkpt>
   <trkpt lat="47.2724610" lon="4.7548120">
    <ele>454.8</ele>
   </trkpt>
   <trkpt lat="47.2724610" lon="4.7547990">
    <ele>455.2</ele>
   </trkpt>
   <trkpt lat="47.2724420" lon="4.7547510">
    <ele>456.4</ele>
   </trkpt>
   <trkpt lat="47.2724440" lon="4.7547460">
    <ele>457.0</ele>
   </trkpt>
   <trkpt lat="47.2724390" lon="4.7547340">
    <ele>457.2</ele>
   </trkpt>
   <trkpt lat="47.2724330" lon="4.7547200">
    <ele>457.6</ele>
   </trkpt>
   <trkpt lat="47.2724160" lon="4.7547020">
    <ele>458.8</ele>
   </trkpt>
   <trkpt lat="47.2724160" lon="4.7546930">
    <ele>459.4</ele>
   </trkpt>
   <trkpt lat="47.2724140" lon="4.7546840">
    <ele>459.8</ele>
   </trkpt>
   <trkpt lat="47.2724100" lon="4.7546650">
    <ele>460.0</ele>
   </trkpt>
   <trkpt lat="47.2724140" lon="4.7546520">
    <ele>460.0</ele>
   </trkpt>
   <trkpt lat="47.2724280" lon="4.7546490">
    <ele>460.6</ele>
   </trkpt>
   <trkpt lat="47.2724110" lon="4.7546110">
    <ele>460.8</ele>
   </trkpt>
   <trkpt lat="47.2724160" lon="4.7545950">
    <ele>461.4</ele>
   </trkpt>
   <trkpt lat="47.2724190" lon="4.7545820">
    <ele>461.8</ele>
   </trkpt>
   <trkpt lat="47.2724250" lon="4.7545570">
    <ele>462.6</ele>
   </trkpt>
   <trkpt lat="47.2724240" lon="4.7545090">
    <ele>464.0</ele>
   </trkpt>
   <trkpt lat="47.2723920" lon="4.7544360">
    <ele>465.2</ele>
   </trkpt>
   <trkpt lat="47.2723890" lon="4.7544220">
    <ele>466.0</ele>
   </trkpt>
   <trkpt lat="47.2723800" lon="4.7544020">
    <ele>466.4</ele>
   </trkpt>
   <trkpt lat="47.2723750" lon="4.7543910">
    <ele>467.2</ele>
   </trkpt>
   <trkpt lat="47.2723730" lon="4.7543820">
    <ele>467.4</ele>
   </trkpt>
   <trkpt lat="47.2723630" lon="4.7543520">
    <ele>468.4</ele>
   </trkpt>
   <trkpt lat="47.2723560" lon="4.7543380">
    <ele>468.6</ele>
   </trkpt>
   <trkpt lat="47.2723440" lon="4.7542860">
    <ele>469.8</ele>
   </trkpt>
   <trkpt lat="47.2723410" lon="4.7542590">
    <ele>470.8</ele>
   </trkpt>
   <trkpt lat="47.2723360" lon="4.7542370">
    <ele>471.8</ele>
   </trkpt>
   <trkpt lat="47.2723400" lon="4.7542300">
    <ele>472.0</ele>
   </trkpt>
   <trkpt lat="47.2723230" lon="4.7541790">
    <ele>473.2</ele>
   </trkpt>
   <trkpt lat="47.2723270" lon="4.7541390">
    <ele>473.6</ele>
   </trkpt>
   <trkpt lat="47.2723280" lon="4.7541190">
    <ele>473.8</ele>
   </trkpt>
   <trkpt lat="47.2723320" lon="4.7541090">
    <ele>474.4</ele>
   </trkpt>
   <trkpt lat="47.2723310" lon="4.7540890">
    <ele>474.8</ele>
   </trkpt>
   <trkpt lat="47.2723220" lon="4.7540590">
    <ele>475.2</ele>
   </trkpt>
   <trkpt lat="47.2723170" lon="4.7540420">
    <ele>476.6</ele>
   </trkpt>
   <trkpt lat="47.2723090" lon="4.7540260">
    <ele>476.6</ele>
   </trkpt>
   <trkpt lat="47.2722890" lon="4.7539950">
    <ele>477.4</ele>
   </trkpt>
   <trkpt lat="47.2722730" lon="4.7539780">
    <ele>478.0</ele>
   </trkpt>
   <trkpt lat="47.2722620" lon="4.7539610">
    <ele>478.4</ele>
   </trkpt>
   <trkpt lat="47.2722570" lon="4.7539600">
    <ele>478.8</ele>
   </trkpt>
   <trkpt lat="47.2722530" lon="4.7539560">
    <ele>479.2</ele>
   </trkpt>
   <trkpt lat="47.2722020" lon="4.7539140">
    <ele>480.0</ele>
   </trkpt>
   <trkpt lat="47.2721840" lon="4.7539210">
    <ele>480.2</ele>
   </trkpt>
   <trkpt lat="47.2721580" lon="4.7539170">
    <ele>480.4</ele>
   </trkpt>
   <trkpt lat="47.2721150" lon="4.7539060">
    <ele>480.8</ele>
   </trkpt>
   <trkpt lat="47.2720750" lon="4.7539100">
    <ele>481.4</ele>
   </trkpt>
   <trkpt lat="47.2720600" lon="4.7539040">
    <ele>481.4</ele>
   </trkpt>
   <trkpt lat="47.2719980" lon="4.7538680">
    <ele>482.4</ele>
   </trkpt>
   <trkpt lat="47.2719190" lon="4.7538020">
    <ele>483.6</ele>
   </trkpt>
   <trkpt lat="47.2719000" lon="4.7537770">
    <ele>484.0</ele>
   </trkpt>
   <trkpt lat="47.2718300" lon="4.7537080">
    <ele>485.2</ele>
   </trkpt>
   <trkpt lat="47.2718040" lon="4.7536790">
    <ele>485.8</ele>
   </trkpt>
   <trkpt lat="47.2717830" lon="4.7536550">
    <ele>486.2</ele>
   </trkpt>
   <trkpt lat="47.2717680" lon="4.7536560">
    <ele>487.0</ele>
   </trkpt>
   <trkpt lat="47.2717500" lon="4.7536380">
    <ele>487.6</ele>
   </trkpt>
   <trkpt lat="47.2717330" lon="4.7536150">
    <ele>488.0</ele>
   </trkpt>
   <trkpt lat="47.2717160" lon="4.7535750">
    <ele>488.6</ele>
   </trkpt>
   <trkpt lat="47.2717140" lon="4.7535620">
    <ele>488.8</ele>
   </trkpt>
   <trkpt lat="47.2716900" lon="4.7535180">
    <ele>489.2</ele>
   </trkpt>
   <trkpt lat="47.2716510" lon="4.7534420">
    <ele>490.0</ele>
   </trkpt>
   <trkpt lat="47.2716420" lon="4.7534220">
    <ele>490.0</ele>
   </trkpt>
   <trkpt lat="47.2716280" lon="4.7533440">
    <ele>491.2</ele>
   </trkpt>
   <trkpt lat="47.2716270" lon="4.7533110">
    <ele>492.0</ele>
   </trkpt>
   <trkpt lat="47.2716170" lon="4.7532910">
    <ele>492.4</ele>
   </trkpt>
   <trkpt lat="47.2715970" lon="4.7532590">
    <ele>492.6</ele>
   </trkpt>
   <trkpt lat="47.2715710" lon="4.7532330">
    <ele>493.0</ele>
   </trkpt>
   <trkpt lat="47.2715470" lon="4.7531910">
    <ele>493.8</ele>
   </trkpt>
   <trkpt lat="47.2715090" lon="4.7531260">
    <ele>494.2</ele>
   </trkpt>
   <trkpt lat="47.2714850" lon="4.7530810">
    <ele>494.8</ele>
   </trkpt>
   <trkpt lat="47.2714140" lon="4.7529360">
    <ele>496.0</ele>
   </trkpt>
   <trkpt lat="47.2714010" lon="4.7529190">
    <ele>496.2</ele>
   </trkpt>
   <trkpt lat="47.2713410" lon="4.7528630">
    <ele>496.8</ele>
   </trkpt>
   <trkpt lat="47.2712970" lon="4.7528070">
    <ele>497.0</ele>
   </trkpt>
   <trkpt lat="47.2712030" lon="4.7527160">
    <ele>498.0</ele>
   </trkpt>
   <trkpt lat="47.2711920" lon="4.7527070">
    <ele>498.4</ele>
   </trkpt>
   <trkpt lat="47.2711660" lon="4.7526780">
    <ele>499.2</ele>
   </trkpt>
   <trkpt lat="47.2711230" lon="4.7526330">
    <ele>499.6</ele>
   </trkpt>
   <trkpt lat="47.2710550" lon="4.7525640">
    <ele>500.2</ele>
   </trkpt>
   <trkpt lat="47.2710450" lon="4.7525600">
    <ele>500.6</ele>
   </trkpt>
   <trkpt lat="47.2710260" lon="4.7525500">
    <ele>500.6</ele>
   </trkpt>
   <trkpt lat="47.2709600" lon="4.7525080">
    <ele>501.2</ele>
   </trkpt>
   <trkpt lat="47.2708520" lon="4.7524270">
    <ele>502.4</ele>
   </trkpt>
   <trkpt lat="47.2707750" lon="4.7523130">
    <ele>503.6</ele>
   </trkpt>
   <trkpt lat="47.2706850" lon="4.7521940">
    <ele>504.4</ele>
   </trkpt>
   <trkpt lat="47.2706460" lon="4.7521590">
    <ele>505.0</ele>
   </trkpt>
   <trkpt lat="47.2705930" lon="4.7521160">
    <ele>505.6</ele>
   </trkpt>
   <trkpt lat="47.2705610" lon="4.7520830">
    <ele>506.0</ele>
   </trkpt>
   <trkpt lat="47.2705100" lon="4.7520440">
    <ele>507.0</ele>
   </trkpt>
   <trkpt lat="47.2704900" lon="4.7520470">
    <ele>507.2</ele>
   </trkpt>
   <trkpt lat="47.2704510" lon="4.7520230">
    <ele>507.4</ele>
   </trkpt>
   <trkpt lat="47.2704380" lon="4.7520170">
    <ele>507.4</ele>
   </trkpt>
   <trkpt lat="47.2703920" lon="4.7519860">
    <ele>508.4</ele>
   </trkpt>
   <trkpt lat="47.2703420" lon="4.7519340">
    <ele>509.0</ele>
   </trkpt>
   <trkpt lat="47.2703260" lon="4.7519090">
    <ele>509.2</ele>
   </trkpt>
   <trkpt lat="47.2702960" lon="4.7518780">
    <ele>509.6</ele>
   </trkpt>
   <trkpt lat="47.2702240" lon="4.7518210">
    <ele>510.2</ele>
   </trkpt>
   <trkpt lat="47.2701960" lon="4.7518070">
    <ele>510.6</ele>
   </trkpt>
   <trkpt lat="47.2701220" lon="4.7517720">
    <ele>511.4</ele>
   </trkpt>
   <trkpt lat="47.2700920" lon="4.7517910">
    <ele>511.8</ele>
   </trkpt>
   <trkpt lat="47.2700250" lon="4.7517470">
    <ele>512.4</ele>
   </trkpt>
   <trkpt lat="47.2699800" lon="4.7516970">
    <ele>513.0</ele>
   </trkpt>
   <trkpt lat="47.2699180" lon="4.7516390">
    <ele>513.6</ele>
   </trkpt>
   <trkpt lat="47.2698200" lon="4.7515680">
    <ele>514.2</ele>
   </trkpt>
   <trkpt lat="47.2698030" lon="4.7515540">
    <ele>514.4</ele>
   </trkpt>
   <trkpt lat="47.2697600" lon="4.7515320">
    <ele>515.2</ele>
   </trkpt>
   <trkpt lat="47.2696890" lon="4.7514860">
    <ele>515.6</ele>
   </trkpt>
   <trkpt lat="47.2695790" lon="4.7513520">
    <ele>516.4</ele>
   </trkpt>
   <trkpt lat="47.2695450" lon="4.7513230">
    <ele>516.4</ele>
   </trkpt>
   <trkpt lat="47.2694360" lon="4.7512680">
    <ele>517.6</ele>
   </trkpt>
   <trkpt lat="47.2694110" lon="4.7512610">
    <ele>517.6</ele>
   </trkpt>
   <trkpt lat="47.2693090" lon="4.7512320">
    <ele>518.6</ele>
   </trkpt>
   <trkpt lat="47.2692110" lon="4.7512210">
    <ele>519.0</ele>
   </trkpt>
   <trkpt lat="47.2691540" lon="4.7511920">
    <ele>519.8</ele>
   </trkpt>
   <trkpt lat="47.2690580" lon="4.7511450">
    <ele>520.2</ele>
   </trkpt>
   <trkpt lat="47.2689990" lon="4.7511120">
    <ele>520.6</ele>
   </trkpt>
   <trkpt lat="47.2689700" lon="4.7510950">
    <ele>520.8</ele>
   </trkpt>
   <trkpt lat="47.2689530" lon="4.7510780">
    <ele>521.0</ele>
   </trkpt>
   <trkpt lat="47.2688390" lon="4.7509910">
    <ele>521.4</ele>
   </trkpt>
   <trkpt lat="47.2687140" lon="4.7508740">
    <ele>521.2</ele>
   </trkpt>
   <trkpt lat="47.2685730" lon="4.7507810">
    <ele>521.4</ele>
   </trkpt>
   <trkpt lat="47.2684470" lon="4.7506990">
    <ele>521.6</ele>
   </trkpt>
   <trkpt lat="47.2683910" lon="4.7506110">
    <ele>521.8</ele>
   </trkpt>
   <trkpt lat="47.2683010" lon="4.7505230">
    <ele>522.0</ele>
   </trkpt>
   <trkpt lat="47.2682270" lon="4.7505030">
    <ele>522.2</ele>
   </trkpt>
   <trkpt lat="47.2680790" lon="4.7504780">
    <ele>522.6</ele>
   </trkpt>
   <trkpt lat="47.2679490" lon="4.7503640">
    <ele>522.4</ele>
   </trkpt>
   <trkpt lat="47.2678960" lon="4.7503270">
    <ele>523.0</ele>
   </trkpt>
   <trkpt lat="47.2678440" lon="4.7503040">
    <ele>523.0</ele>
   </trkpt>
   <trkpt lat="47.2677800" lon="4.7503120">
    <ele>523.0</ele>
   </trkpt>
   <trkpt lat="47.2676560" lon="4.7501930">
    <ele>522.8</ele>
   </trkpt>
   <trkpt lat="47.2675460" lon="4.7500640">
    <ele>522.8</ele>
   </trkpt>
   <trkpt lat="47.2674090" lon="4.7498600">
    <ele>523.0</ele>
   </trkpt>
   <trkpt lat="47.2673870" lon="4.7498310">
    <ele>523.0</ele>
   </trkpt>
   <trkpt lat="47.2672450" lon="4.7496550">
    <ele>523.0</ele>
   </trkpt>
   <trkpt lat="47.2671460" lon="4.7495330">
    <ele>522.6</ele>
   </trkpt>
   <trkpt lat="47.2670090" lon="4.7493720">
    <ele>522.8</ele>
   </trkpt>
   <trkpt lat="47.2668780" lon="4.7492820">
    <ele>522.8</ele>
   </trkpt>
   <trkpt lat="47.2667560" lon="4.7492830">
    <ele>522.2</ele>
   </trkpt>
   <trkpt lat="47.2666970" lon="4.7493240">
    <ele>521.8</ele>
   </trkpt>
   <trkpt lat="47.2666210" lon="4.7494120">
    <ele>521.6</ele>
   </trkpt>
   <trkpt lat="47.2664960" lon="4.7495360">
    <ele>521.0</ele>
   </trkpt>
   <trkpt lat="47.2663990" lon="4.7496440">
    <ele>520.8</ele>
   </trkpt>
   <trkpt lat="47.2663770" lon="4.7496460">
    <ele>520.4</ele>
   </trkpt>
   <trkpt lat="47.2663120" lon="4.7496860">
    <ele>519.8</ele>
   </trkpt>
   <trkpt lat="47.2662450" lon="4.7497340">
    <ele>519.8</ele>
   </trkpt>
   <trkpt lat="47.2661090" lon="4.7497280">
    <ele>518.8</ele>
   </trkpt>
   <trkpt lat="47.2660830" lon="4.7497230">
    <ele>518.6</ele>
   </trkpt>
   <trkpt lat="47.2659250" lon="4.7497680">
    <ele>518.2</ele>
   </trkpt>
   <trkpt lat="47.2657820" lon="4.7498760">
    <ele>517.6</ele>
   </trkpt>
   <trkpt lat="47.2657530" lon="4.7498880">
    <ele>517.4</ele>
   </trkpt>
   <trkpt lat="47.2656700" lon="4.7499220">
    <ele>516.8</ele>
   </trkpt>
   <trkpt lat="47.2656070" lon="4.7499700">
    <ele>516.2</ele>
   </trkpt>
   <trkpt lat="47.2655460" lon="4.7500440">
    <ele>515.8</ele>
   </trkpt>
   <trkpt lat="47.2654200" lon="4.7501210">
    <ele>515.0</ele>
   </trkpt>
   <trkpt lat="47.2653840" lon="4.7501220">
    <ele>515.0</ele>
   </trkpt>
   <trkpt lat="47.2652490" lon="4.7502180">
    <ele>514.0</ele>
   </trkpt>
   <trkpt lat="47.2652180" lon="4.7502400">
    <ele>513.6</ele>
   </trkpt>
   <trkpt lat="47.2651180" lon="4.7503150">
    <ele>512.8</ele>
   </trkpt>
   <trkpt lat="47.2650340" lon="4.7503570">
    <ele>511.8</ele>
   </trkpt>
   <trkpt lat="47.2650100" lon="4.7503670">
    <ele>511.4</ele>
   </trkpt>
   <trkpt lat="47.2649410" lon="4.7503790">
    <ele>510.2</ele>
   </trkpt>
   <trkpt lat="47.2649120" lon="4.7504020">
    <ele>509.8</ele>
   </trkpt>
   <trkpt lat="47.2648570" lon="4.7504500">
    <ele>509.0</ele>
   </trkpt>
   <trkpt lat="47.2647440" lon="4.7505750">
    <ele>508.0</ele>
   </trkpt>
   <trkpt lat="47.2647150" lon="4.7506100">
    <ele>508.0</ele>
   </trkpt>
   <trkpt lat="47.2646560" lon="4.7506720">
    <ele>506.4</ele>
   </trkpt>
   <trkpt lat="47.2646270" lon="4.7506960">
    <ele>506.2</ele>
   </trkpt>
   <trkpt lat="47.2645760" lon="4.7507550">
    <ele>505.8</ele>
   </trkpt>
   <trkpt lat="47.2645380" lon="4.7508350">
    <ele>505.0</ele>
   </trkpt>
   <trkpt lat="47.2644900" lon="4.7508880">
    <ele>503.8</ele>
   </trkpt>
   <trkpt lat="47.2644280" lon="4.7509400">
    <ele>502.8</ele>
   </trkpt>
   <trkpt lat="47.2643060" lon="4.7510490">
    <ele>501.8</ele>
   </trkpt>
   <trkpt lat="47.2641400" lon="4.7512280">
    <ele>500.8</ele>
   </trkpt>
   <trkpt lat="47.2641170" lon="4.7512850">
    <ele>500.2</ele>
   </trkpt>
   <trkpt lat="47.2640710" lon="4.7514070">
    <ele>498.8</ele>
   </trkpt>
   <trkpt lat="47.2640550" lon="4.7514490">
    <ele>498.4</ele>
   </trkpt>
   <trkpt lat="47.2640250" lon="4.7515170">
    <ele>497.0</ele>
   </trkpt>
   <trkpt lat="47.2639740" lon="4.7516120">
    <ele>495.2</ele>
   </trkpt>
   <trkpt lat="47.2639380" lon="4.7516800">
    <ele>494.2</ele>
   </trkpt>
   <trkpt lat="47.2639040" lon="4.7517700">
    <ele>492.6</ele>
   </trkpt>
   <trkpt lat="47.2638840" lon="4.7518090">
    <ele>492.0</ele>
   </trkpt>
   <trkpt lat="47.2638660" lon="4.7518530">
    <ele>491.4</ele>
   </trkpt>
   <trkpt lat="47.2638320" lon="4.7519350">
    <ele>490.8</ele>
   </trkpt>
   <trkpt lat="47.2638110" lon="4.7519900">
    <ele>490.0</ele>
   </trkpt>
   <trkpt lat="47.2637710" lon="4.7520820">
    <ele>488.8</ele>
   </trkpt>
   <trkpt lat="47.2637330" lon="4.7522780">
    <ele>487.4</ele>
   </trkpt>
   <trkpt lat="47.2637150" lon="4.7524010">
    <ele>486.2</ele>
   </trkpt>
   <trkpt lat="47.2636920" lon="4.7525000">
    <ele>484.8</ele>
   </trkpt>
   <trkpt lat="47.2636790" lon="4.7525520">
    <ele>484.4</ele>
   </trkpt>
   <trkpt lat="47.2636500" lon="4.7526500">
    <ele>483.4</ele>
   </trkpt>
   <trkpt lat="47.2636060" lon="4.7527040">
    <ele>481.6</ele>
   </trkpt>
   <trkpt lat="47.2635840" lon="4.7527280">
    <ele>480.8</ele>
   </trkpt>
   <trkpt lat="47.2635590" lon="4.7527610">
    <ele>480.2</ele>
   </trkpt>
   <trkpt lat="47.2635110" lon="4.7528090">
    <ele>479.2</ele>
   </trkpt>
   <trkpt lat="47.2634590" lon="4.7528660">
    <ele>478.8</ele>
   </trkpt>
   <trkpt lat="47.2634110" lon="4.7529270">
    <ele>477.4</ele>
   </trkpt>
   <trkpt lat="47.2633550" lon="4.7529710">
    <ele>475.2</ele>
   </trkpt>
   <trkpt lat="47.2633030" lon="4.7530140">
    <ele>473.8</ele>
   </trkpt>
   <trkpt lat="47.2632170" lon="4.7531290">
    <ele>472.2</ele>
   </trkpt>
   <trkpt lat="47.2631700" lon="4.7531710">
    <ele>470.8</ele>
   </trkpt>
   <trkpt lat="47.2631200" lon="4.7532240">
    <ele>469.6</ele>
   </trkpt>
   <trkpt lat="47.2630670" lon="4.7532810">
    <ele>468.0</ele>
   </trkpt>
   <trkpt lat="47.2630410" lon="4.7533040">
    <ele>467.2</ele>
   </trkpt>
   <trkpt lat="47.2630150" lon="4.7533260">
    <ele>466.4</ele>
   </trkpt>
   <trkpt lat="47.2629430" lon="4.7533980">
    <ele>465.4</ele>
   </trkpt>
   <trkpt lat="47.2628770" lon="4.7534810">
    <ele>464.2</ele>
   </trkpt>
   <trkpt lat="47.2628310" lon="4.7535650">
    <ele>463.0</ele>
   </trkpt>
   <trkpt lat="47.2627930" lon="4.7536610">
    <ele>461.8</ele>
   </trkpt>
   <trkpt lat="47.2627740" lon="4.7537110">
    <ele>461.2</ele>
   </trkpt>
   <trkpt lat="47.2627370" lon="4.7538130">
    <ele>460.4</ele>
   </trkpt>
   <trkpt lat="47.2626820" lon="4.7539400">
    <ele>459.2</ele>
   </trkpt>
   <trkpt lat="47.2626460" lon="4.7540300">
    <ele>458.0</ele>
   </trkpt>
   <trkpt lat="47.2626260" lon="4.7540770">
    <ele>457.6</ele>
   </trkpt>
   <trkpt lat="47.2626070" lon="4.7541260">
    <ele>457.0</ele>
   </trkpt>
   <trkpt lat="47.2625580" lon="4.7542750">
    <ele>455.6</ele>
   </trkpt>
   <trkpt lat="47.2625200" lon="4.7543660">
    <ele>454.6</ele>
   </trkpt>
   <trkpt lat="47.2625020" lon="4.7544090">
    <ele>454.0</ele>
   </trkpt>
   <trkpt lat="47.2624860" lon="4.7544500">
    <ele>453.4</ele>
   </trkpt>
   <trkpt lat="47.2624430" lon="4.7545660">
    <ele>452.0</ele>
   </trkpt>
   <trkpt lat="47.2624090" lon="4.7546420">
    <ele>450.6</ele>
   </trkpt>
   <trkpt lat="47.2623850" lon="4.7547240">
    <ele>449.6</ele>
   </trkpt>
   <trkpt lat="47.2623570" lon="4.7548100">
    <ele>449.2</ele>
   </trkpt>
   <trkpt lat="47.2623260" lon="4.7549120">
    <ele>448.4</ele>
   </trkpt>
   <trkpt lat="47.2623100" lon="4.7549570">
    <ele>448.2</ele>
   </trkpt>
   <trkpt lat="47.2622550" lon="4.7550620">
    <ele>447.4</ele>
   </trkpt>
   <trkpt lat="47.2622160" lon="4.7551230">
    <ele>447.0</ele>
   </trkpt>
   <trkpt lat="47.2621720" lon="4.7551880">
    <ele>445.6</ele>
   </trkpt>
   <trkpt lat="47.2620670" lon="4.7553300">
    <ele>444.2</ele>
   </trkpt>
   <trkpt lat="47.2620110" lon="4.7553940">
    <ele>443.8</ele>
   </trkpt>
   <trkpt lat="47.2619030" lon="4.7554830">
    <ele>443.0</ele>
   </trkpt>
   <trkpt lat="47.2618720" lon="4.7555070">
    <ele>442.8</ele>
   </trkpt>
   <trkpt lat="47.2618170" lon="4.7555690">
    <ele>441.8</ele>
   </trkpt>
   <trkpt lat="47.2617190" lon="4.7556830">
    <ele>440.8</ele>
   </trkpt>
   <trkpt lat="47.2616940" lon="4.7557230">
    <ele>440.6</ele>
   </trkpt>
   <trkpt lat="47.2616420" lon="4.7557820">
    <ele>439.6</ele>
   </trkpt>
   <trkpt lat="47.2615600" lon="4.7558290">
    <ele>438.2</ele>
   </trkpt>
   <trkpt lat="47.2615010" lon="4.7558610">
    <ele>437.8</ele>
   </trkpt>
   <trkpt lat="47.2614670" lon="4.7558540">
    <ele>437.6</ele>
   </trkpt>
   <trkpt lat="47.2614320" lon="4.7558430">
    <ele>437.6</ele>
   </trkpt>
   <trkpt lat="47.2613640" lon="4.7558250">
    <ele>437.0</ele>
   </trkpt>
   <trkpt lat="47.2612680" lon="4.7557700">
    <ele>436.2</ele>
   </trkpt>
   <trkpt lat="47.2612380" lon="4.7557490">
    <ele>435.8</ele>
   </trkpt>
   <trkpt lat="47.2611270" lon="4.7557410">
    <ele>435.0</ele>
   </trkpt>
   <trkpt lat="47.2610650" lon="4.7557260">
    <ele>434.8</ele>
   </trkpt>
   <trkpt lat="47.2610080" lon="4.7556960">
    <ele>434.6</ele>
   </trkpt>
   <trkpt lat="47.2609230" lon="4.7556240">
    <ele>433.6</ele>
   </trkpt>
   <trkpt lat="47.2608650" lon="4.7556120">
    <ele>432.6</ele>
   </trkpt>
   <trkpt lat="47.2608320" lon="4.7556220">
    <ele>432.2</ele>
   </trkpt>
   <trkpt lat="47.2607020" lon="4.7556850">
    <ele>431.0</ele>
   </trkpt>
   <trkpt lat="47.2606670" lon="4.7557050">
    <ele>430.6</ele>
   </trkpt>
   <trkpt lat="47.2605730" lon="4.7557350">
    <ele>429.6</ele>
   </trkpt>
   <trkpt lat="47.2605090" lon="4.7557340">
    <ele>428.2</ele>
   </trkpt>
   <trkpt lat="47.2604090" lon="4.7557220">
    <ele>427.2</ele>
   </trkpt>
   <trkpt lat="47.2603240" lon="4.7557080">
    <ele>426.2</ele>
   </trkpt>
   <trkpt lat="47.2602960" lon="4.7557020">
    <ele>426.0</ele>
   </trkpt>
   <trkpt lat="47.2601690" lon="4.7557050">
    <ele>424.8</ele>
   </trkpt>
   <trkpt lat="47.2601360" lon="4.7557080">
    <ele>424.6</ele>
   </trkpt>
   <trkpt lat="47.2599950" lon="4.7557090">
    <ele>423.0</ele>
   </trkpt>
   <trkpt lat="47.2599600" lon="4.7557070">
    <ele>422.6</ele>
   </trkpt>
   <trkpt lat="47.2598890" lon="4.7556940">
    <ele>421.6</ele>
   </trkpt>
   <trkpt lat="47.2597670" lon="4.7557140">
    <ele>420.4</ele>
   </trkpt>
   <trkpt lat="47.2596990" lon="4.7557450">
    <ele>419.0</ele>
   </trkpt>
   <trkpt lat="47.2595990" lon="4.7558380">
    <ele>417.8</ele>
   </trkpt>
   <trkpt lat="47.2595380" lon="4.7558780">
    <ele>416.8</ele>
   </trkpt>
   <trkpt lat="47.2594810" lon="4.7559200">
    <ele>416.2</ele>
   </trkpt>
   <trkpt lat="47.2594520" lon="4.7559320">
    <ele>415.6</ele>
   </trkpt>
   <trkpt lat="47.2593950" lon="4.7559610">
    <ele>414.8</ele>
   </trkpt>
   <trkpt lat="47.2593660" lon="4.7559700">
    <ele>414.4</ele>
   </trkpt>
   <trkpt lat="47.2593120" lon="4.7559860">
    <ele>413.2</ele>
   </trkpt>
   <trkpt lat="47.2592280" lon="4.7560380">
    <ele>412.0</ele>
   </trkpt>
   <trkpt lat="47.2591690" lon="4.7560820">
    <ele>410.6</ele>
   </trkpt>
   <trkpt lat="47.2591080" lon="4.7561000">
    <ele>409.2</ele>
   </trkpt>
   <trkpt lat="47.2590810" lon="4.7561050">
    <ele>408.4</ele>
   </trkpt>
   <trkpt lat="47.2590520" lon="4.7561110">
    <ele>407.6</ele>
   </trkpt>
   <trkpt lat="47.2589900" lon="4.7561120">
    <ele>406.4</ele>
   </trkpt>
   <trkpt lat="47.2589250" lon="4.7561120">
    <ele>406.0</ele>
   </trkpt>
   <trkpt lat="47.2588570" lon="4.7561050">
    <ele>405.2</ele>
   </trkpt>
   <trkpt lat="47.2587590" lon="4.7560770">
    <ele>404.0</ele>
   </trkpt>
   <trkpt lat="47.2587240" lon="4.7560570">
    <ele>403.8</ele>
   </trkpt>
   <trkpt lat="47.2586030" lon="4.7560010">
    <ele>402.4</ele>
   </trkpt>
   <trkpt lat="47.2585740" lon="4.7559870">
    <ele>401.8</ele>
   </trkpt>
   <trkpt lat="47.2585120" lon="4.7559830">
    <ele>400.8</ele>
   </trkpt>
   <trkpt lat="47.2584130" lon="4.7559650">
    <ele>399.6</ele>
   </trkpt>
   <trkpt lat="47.2582990" lon="4.7559280">
    <ele>398.4</ele>
   </trkpt>
   <trkpt lat="47.2582700" lon="4.7559280">
    <ele>398.2</ele>
   </trkpt>
   <trkpt lat="47.2581780" lon="4.7559280">
    <ele>397.4</ele>
   </trkpt>
   <trkpt lat="47.2581210" lon="4.7558860">
    <ele>396.6</ele>
   </trkpt>
   <trkpt lat="47.2580910" lon="4.7558710">
    <ele>396.4</ele>
   </trkpt>
   <trkpt lat="47.2579960" lon="4.7558460">
    <ele>395.0</ele>
   </trkpt>
   <trkpt lat="47.2579170" lon="4.7558420">
    <ele>394.6</ele>
   </trkpt>
   <trkpt lat="47.2578820" lon="4.7558300">
    <ele>393.8</ele>
   </trkpt>
   <trkpt lat="47.2578120" lon="4.7558200">
    <ele>392.8</ele>
   </trkpt>
   <trkpt lat="47.2577520" lon="4.7558080">
    <ele>391.4</ele>
   </trkpt>
   <trkpt lat="47.2577180" lon="4.7558080">
    <ele>390.8</ele>
   </trkpt>
   <trkpt lat="47.2576360" lon="4.7558150">
    <ele>390.4</ele>
   </trkpt>
   <trkpt lat="47.2575590" lon="4.7558080">
    <ele>389.6</ele>
   </trkpt>
   <trkpt lat="47.2575210" lon="4.7558000">
    <ele>388.6</ele>
   </trkpt>
   <trkpt lat="47.2574850" lon="4.7558040">
    <ele>387.8</ele>
   </trkpt>
   <trkpt lat="47.2574530" lon="4.7558110">
    <ele>387.6</ele>
   </trkpt>
   <trkpt lat="47.2573880" lon="4.7558010">
    <ele>387.0</ele>
   </trkpt>
   <trkpt lat="47.2573550" lon="4.7557910">
    <ele>386.2</ele>
   </trkpt>
   <trkpt lat="47.2572950" lon="4.7557560">
    <ele>385.0</ele>
   </trkpt>
   <trkpt lat="47.2572310" lon="4.7557190">
    <ele>384.0</ele>
   </trkpt>
   <trkpt lat="47.2572000" lon="4.7557050">
    <ele>383.2</ele>
   </trkpt>
   <trkpt lat="47.2571720" lon="4.7556930">
    <ele>382.8</ele>
   </trkpt>
   <trkpt lat="47.2570890" lon="4.7556490">
    <ele>381.6</ele>
   </trkpt>
   <trkpt lat="47.2570600" lon="4.7556290">
    <ele>381.4</ele>
   </trkpt>
   <trkpt lat="47.2569970" lon="4.7555890">
    <ele>380.2</ele>
   </trkpt>
   <trkpt lat="47.2569230" lon="4.7555470">
    <ele>379.0</ele>
   </trkpt>
   <trkpt lat="47.2568680" lon="4.7555210">
    <ele>378.0</ele>
   </trkpt>
   <trkpt lat="47.2568130" lon="4.7555060">
    <ele>376.8</ele>
   </trkpt>
   <trkpt lat="47.2567460" lon="4.7555020">
    <ele>375.2</ele>
   </trkpt>
   <trkpt lat="47.2566840" lon="4.7554890">
    <ele>374.0</ele>
   </trkpt>
   <trkpt lat="47.2565920" lon="4.7554580">
    <ele>372.8</ele>
   </trkpt>
   <trkpt lat="47.2565290" lon="4.7554440">
    <ele>371.8</ele>
   </trkpt>
   <trkpt lat="47.2564630" lon="4.7554450">
    <ele>370.6</ele>
   </trkpt>
   <trkpt lat="47.2564030" lon="4.7554310">
    <ele>369.2</ele>
   </trkpt>
   <trkpt lat="47.2563130" lon="4.7553970">
    <ele>367.6</ele>
   </trkpt>
   <trkpt lat="47.2562480" lon="4.7553730">
    <ele>366.4</ele>
   </trkpt>
   <trkpt lat="47.2562170" lon="4.7553530">
    <ele>365.8</ele>
   </trkpt>
   <trkpt lat="47.2561160" lon="4.7553050">
    <ele>365.4</ele>
   </trkpt>
   <trkpt lat="47.2560480" lon="4.7552800">
    <ele>364.2</ele>
   </trkpt>
   <trkpt lat="47.2559760" lon="4.7552500">
    <ele>363.0</ele>
   </trkpt>
   <trkpt lat="47.2558620" lon="4.7551870">
    <ele>361.6</ele>
   </trkpt>
   <trkpt lat="47.2558280" lon="4.7551690">
    <ele>361.4</ele>
   </trkpt>
   <trkpt lat="47.2557790" lon="4.7551360">
    <ele>360.4</ele>
   </trkpt>
   <trkpt lat="47.2557570" lon="4.7550990">
    <ele>358.8</ele>
   </trkpt>
   <trkpt lat="47.2556870" lon="4.7550350">
    <ele>357.2</ele>
   </trkpt>
   <trkpt lat="47.2556460" lon="4.7550130">
    <ele>356.8</ele>
   </trkpt>
   <trkpt lat="47.2555240" lon="4.7549980">
    <ele>356.2</ele>
   </trkpt>
   <trkpt lat="47.2554250" lon="4.7549550">
    <ele>355.0</ele>
   </trkpt>
   <trkpt lat="47.2552750" lon="4.7549370">
    <ele>354.0</ele>
   </trkpt>
   <trkpt lat="47.2552110" lon="4.7549300">
    <ele>353.6</ele>
   </trkpt>
   <trkpt lat="47.2551710" lon="4.7549320">
    <ele>353.0</ele>
   </trkpt>
   <trkpt lat="47.2550590" lon="4.7549550">
    <ele>351.8</ele>
   </trkpt>
   <trkpt lat="47.2550250" lon="4.7549740">
    <ele>351.2</ele>
   </trkpt>
   <trkpt lat="47.2549530" lon="4.7550150">
    <ele>350.2</ele>
   </trkpt>
   <trkpt lat="47.2548860" lon="4.7550520">
    <ele>348.6</ele>
   </trkpt>
   <trkpt lat="47.2548230" lon="4.7550920">
    <ele>348.0</ele>
   </trkpt>
   <trkpt lat="47.2547910" lon="4.7551110">
    <ele>347.2</ele>
   </trkpt>
   <trkpt lat="47.2547290" lon="4.7551540">
    <ele>346.0</ele>
   </trkpt>
   <trkpt lat="47.2546620" lon="4.7551790">
    <ele>344.6</ele>
   </trkpt>
   <trkpt lat="47.2545980" lon="4.7551820">
    <ele>343.8</ele>
   </trkpt>
   <trkpt lat="47.2545690" lon="4.7551820">
    <ele>343.4</ele>
   </trkpt>
   <trkpt lat="47.2544950" lon="4.7551880">
    <ele>341.6</ele>
   </trkpt>
   <trkpt lat="47.2544470" lon="4.7552220">
    <ele>340.2</ele>
   </trkpt>
   <trkpt lat="47.2544180" lon="4.7552390">
    <ele>339.0</ele>
   </trkpt>
   <trkpt lat="47.2543910" lon="4.7552480">
    <ele>338.2</ele>
   </trkpt>
   <trkpt lat="47.2543650" lon="4.7552650">
    <ele>337.6</ele>
   </trkpt>
   <trkpt lat="47.2543250" lon="4.7552850">
    <ele>336.6</ele>
   </trkpt>
   <trkpt lat="47.2543190" lon="4.7552710">
    <ele>336.0</ele>
   </trkpt>
   <trkpt lat="47.2543180" lon="4.7552700">
    <ele>335.6</ele>
   </trkpt>
   <trkpt lat="47.2543200" lon="4.7552650">
    <ele>335.4</ele>
   </trkpt>
   <trkpt lat="47.2543290" lon="4.7552550">
    <ele>334.8</ele>
   </trkpt>
   <trkpt lat="47.2543270" lon="4.7552590">
    <ele>334.8</ele>
   </trkpt>
   <trkpt lat="47.2543320" lon="4.7552910">
    <ele>334.2</ele>
   </trkpt>
   <trkpt lat="47.2543310" lon="4.7553150">
    <ele>334.0</ele>
   </trkpt>
   <trkpt lat="47.2543280" lon="4.7553150">
    <ele>334.0</ele>
   </trkpt>
   <trkpt lat="47.2543240" lon="4.7552700">
    <ele>333.4</ele>
   </trkpt>
   <trkpt lat="47.2543300" lon="4.7552570">
    <ele>333.4</ele>
   </trkpt>
   <trkpt lat="47.2543290" lon="4.7552420">
    <ele>333.2</ele>
   </trkpt>
   <trkpt lat="47.2543300" lon="4.7552410">
    <ele>332.6</ele>
   </trkpt>
   <trkpt lat="47.2543270" lon="4.7552450">
    <ele>332.4</ele>
   </trkpt>
   <trkpt lat="47.2543290" lon="4.7552450">
    <ele>332.2</ele>
   </trkpt>
   <trkpt lat="47.2543280" lon="4.7552520">
    <ele>331.8</ele>
   </trkpt>
   <trkpt lat="47.2543300" lon="4.7552570">
    <ele>331.6</ele>
   </trkpt>
   <trkpt lat="47.2543310" lon="4.7552750">
    <ele>331.8</ele>
   </trkpt>
   <trkpt lat="47.2543280" lon="4.7552810">
    <ele>331.6</ele>
   </trkpt>
   <trkpt lat="47.2543280" lon="4.7552870">
    <ele>331.6</ele>
   </trkpt>
   <trkpt lat="47.2543270" lon="4.7552880">
    <ele>331.4</ele>
   </trkpt>
   <trkpt lat="47.2543270" lon="4.7552880">
    <ele>331.2</ele>
   </trkpt>
   <trkpt lat="47.2543270" lon="4.7552980">
    <ele>331.0</ele>
   </trkpt>
   <trkpt lat="47.2543270" lon="4.7553300">
    <ele>330.6</ele>
   </trkpt>
   <trkpt lat="47.2543330" lon="4.7553350">
    <ele>330.6</ele>
   </trkpt>
   <trkpt lat="47.2543380" lon="4.7553540">
    <ele>330.4</ele>
   </trkpt>
   <trkpt lat="47.2543360" lon="4.7553630">
    <ele>330.4</ele>
   </trkpt>
   <trkpt lat="47.2543130" lon="4.7554230">
    <ele>330.2</ele>
   </trkpt>
   <trkpt lat="47.2543150" lon="4.7554510">
    <ele>330.4</ele>
   </trkpt>
   <trkpt lat="47.2543150" lon="4.7554460">
    <ele>330.6</ele>
   </trkpt>
   <trkpt lat="47.2543050" lon="4.7554010">
    <ele>330.2</ele>
   </trkpt>
   <trkpt lat="47.2542580" lon="4.7553090">
    <ele>330.0</ele>
   </trkpt>
   <trkpt lat="47.2542320" lon="4.7552700">
    <ele>330.0</ele>
   </trkpt>
   <trkpt lat="47.2542050" lon="4.7552290">
    <ele>330.0</ele>
   </trkpt>
   <trkpt lat="47.2541810" lon="4.7551940">
    <ele>329.8</ele>
   </trkpt>
   <trkpt lat="47.2541620" lon="4.7551570">
    <ele>330.0</ele>
   </trkpt>
   <trkpt lat="47.2541340" lon="4.7550900">
    <ele>330.0</ele>
   </trkpt>
   <trkpt lat="47.2541280" lon="4.7550550">
    <ele>330.0</ele>
   </trkpt>
   <trkpt lat="47.2541240" lon="4.7550230">
    <ele>330.2</ele>
   </trkpt>
   <trkpt lat="47.2541200" lon="4.7549930">
    <ele>330.2</ele>
   </trkpt>
   <trkpt lat="47.2541050" lon="4.7549250">
    <ele>330.6</ele>
   </trkpt>
   <trkpt lat="47.2540910" lon="4.7548860">
    <ele>331.2</ele>
   </trkpt>
   <trkpt lat="47.2540760" lon="4.7548480">
    <ele>331.6</ele>
   </trkpt>
   <trkpt lat="47.2540170" lon="4.7546900">
    <ele>332.2</ele>
   </trkpt>
   <trkpt lat="47.2539840" lon="4.7546050">
    <ele>333.0</ele>
   </trkpt>
   <trkpt lat="47.2539530" lon="4.7545110">
    <ele>333.4</ele>
   </trkpt>
   <trkpt lat="47.2538790" lon="4.7543450">
    <ele>334.0</ele>
   </trkpt>
   <trkpt lat="47.2538140" lon="4.7542530">
    <ele>334.6</ele>
   </trkpt>
   <trkpt lat="47.2537450" lon="4.7540710">
    <ele>335.0</ele>
   </trkpt>
   <trkpt lat="47.2536760" lon="4.7539060">
    <ele>335.6</ele>
   </trkpt>
   <trkpt lat="47.2536510" lon="4.7538390">
    <ele>335.6</ele>
   </trkpt>
   <trkpt lat="47.2535940" lon="4.7536380">
    <ele>335.8</ele>
   </trkpt>
   <trkpt lat="47.2535350" lon="4.7534270">
    <ele>336.6</ele>
   </trkpt>
   <trkpt lat="47.2535260" lon="4.7533920">
    <ele>336.6</ele>
   </trkpt>
   <trkpt lat="47.2534950" lon="4.7532380">
    <ele>337.2</ele>
   </trkpt>
   <trkpt lat="47.2534860" lon="4.7530790">
    <ele>337.6</ele>
   </trkpt>
   <trkpt lat="47.2534850" lon="4.7530040">
    <ele>338.0</ele>
   </trkpt>
   <trkpt lat="47.2535050" lon="4.7528720">
    <ele>338.8</ele>
   </trkpt>
   <trkpt lat="47.2535270" lon="4.7528160">
    <ele>339.4</ele>
   </trkpt>
   <trkpt lat="47.2535500" lon="4.7527630">
    <ele>340.0</ele>
   </trkpt>
   <trkpt lat="47.2535960" lon="4.7526170">
    <ele>341.2</ele>
   </trkpt>
   <trkpt lat="47.2536180" lon="4.7525560">
    <ele>341.8</ele>
   </trkpt>
   <trkpt lat="47.2536420" lon="4.7524950">
    <ele>342.2</ele>
   </trkpt>
   <trkpt lat="47.2536810" lon="4.7523800">
    <ele>343.4</ele>
   </trkpt>
   <trkpt lat="47.2537090" lon="4.7523280">
    <ele>343.8</ele>
   </trkpt>
   <trkpt lat="47.2537490" lon="4.7522510">
    <ele>344.6</ele>
   </trkpt>
   <trkpt lat="47.2537870" lon="4.7521590">
    <ele>345.0</ele>
   </trkpt>
   <trkpt lat="47.2538220" lon="4.7520640">
    <ele>345.6</ele>
   </trkpt>
   <trkpt lat="47.2538500" lon="4.7520070">
    <ele>346.0</ele>
   </trkpt>
   <trkpt lat="47.2538740" lon="4.7519490">
    <ele>346.2</ele>
   </trkpt>
   <trkpt lat="47.2539000" lon="4.7519010">
    <ele>346.8</ele>
   </trkpt>
   <trkpt lat="47.2539690" lon="4.7518410">
    <ele>348.2</ele>
   </trkpt>
   <trkpt lat="47.2540570" lon="4.7517740">
    <ele>349.4</ele>
   </trkpt>
   <trkpt lat="47.2540930" lon="4.7517440">
    <ele>349.8</ele>
   </trkpt>
   <trkpt lat="47.2541550" lon="4.7516900">
    <ele>350.4</ele>
   </trkpt>
   <trkpt lat="47.2542070" lon="4.7516390">
    <ele>351.4</ele>
   </trkpt>
   <trkpt lat="47.2542730" lon="4.7515660">
    <ele>352.0</ele>
   </trkpt>
   <trkpt lat="47.2543370" lon="4.7515280">
    <ele>352.6</ele>
   </trkpt>
   <trkpt lat="47.2543580" lon="4.7515190">
    <ele>352.8</ele>
   </trkpt>
   <trkpt lat="47.2544250" lon="4.7514710">
    <ele>353.8</ele>
   </trkpt>
   <trkpt lat="47.2545080" lon="4.7514290">
    <ele>354.4</ele>
   </trkpt>
   <trkpt lat="47.2545760" lon="4.7514010">
    <ele>354.8</ele>
   </trkpt>
   <trkpt lat="47.2546350" lon="4.7513590">
    <ele>356.0</ele>
   </trkpt>
   <trkpt lat="47.2546450" lon="4.7513310">
    <ele>356.0</ele>
   </trkpt>
   <trkpt lat="47.2546640" lon="4.7512750">
    <ele>356.2</ele>
   </trkpt>
   <trkpt lat="47.2547600" lon="4.7511950">
    <ele>357.0</ele>
   </trkpt>
   <trkpt lat="47.2547780" lon="4.7511800">
    <ele>357.2</ele>
   </trkpt>
   <trkpt lat="47.2548510" lon="4.7510510">
    <ele>358.4</ele>
   </trkpt>
   <trkpt lat="47.2548950" lon="4.7509780">
    <ele>359.4</ele>
   </trkpt>
   <trkpt lat="47.2549590" lon="4.7508760">
    <ele>360.4</ele>
   </trkpt>
   <trkpt lat="47.2549760" lon="4.7508560">
    <ele>360.4</ele>
   </trkpt>
   <trkpt lat="47.2550740" lon="4.7507680">
    <ele>361.6</ele>
   </trkpt>
   <trkpt lat="47.2550940" lon="4.7507690">
    <ele>361.8</ele>
   </trkpt>
   <trkpt lat="47.2551850" lon="4.7507240">
    <ele>362.6</ele>
   </trkpt>
   <trkpt lat="47.2552030" lon="4.7507120">
    <ele>363.2</ele>
   </trkpt>
   <trkpt lat="47.2552390" lon="4.7506610">
    <ele>364.0</ele>
   </trkpt>
   <trkpt lat="47.2553360" lon="4.7506190">
    <ele>365.0</ele>
   </trkpt>
   <trkpt lat="47.2553560" lon="4.7506090">
    <ele>365.2</ele>
   </trkpt>
   <trkpt lat="47.2554210" lon="4.7505620">
    <ele>366.2</ele>
   </trkpt>
   <trkpt lat="47.2554450" lon="4.7505520">
    <ele>366.6</ele>
   </trkpt>
   <trkpt lat="47.2555930" lon="4.7504910">
    <ele>367.4</ele>
   </trkpt>
   <trkpt lat="47.2556720" lon="4.7504610">
    <ele>367.8</ele>
   </trkpt>
   <trkpt lat="47.2557250" lon="4.7504440">
    <ele>368.4</ele>
   </trkpt>
   <trkpt lat="47.2557830" lon="4.7504250">
    <ele>368.8</ele>
   </trkpt>
   <trkpt lat="47.2558570" lon="4.7504120">
    <ele>369.4</ele>
   </trkpt>
   <trkpt lat="47.2559270" lon="4.7504010">
    <ele>369.8</ele>
   </trkpt>
   <trkpt lat="47.2560580" lon="4.7503300">
    <ele>370.6</ele>
   </trkpt>
   <trkpt lat="47.2560850" lon="4.7503220">
    <ele>371.0</ele>
   </trkpt>
   <trkpt lat="47.2561320" lon="4.7503120">
    <ele>371.6</ele>
   </trkpt>
   <trkpt lat="47.2562120" lon="4.7502890">
    <ele>372.0</ele>
   </trkpt>
   <trkpt lat="47.2563630" lon="4.7501800">
    <ele>372.4</ele>
   </trkpt>
   <trkpt lat="47.2563880" lon="4.7501720">
    <ele>372.6</ele>
   </trkpt>
   <trkpt lat="47.2565230" lon="4.7500840">
    <ele>373.8</ele>
   </trkpt>
   <trkpt lat="47.2566550" lon="4.7500000">
    <ele>375.0</ele>
   </trkpt>
   <trkpt lat="47.2567950" lon="4.7498910">
    <ele>375.8</ele>
   </trkpt>
   <trkpt lat="47.2568210" lon="4.7498850">
    <ele>376.0</ele>
   </trkpt>
   <trkpt lat="47.2569390" lon="4.7498300">
    <ele>376.8</ele>
   </trkpt>
   <trkpt lat="47.2569610" lon="4.7498180">
    <ele>377.0</ele>
   </trkpt>
   <trkpt lat="47.2570170" lon="4.7497570">
    <ele>377.6</ele>
   </trkpt>
   <trkpt lat="47.2570580" lon="4.7497170">
    <ele>377.8</ele>
   </trkpt>
   <trkpt lat="47.2570970" lon="4.7496800">
    <ele>378.2</ele>
   </trkpt>
   <trkpt lat="47.2571810" lon="4.7496070">
    <ele>379.2</ele>
   </trkpt>
   <trkpt lat="47.2572050" lon="4.7495830">
    <ele>379.4</ele>
   </trkpt>
   <trkpt lat="47.2572860" lon="4.7495140">
    <ele>380.2</ele>
   </trkpt>
   <trkpt lat="47.2573220" lon="4.7494820">
    <ele>380.6</ele>
   </trkpt>
   <trkpt lat="47.2574090" lon="4.7494340">
    <ele>381.2</ele>
   </trkpt>
   <trkpt lat="47.2574510" lon="4.7494060">
    <ele>381.6</ele>
   </trkpt>
   <trkpt lat="47.2575040" lon="4.7493640">
    <ele>382.4</ele>
   </trkpt>
   <trkpt lat="47.2575440" lon="4.7493010">
    <ele>383.0</ele>
   </trkpt>
   <trkpt lat="47.2575830" lon="4.7492680">
    <ele>383.4</ele>
   </trkpt>
   <trkpt lat="47.2576180" lon="4.7491910">
    <ele>384.6</ele>
   </trkpt>
   <trkpt lat="47.2576340" lon="4.7491780">
    <ele>384.8</ele>
   </trkpt>
   <trkpt lat="47.2577130" lon="4.7491100">
    <ele>386.0</ele>
   </trkpt>
   <trkpt lat="47.2577720" lon="4.7490710">
    <ele>387.0</ele>
   </trkpt>
   <trkpt lat="47.2577870" lon="4.7490590">
    <ele>387.2</ele>
   </trkpt>
   <trkpt lat="47.2578280" lon="4.7490060">
    <ele>387.6</ele>
   </trkpt>
   <trkpt lat="47.2578850" lon="4.7488770">
    <ele>388.6</ele>
   </trkpt>
   <trkpt lat="47.2579000" lon="4.7488450">
    <ele>389.0</ele>
   </trkpt>
   <trkpt lat="47.2579470" lon="4.7487720">
    <ele>389.6</ele>
   </trkpt>
   <trkpt lat="47.2579590" lon="4.7487390">
    <ele>389.8</ele>
   </trkpt>
   <trkpt lat="47.2580120" lon="4.7485420">
    <ele>390.8</ele>
   </trkpt>
   <trkpt lat="47.2580630" lon="4.7483680">
    <ele>391.4</ele>
   </trkpt>
   <trkpt lat="47.2580830" lon="4.7483190">
    <ele>392.0</ele>
   </trkpt>
   <trkpt lat="47.2580990" lon="4.7482100">
    <ele>393.0</ele>
   </trkpt>
   <trkpt lat="47.2581040" lon="4.7481780">
    <ele>393.0</ele>
   </trkpt>
   <trkpt lat="47.2581360" lon="4.7481020">
    <ele>394.0</ele>
   </trkpt>
   <trkpt lat="47.2581630" lon="4.7480500">
    <ele>394.2</ele>
   </trkpt>
   <trkpt lat="47.2581930" lon="4.7480040">
    <ele>394.8</ele>
   </trkpt>
   <trkpt lat="47.2582060" lon="4.7479890">
    <ele>395.2</ele>
   </trkpt>
   <trkpt lat="47.2582240" lon="4.7479400">
    <ele>395.6</ele>
   </trkpt>
   <trkpt lat="47.2582910" lon="4.7479010">
    <ele>396.4</ele>
   </trkpt>
   <trkpt lat="47.2583110" lon="4.7479360">
    <ele>397.6</ele>
   </trkpt>
   <trkpt lat="47.2583070" lon="4.7479210">
    <ele>398.4</ele>
   </trkpt>
   <trkpt lat="47.2583250" lon="4.7479290">
    <ele>398.8</ele>
   </trkpt>
   <trkpt lat="47.2583390" lon="4.7479350">
    <ele>399.4</ele>
   </trkpt>
   <trkpt lat="47.2583560" lon="4.7479560">
    <ele>400.0</ele>
   </trkpt>
   <trkpt lat="47.2583640" lon="4.7479630">
    <ele>401.4</ele>
   </trkpt>
   <trkpt lat="47.2583750" lon="4.7479620">
    <ele>402.2</ele>
   </trkpt>
   <trkpt lat="47.2583890" lon="4.7479650">
    <ele>402.8</ele>
   </trkpt>
   <trkpt lat="47.2583950" lon="4.7479690">
    <ele>403.2</ele>
   </trkpt>
   <trkpt lat="47.2584050" lon="4.7479850">
    <ele>403.8</ele>
   </trkpt>
   <trkpt lat="47.2584070" lon="4.7479900">
    <ele>404.2</ele>
   </trkpt>
   <trkpt lat="47.2584060" lon="4.7479960">
    <ele>404.6</ele>
   </trkpt>
   <trkpt lat="47.2584090" lon="4.7480040">
    <ele>405.0</ele>
   </trkpt>
   <trkpt lat="47.2584210" lon="4.7480120">
    <ele>405.4</ele>
   </trkpt>
   <trkpt lat="47.2584360" lon="4.7480230">
    <ele>405.6</ele>
   </trkpt>
   <trkpt lat="47.2584420" lon="4.7480510">
    <ele>406.6</ele>
   </trkpt>
   <trkpt lat="47.2584400" lon="4.7480660">
    <ele>407.2</ele>
   </trkpt>
   <trkpt lat="47.2584410" lon="4.7480770">
    <ele>407.8</ele>
   </trkpt>
   <trkpt lat="47.2584500" lon="4.7481230">
    <ele>409.0</ele>
   </trkpt>
   <trkpt lat="47.2584480" lon="4.7481410">
    <ele>409.2</ele>
   </trkpt>
   <trkpt lat="47.2584500" lon="4.7481560">
    <ele>409.6</ele>
   </trkpt>
   <trkpt lat="47.2584740" lon="4.7481900">
    <ele>410.0</ele>
   </trkpt>
   <trkpt lat="47.2584850" lon="4.7481930">
    <ele>410.6</ele>
   </trkpt>
   <trkpt lat="47.2585380" lon="4.7481830">
    <ele>410.8</ele>
   </trkpt>
   <trkpt lat="47.2585580" lon="4.7481730">
    <ele>410.8</ele>
   </trkpt>
   <trkpt lat="47.2585660" lon="4.7481680">
    <ele>410.8</ele>
   </trkpt>
   <trkpt lat="47.2585750" lon="4.7481610">
    <ele>411.2</ele>
   </trkpt>
   <trkpt lat="47.2585660" lon="4.7481410">
    <ele>412.2</ele>
   </trkpt>
   <trkpt lat="47.2585680" lon="4.7481280">
    <ele>412.4</ele>
   </trkpt>
   <trkpt lat="47.2586230" lon="4.7480700">
    <ele>413.0</ele>
   </trkpt>
   <trkpt lat="47.2586450" lon="4.7480540">
    <ele>412.8</ele>
   </trkpt>
   <trkpt lat="47.2587100" lon="4.7480190">
    <ele>413.2</ele>
   </trkpt>
   <trkpt lat="47.2587560" lon="4.7479550">
    <ele>412.8</ele>
   </trkpt>
   <trkpt lat="47.2587620" lon="4.7479390">
    <ele>412.4</ele>
   </trkpt>
   <trkpt lat="47.2587840" lon="4.7479520">
    <ele>413.2</ele>
   </trkpt>
   <trkpt lat="47.2588040" lon="4.7479590">
    <ele>413.4</ele>
   </trkpt>
   <trkpt lat="47.2588360" lon="4.7479400">
    <ele>414.2</ele>
   </trkpt>
   <trkpt lat="47.2588440" lon="4.7479350">
    <ele>414.6</ele>
   </trkpt>
   <trkpt lat="47.2588630" lon="4.7479600">
    <ele>415.6</ele>
   </trkpt>
   <trkpt lat="47.2588680" lon="4.7479740">
    <ele>416.0</ele>
   </trkpt>
   <trkpt lat="47.2588650" lon="4.7480100">
    <ele>417.0</ele>
   </trkpt>
   <trkpt lat="47.2588830" lon="4.7480530">
    <ele>417.2</ele>
   </trkpt>
   <trkpt lat="47.2589270" lon="4.7480840">
    <ele>417.2</ele>
   </trkpt>
   <trkpt lat="47.2590250" lon="4.7480830">
    <ele>417.6</ele>
   </trkpt>
   <trkpt lat="47.2590610" lon="4.7480760">
    <ele>418.4</ele>
   </trkpt>
   <trkpt lat="47.2590790" lon="4.7480700">
    <ele>419.0</ele>
   </trkpt>
   <trkpt lat="47.2590800" lon="4.7480380">
    <ele>419.6</ele>
   </trkpt>
   <trkpt lat="47.2590890" lon="4.7480300">
    <ele>420.0</ele>
   </trkpt>
   <trkpt lat="47.2590990" lon="4.7480250">
    <ele>420.4</ele>
   </trkpt>
   <trkpt lat="47.2591570" lon="4.7479840">
    <ele>419.8</ele>
   </trkpt>
   <trkpt lat="47.2591560" lon="4.7479720">
    <ele>419.4</ele>
   </trkpt>
   <trkpt lat="47.2591900" lon="4.7479090">
    <ele>419.0</ele>
   </trkpt>
   <trkpt lat="47.2592470" lon="4.7479370">
    <ele>420.2</ele>
   </trkpt>
   <trkpt lat="47.2592580" lon="4.7479380">
    <ele>420.6</ele>
   </trkpt>
   <trkpt lat="47.2593030" lon="4.7479320">
    <ele>421.4</ele>
   </trkpt>
   <trkpt lat="47.2593350" lon="4.7479430">
    <ele>422.0</ele>
   </trkpt>
   <trkpt lat="47.2593560" lon="4.7479480">
    <ele>422.4</ele>
   </trkpt>
   <trkpt lat="47.2593650" lon="4.7479510">
    <ele>422.8</ele>
   </trkpt>
   <trkpt lat="47.2593700" lon="4.7479580">
    <ele>423.2</ele>
   </trkpt>
   <trkpt lat="47.2594180" lon="4.7479740">
    <ele>424.2</ele>
   </trkpt>
   <trkpt lat="47.2594560" lon="4.7479740">
    <ele>425.4</ele>
   </trkpt>
   <trkpt lat="47.2595150" lon="4.7479560">
    <ele>426.4</ele>
   </trkpt>
   <trkpt lat="47.2595370" lon="4.7479500">
    <ele>426.4</ele>
   </trkpt>
   <trkpt lat="47.2596340" lon="4.7478900">
    <ele>427.8</ele>
   </trkpt>
   <trkpt lat="47.2596830" lon="4.7478420">
    <ele>428.2</ele>
   </trkpt>
   <trkpt lat="47.2597050" lon="4.7478250">
    <ele>428.4</ele>
   </trkpt>
   <trkpt lat="47.2597150" lon="4.7478100">
    <ele>428.8</ele>
   </trkpt>
   <trkpt lat="47.2597920" lon="4.7477160">
    <ele>430.2</ele>
   </trkpt>
   <trkpt lat="47.2598360" lon="4.7476140">
    <ele>431.4</ele>
   </trkpt>
   <trkpt lat="47.2599000" lon="4.7475590">
    <ele>432.6</ele>
   </trkpt>
   <trkpt lat="47.2599640" lon="4.7475250">
    <ele>433.6</ele>
   </trkpt>
   <trkpt lat="47.2600380" lon="4.7474710">
    <ele>434.8</ele>
   </trkpt>
   <trkpt lat="47.2600690" lon="4.7474430">
    <ele>435.0</ele>
   </trkpt>
   <trkpt lat="47.2601100" lon="4.7474190">
    <ele>435.0</ele>
   </trkpt>
   <trkpt lat="47.2602060" lon="4.7473430">
    <ele>435.6</ele>
   </trkpt>
   <trkpt lat="47.2602170" lon="4.7473240">
    <ele>436.0</ele>
   </trkpt>
   <trkpt lat="47.2602070" lon="4.7472870">
    <ele>436.4</ele>
   </trkpt>
   <trkpt lat="47.2601750" lon="4.7472470">
    <ele>436.4</ele>
   </trkpt>
   <trkpt lat="47.2601340" lon="4.7472210">
    <ele>435.0</ele>
   </trkpt>
   <trkpt lat="47.2601080" lon="4.7472330">
    <ele>434.6</ele>
   </trkpt>
   <trkpt lat="47.2600890" lon="4.7472520">
    <ele>433.8</ele>
   </trkpt>
   <trkpt lat="47.2600450" lon="4.7472530">
    <ele>432.8</ele>
   </trkpt>
   <trkpt lat="47.2600250" lon="4.7472390">
    <ele>432.2</ele>
   </trkpt>
   <trkpt lat="47.2600210" lon="4.7472260">
    <ele>431.8</ele>
   </trkpt>
   <trkpt lat="47.2600130" lon="4.7472060">
    <ele>431.6</ele>
   </trkpt>
   <trkpt lat="47.2600070" lon="4.7471520">
    <ele>430.0</ele>
   </trkpt>
   <trkpt lat="47.2600070" lon="4.7471290">
    <ele>429.4</ele>
   </trkpt>
   <trkpt lat="47.2600070" lon="4.7470930">
    <ele>428.8</ele>
   </trkpt>
   <trkpt lat="47.2600030" lon="4.7470650">
    <ele>428.8</ele>
   </trkpt>
   <trkpt lat="47.2600060" lon="4.7470610">
    <ele>429.0</ele>
   </trkpt>
   <trkpt lat="47.2599960" lon="4.7470300">
    <ele>429.0</ele>
   </trkpt>
   <trkpt lat="47.2600030" lon="4.7470160">
    <ele>429.6</ele>
   </trkpt>
   <trkpt lat="47.2600040" lon="4.7469890">
    <ele>429.8</ele>
   </trkpt>
   <trkpt lat="47.2600150" lon="4.7469760">
    <ele>430.2</ele>
   </trkpt>
   <trkpt lat="47.2600220" lon="4.7469700">
    <ele>430.6</ele>
   </trkpt>
   <trkpt lat="47.2600290" lon="4.7469640">
    <ele>431.0</ele>
   </trkpt>
   <trkpt lat="47.2600500" lon="4.7469530">
    <ele>432.0</ele>
   </trkpt>
   <trkpt lat="47.2600680" lon="4.7469400">
    <ele>432.4</ele>
   </trkpt>
   <trkpt lat="47.2600830" lon="4.7469150">
    <ele>433.0</ele>
   </trkpt>
   <trkpt lat="47.2600940" lon="4.7469040">
    <ele>433.6</ele>
   </trkpt>
   <trkpt lat="47.2601460" lon="4.7468820">
    <ele>434.6</ele>
   </trkpt>
   <trkpt lat="47.2601510" lon="4.7468820">
    <ele>434.8</ele>
   </trkpt>
   <trkpt lat="47.2601590" lon="4.7468770">
    <ele>435.6</ele>
   </trkpt>
   <trkpt lat="47.2601650" lon="4.7468820">
    <ele>435.6</ele>
   </trkpt>
   <trkpt lat="47.2601760" lon="4.7468850">
    <ele>436.0</ele>
   </trkpt>
   <trkpt lat="47.2602000" lon="4.7469250">
    <ele>437.2</ele>
   </trkpt>
   <trkpt lat="47.2602370" lon="4.7469490">
    <ele>438.0</ele>
   </trkpt>
   <trkpt lat="47.2602580" lon="4.7469630">
    <ele>438.2</ele>
   </trkpt>
   <trkpt lat="47.2602860" lon="4.7469640">
    <ele>438.4</ele>
   </trkpt>
   <trkpt lat="47.2603010" lon="4.7469630">
    <ele>438.8</ele>
   </trkpt>
   <trkpt lat="47.2603200" lon="4.7469640">
    <ele>439.0</ele>
   </trkpt>
   <trkpt lat="47.2603680" lon="4.7469260">
    <ele>439.0</ele>
   </trkpt>
   <trkpt lat="47.2603890" lon="4.7468890">
    <ele>439.0</ele>
   </trkpt>
   <trkpt lat="47.2604060" lon="4.7468080">
    <ele>438.8</ele>
   </trkpt>
   <trkpt lat="47.2603930" lon="4.7467640">
    <ele>439.0</ele>
   </trkpt>
   <trkpt lat="47.2603560" lon="4.7466120">
    <ele>438.4</ele>
   </trkpt>
   <trkpt lat="47.2603090" lon="4.7465720">
    <ele>438.2</ele>
   </trkpt>
   <trkpt lat="47.2602740" lon="4.7465420">
    <ele>437.2</ele>
   </trkpt>
   <trkpt lat="47.2602680" lon="4.7465310">
    <ele>437.0</ele>
   </trkpt>
   <trkpt lat="47.2602560" lon="4.7465160">
    <ele>436.8</ele>
   </trkpt>
   <trkpt lat="47.2602410" lon="4.7464290">
    <ele>436.4</ele>
   </trkpt>
   <trkpt lat="47.2602460" lon="4.7464110">
    <ele>436.4</ele>
   </trkpt>
   <trkpt lat="47.2602660" lon="4.7463660">
    <ele>436.6</ele>
   </trkpt>
   <trkpt lat="47.2603080" lon="4.7463240">
    <ele>437.8</ele>
   </trkpt>
   <trkpt lat="47.2603270" lon="4.7463220">
    <ele>438.2</ele>
   </trkpt>
   <trkpt lat="47.2603490" lon="4.7462830">
    <ele>439.2</ele>
   </trkpt>
   <trkpt lat="47.2603640" lon="4.7462640">
    <ele>439.8</ele>
   </trkpt>
   <trkpt lat="47.2604040" lon="4.7462090">
    <ele>440.8</ele>
   </trkpt>
   <trkpt lat="47.2603820" lon="4.7461450">
    <ele>441.2</ele>
   </trkpt>
   <trkpt lat="47.2604140" lon="4.7459670">
    <ele>441.4</ele>
   </trkpt>
   <trkpt lat="47.2604130" lon="4.7459430">
    <ele>441.4</ele>
   </trkpt>
   <trkpt lat="47.2604300" lon="4.7458530">
    <ele>441.2</ele>
   </trkpt>
   <trkpt lat="47.2604600" lon="4.7457890">
    <ele>441.2</ele>
   </trkpt>
   <trkpt lat="47.2604700" lon="4.7457860">
    <ele>441.4</ele>
   </trkpt>
   <trkpt lat="47.2604840" lon="4.7457550">
    <ele>442.0</ele>
   </trkpt>
   <trkpt lat="47.2604860" lon="4.7456810">
    <ele>443.2</ele>
   </trkpt>
   <trkpt lat="47.2605270" lon="4.7456510">
    <ele>444.2</ele>
   </trkpt>
   <trkpt lat="47.2605580" lon="4.7456370">
    <ele>445.4</ele>
   </trkpt>
   <trkpt lat="47.2605680" lon="4.7456210">
    <ele>446.4</ele>
   </trkpt>
   <trkpt lat="47.2605710" lon="4.7456120">
    <ele>446.8</ele>
   </trkpt>
   <trkpt lat="47.2605750" lon="4.7456030">
    <ele>447.2</ele>
   </trkpt>
   <trkpt lat="47.2605800" lon="4.7455910">
    <ele>447.4</ele>
   </trkpt>
   <trkpt lat="47.2605820" lon="4.7455810">
    <ele>447.8</ele>
   </trkpt>
   <trkpt lat="47.2606250" lon="4.7455690">
    <ele>449.0</ele>
   </trkpt>
   <trkpt lat="47.2606370" lon="4.7455640">
    <ele>449.4</ele>
   </trkpt>
   <trkpt lat="47.2606660" lon="4.7455510">
    <ele>450.4</ele>
   </trkpt>
   <trkpt lat="47.2607150" lon="4.7455310">
    <ele>451.6</ele>
   </trkpt>
   <trkpt lat="47.2607310" lon="4.7455200">
    <ele>451.8</ele>
   </trkpt>
   <trkpt lat="47.2607380" lon="4.7455120">
    <ele>452.8</ele>
   </trkpt>
   <trkpt lat="47.2607610" lon="4.7454970">
    <ele>453.2</ele>
   </trkpt>
   <trkpt lat="47.2607950" lon="4.7454960">
    <ele>454.0</ele>
   </trkpt>
   <trkpt lat="47.2608410" lon="4.7455140">
    <ele>454.8</ele>
   </trkpt>
   <trkpt lat="47.2608560" lon="4.7455260">
    <ele>455.2</ele>
   </trkpt>
   <trkpt lat="47.2608830" lon="4.7455510">
    <ele>456.2</ele>
   </trkpt>
   <trkpt lat="47.2608960" lon="4.7455700">
    <ele>456.4</ele>
   </trkpt>
   <trkpt lat="47.2609260" lon="4.7455830">
    <ele>456.6</ele>
   </trkpt>
   <trkpt lat="47.2609370" lon="4.7456030">
    <ele>457.6</ele>
   </trkpt>
   <trkpt lat="47.2609720" lon="4.7456320">
    <ele>458.4</ele>
   </trkpt>
   <trkpt lat="47.2609830" lon="4.7456420">
    <ele>458.6</ele>
   </trkpt>
   <trkpt lat="47.2610330" lon="4.7456480">
    <ele>459.2</ele>
   </trkpt>
   <trkpt lat="47.2610610" lon="4.7456440">
    <ele>459.6</ele>
   </trkpt>
   <trkpt lat="47.2610980" lon="4.7456120">
    <ele>460.8</ele>
   </trkpt>
   <trkpt lat="47.2611080" lon="4.7456020">
    <ele>461.2</ele>
   </trkpt>
   <trkpt lat="47.2611130" lon="4.7455890">
    <ele>461.8</ele>
   </trkpt>
   <trkpt lat="47.2611230" lon="4.7455870">
    <ele>462.4</ele>
   </trkpt>
   <trkpt lat="47.2611310" lon="4.7455830">
    <ele>463.0</ele>
   </trkpt>
   <trkpt lat="47.2611570" lon="4.7455980">
    <ele>463.4</ele>
   </trkpt>
   <trkpt lat="47.2611880" lon="4.7457070">
    <ele>464.2</ele>
   </trkpt>
   <trkpt lat="47.2612160" lon="4.7457990">
    <ele>464.8</ele>
   </trkpt>
   <trkpt lat="47.2612300" lon="4.7458280">
    <ele>465.4</ele>
   </trkpt>
   <trkpt lat="47.2612490" lon="4.7458520">
    <ele>466.2</ele>
   </trkpt>
   <trkpt lat="47.2612570" lon="4.7458590">
    <ele>466.6</ele>
   </trkpt>
   <trkpt lat="47.2612750" lon="4.7458720">
    <ele>467.0</ele>
   </trkpt>
   <trkpt lat="47.2612850" lon="4.7458800">
    <ele>467.4</ele>
   </trkpt>
   <trkpt lat="47.2612930" lon="4.7458860">
    <ele>467.8</ele>
   </trkpt>
   <trkpt lat="47.2613700" lon="4.7459110">
    <ele>468.8</ele>
   </trkpt>
   <trkpt lat="47.2613870" lon="4.7459010">
    <ele>469.4</ele>
   </trkpt>
   <trkpt lat="47.2613920" lon="4.7459020">
    <ele>470.0</ele>
   </trkpt>
   <trkpt lat="47.2614040" lon="4.7459000">
    <ele>470.6</ele>
   </trkpt>
   <trkpt lat="47.2614160" lon="4.7458980">
    <ele>471.0</ele>
   </trkpt>
   <trkpt lat="47.2614400" lon="4.7458790">
    <ele>471.8</ele>
   </trkpt>
   <trkpt lat="47.2614550" lon="4.7458620">
    <ele>472.0</ele>
   </trkpt>
   <trkpt lat="47.2614690" lon="4.7458520">
    <ele>472.8</ele>
   </trkpt>
   <trkpt lat="47.2614790" lon="4.7458500">
    <ele>473.2</ele>
   </trkpt>
   <trkpt lat="47.2615090" lon="4.7458200">
    <ele>474.2</ele>
   </trkpt>
   <trkpt lat="47.2615270" lon="4.7458260">
    <ele>475.0</ele>
   </trkpt>
   <trkpt lat="47.2615320" lon="4.7458330">
    <ele>475.4</ele>
   </trkpt>
   <trkpt lat="47.2616070" lon="4.7458030">
    <ele>476.6</ele>
   </trkpt>
   <trkpt lat="47.2616340" lon="4.7457930">
    <ele>476.8</ele>
   </trkpt>
   <trkpt lat="47.2616820" lon="4.7457430">
    <ele>477.8</ele>
   </trkpt>
   <trkpt lat="47.2617180" lon="4.7456820">
    <ele>478.4</ele>
   </trkpt>
   <trkpt lat="47.2617260" lon="4.7454890">
    <ele>478.8</ele>
   </trkpt>
   <trkpt lat="47.2617360" lon="4.7454020">
    <ele>478.8</ele>
   </trkpt>
   <trkpt lat="47.2617460" lon="4.7453730">
    <ele>479.0</ele>
   </trkpt>
   <trkpt lat="47.2617540" lon="4.7453420">
    <ele>479.0</ele>
   </trkpt>
   <trkpt lat="47.2617850" lon="4.7451100">
    <ele>479.6</ele>
   </trkpt>
   <trkpt lat="47.2617940" lon="4.7449570">
    <ele>479.8</ele>
   </trkpt>
   <trkpt lat="47.2617930" lon="4.7449350">
    <ele>480.0</ele>
   </trkpt>
   <trkpt lat="47.2617910" lon="4.7449060">
    <ele>480.0</ele>
   </trkpt>
   <trkpt lat="47.2617690" lon="4.7448280">
    <ele>480.2</ele>
   </trkpt>
   <trkpt lat="47.2617420" lon="4.7447910">
    <ele>480.4</ele>
   </trkpt>
   <trkpt lat="47.2617260" lon="4.7447530">
    <ele>480.6</ele>
   </trkpt>
   <trkpt lat="47.2616920" lon="4.7446940">
    <ele>480.8</ele>
   </trkpt>
   <trkpt lat="47.2616590" lon="4.7446480">
    <ele>481.0</ele>
   </trkpt>
   <trkpt lat="47.2616150" lon="4.7446230">
    <ele>481.2</ele>
   </trkpt>
   <trkpt lat="47.2615360" lon="4.7446070">
    <ele>482.0</ele>
   </trkpt>
   <trkpt lat="47.2615070" lon="4.7445930">
    <ele>482.0</ele>
   </trkpt>
   <trkpt lat="47.2614460" lon="4.7445870">
    <ele>483.0</ele>
   </trkpt>
   <trkpt lat="47.2613790" lon="4.7445980">
    <ele>484.0</ele>
   </trkpt>
   <trkpt lat="47.2613620" lon="4.7446040">
    <ele>484.4</ele>
   </trkpt>
   <trkpt lat="47.2613360" lon="4.7446160">
    <ele>485.0</ele>
   </trkpt>
   <trkpt lat="47.2612850" lon="4.7446260">
    <ele>486.4</ele>
   </trkpt>
   <trkpt lat="47.2612140" lon="4.7446240">
    <ele>487.2</ele>
   </trkpt>
   <trkpt lat="47.2611970" lon="4.7446210">
    <ele>487.4</ele>
   </trkpt>
   <trkpt lat="47.2611760" lon="4.7446080">
    <ele>488.0</ele>
   </trkpt>
   <trkpt lat="47.2611360" lon="4.7445890">
    <ele>488.8</ele>
   </trkpt>
   <trkpt lat="47.2610940" lon="4.7445630">
    <ele>489.4</ele>
   </trkpt>
   <trkpt lat="47.2610800" lon="4.7445550">
    <ele>489.8</ele>
   </trkpt>
   <trkpt lat="47.2610330" lon="4.7445470">
    <ele>491.2</ele>
   </trkpt>
   <trkpt lat="47.2609760" lon="4.7444990">
    <ele>492.2</ele>
   </trkpt>
   <trkpt lat="47.2609430" lon="4.7444700">
    <ele>492.8</ele>
   </trkpt>
   <trkpt lat="47.2609270" lon="4.7444560">
    <ele>493.2</ele>
   </trkpt>
   <trkpt lat="47.2608400" lon="4.7444150">
    <ele>493.8</ele>
   </trkpt>
   <trkpt lat="47.2608290" lon="4.7444280">
    <ele>493.8</ele>
   </trkpt>
   <trkpt lat="47.2607690" lon="4.7445530">
    <ele>493.0</ele>
   </trkpt>
   <trkpt lat="47.2607580" lon="4.7445770">
    <ele>492.6</ele>
   </trkpt>
   <trkpt lat="47.2607520" lon="4.7445960">
    <ele>492.0</ele>
   </trkpt>
   <trkpt lat="47.2607310" lon="4.7446330">
    <ele>490.8</ele>
   </trkpt>
   <trkpt lat="47.2607150" lon="4.7446440">
    <ele>490.4</ele>
   </trkpt>
   <trkpt lat="47.2607090" lon="4.7446590">
    <ele>489.6</ele>
   </trkpt>
   <trkpt lat="47.2606890" lon="4.7446900">
    <ele>488.2</ele>
   </trkpt>
   <trkpt lat="47.2606620" lon="4.7447170">
    <ele>486.8</ele>
   </trkpt>
   <trkpt lat="47.2606350" lon="4.7447290">
    <ele>485.4</ele>
   </trkpt>
   <trkpt lat="47.2606200" lon="4.7447400">
    <ele>484.4</ele>
   </trkpt>
   <trkpt lat="47.2605860" lon="4.7447530">
    <ele>483.0</ele>
   </trkpt>
   <trkpt lat="47.2605540" lon="4.7447780">
    <ele>481.4</ele>
   </trkpt>
   <trkpt lat="47.2605350" lon="4.7447890">
    <ele>481.0</ele>
   </trkpt>
   <trkpt lat="47.2605010" lon="4.7447980">
    <ele>479.4</ele>
   </trkpt>
   <trkpt lat="47.2604440" lon="4.7447870">
    <ele>477.8</ele>
   </trkpt>
   <trkpt lat="47.2604350" lon="4.7447820">
    <ele>476.8</ele>
   </trkpt>
   <trkpt lat="47.2604210" lon="4.7447830">
    <ele>476.0</ele>
   </trkpt>
   <trkpt lat="47.2604070" lon="4.7447850">
    <ele>475.4</ele>
   </trkpt>
   <trkpt lat="47.2603720" lon="4.7447680">
    <ele>474.0</ele>
   </trkpt>
   <trkpt lat="47.2603580" lon="4.7447650">
    <ele>473.4</ele>
   </trkpt>
   <trkpt lat="47.2603150" lon="4.7447710">
    <ele>473.0</ele>
   </trkpt>
   <trkpt lat="47.2602720" lon="4.7447720">
    <ele>471.2</ele>
   </trkpt>
   <trkpt lat="47.2602490" lon="4.7447710">
    <ele>470.0</ele>
   </trkpt>
   <trkpt lat="47.2602270" lon="4.7447760">
    <ele>468.4</ele>
   </trkpt>
   <trkpt lat="47.2602140" lon="4.7448040">
    <ele>467.2</ele>
   </trkpt>
   <trkpt lat="47.2601980" lon="4.7448700">
    <ele>465.0</ele>
   </trkpt>
   <trkpt lat="47.2601730" lon="4.7449030">
    <ele>462.6</ele>
   </trkpt>
   <trkpt lat="47.2601610" lon="4.7449100">
    <ele>461.6</ele>
   </trkpt>
   <trkpt lat="47.2601490" lon="4.7449250">
    <ele>460.6</ele>
   </trkpt>
   <trkpt lat="47.2601320" lon="4.7449460">
    <ele>460.0</ele>
   </trkpt>
   <trkpt lat="47.2601180" lon="4.7449670">
    <ele>459.2</ele>
   </trkpt>
   <trkpt lat="47.2600990" lon="4.7449730">
    <ele>458.4</ele>
   </trkpt>
   <trkpt lat="47.2600900" lon="4.7449850">
    <ele>457.2</ele>
   </trkpt>
   <trkpt lat="47.2600690" lon="4.7450040">
    <ele>456.0</ele>
   </trkpt>
   <trkpt lat="47.2600600" lon="4.7450000">
    <ele>455.2</ele>
   </trkpt>
   <trkpt lat="47.2600530" lon="4.7449990">
    <ele>454.2</ele>
   </trkpt>
   <trkpt lat="47.2600440" lon="4.7450080">
    <ele>453.8</ele>
   </trkpt>
   <trkpt lat="47.2600340" lon="4.7450190">
    <ele>453.0</ele>
   </trkpt>
   <trkpt lat="47.2600010" lon="4.7450400">
    <ele>451.8</ele>
   </trkpt>
   <trkpt lat="47.2599910" lon="4.7450440">
    <ele>450.4</ele>
   </trkpt>
   <trkpt lat="47.2599970" lon="4.7450410">
    <ele>450.0</ele>
   </trkpt>
   <trkpt lat="47.2600000" lon="4.7450390">
    <ele>449.4</ele>
   </trkpt>
   <trkpt lat="47.2599800" lon="4.7450320">
    <ele>448.2</ele>
   </trkpt>
   <trkpt lat="47.2599450" lon="4.7450370">
    <ele>447.6</ele>
   </trkpt>
   <trkpt lat="47.2599270" lon="4.7450310">
    <ele>446.6</ele>
   </trkpt>
   <trkpt lat="47.2599090" lon="4.7450340">
    <ele>445.4</ele>
   </trkpt>
   <trkpt lat="47.2598910" lon="4.7450430">
    <ele>444.4</ele>
   </trkpt>
   <trkpt lat="47.2598710" lon="4.7450600">
    <ele>443.2</ele>
   </trkpt>
   <trkpt lat="47.2598620" lon="4.7450650">
    <ele>441.8</ele>
   </trkpt>
   <trkpt lat="47.2598470" lon="4.7450720">
    <ele>439.8</ele>
   </trkpt>
   <trkpt lat="47.2598250" lon="4.7450940">
    <ele>438.2</ele>
   </trkpt>
   <trkpt lat="47.2598110" lon="4.7451210">
    <ele>436.2</ele>
   </trkpt>
   <trkpt lat="47.2598060" lon="4.7451430">
    <ele>435.2</ele>
   </trkpt>
   <trkpt lat="47.2597930" lon="4.7451790">
    <ele>433.2</ele>
   </trkpt>
   <trkpt lat="47.2597910" lon="4.7451910">
    <ele>432.0</ele>
   </trkpt>
   <trkpt lat="47.2597950" lon="4.7452120">
    <ele>431.2</ele>
   </trkpt>
   <trkpt lat="47.2598000" lon="4.7452320">
    <ele>430.4</ele>
   </trkpt>
   <trkpt lat="47.2597840" lon="4.7452520">
    <ele>429.4</ele>
   </trkpt>
   <trkpt lat="47.2597660" lon="4.7452420">
    <ele>428.6</ele>
   </trkpt>
   <trkpt lat="47.2597500" lon="4.7452280">
    <ele>428.2</ele>
   </trkpt>
   <trkpt lat="47.2596990" lon="4.7452010">
    <ele>427.2</ele>
   </trkpt>
   <trkpt lat="47.2596490" lon="4.7451900">
    <ele>425.6</ele>
   </trkpt>
   <trkpt lat="47.2595910" lon="4.7451810">
    <ele>424.2</ele>
   </trkpt>
   <trkpt lat="47.2595330" lon="4.7451710">
    <ele>422.8</ele>
   </trkpt>
   <trkpt lat="47.2595070" lon="4.7451720">
    <ele>422.4</ele>
   </trkpt>
   <trkpt lat="47.2594540" lon="4.7451800">
    <ele>421.6</ele>
   </trkpt>
   <trkpt lat="47.2593540" lon="4.7451900">
    <ele>420.4</ele>
   </trkpt>
   <trkpt lat="47.2592840" lon="4.7452200">
    <ele>418.8</ele>
   </trkpt>
   <trkpt lat="47.2592170" lon="4.7452560">
    <ele>417.6</ele>
   </trkpt>
   <trkpt lat="47.2591400" lon="4.7452860">
    <ele>416.4</ele>
   </trkpt>
   <trkpt lat="47.2590420" lon="4.7453160">
    <ele>415.8</ele>
   </trkpt>
   <trkpt lat="47.2590190" lon="4.7453100">
    <ele>415.6</ele>
   </trkpt>
   <trkpt lat="47.2589990" lon="4.7453030">
    <ele>415.0</ele>
   </trkpt>
   <trkpt lat="47.2589330" lon="4.7452480">
    <ele>413.8</ele>
   </trkpt>
   <trkpt lat="47.2588810" lon="4.7452140">
    <ele>412.8</ele>
   </trkpt>
   <trkpt lat="47.2588460" lon="4.7451900">
    <ele>412.4</ele>
   </trkpt>
   <trkpt lat="47.2587440" lon="4.7451590">
    <ele>411.4</ele>
   </trkpt>
   <trkpt lat="47.2586790" lon="4.7451310">
    <ele>410.8</ele>
   </trkpt>
   <trkpt lat="47.2586120" lon="4.7450810">
    <ele>410.4</ele>
   </trkpt>
   <trkpt lat="47.2585300" lon="4.7450070">
    <ele>410.2</ele>
   </trkpt>
   <trkpt lat="47.2585030" lon="4.7449880">
    <ele>410.4</ele>
   </trkpt>
   <trkpt lat="47.2583590" lon="4.7448840">
    <ele>410.8</ele>
   </trkpt>
   <trkpt lat="47.2582290" lon="4.7448230">
    <ele>410.8</ele>
   </trkpt>
   <trkpt lat="47.2581770" lon="4.7448190">
    <ele>410.6</ele>
   </trkpt>
   <trkpt lat="47.2581490" lon="4.7448390">
    <ele>410.2</ele>
   </trkpt>
   <trkpt lat="47.2580390" lon="4.7449030">
    <ele>409.4</ele>
   </trkpt>
   <trkpt lat="47.2580070" lon="4.7449010">
    <ele>408.8</ele>
   </trkpt>
   <trkpt lat="47.2579640" lon="4.7448740">
    <ele>408.2</ele>
   </trkpt>
   <trkpt lat="47.2579110" lon="4.7448770">
    <ele>407.6</ele>
   </trkpt>
   <trkpt lat="47.2578610" lon="4.7448710">
    <ele>407.2</ele>
   </trkpt>
   <trkpt lat="47.2577680" lon="4.7448990">
    <ele>406.6</ele>
   </trkpt>
   <trkpt lat="47.2577030" lon="4.7449280">
    <ele>405.6</ele>
   </trkpt>
   <trkpt lat="47.2576160" lon="4.7449550">
    <ele>404.2</ele>
   </trkpt>
   <trkpt lat="47.2575890" lon="4.7449470">
    <ele>404.2</ele>
   </trkpt>
   <trkpt lat="47.2574650" lon="4.7449880">
    <ele>403.6</ele>
   </trkpt>
   <trkpt lat="47.2574310" lon="4.7450030">
    <ele>403.6</ele>
   </trkpt>
   <trkpt lat="47.2573770" lon="4.7449680">
    <ele>403.4</ele>
   </trkpt>
   <trkpt lat="47.2573310" lon="4.7449240">
    <ele>403.2</ele>
   </trkpt>
   <trkpt lat="47.2573130" lon="4.7449220">
    <ele>403.0</ele>
   </trkpt>
   <trkpt lat="47.2572920" lon="4.7449390">
    <ele>402.8</ele>
   </trkpt>
   <trkpt lat="47.2572390" lon="4.7450170">
    <ele>402.0</ele>
   </trkpt>
   <trkpt lat="47.2572000" lon="4.7450580">
    <ele>400.8</ele>
   </trkpt>
   <trkpt lat="47.2571400" lon="4.7451150">
    <ele>399.0</ele>
   </trkpt>
   <trkpt lat="47.2571090" lon="4.7451510">
    <ele>397.6</ele>
   </trkpt>
   <trkpt lat="47.2570620" lon="4.7451930">
    <ele>395.8</ele>
   </trkpt>
   <trkpt lat="47.2570280" lon="4.7452150">
    <ele>395.0</ele>
   </trkpt>
   <trkpt lat="47.2570050" lon="4.7452300">
    <ele>394.0</ele>
   </trkpt>
   <trkpt lat="47.2569600" lon="4.7452390">
    <ele>392.8</ele>
   </trkpt>
   <trkpt lat="47.2569070" lon="4.7452570">
    <ele>391.4</ele>
   </trkpt>
   <trkpt lat="47.2568590" lon="4.7452670">
    <ele>390.2</ele>
   </trkpt>
   <trkpt lat="47.2568150" lon="4.7452790">
    <ele>389.0</ele>
   </trkpt>
   <trkpt lat="47.2567690" lon="4.7452820">
    <ele>387.8</ele>
   </trkpt>
   <trkpt lat="47.2567430" lon="4.7452800">
    <ele>387.6</ele>
   </trkpt>
   <trkpt lat="47.2566810" lon="4.7452700">
    <ele>386.6</ele>
   </trkpt>
   <trkpt lat="47.2566540" lon="4.7452760">
    <ele>385.8</ele>
   </trkpt>
   <trkpt lat="47.2566310" lon="4.7452740">
    <ele>385.4</ele>
   </trkpt>
   <trkpt lat="47.2565640" lon="4.7452830">
    <ele>384.2</ele>
   </trkpt>
   <trkpt lat="47.2565500" lon="4.7452790">
    <ele>383.4</ele>
   </trkpt>
   <trkpt lat="47.2565420" lon="4.7452740">
    <ele>382.8</ele>
   </trkpt>
   <trkpt lat="47.2565360" lon="4.7452640">
    <ele>382.2</ele>
   </trkpt>
   <trkpt lat="47.2565200" lon="4.7452510">
    <ele>382.0</ele>
   </trkpt>
   <trkpt lat="47.2565060" lon="4.7452660">
    <ele>381.2</ele>
   </trkpt>
   <trkpt lat="47.2564840" lon="4.7452910">
    <ele>380.4</ele>
   </trkpt>
   <trkpt lat="47.2564600" lon="4.7452920">
    <ele>379.8</ele>
   </trkpt>
   <trkpt lat="47.2564360" lon="4.7452850">
    <ele>378.2</ele>
   </trkpt>
   <trkpt lat="47.2564130" lon="4.7452690">
    <ele>377.2</ele>
   </trkpt>
   <trkpt lat="47.2563850" lon="4.7452710">
    <ele>376.6</ele>
   </trkpt>
   <trkpt lat="47.2563560" lon="4.7452660">
    <ele>375.8</ele>
   </trkpt>
   <trkpt lat="47.2563300" lon="4.7452550">
    <ele>374.2</ele>
   </trkpt>
   <trkpt lat="47.2562930" lon="4.7452300">
    <ele>372.8</ele>
   </trkpt>
   <trkpt lat="47.2562670" lon="4.7452170">
    <ele>372.2</ele>
   </trkpt>
   <trkpt lat="47.2562550" lon="4.7452160">
    <ele>371.8</ele>
   </trkpt>
   <trkpt lat="47.2562390" lon="4.7452090">
    <ele>371.0</ele>
   </trkpt>
   <trkpt lat="47.2562270" lon="4.7452000">
    <ele>370.8</ele>
   </trkpt>
   <trkpt lat="47.2561740" lon="4.7451560">
    <ele>369.2</ele>
   </trkpt>
   <trkpt lat="47.2561540" lon="4.7451350">
    <ele>368.6</ele>
   </trkpt>
   <trkpt lat="47.2561400" lon="4.7451060">
    <ele>368.0</ele>
   </trkpt>
   <trkpt lat="47.2561340" lon="4.7450420">
    <ele>367.4</ele>
   </trkpt>
   <trkpt lat="47.2561130" lon="4.7449390">
    <ele>367.6</ele>
   </trkpt>
   <trkpt lat="47.2561080" lon="4.7448770">
    <ele>367.8</ele>
   </trkpt>
   <trkpt lat="47.2560910" lon="4.7446660">
    <ele>368.0</ele>
   </trkpt>
   <trkpt lat="47.2560990" lon="4.7445520">
    <ele>367.4</ele>
   </trkpt>
   <trkpt lat="47.2560830" lon="4.7444770">
    <ele>367.2</ele>
   </trkpt>
   <trkpt lat="47.2560710" lon="4.7443880">
    <ele>366.8</ele>
   </trkpt>
   <trkpt lat="47.2560400" lon="4.7442880">
    <ele>366.2</ele>
   </trkpt>
   <trkpt lat="47.2560360" lon="4.7442690">
    <ele>365.6</ele>
   </trkpt>
   <trkpt lat="47.2559930" lon="4.7441640">
    <ele>364.4</ele>
   </trkpt>
   <trkpt lat="47.2559750" lon="4.7440860">
    <ele>363.2</ele>
   </trkpt>
   <trkpt lat="47.2559380" lon="4.7439750">
    <ele>361.6</ele>
   </trkpt>
   <trkpt lat="47.2559270" lon="4.7439390">
    <ele>360.8</ele>
   </trkpt>
   <trkpt lat="47.2559110" lon="4.7439070">
    <ele>360.2</ele>
   </trkpt>
   <trkpt lat="47.2559020" lon="4.7438810">
    <ele>359.2</ele>
   </trkpt>
   <trkpt lat="47.2558940" lon="4.7438620">
    <ele>358.4</ele>
   </trkpt>
   <trkpt lat="47.2558730" lon="4.7438450">
    <ele>357.8</ele>
   </trkpt>
   <trkpt lat="47.2558490" lon="4.7438200">
    <ele>357.4</ele>
   </trkpt>
   <trkpt lat="47.2558210" lon="4.7438040">
    <ele>356.2</ele>
   </trkpt>
   <trkpt lat="47.2558130" lon="4.7438160">
    <ele>354.6</ele>
   </trkpt>
   <trkpt lat="47.2557960" lon="4.7438380">
    <ele>353.8</ele>
   </trkpt>
   <trkpt lat="47.2557780" lon="4.7438700">
    <ele>353.0</ele>
   </trkpt>
   <trkpt lat="47.2557610" lon="4.7439050">
    <ele>352.8</ele>
   </trkpt>
   <trkpt lat="47.2557260" lon="4.7439620">
    <ele>351.6</ele>
   </trkpt>
   <trkpt lat="47.2557030" lon="4.7439860">
    <ele>351.4</ele>
   </trkpt>
   <trkpt lat="47.2556180" lon="4.7440640">
    <ele>350.8</ele>
   </trkpt>
   <trkpt lat="47.2555960" lon="4.7440870">
    <ele>350.4</ele>
   </trkpt>
   <trkpt lat="47.2554310" lon="4.7442180">
    <ele>349.4</ele>
   </trkpt>
   <trkpt lat="47.2554000" lon="4.7442480">
    <ele>349.2</ele>
   </trkpt>
   <trkpt lat="47.2552910" lon="4.7443750">
    <ele>347.8</ele>
   </trkpt>
   <trkpt lat="47.2552340" lon="4.7444740">
    <ele>347.2</ele>
   </trkpt>
   <trkpt lat="47.2552030" lon="4.7445130">
    <ele>346.2</ele>
   </trkpt>
   <trkpt lat="47.2551220" lon="4.7446250">
    <ele>345.0</ele>
   </trkpt>
   <trkpt lat="47.2550750" lon="4.7446910">
    <ele>344.0</ele>
   </trkpt>
   <trkpt lat="47.2549980" lon="4.7448090">
    <ele>342.6</ele>
   </trkpt>
   <trkpt lat="47.2549260" lon="4.7449330">
    <ele>341.4</ele>
   </trkpt>
   <trkpt lat="47.2548820" lon="4.7450290">
    <ele>340.4</ele>
   </trkpt>
   <trkpt lat="47.2548610" lon="4.7450720">
    <ele>339.8</ele>
   </trkpt>
   <trkpt lat="47.2548190" lon="4.7451600">
    <ele>338.2</ele>
   </trkpt>
   <trkpt lat="47.2547650" lon="4.7452840">
    <ele>337.0</ele>
   </trkpt>
   <trkpt lat="47.2547110" lon="4.7453990">
    <ele>335.8</ele>
   </trkpt>
   <trkpt lat="47.2546590" lon="4.7455140">
    <ele>334.6</ele>
   </trkpt>
   <trkpt lat="47.2545960" lon="4.7456200">
    <ele>332.6</ele>
   </trkpt>
   <trkpt lat="47.2545520" lon="4.7456830">
    <ele>331.2</ele>
   </trkpt>
   <trkpt lat="47.2545300" lon="4.7457140">
    <ele>330.2</ele>
   </trkpt>
   <trkpt lat="47.2544590" lon="4.7457950">
    <ele>328.4</ele>
   </trkpt>
   <trkpt lat="47.2544050" lon="4.7458370">
    <ele>327.2</ele>
   </trkpt>
   <trkpt lat="47.2543250" lon="4.7458960">
    <ele>326.0</ele>
   </trkpt>
   <trkpt lat="47.2543010" lon="4.7459140">
    <ele>324.8</ele>
   </trkpt>
   <trkpt lat="47.2542500" lon="4.7459560">
    <ele>323.2</ele>
   </trkpt>
   <trkpt lat="47.2542250" lon="4.7459840">
    <ele>322.6</ele>
   </trkpt>
   <trkpt lat="47.2541990" lon="4.7460080">
    <ele>322.4</ele>
   </trkpt>
   <trkpt lat="47.2541730" lon="4.7460230">
    <ele>322.0</ele>
   </trkpt>
   <trkpt lat="47.2541520" lon="4.7460260">
    <ele>321.4</ele>
   </trkpt>
   <trkpt lat="47.2541270" lon="4.7460310">
    <ele>320.8</ele>
   </trkpt>
   <trkpt lat="47.2540640" lon="4.7460700">
    <ele>318.8</ele>
   </trkpt>
   <trkpt lat="47.2540140" lon="4.7461340">
    <ele>317.4</ele>
   </trkpt>
   <trkpt lat="47.2539250" lon="4.7462350">
    <ele>316.4</ele>
   </trkpt>
   <trkpt lat="47.2538980" lon="4.7462580">
    <ele>316.0</ele>
   </trkpt>
   <trkpt lat="47.2537770" lon="4.7464160">
    <ele>315.2</ele>
   </trkpt>
   <trkpt lat="47.2536490" lon="4.7466080">
    <ele>314.0</ele>
   </trkpt>
   <trkpt lat="47.2536040" lon="4.7466700">
    <ele>313.4</ele>
   </trkpt>
   <trkpt lat="47.2535580" lon="4.7467340">
    <ele>313.0</ele>
   </trkpt>
   <trkpt lat="47.2534860" lon="4.7468730">
    <ele>312.2</ele>
   </trkpt>
   <trkpt lat="47.2534620" lon="4.7469190">
    <ele>311.8</ele>
   </trkpt>
   <trkpt lat="47.2533990" lon="4.7470520">
    <ele>310.8</ele>
   </trkpt>
   <trkpt lat="47.2533190" lon="4.7472260">
    <ele>310.2</ele>
   </trkpt>
   <trkpt lat="47.2532400" lon="4.7473330">
    <ele>309.6</ele>
   </trkpt>
   <trkpt lat="47.2532130" lon="4.7473530">
    <ele>309.4</ele>
   </trkpt>
   <trkpt lat="47.2531880" lon="4.7473730">
    <ele>309.2</ele>
   </trkpt>
   <trkpt lat="47.2531420" lon="4.7474240">
    <ele>308.6</ele>
   </trkpt>
   <trkpt lat="47.2530820" lon="4.7474820">
    <ele>308.0</ele>
   </trkpt>
   <trkpt lat="47.2530260" lon="4.7475570">
    <ele>307.2</ele>
   </trkpt>
   <trkpt lat="47.2529490" lon="4.7476750">
    <ele>306.2</ele>
   </trkpt>
   <trkpt lat="47.2528960" lon="4.7477320">
    <ele>306.0</ele>
   </trkpt>
   <trkpt lat="47.2527620" lon="4.7477470">
    <ele>306.0</ele>
   </trkpt>
   <trkpt lat="47.2527080" lon="4.7477070">
    <ele>305.8</ele>
   </trkpt>
   <trkpt lat="47.2525930" lon="4.7476280">
    <ele>305.8</ele>
   </trkpt>
   <trkpt lat="47.2524080" lon="4.7474850">
    <ele>305.8</ele>
   </trkpt>
   <trkpt lat="47.2523180" lon="4.7474110">
    <ele>305.8</ele>
   </trkpt>
   <trkpt lat="47.2522620" lon="4.7472950">
    <ele>307.2</ele>
   </trkpt>
   <trkpt lat="47.2522500" lon="4.7472590">
    <ele>307.4</ele>
   </trkpt>
   <trkpt lat="47.2522320" lon="4.7471510">
    <ele>308.4</ele>
   </trkpt>
   <trkpt lat="47.2522350" lon="4.7470970">
    <ele>308.8</ele>
   </trkpt>
   <trkpt lat="47.2522410" lon="4.7470390">
    <ele>309.6</ele>
   </trkpt>
   <trkpt lat="47.2522490" lon="4.7469610">
    <ele>310.4</ele>
   </trkpt>
   <trkpt lat="47.2522540" lon="4.7469420">
    <ele>310.6</ele>
   </trkpt>
   <trkpt lat="47.2522540" lon="4.7468260">
    <ele>311.0</ele>
   </trkpt>
   <trkpt lat="47.2522470" lon="4.7467790">
    <ele>311.8</ele>
   </trkpt>
   <trkpt lat="47.2522330" lon="4.7467520">
    <ele>312.4</ele>
   </trkpt>
   <trkpt lat="47.2522310" lon="4.7467560">
    <ele>312.6</ele>
   </trkpt>
   <trkpt lat="47.2522240" lon="4.7467810">
    <ele>312.8</ele>
   </trkpt>
   <trkpt lat="47.2522120" lon="4.7468180">
    <ele>313.2</ele>
   </trkpt>
   <trkpt lat="47.2522010" lon="4.7468520">
    <ele>313.4</ele>
   </trkpt>
   <trkpt lat="47.2521790" lon="4.7469190">
    <ele>314.0</ele>
   </trkpt>
   <trkpt lat="47.2521450" lon="4.7470270">
    <ele>315.0</ele>
   </trkpt>
   <trkpt lat="47.2521290" lon="4.7471080">
    <ele>316.4</ele>
   </trkpt>
   <trkpt lat="47.2521250" lon="4.7471240">
    <ele>316.8</ele>
   </trkpt>
   <trkpt lat="47.2521170" lon="4.7471340">
    <ele>317.0</ele>
   </trkpt>
   <trkpt lat="47.2521030" lon="4.7471630">
    <ele>317.6</ele>
   </trkpt>
   <trkpt lat="47.2520520" lon="4.7472390">
    <ele>318.8</ele>
   </trkpt>
   <trkpt lat="47.2520060" lon="4.7473280">
    <ele>320.4</ele>
   </trkpt>
   <trkpt lat="47.2519700" lon="4.7474090">
    <ele>321.2</ele>
   </trkpt>
   <trkpt lat="47.2519650" lon="4.7474280">
    <ele>321.2</ele>
   </trkpt>
   <trkpt lat="47.2519550" lon="4.7474580">
    <ele>321.4</ele>
   </trkpt>
   <trkpt lat="47.2519230" lon="4.7475890">
    <ele>322.6</ele>
   </trkpt>
   <trkpt lat="47.2519290" lon="4.7476420">
    <ele>324.0</ele>
   </trkpt>
   <trkpt lat="47.2519240" lon="4.7476620">
    <ele>324.4</ele>
   </trkpt>
   <trkpt lat="47.2519220" lon="4.7477130">
    <ele>324.8</ele>
   </trkpt>
   <trkpt lat="47.2519140" lon="4.7477430">
    <ele>324.8</ele>
   </trkpt>
   <trkpt lat="47.2519060" lon="4.7477740">
    <ele>325.0</ele>
   </trkpt>
   <trkpt lat="47.2518970" lon="4.7478020">
    <ele>325.2</ele>
   </trkpt>
   <trkpt lat="47.2518530" lon="4.7478440">
    <ele>326.2</ele>
   </trkpt>
   <trkpt lat="47.2518220" lon="4.7478860">
    <ele>326.6</ele>
   </trkpt>
   <trkpt lat="47.2518060" lon="4.7479000">
    <ele>326.8</ele>
   </trkpt>
   <trkpt lat="47.2517590" lon="4.7479190">
    <ele>327.6</ele>
   </trkpt>
   <trkpt lat="47.2517130" lon="4.7479520">
    <ele>328.0</ele>
   </trkpt>
   <trkpt lat="47.2516500" lon="4.7479880">
    <ele>328.8</ele>
   </trkpt>
   <trkpt lat="47.2515870" lon="4.7480040">
    <ele>330.0</ele>
   </trkpt>
   <trkpt lat="47.2515620" lon="4.7480090">
    <ele>330.4</ele>
   </trkpt>
   <trkpt lat="47.2515330" lon="4.7480010">
    <ele>331.0</ele>
   </trkpt>
   <trkpt lat="47.2515140" lon="4.7480030">
    <ele>331.8</ele>
   </trkpt>
   <trkpt lat="47.2514960" lon="4.7479860">
    <ele>332.2</ele>
   </trkpt>
   <trkpt lat="47.2514780" lon="4.7479430">
    <ele>333.4</ele>
   </trkpt>
   <trkpt lat="47.2514850" lon="4.7479150">
    <ele>333.8</ele>
   </trkpt>
   <trkpt lat="47.2514910" lon="4.7478910">
    <ele>334.6</ele>
   </trkpt>
   <trkpt lat="47.2515070" lon="4.7478140">
    <ele>335.8</ele>
   </trkpt>
   <trkpt lat="47.2515100" lon="4.7477190">
    <ele>337.2</ele>
   </trkpt>
   <trkpt lat="47.2515110" lon="4.7476000">
    <ele>338.2</ele>
   </trkpt>
   <trkpt lat="47.2515210" lon="4.7475030">
    <ele>339.2</ele>
   </trkpt>
   <trkpt lat="47.2515220" lon="4.7474680">
    <ele>339.6</ele>
   </trkpt>
   <trkpt lat="47.2515210" lon="4.7473700">
    <ele>340.0</ele>
   </trkpt>
   <trkpt lat="47.2515340" lon="4.7472810">
    <ele>340.6</ele>
   </trkpt>
   <trkpt lat="47.2515340" lon="4.7472490">
    <ele>341.0</ele>
   </trkpt>
   <trkpt lat="47.2515360" lon="4.7471590">
    <ele>341.8</ele>
   </trkpt>
   <trkpt lat="47.2515270" lon="4.7470050">
    <ele>342.2</ele>
   </trkpt>
   <trkpt lat="47.2515130" lon="4.7469390">
    <ele>342.8</ele>
   </trkpt>
   <trkpt lat="47.2515010" lon="4.7468220">
    <ele>344.0</ele>
   </trkpt>
   <trkpt lat="47.2514980" lon="4.7467880">
    <ele>344.4</ele>
   </trkpt>
   <trkpt lat="47.2514960" lon="4.7467110">
    <ele>345.0</ele>
   </trkpt>
   <trkpt lat="47.2514960" lon="4.7466830">
    <ele>345.0</ele>
   </trkpt>
   <trkpt lat="47.2514970" lon="4.7466510">
    <ele>345.4</ele>
   </trkpt>
   <trkpt lat="47.2515010" lon="4.7465920">
    <ele>345.8</ele>
   </trkpt>
   <trkpt lat="47.2515000" lon="4.7465220">
    <ele>346.0</ele>
   </trkpt>
   <trkpt lat="47.2514980" lon="4.7464210">
    <ele>346.2</ele>
   </trkpt>
   <trkpt lat="47.2514920" lon="4.7463090">
    <ele>347.0</ele>
   </trkpt>
   <trkpt lat="47.2514930" lon="4.7462670">
    <ele>347.4</ele>
   </trkpt>
   <trkpt lat="47.2514980" lon="4.7462420">
    <ele>347.6</ele>
   </trkpt>
   <trkpt lat="47.2514960" lon="4.7462190">
    <ele>347.6</ele>
   </trkpt>
   <trkpt lat="47.2514980" lon="4.7461390">
    <ele>348.6</ele>
   </trkpt>
   <trkpt lat="47.2514960" lon="4.7460440">
    <ele>349.6</ele>
   </trkpt>
   <trkpt lat="47.2514970" lon="4.7460170">
    <ele>349.8</ele>
   </trkpt>
   <trkpt lat="47.2515060" lon="4.7458860">
    <ele>349.6</ele>
   </trkpt>
   <trkpt lat="47.2515110" lon="4.7458020">
    <ele>349.6</ele>
   </trkpt>
   <trkpt lat="47.2515140" lon="4.7456610">
    <ele>349.6</ele>
   </trkpt>
   <trkpt lat="47.2515150" lon="4.7454520">
    <ele>348.8</ele>
   </trkpt>
   <trkpt lat="47.2515090" lon="4.7454090">
    <ele>348.4</ele>
   </trkpt>
   <trkpt lat="47.2514880" lon="4.7452760">
    <ele>347.0</ele>
   </trkpt>
   <trkpt lat="47.2514480" lon="4.7450860">
    <ele>346.4</ele>
   </trkpt>
   <trkpt lat="47.2514530" lon="4.7449450">
    <ele>345.8</ele>
   </trkpt>
   <trkpt lat="47.2514430" lon="4.7448420">
    <ele>345.4</ele>
   </trkpt>
   <trkpt lat="47.2514340" lon="4.7447920">
    <ele>344.8</ele>
   </trkpt>
   <trkpt lat="47.2514090" lon="4.7446710">
    <ele>344.0</ele>
   </trkpt>
   <trkpt lat="47.2514030" lon="4.7446340">
    <ele>343.8</ele>
   </trkpt>
   <trkpt lat="47.2513980" lon="4.7444560">
    <ele>343.6</ele>
   </trkpt>
   <trkpt lat="47.2513960" lon="4.7444050">
    <ele>343.6</ele>
   </trkpt>
   <trkpt lat="47.2513690" lon="4.7442290">
    <ele>343.4</ele>
   </trkpt>
   <trkpt lat="47.2513320" lon="4.7441480">
    <ele>343.0</ele>
   </trkpt>
   <trkpt lat="47.2512540" lon="4.7440820">
    <ele>343.6</ele>
   </trkpt>
   <trkpt lat="47.2512290" lon="4.7440570">
    <ele>344.2</ele>
   </trkpt>
   <trkpt lat="47.2512150" lon="4.7440200">
    <ele>344.4</ele>
   </trkpt>
   <trkpt lat="47.2512110" lon="4.7439680">
    <ele>344.6</ele>
   </trkpt>
   <trkpt lat="47.2512000" lon="4.7439370">
    <ele>344.8</ele>
   </trkpt>
   <trkpt lat="47.2511710" lon="4.7438560">
    <ele>345.4</ele>
   </trkpt>
   <trkpt lat="47.2511680" lon="4.7438290">
    <ele>345.8</ele>
   </trkpt>
   <trkpt lat="47.2511500" lon="4.7437600">
    <ele>346.0</ele>
   </trkpt>
   <trkpt lat="47.2511020" lon="4.7436310">
    <ele>346.8</ele>
   </trkpt>
   <trkpt lat="47.2510790" lon="4.7435510">
    <ele>347.2</ele>
   </trkpt>
   <trkpt lat="47.2510510" lon="4.7434420">
    <ele>347.6</ele>
   </trkpt>
   <trkpt lat="47.2510270" lon="4.7433710">
    <ele>347.6</ele>
   </trkpt>
   <trkpt lat="47.2510230" lon="4.7433430">
    <ele>347.6</ele>
   </trkpt>
   <trkpt lat="47.2509940" lon="4.7431710">
    <ele>347.0</ele>
   </trkpt>
   <trkpt lat="47.2509580" lon="4.7431010">
    <ele>346.8</ele>
   </trkpt>
   <trkpt lat="47.2508360" lon="4.7429380">
    <ele>347.0</ele>
   </trkpt>
   <trkpt lat="47.2507310" lon="4.7427400">
    <ele>346.8</ele>
   </trkpt>
   <trkpt lat="47.2507000" lon="4.7426960">
    <ele>348.4</ele>
   </trkpt>
   <trkpt lat="47.2506790" lon="4.7426030">
    <ele>349.6</ele>
   </trkpt>
   <trkpt lat="47.2506620" lon="4.7425390">
    <ele>349.8</ele>
   </trkpt>
   <trkpt lat="47.2506030" lon="4.7424330">
    <ele>349.6</ele>
   </trkpt>
   <trkpt lat="47.2504960" lon="4.7422730">
    <ele>349.4</ele>
   </trkpt>
   <trkpt lat="47.2503650" lon="4.7420730">
    <ele>350.6</ele>
   </trkpt>
   <trkpt lat="47.2503350" lon="4.7419180">
    <ele>350.6</ele>
   </trkpt>
   <trkpt lat="47.2503190" lon="4.7418610">
    <ele>350.6</ele>
   </trkpt>
   <trkpt lat="47.2503100" lon="4.7418320">
    <ele>350.4</ele>
   </trkpt>
   <trkpt lat="47.2503080" lon="4.7417890">
    <ele>350.2</ele>
   </trkpt>
   <trkpt lat="47.2502910" lon="4.7416560">
    <ele>349.6</ele>
   </trkpt>
   <trkpt lat="47.2502820" lon="4.7415660">
    <ele>349.0</ele>
   </trkpt>
   <trkpt lat="47.2502550" lon="4.7415090">
    <ele>348.6</ele>
   </trkpt>
   <trkpt lat="47.2502340" lon="4.7414890">
    <ele>348.4</ele>
   </trkpt>
   <trkpt lat="47.2501970" lon="4.7414530">
    <ele>348.4</ele>
   </trkpt>
   <trkpt lat="47.2500870" lon="4.7413690">
    <ele>349.4</ele>
   </trkpt>
   <trkpt lat="47.2500630" lon="4.7413490">
    <ele>350.0</ele>
   </trkpt>
   <trkpt lat="47.2500010" lon="4.7413010">
    <ele>351.0</ele>
   </trkpt>
   <trkpt lat="47.2499430" lon="4.7412840">
    <ele>351.6</ele>
   </trkpt>
   <trkpt lat="47.2499230" lon="4.7412810">
    <ele>352.0</ele>
   </trkpt>
   <trkpt lat="47.2499090" lon="4.7412690">
    <ele>352.2</ele>
   </trkpt>
   <trkpt lat="47.2498310" lon="4.7411730">
    <ele>353.4</ele>
   </trkpt>
   <trkpt lat="47.2498070" lon="4.7411540">
    <ele>353.6</ele>
   </trkpt>
   <trkpt lat="47.2497900" lon="4.7411570">
    <ele>354.0</ele>
   </trkpt>
   <trkpt lat="47.2497770" lon="4.7411530">
    <ele>354.4</ele>
   </trkpt>
   <trkpt lat="47.2497100" lon="4.7411580">
    <ele>355.8</ele>
   </trkpt>
   <trkpt lat="47.2497020" lon="4.7411610">
    <ele>356.0</ele>
   </trkpt>
   <trkpt lat="47.2496940" lon="4.7411690">
    <ele>356.6</ele>
   </trkpt>
   <trkpt lat="47.2496730" lon="4.7411780">
    <ele>356.8</ele>
   </trkpt>
   <trkpt lat="47.2496290" lon="4.7411930">
    <ele>358.2</ele>
   </trkpt>
   <trkpt lat="47.2495970" lon="4.7411930">
    <ele>359.2</ele>
   </trkpt>
   <trkpt lat="47.2495850" lon="4.7411900">
    <ele>359.4</ele>
   </trkpt>
   <trkpt lat="47.2495450" lon="4.7411760">
    <ele>360.8</ele>
   </trkpt>
   <trkpt lat="47.2495160" lon="4.7411700">
    <ele>361.4</ele>
   </trkpt>
   <trkpt lat="47.2494870" lon="4.7411730">
    <ele>362.0</ele>
   </trkpt>
   <trkpt lat="47.2494580" lon="4.7411750">
    <ele>362.6</ele>
   </trkpt>
   <trkpt lat="47.2494370" lon="4.7411830">
    <ele>363.2</ele>
   </trkpt>
   <trkpt lat="47.2494110" lon="4.7411940">
    <ele>364.6</ele>
   </trkpt>
   <trkpt lat="47.2494020" lon="4.7411950">
    <ele>365.4</ele>
   </trkpt>
   <trkpt lat="47.2493770" lon="4.7412050">
    <ele>365.8</ele>
   </trkpt>
   <trkpt lat="47.2493310" lon="4.7412160">
    <ele>367.2</ele>
   </trkpt>
   <trkpt lat="47.2493160" lon="4.7412160">
    <ele>367.8</ele>
   </trkpt>
   <trkpt lat="47.2493040" lon="4.7412090">
    <ele>368.2</ele>
   </trkpt>
   <trkpt lat="47.2492910" lon="4.7412070">
    <ele>368.4</ele>
   </trkpt>
   <trkpt lat="47.2492650" lon="4.7412080">
    <ele>369.4</ele>
   </trkpt>
   <trkpt lat="47.2492160" lon="4.7412100">
    <ele>370.4</ele>
   </trkpt>
   <trkpt lat="47.2491850" lon="4.7412020">
    <ele>371.0</ele>
   </trkpt>
   <trkpt lat="47.2491560" lon="4.7411890">
    <ele>371.6</ele>
   </trkpt>
   <trkpt lat="47.2491400" lon="4.7411930">
    <ele>371.8</ele>
   </trkpt>
   <trkpt lat="47.2491170" lon="4.7412110">
    <ele>372.4</ele>
   </trkpt>
   <trkpt lat="47.2491030" lon="4.7412300">
    <ele>372.8</ele>
   </trkpt>
   <trkpt lat="47.2491000" lon="4.7412960">
    <ele>373.8</ele>
   </trkpt>
   <trkpt lat="47.2491080" lon="4.7413180">
    <ele>374.0</ele>
   </trkpt>
   <trkpt lat="47.2491130" lon="4.7413690">
    <ele>374.4</ele>
   </trkpt>
   <trkpt lat="47.2491140" lon="4.7414180">
    <ele>374.6</ele>
   </trkpt>
   <trkpt lat="47.2491130" lon="4.7414350">
    <ele>375.0</ele>
   </trkpt>
   <trkpt lat="47.2491250" lon="4.7414630">
    <ele>375.6</ele>
   </trkpt>
   <trkpt lat="47.2491460" lon="4.7414930">
    <ele>376.4</ele>
   </trkpt>
   <trkpt lat="47.2491540" lon="4.7415150">
    <ele>376.6</ele>
   </trkpt>
   <trkpt lat="47.2491710" lon="4.7415580">
    <ele>377.6</ele>
   </trkpt>
   <trkpt lat="47.2491750" lon="4.7415820">
    <ele>377.8</ele>
   </trkpt>
   <trkpt lat="47.2491970" lon="4.7416470">
    <ele>378.4</ele>
   </trkpt>
   <trkpt lat="47.2492060" lon="4.7416710">
    <ele>378.8</ele>
   </trkpt>
   <trkpt lat="47.2492300" lon="4.7417550">
    <ele>379.2</ele>
   </trkpt>
   <trkpt lat="47.2492360" lon="4.7417730">
    <ele>379.6</ele>
   </trkpt>
   <trkpt lat="47.2492460" lon="4.7418120">
    <ele>379.8</ele>
   </trkpt>
   <trkpt lat="47.2492590" lon="4.7418480">
    <ele>380.8</ele>
   </trkpt>
   <trkpt lat="47.2492580" lon="4.7418640">
    <ele>381.0</ele>
   </trkpt>
   <trkpt lat="47.2492490" lon="4.7419330">
    <ele>382.0</ele>
   </trkpt>
   <trkpt lat="47.2492480" lon="4.7419570">
    <ele>382.8</ele>
   </trkpt>
   <trkpt lat="47.2492580" lon="4.7419810">
    <ele>383.0</ele>
   </trkpt>
   <trkpt lat="47.2492740" lon="4.7419940">
    <ele>383.2</ele>
   </trkpt>
   <trkpt lat="47.2493150" lon="4.7420280">
    <ele>383.2</ele>
   </trkpt>
   <trkpt lat="47.2493200" lon="4.7420440">
    <ele>383.4</ele>
   </trkpt>
   <trkpt lat="47.2493360" lon="4.7420620">
    <ele>383.4</ele>
   </trkpt>
   <trkpt lat="47.2493540" lon="4.7420760">
    <ele>383.8</ele>
   </trkpt>
   <trkpt lat="47.2493650" lon="4.7420840">
    <ele>383.8</ele>
   </trkpt>
   <trkpt lat="47.2494070" lon="4.7420970">
    <ele>384.0</ele>
   </trkpt>
   <trkpt lat="47.2494280" lon="4.7421060">
    <ele>384.2</ele>
   </trkpt>
   <trkpt lat="47.2494370" lon="4.7421430">
    <ele>385.2</ele>
   </trkpt>
   <trkpt lat="47.2494360" lon="4.7421510">
    <ele>385.6</ele>
   </trkpt>
   <trkpt lat="47.2494430" lon="4.7421920">
    <ele>386.8</ele>
   </trkpt>
   <trkpt lat="47.2494470" lon="4.7422020">
    <ele>387.0</ele>
   </trkpt>
   <trkpt lat="47.2494580" lon="4.7422420">
    <ele>387.4</ele>
   </trkpt>
   <trkpt lat="47.2494630" lon="4.7422560">
    <ele>387.8</ele>
   </trkpt>
   <trkpt lat="47.2494680" lon="4.7422710">
    <ele>388.0</ele>
   </trkpt>
   <trkpt lat="47.2494920" lon="4.7423010">
    <ele>388.4</ele>
   </trkpt>
   <trkpt lat="47.2495050" lon="4.7423190">
    <ele>389.0</ele>
   </trkpt>
   <trkpt lat="47.2495050" lon="4.7423270">
    <ele>389.2</ele>
   </trkpt>
   <trkpt lat="47.2495020" lon="4.7423330">
    <ele>389.8</ele>
   </trkpt>
   <trkpt lat="47.2495020" lon="4.7423330">
    <ele>390.0</ele>
   </trkpt>
   <trkpt lat="47.2494940" lon="4.7423390">
    <ele>390.8</ele>
   </trkpt>
   <trkpt lat="47.2494800" lon="4.7423440">
    <ele>391.0</ele>
   </trkpt>
   <trkpt lat="47.2494490" lon="4.7423380">
    <ele>391.8</ele>
   </trkpt>
   <trkpt lat="47.2494440" lon="4.7423380">
    <ele>392.2</ele>
   </trkpt>
   <trkpt lat="47.2494160" lon="4.7423410">
    <ele>392.8</ele>
   </trkpt>
   <trkpt lat="47.2493930" lon="4.7423440">
    <ele>393.4</ele>
   </trkpt>
   <trkpt lat="47.2493910" lon="4.7423530">
    <ele>393.8</ele>
   </trkpt>
   <trkpt lat="47.2493920" lon="4.7423620">
    <ele>394.0</ele>
   </trkpt>
   <trkpt lat="47.2493960" lon="4.7423760">
    <ele>394.4</ele>
   </trkpt>
   <trkpt lat="47.2494030" lon="4.7424040">
    <ele>395.0</ele>
   </trkpt>
   <trkpt lat="47.2494040" lon="4.7424250">
    <ele>395.6</ele>
   </trkpt>
   <trkpt lat="47.2494140" lon="4.7424470">
    <ele>395.8</ele>
   </trkpt>
   <trkpt lat="47.2494240" lon="4.7424730">
    <ele>396.4</ele>
   </trkpt>
   <trkpt lat="47.2494290" lon="4.7424820">
    <ele>396.8</ele>
   </trkpt>
   <trkpt lat="47.2494400" lon="4.7425150">
    <ele>397.6</ele>
   </trkpt>
   <trkpt lat="47.2494530" lon="4.7425280">
    <ele>398.0</ele>
   </trkpt>
   <trkpt lat="47.2494510" lon="4.7425400">
    <ele>398.6</ele>
   </trkpt>
   <trkpt lat="47.2494480" lon="4.7425530">
    <ele>399.0</ele>
   </trkpt>
   <trkpt lat="47.2494510" lon="4.7425610">
    <ele>399.2</ele>
   </trkpt>
   <trkpt lat="47.2494660" lon="4.7425780">
    <ele>399.8</ele>
   </trkpt>
   <trkpt lat="47.2494900" lon="4.7425820">
    <ele>400.6</ele>
   </trkpt>
   <trkpt lat="47.2494940" lon="4.7426020">
    <ele>401.6</ele>
   </trkpt>
   <trkpt lat="47.2494830" lon="4.7426420">
    <ele>402.8</ele>
   </trkpt>
   <trkpt lat="47.2494820" lon="4.7426660">
    <ele>403.2</ele>
   </trkpt>
   <trkpt lat="47.2494820" lon="4.7426830">
    <ele>404.2</ele>
   </trkpt>
   <trkpt lat="47.2494850" lon="4.7427290">
    <ele>405.2</ele>
   </trkpt>
   <trkpt lat="47.2494890" lon="4.7427400">
    <ele>405.4</ele>
   </trkpt>
   <trkpt lat="47.2495100" lon="4.7427730">
    <ele>406.2</ele>
   </trkpt>
   <trkpt lat="47.2495110" lon="4.7427910">
    <ele>406.6</ele>
   </trkpt>
   <trkpt lat="47.2495160" lon="4.7428470">
    <ele>407.4</ele>
   </trkpt>
   <trkpt lat="47.2495190" lon="4.7428580">
    <ele>407.4</ele>
   </trkpt>
   <trkpt lat="47.2495210" lon="4.7428740">
    <ele>408.0</ele>
   </trkpt>
   <trkpt lat="47.2495250" lon="4.7428880">
    <ele>408.4</ele>
   </trkpt>
   <trkpt lat="47.2495470" lon="4.7429010">
    <ele>408.8</ele>
   </trkpt>
   <trkpt lat="47.2495430" lon="4.7429010">
    <ele>409.6</ele>
   </trkpt>
   <trkpt lat="47.2495340" lon="4.7429040">
    <ele>410.6</ele>
   </trkpt>
   <trkpt lat="47.2495220" lon="4.7429090">
    <ele>410.8</ele>
   </trkpt>
   <trkpt lat="47.2495150" lon="4.7429100">
    <ele>411.4</ele>
   </trkpt>
   <trkpt lat="47.2495070" lon="4.7429050">
    <ele>411.8</ele>
   </trkpt>
   <trkpt lat="47.2494970" lon="4.7428990">
    <ele>412.0</ele>
   </trkpt>
   <trkpt lat="47.2494870" lon="4.7428960">
    <ele>412.2</ele>
   </trkpt>
   <trkpt lat="47.2494770" lon="4.7428960">
    <ele>412.4</ele>
   </trkpt>
   <trkpt lat="47.2494440" lon="4.7428950">
    <ele>412.8</ele>
   </trkpt>
   <trkpt lat="47.2494150" lon="4.7428910">
    <ele>413.0</ele>
   </trkpt>
   <trkpt lat="47.2494070" lon="4.7428940">
    <ele>413.2</ele>
   </trkpt>
   <trkpt lat="47.2493990" lon="4.7428940">
    <ele>413.4</ele>
   </trkpt>
   <trkpt lat="47.2493790" lon="4.7428930">
    <ele>413.8</ele>
   </trkpt>
   <trkpt lat="47.2493670" lon="4.7428930">
    <ele>414.6</ele>
   </trkpt>
   <trkpt lat="47.2493650" lon="4.7428930">
    <ele>415.4</ele>
   </trkpt>
   <trkpt lat="47.2493610" lon="4.7428960">
    <ele>415.6</ele>
   </trkpt>
   <trkpt lat="47.2493540" lon="4.7428930">
    <ele>415.8</ele>
   </trkpt>
   <trkpt lat="47.2493380" lon="4.7428930">
    <ele>416.6</ele>
   </trkpt>
   <trkpt lat="47.2493210" lon="4.7428950">
    <ele>417.0</ele>
   </trkpt>
   <trkpt lat="47.2493040" lon="4.7429030">
    <ele>417.2</ele>
   </trkpt>
   <trkpt lat="47.2492760" lon="4.7429390">
    <ele>418.0</ele>
   </trkpt>
   <trkpt lat="47.2492720" lon="4.7429690">
    <ele>419.4</ele>
   </trkpt>
   <trkpt lat="47.2492790" lon="4.7429780">
    <ele>420.6</ele>
   </trkpt>
   <trkpt lat="47.2492690" lon="4.7429760">
    <ele>420.8</ele>
   </trkpt>
   <trkpt lat="47.2492570" lon="4.7429740">
    <ele>420.8</ele>
   </trkpt>
   <trkpt lat="47.2492350" lon="4.7429710">
    <ele>421.0</ele>
   </trkpt>
   <trkpt lat="47.2492060" lon="4.7429720">
    <ele>421.4</ele>
   </trkpt>
   <trkpt lat="47.2491950" lon="4.7429680">
    <ele>421.8</ele>
   </trkpt>
   <trkpt lat="47.2491790" lon="4.7429660">
    <ele>422.2</ele>
   </trkpt>
   <trkpt lat="47.2491720" lon="4.7429620">
    <ele>422.6</ele>
   </trkpt>
   <trkpt lat="47.2491610" lon="4.7429560">
    <ele>422.8</ele>
   </trkpt>
   <trkpt lat="47.2491390" lon="4.7429510">
    <ele>424.0</ele>
   </trkpt>
   <trkpt lat="47.2491250" lon="4.7429500">
    <ele>424.4</ele>
   </trkpt>
   <trkpt lat="47.2491090" lon="4.7429490">
    <ele>425.0</ele>
   </trkpt>
   <trkpt lat="47.2491040" lon="4.7429510">
    <ele>425.2</ele>
   </trkpt>
   <trkpt lat="47.2490810" lon="4.7429600">
    <ele>425.6</ele>
   </trkpt>
   <trkpt lat="47.2490620" lon="4.7429730">
    <ele>425.8</ele>
   </trkpt>
   <trkpt lat="47.2490570" lon="4.7429780">
    <ele>426.2</ele>
   </trkpt>
   <trkpt lat="47.2490460" lon="4.7429830">
    <ele>426.6</ele>
   </trkpt>
   <trkpt lat="47.2490350" lon="4.7429810">
    <ele>427.4</ele>
   </trkpt>
   <trkpt lat="47.2490210" lon="4.7429640">
    <ele>428.2</ele>
   </trkpt>
   <trkpt lat="47.2490120" lon="4.7429600">
    <ele>428.6</ele>
   </trkpt>
   <trkpt lat="47.2489610" lon="4.7429630">
    <ele>429.4</ele>
   </trkpt>
   <trkpt lat="47.2489530" lon="4.7429790">
    <ele>429.8</ele>
   </trkpt>
   <trkpt lat="47.2489460" lon="4.7429910">
    <ele>430.4</ele>
   </trkpt>
   <trkpt lat="47.2489310" lon="4.7430190">
    <ele>431.2</ele>
   </trkpt>
   <trkpt lat="47.2489290" lon="4.7430400">
    <ele>432.0</ele>
   </trkpt>
   <trkpt lat="47.2489230" lon="4.7430610">
    <ele>432.6</ele>
   </trkpt>
   <trkpt lat="47.2489130" lon="4.7430900">
    <ele>433.0</ele>
   </trkpt>
   <trkpt lat="47.2489110" lon="4.7430990">
    <ele>433.4</ele>
   </trkpt>
   <trkpt lat="47.2489130" lon="4.7431080">
    <ele>433.6</ele>
   </trkpt>
   <trkpt lat="47.2489290" lon="4.7431270">
    <ele>434.8</ele>
   </trkpt>
   <trkpt lat="47.2489680" lon="4.7431430">
    <ele>435.4</ele>
   </trkpt>
   <trkpt lat="47.2490130" lon="4.7431790">
    <ele>436.0</ele>
   </trkpt>
   <trkpt lat="47.2490940" lon="4.7432190">
    <ele>436.4</ele>
   </trkpt>
   <trkpt lat="47.2491560" lon="4.7432620">
    <ele>436.8</ele>
   </trkpt>
   <trkpt lat="47.2491850" lon="4.7432890">
    <ele>437.0</ele>
   </trkpt>
   <trkpt lat="47.2492270" lon="4.7433460">
    <ele>437.2</ele>
   </trkpt>
   <trkpt lat="47.2492510" lon="4.7433690">
    <ele>437.2</ele>
   </trkpt>
   <trkpt lat="47.2492970" lon="4.7434160">
    <ele>437.2</ele>
   </trkpt>
   <trkpt lat="47.2493230" lon="4.7434690">
    <ele>437.2</ele>
   </trkpt>
   <trkpt lat="47.2493420" lon="4.7434980">
    <ele>437.2</ele>
   </trkpt>
   <trkpt lat="47.2493770" lon="4.7435900">
    <ele>437.2</ele>
   </trkpt>
   <trkpt lat="47.2493880" lon="4.7436060">
    <ele>437.0</ele>
   </trkpt>
   <trkpt lat="47.2494220" lon="4.7436440">
    <ele>437.2</ele>
   </trkpt>
   <trkpt lat="47.2494320" lon="4.7436770">
    <ele>437.6</ele>
   </trkpt>
   <trkpt lat="47.2494820" lon="4.7438260">
    <ele>438.2</ele>
   </trkpt>
   <trkpt lat="47.2494750" lon="4.7438530">
    <ele>438.2</ele>
   </trkpt>
   <trkpt lat="47.2494680" lon="4.7439250">
    <ele>437.8</ele>
   </trkpt>
   <trkpt lat="47.2494620" lon="4.7439700">
    <ele>437.6</ele>
   </trkpt>
   <trkpt lat="47.2494790" lon="4.7440670">
    <ele>437.2</ele>
   </trkpt>
   <trkpt lat="47.2494900" lon="4.7440840">
    <ele>437.2</ele>
   </trkpt>
   <trkpt lat="47.2495610" lon="4.7441840">
    <ele>436.2</ele>
   </trkpt>
   <trkpt lat="47.2495720" lon="4.7442090">
    <ele>436.0</ele>
   </trkpt>
   <trkpt lat="47.2495880" lon="4.7442270">
    <ele>436.0</ele>
   </trkpt>
   <trkpt lat="47.2496130" lon="4.7442510">
    <ele>435.6</ele>
   </trkpt>
   <trkpt lat="47.2496210" lon="4.7442720">
    <ele>435.4</ele>
   </trkpt>
   <trkpt lat="47.2496260" lon="4.7442950">
    <ele>435.0</ele>
   </trkpt>
   <trkpt lat="47.2496590" lon="4.7443720">
    <ele>435.0</ele>
   </trkpt>
   <trkpt lat="47.2496700" lon="4.7443770">
    <ele>435.0</ele>
   </trkpt>
   <trkpt lat="47.2496920" lon="4.7444190">
    <ele>435.2</ele>
   </trkpt>
   <trkpt lat="47.2497050" lon="4.7444490">
    <ele>435.2</ele>
   </trkpt>
   <trkpt lat="47.2497650" lon="4.7446220">
    <ele>434.0</ele>
   </trkpt>
   <trkpt lat="47.2497580" lon="4.7446600">
    <ele>433.6</ele>
   </trkpt>
   <trkpt lat="47.2497490" lon="4.7447220">
    <ele>433.2</ele>
   </trkpt>
   <trkpt lat="47.2497510" lon="4.7447810">
    <ele>433.0</ele>
   </trkpt>
   <trkpt lat="47.2497520" lon="4.7448140">
    <ele>432.8</ele>
   </trkpt>
   <trkpt lat="47.2497270" lon="4.7448630">
    <ele>432.2</ele>
   </trkpt>
   <trkpt lat="47.2497100" lon="4.7448830">
    <ele>431.6</ele>
   </trkpt>
   <trkpt lat="47.2496990" lon="4.7449160">
    <ele>431.4</ele>
   </trkpt>
   <trkpt lat="47.2496930" lon="4.7449560">
    <ele>431.0</ele>
   </trkpt>
   <trkpt lat="47.2496950" lon="4.7450400">
    <ele>430.8</ele>
   </trkpt>
   <trkpt lat="47.2496910" lon="4.7450820">
    <ele>430.6</ele>
   </trkpt>
   <trkpt lat="47.2496700" lon="4.7452180">
    <ele>430.0</ele>
   </trkpt>
   <trkpt lat="47.2496700" lon="4.7453650">
    <ele>429.2</ele>
   </trkpt>
   <trkpt lat="47.2496570" lon="4.7453910">
    <ele>428.8</ele>
   </trkpt>
   <trkpt lat="47.2496540" lon="4.7455180">
    <ele>427.6</ele>
   </trkpt>
   <trkpt lat="47.2496340" lon="4.7456270">
    <ele>426.2</ele>
   </trkpt>
   <trkpt lat="47.2496050" lon="4.7456830">
    <ele>425.6</ele>
   </trkpt>
   <trkpt lat="47.2495550" lon="4.7457910">
    <ele>425.0</ele>
   </trkpt>
   <trkpt lat="47.2495420" lon="4.7458320">
    <ele>423.8</ele>
   </trkpt>
   <trkpt lat="47.2495270" lon="4.7458800">
    <ele>423.2</ele>
   </trkpt>
   <trkpt lat="47.2494890" lon="4.7459700">
    <ele>422.8</ele>
   </trkpt>
   <trkpt lat="47.2494580" lon="4.7460730">
    <ele>422.4</ele>
   </trkpt>
   <trkpt lat="47.2494490" lon="4.7461100">
    <ele>422.2</ele>
   </trkpt>
   <trkpt lat="47.2494430" lon="4.7461410">
    <ele>422.2</ele>
   </trkpt>
   <trkpt lat="47.2494330" lon="4.7462230">
    <ele>421.4</ele>
   </trkpt>
   <trkpt lat="47.2494240" lon="4.7462680">
    <ele>421.0</ele>
   </trkpt>
   <trkpt lat="47.2494020" lon="4.7463420">
    <ele>419.8</ele>
   </trkpt>
   <trkpt lat="47.2493860" lon="4.7463510">
    <ele>419.2</ele>
   </trkpt>
   <trkpt lat="47.2493680" lon="4.7463580">
    <ele>418.8</ele>
   </trkpt>
   <trkpt lat="47.2493580" lon="4.7463550">
    <ele>418.6</ele>
   </trkpt>
   <trkpt lat="47.2493120" lon="4.7463470">
    <ele>419.0</ele>
   </trkpt>
   <trkpt lat="47.2492560" lon="4.7463580">
    <ele>420.0</ele>
   </trkpt>
   <trkpt lat="47.2492380" lon="4.7463590">
    <ele>420.2</ele>
   </trkpt>
   <trkpt lat="47.2492220" lon="4.7463560">
    <ele>420.6</ele>
   </trkpt>
   <trkpt lat="47.2492070" lon="4.7463510">
    <ele>421.2</ele>
   </trkpt>
   <trkpt lat="47.2491890" lon="4.7463640">
    <ele>421.6</ele>
   </trkpt>
   <trkpt lat="47.2491180" lon="4.7463790">
    <ele>422.0</ele>
   </trkpt>
   <trkpt lat="47.2490970" lon="4.7463800">
    <ele>422.6</ele>
   </trkpt>
   <trkpt lat="47.2490020" lon="4.7463870">
    <ele>423.6</ele>
   </trkpt>
   <trkpt lat="47.2488250" lon="4.7463660">
    <ele>424.6</ele>
   </trkpt>
   <trkpt lat="47.2488000" lon="4.7463550">
    <ele>424.8</ele>
   </trkpt>
   <trkpt lat="47.2487530" lon="4.7463260">
    <ele>425.4</ele>
   </trkpt>
   <trkpt lat="47.2487270" lon="4.7463140">
    <ele>426.0</ele>
   </trkpt>
   <trkpt lat="47.2486790" lon="4.7463120">
    <ele>426.6</ele>
   </trkpt>
   <trkpt lat="47.2485600" lon="4.7462720">
    <ele>427.0</ele>
   </trkpt>
   <trkpt lat="47.2485370" lon="4.7462720">
    <ele>427.2</ele>
   </trkpt>
   <trkpt lat="47.2484030" lon="4.7462130">
    <ele>427.6</ele>
   </trkpt>
   <trkpt lat="47.2483410" lon="4.7461930">
    <ele>428.2</ele>
   </trkpt>
   <trkpt lat="47.2482480" lon="4.7461370">
    <ele>428.4</ele>
   </trkpt>
   <trkpt lat="47.2481900" lon="4.7461310">
    <ele>428.6</ele>
   </trkpt>
   <trkpt lat="47.2480980" lon="4.7461100">
    <ele>429.2</ele>
   </trkpt>
   <trkpt lat="47.2480170" lon="4.7460880">
    <ele>429.6</ele>
   </trkpt>
   <trkpt lat="47.2478720" lon="4.7460580">
    <ele>430.2</ele>
   </trkpt>
   <trkpt lat="47.2478520" lon="4.7460620">
    <ele>430.4</ele>
   </trkpt>
   <trkpt lat="47.2478480" lon="4.7460960">
    <ele>430.4</ele>
   </trkpt>
   <trkpt lat="47.2478470" lon="4.7461420">
    <ele>430.4</ele>
   </trkpt>
   <trkpt lat="47.2478470" lon="4.7464060">
    <ele>430.0</ele>
   </trkpt>
   <trkpt lat="47.2478400" lon="4.7465510">
    <ele>429.8</ele>
   </trkpt>
   <trkpt lat="47.2478380" lon="4.7466810">
    <ele>429.2</ele>
   </trkpt>
   <trkpt lat="47.2478460" lon="4.7467190">
    <ele>428.8</ele>
   </trkpt>
   <trkpt lat="47.2478330" lon="4.7469350">
    <ele>428.6</ele>
   </trkpt>
   <trkpt lat="47.2477660" lon="4.7471700">
    <ele>428.0</ele>
   </trkpt>
   <trkpt lat="47.2477520" lon="4.7472130">
    <ele>427.8</ele>
   </trkpt>
   <trkpt lat="47.2476630" lon="4.7474300">
    <ele>427.4</ele>
   </trkpt>
   <trkpt lat="47.2475820" lon="4.7476260">
    <ele>426.8</ele>
   </trkpt>
   <trkpt lat="47.2475670" lon="4.7476810">
    <ele>426.8</ele>
   </trkpt>
   <trkpt lat="47.2474950" lon="4.7479460">
    <ele>426.4</ele>
   </trkpt>
   <trkpt lat="47.2474450" lon="4.7481740">
    <ele>425.6</ele>
   </trkpt>
   <trkpt lat="47.2474320" lon="4.7482210">
    <ele>425.6</ele>
   </trkpt>
   <trkpt lat="47.2473870" lon="4.7483970">
    <ele>424.6</ele>
   </trkpt>
   <trkpt lat="47.2473640" lon="4.7485150">
    <ele>423.4</ele>
   </trkpt>
   <trkpt lat="47.2473380" lon="4.7487160">
    <ele>422.4</ele>
   </trkpt>
   <trkpt lat="47.2473360" lon="4.7487680">
    <ele>422.0</ele>
   </trkpt>
   <trkpt lat="47.2473440" lon="4.7489350">
    <ele>421.2</ele>
   </trkpt>
   <trkpt lat="47.2473530" lon="4.7490360">
    <ele>420.8</ele>
   </trkpt>
   <trkpt lat="47.2473560" lon="4.7491350">
    <ele>420.2</ele>
   </trkpt>
   <trkpt lat="47.2473740" lon="4.7492780">
    <ele>418.8</ele>
   </trkpt>
   <trkpt lat="47.2473910" lon="4.7493730">
    <ele>418.6</ele>
   </trkpt>
   <trkpt lat="47.2474210" lon="4.7495170">
    <ele>417.8</ele>
   </trkpt>
   <trkpt lat="47.2474660" lon="4.7496560">
    <ele>416.8</ele>
   </trkpt>
   <trkpt lat="47.2474800" lon="4.7497070">
    <ele>416.4</ele>
   </trkpt>
   <trkpt lat="47.2475220" lon="4.7498570">
    <ele>415.0</ele>
   </trkpt>
   <trkpt lat="47.2475360" lon="4.7499100">
    <ele>414.6</ele>
   </trkpt>
   <trkpt lat="47.2475610" lon="4.7500070">
    <ele>413.8</ele>
   </trkpt>
   <trkpt lat="47.2476130" lon="4.7501530">
    <ele>412.4</ele>
   </trkpt>
   <trkpt lat="47.2476620" lon="4.7502440">
    <ele>411.4</ele>
   </trkpt>
   <trkpt lat="47.2476840" lon="4.7502970">
    <ele>410.8</ele>
   </trkpt>
   <trkpt lat="47.2477180" lon="4.7504010">
    <ele>409.6</ele>
   </trkpt>
   <trkpt lat="47.2477490" lon="4.7504930">
    <ele>407.8</ele>
   </trkpt>
   <trkpt lat="47.2477700" lon="4.7505260">
    <ele>407.2</ele>
   </trkpt>
   <trkpt lat="47.2477920" lon="4.7505520">
    <ele>406.6</ele>
   </trkpt>
   <trkpt lat="47.2478710" lon="4.7505990">
    <ele>404.6</ele>
   </trkpt>
   <trkpt lat="47.2479460" lon="4.7506090">
    <ele>402.8</ele>
   </trkpt>
   <trkpt lat="47.2480150" lon="4.7506190">
    <ele>401.2</ele>
   </trkpt>
   <trkpt lat="47.2480530" lon="4.7506330">
    <ele>400.8</ele>
   </trkpt>
   <trkpt lat="47.2480910" lon="4.7506570">
    <ele>400.0</ele>
   </trkpt>
   <trkpt lat="47.2481510" lon="4.7507030">
    <ele>398.8</ele>
   </trkpt>
   <trkpt lat="47.2481720" lon="4.7507230">
    <ele>397.6</ele>
   </trkpt>
   <trkpt lat="47.2481940" lon="4.7507410">
    <ele>397.0</ele>
   </trkpt>
   <trkpt lat="47.2482150" lon="4.7507550">
    <ele>396.2</ele>
   </trkpt>
   <trkpt lat="47.2482470" lon="4.7507540">
    <ele>395.6</ele>
   </trkpt>
   <trkpt lat="47.2482860" lon="4.7507520">
    <ele>394.8</ele>
   </trkpt>
   <trkpt lat="47.2483350" lon="4.7507530">
    <ele>394.0</ele>
   </trkpt>
   <trkpt lat="47.2483680" lon="4.7507600">
    <ele>393.4</ele>
   </trkpt>
   <trkpt lat="47.2484470" lon="4.7507840">
    <ele>392.0</ele>
   </trkpt>
   <trkpt lat="47.2485120" lon="4.7508620">
    <ele>390.4</ele>
   </trkpt>
   <trkpt lat="47.2485170" lon="4.7509220">
    <ele>390.0</ele>
   </trkpt>
   <trkpt lat="47.2484880" lon="4.7510300">
    <ele>388.6</ele>
   </trkpt>
   <trkpt lat="47.2484790" lon="4.7510780">
    <ele>387.4</ele>
   </trkpt>
   <trkpt lat="47.2484590" lon="4.7511230">
    <ele>386.2</ele>
   </trkpt>
   <trkpt lat="47.2484400" lon="4.7511770">
    <ele>385.2</ele>
   </trkpt>
   <trkpt lat="47.2484420" lon="4.7512670">
    <ele>383.6</ele>
   </trkpt>
   <trkpt lat="47.2484370" lon="4.7513090">
    <ele>383.2</ele>
   </trkpt>
   <trkpt lat="47.2484280" lon="4.7513480">
    <ele>382.4</ele>
   </trkpt>
   <trkpt lat="47.2484280" lon="4.7513820">
    <ele>380.6</ele>
   </trkpt>
   <trkpt lat="47.2484150" lon="4.7514100">
    <ele>379.4</ele>
   </trkpt>
   <trkpt lat="47.2483950" lon="4.7514400">
    <ele>378.2</ele>
   </trkpt>
   <trkpt lat="47.2483720" lon="4.7514650">
    <ele>377.6</ele>
   </trkpt>
   <trkpt lat="47.2483470" lon="4.7514910">
    <ele>376.8</ele>
   </trkpt>
   <trkpt lat="47.2483240" lon="4.7515320">
    <ele>375.4</ele>
   </trkpt>
   <trkpt lat="47.2483040" lon="4.7515620">
    <ele>374.8</ele>
   </trkpt>
   <trkpt lat="47.2482770" lon="4.7515790">
    <ele>373.4</ele>
   </trkpt>
   <trkpt lat="47.2482530" lon="4.7515860">
    <ele>372.4</ele>
   </trkpt>
   <trkpt lat="47.2482020" lon="4.7516080">
    <ele>370.8</ele>
   </trkpt>
   <trkpt lat="47.2481810" lon="4.7516190">
    <ele>369.4</ele>
   </trkpt>
   <trkpt lat="47.2481570" lon="4.7516330">
    <ele>368.4</ele>
   </trkpt>
   <trkpt lat="47.2481250" lon="4.7516440">
    <ele>367.6</ele>
   </trkpt>
   <trkpt lat="47.2480880" lon="4.7516600">
    <ele>366.8</ele>
   </trkpt>
   <trkpt lat="47.2480200" lon="4.7516900">
    <ele>364.4</ele>
   </trkpt>
   <trkpt lat="47.2479590" lon="4.7517400">
    <ele>363.4</ele>
   </trkpt>
   <trkpt lat="47.2478450" lon="4.7517900">
    <ele>361.4</ele>
   </trkpt>
   <trkpt lat="47.2478100" lon="4.7517930">
    <ele>360.4</ele>
   </trkpt>
   <trkpt lat="47.2477720" lon="4.7517990">
    <ele>359.2</ele>
   </trkpt>
   <trkpt lat="47.2477370" lon="4.7518120">
    <ele>358.4</ele>
   </trkpt>
   <trkpt lat="47.2477030" lon="4.7518290">
    <ele>357.2</ele>
   </trkpt>
   <trkpt lat="47.2476700" lon="4.7518490">
    <ele>356.0</ele>
   </trkpt>
   <trkpt lat="47.2475990" lon="4.7518970">
    <ele>354.4</ele>
   </trkpt>
   <trkpt lat="47.2475680" lon="4.7519280">
    <ele>353.8</ele>
   </trkpt>
   <trkpt lat="47.2475390" lon="4.7519560">
    <ele>352.6</ele>
   </trkpt>
   <trkpt lat="47.2474730" lon="4.7520120">
    <ele>351.0</ele>
   </trkpt>
   <trkpt lat="47.2474080" lon="4.7520710">
    <ele>349.4</ele>
   </trkpt>
   <trkpt lat="47.2473800" lon="4.7520900">
    <ele>348.2</ele>
   </trkpt>
   <trkpt lat="47.2473200" lon="4.7521230">
    <ele>347.0</ele>
   </trkpt>
   <trkpt lat="47.2472950" lon="4.7521430">
    <ele>345.8</ele>
   </trkpt>
   <trkpt lat="47.2472390" lon="4.7521970">
    <ele>344.2</ele>
   </trkpt>
   <trkpt lat="47.2471800" lon="4.7522540">
    <ele>342.6</ele>
   </trkpt>
   <trkpt lat="47.2471300" lon="4.7523170">
    <ele>341.2</ele>
   </trkpt>
   <trkpt lat="47.2470880" lon="4.7523670">
    <ele>339.6</ele>
   </trkpt>
   <trkpt lat="47.2470310" lon="4.7524210">
    <ele>338.2</ele>
   </trkpt>
   <trkpt lat="47.2469950" lon="4.7524390">
    <ele>337.8</ele>
   </trkpt>
   <trkpt lat="47.2469690" lon="4.7524400">
    <ele>337.2</ele>
   </trkpt>
   <trkpt lat="47.2469520" lon="4.7524260">
    <ele>336.8</ele>
   </trkpt>
   <trkpt lat="47.2469360" lon="4.7524100">
    <ele>336.2</ele>
   </trkpt>
   <trkpt lat="47.2468840" lon="4.7523750">
    <ele>335.8</ele>
   </trkpt>
   <trkpt lat="47.2467000" lon="4.7522810">
    <ele>335.8</ele>
   </trkpt>
   <trkpt lat="47.2465430" lon="4.7522220">
    <ele>336.4</ele>
   </trkpt>
   <trkpt lat="47.2464420" lon="4.7522080">
    <ele>336.8</ele>
   </trkpt>
   <trkpt lat="47.2463890" lon="4.7521850">
    <ele>336.8</ele>
   </trkpt>
   <trkpt lat="47.2463110" lon="4.7521280">
    <ele>338.0</ele>
   </trkpt>
   <trkpt lat="47.2462400" lon="4.7520590">
    <ele>338.2</ele>
   </trkpt>
   <trkpt lat="47.2461070" lon="4.7519800">
    <ele>338.4</ele>
   </trkpt>
   <trkpt lat="47.2459530" lon="4.7518990">
    <ele>339.0</ele>
   </trkpt>
   <trkpt lat="47.2458250" lon="4.7518590">
    <ele>339.6</ele>
   </trkpt>
   <trkpt lat="47.2458020" lon="4.7518560">
    <ele>340.0</ele>
   </trkpt>
   <trkpt lat="47.2456930" lon="4.7518100">
    <ele>341.4</ele>
   </trkpt>
   <trkpt lat="47.2455890" lon="4.7517330">
    <ele>342.0</ele>
   </trkpt>
   <trkpt lat="47.2454150" lon="4.7516350">
    <ele>342.6</ele>
   </trkpt>
   <trkpt lat="47.2452570" lon="4.7515390">
    <ele>343.6</ele>
   </trkpt>
   <trkpt lat="47.2452290" lon="4.7515190">
    <ele>343.8</ele>
   </trkpt>
   <trkpt lat="47.2451350" lon="4.7514510">
    <ele>344.6</ele>
   </trkpt>
   <trkpt lat="47.2450620" lon="4.7513950">
    <ele>344.8</ele>
   </trkpt>
   <trkpt lat="47.2449990" lon="4.7513420">
    <ele>345.2</ele>
   </trkpt>
   <trkpt lat="47.2449420" lon="4.7513170">
    <ele>346.0</ele>
   </trkpt>
   <trkpt lat="47.2449140" lon="4.7512950">
    <ele>346.0</ele>
   </trkpt>
   <trkpt lat="47.2448840" lon="4.7512830">
    <ele>346.2</ele>
   </trkpt>
   <trkpt lat="47.2447510" lon="4.7512430">
    <ele>346.6</ele>
   </trkpt>
   <trkpt lat="47.2447320" lon="4.7512250">
    <ele>346.6</ele>
   </trkpt>
   <trkpt lat="47.2447130" lon="4.7512060">
    <ele>346.6</ele>
   </trkpt>
   <trkpt lat="47.2446370" lon="4.7511710">
    <ele>346.6</ele>
   </trkpt>
   <trkpt lat="47.2446070" lon="4.7511490">
    <ele>347.0</ele>
   </trkpt>
   <trkpt lat="47.2444470" lon="4.7510850">
    <ele>347.8</ele>
   </trkpt>
   <trkpt lat="47.2443510" lon="4.7510370">
    <ele>348.0</ele>
   </trkpt>
   <trkpt lat="47.2442790" lon="4.7510120">
    <ele>348.0</ele>
   </trkpt>
   <trkpt lat="47.2441950" lon="4.7510060">
    <ele>347.8</ele>
   </trkpt>
   <trkpt lat="47.2440920" lon="4.7510010">
    <ele>347.8</ele>
   </trkpt>
   <trkpt lat="47.2439570" lon="4.7510180">
    <ele>347.6</ele>
   </trkpt>
   <trkpt lat="47.2439230" lon="4.7510240">
    <ele>347.2</ele>
   </trkpt>
   <trkpt lat="47.2438820" lon="4.7510150">
    <ele>346.8</ele>
   </trkpt>
   <trkpt lat="47.2437840" lon="4.7510260">
    <ele>346.6</ele>
   </trkpt>
   <trkpt lat="47.2436430" lon="4.7509660">
    <ele>346.2</ele>
   </trkpt>
   <trkpt lat="47.2435280" lon="4.7508810">
    <ele>346.6</ele>
   </trkpt>
   <trkpt lat="47.2434260" lon="4.7508510">
    <ele>346.6</ele>
   </trkpt>
   <trkpt lat="47.2433990" lon="4.7508440">
    <ele>346.6</ele>
   </trkpt>
   <trkpt lat="47.2433010" lon="4.7507140">
    <ele>347.6</ele>
   </trkpt>
   <trkpt lat="47.2432800" lon="4.7506510">
    <ele>348.0</ele>
   </trkpt>
   <trkpt lat="47.2432620" lon="4.7506060">
    <ele>348.4</ele>
   </trkpt>
   <trkpt lat="47.2432580" lon="4.7505850">
    <ele>349.0</ele>
   </trkpt>
   <trkpt lat="47.2432470" lon="4.7505630">
    <ele>349.4</ele>
   </trkpt>
   <trkpt lat="47.2432100" lon="4.7504970">
    <ele>350.6</ele>
   </trkpt>
   <trkpt lat="47.2431920" lon="4.7504590">
    <ele>351.6</ele>
   </trkpt>
   <trkpt lat="47.2431850" lon="4.7504430">
    <ele>351.8</ele>
   </trkpt>
   <trkpt lat="47.2431440" lon="4.7503810">
    <ele>353.2</ele>
   </trkpt>
   <trkpt lat="47.2431210" lon="4.7503450">
    <ele>354.4</ele>
   </trkpt>
   <trkpt lat="47.2431090" lon="4.7503300">
    <ele>355.0</ele>
   </trkpt>
   <trkpt lat="47.2430700" lon="4.7502760">
    <ele>355.8</ele>
   </trkpt>
   <trkpt lat="47.2430180" lon="4.7502030">
    <ele>357.0</ele>
   </trkpt>
   <trkpt lat="47.2430100" lon="4.7501890">
    <ele>357.4</ele>
   </trkpt>
   <trkpt lat="47.2429940" lon="4.7501350">
    <ele>358.2</ele>
   </trkpt>
   <trkpt lat="47.2429560" lon="4.7500790">
    <ele>359.6</ele>
   </trkpt>
   <trkpt lat="47.2429460" lon="4.7500610">
    <ele>359.8</ele>
   </trkpt>
   <trkpt lat="47.2429050" lon="4.7500020">
    <ele>360.8</ele>
   </trkpt>
   <trkpt lat="47.2428760" lon="4.7499600">
    <ele>362.0</ele>
   </trkpt>
   <trkpt lat="47.2428370" lon="4.7498850">
    <ele>363.6</ele>
   </trkpt>
   <trkpt lat="47.2428090" lon="4.7498380">
    <ele>364.8</ele>
   </trkpt>
   <trkpt lat="47.2427930" lon="4.7498280">
    <ele>365.0</ele>
   </trkpt>
   <trkpt lat="47.2427690" lon="4.7498060">
    <ele>365.8</ele>
   </trkpt>
   <trkpt lat="47.2427600" lon="4.7497970">
    <ele>366.4</ele>
   </trkpt>
   <trkpt lat="47.2427340" lon="4.7497610">
    <ele>367.0</ele>
   </trkpt>
   <trkpt lat="47.2426840" lon="4.7497060">
    <ele>368.6</ele>
   </trkpt>
   <trkpt lat="47.2426480" lon="4.7496580">
    <ele>369.8</ele>
   </trkpt>
   <trkpt lat="47.2426050" lon="4.7496290">
    <ele>370.8</ele>
   </trkpt>
   <trkpt lat="47.2425930" lon="4.7496210">
    <ele>371.0</ele>
   </trkpt>
   <trkpt lat="47.2425620" lon="4.7495850">
    <ele>372.2</ele>
   </trkpt>
   <trkpt lat="47.2425260" lon="4.7495470">
    <ele>373.2</ele>
   </trkpt>
   <trkpt lat="47.2425180" lon="4.7495360">
    <ele>373.6</ele>
   </trkpt>
   <trkpt lat="47.2424870" lon="4.7494760">
    <ele>374.6</ele>
   </trkpt>
   <trkpt lat="47.2424760" lon="4.7494570">
    <ele>374.8</ele>
   </trkpt>
   <trkpt lat="47.2424460" lon="4.7494000">
    <ele>375.8</ele>
   </trkpt>
   <trkpt lat="47.2424210" lon="4.7493600">
    <ele>377.2</ele>
   </trkpt>
   <trkpt lat="47.2423950" lon="4.7492920">
    <ele>378.4</ele>
   </trkpt>
   <trkpt lat="47.2423630" lon="4.7492140">
    <ele>379.6</ele>
   </trkpt>
   <trkpt lat="47.2423400" lon="4.7491690">
    <ele>380.8</ele>
   </trkpt>
   <trkpt lat="47.2423020" lon="4.7491180">
    <ele>381.8</ele>
   </trkpt>
   <trkpt lat="47.2422800" lon="4.7490680">
    <ele>383.2</ele>
   </trkpt>
   <trkpt lat="47.2422690" lon="4.7490280">
    <ele>384.4</ele>
   </trkpt>
   <trkpt lat="47.2422490" lon="4.7489650">
    <ele>385.8</ele>
   </trkpt>
   <trkpt lat="47.2422360" lon="4.7489330">
    <ele>386.8</ele>
   </trkpt>
   <trkpt lat="47.2422260" lon="4.7489110">
    <ele>387.4</ele>
   </trkpt>
   <trkpt lat="47.2422050" lon="4.7488780">
    <ele>388.2</ele>
   </trkpt>
   <trkpt lat="47.2421820" lon="4.7488370">
    <ele>389.6</ele>
   </trkpt>
   <trkpt lat="47.2421600" lon="4.7488030">
    <ele>390.2</ele>
   </trkpt>
   <trkpt lat="47.2421390" lon="4.7487700">
    <ele>391.0</ele>
   </trkpt>
   <trkpt lat="47.2421140" lon="4.7487070">
    <ele>392.4</ele>
   </trkpt>
   <trkpt lat="47.2421030" lon="4.7486870">
    <ele>392.8</ele>
   </trkpt>
   <trkpt lat="47.2420640" lon="4.7486320">
    <ele>393.8</ele>
   </trkpt>
   <trkpt lat="47.2420230" lon="4.7485940">
    <ele>394.6</ele>
   </trkpt>
   <trkpt lat="47.2420090" lon="4.7485850">
    <ele>394.8</ele>
   </trkpt>
   <trkpt lat="47.2419360" lon="4.7485360">
    <ele>395.8</ele>
   </trkpt>
   <trkpt lat="47.2419180" lon="4.7485260">
    <ele>396.0</ele>
   </trkpt>
   <trkpt lat="47.2418720" lon="4.7485050">
    <ele>397.4</ele>
   </trkpt>
   <trkpt lat="47.2418360" lon="4.7484850">
    <ele>398.4</ele>
   </trkpt>
   <trkpt lat="47.2418010" lon="4.7484620">
    <ele>399.0</ele>
   </trkpt>
   <trkpt lat="47.2417720" lon="4.7484290">
    <ele>399.8</ele>
   </trkpt>
   <trkpt lat="47.2416960" lon="4.7483520">
    <ele>401.2</ele>
   </trkpt>
   <trkpt lat="47.2416840" lon="4.7483320">
    <ele>401.6</ele>
   </trkpt>
   <trkpt lat="47.2416710" lon="4.7483170">
    <ele>401.8</ele>
   </trkpt>
   <trkpt lat="47.2416170" lon="4.7482580">
    <ele>402.4</ele>
   </trkpt>
   <trkpt lat="47.2415840" lon="4.7481710">
    <ele>403.4</ele>
   </trkpt>
   <trkpt lat="47.2415760" lon="4.7481520">
    <ele>403.6</ele>
   </trkpt>
   <trkpt lat="47.2415160" lon="4.7480800">
    <ele>404.6</ele>
   </trkpt>
   <trkpt lat="47.2415000" lon="4.7480650">
    <ele>404.8</ele>
   </trkpt>
   <trkpt lat="47.2414980" lon="4.7480420">
    <ele>405.2</ele>
   </trkpt>
   <trkpt lat="47.2414980" lon="4.7480100">
    <ele>405.6</ele>
   </trkpt>
   <trkpt lat="47.2415320" lon="4.7479470">
    <ele>406.2</ele>
   </trkpt>
   <trkpt lat="47.2415410" lon="4.7479090">
    <ele>406.2</ele>
   </trkpt>
   <trkpt lat="47.2416050" lon="4.7477280">
    <ele>406.4</ele>
   </trkpt>
   <trkpt lat="47.2416010" lon="4.7476870">
    <ele>406.2</ele>
   </trkpt>
   <trkpt lat="47.2415830" lon="4.7475990">
    <ele>406.0</ele>
   </trkpt>
   <trkpt lat="47.2415280" lon="4.7473980">
    <ele>405.4</ele>
   </trkpt>
   <trkpt lat="47.2415220" lon="4.7473090">
    <ele>404.6</ele>
   </trkpt>
   <trkpt lat="47.2415400" lon="4.7472670">
    <ele>404.2</ele>
   </trkpt>
   <trkpt lat="47.2415690" lon="4.7472360">
    <ele>403.8</ele>
   </trkpt>
   <trkpt lat="47.2416490" lon="4.7472030">
    <ele>402.6</ele>
   </trkpt>
   <trkpt lat="47.2417170" lon="4.7471880">
    <ele>401.8</ele>
   </trkpt>
   <trkpt lat="47.2417400" lon="4.7471720">
    <ele>401.4</ele>
   </trkpt>
   <trkpt lat="47.2417850" lon="4.7470690">
    <ele>400.6</ele>
   </trkpt>
   <trkpt lat="47.2417860" lon="4.7470250">
    <ele>400.4</ele>
   </trkpt>
   <trkpt lat="47.2417920" lon="4.7469840">
    <ele>400.0</ele>
   </trkpt>
   <trkpt lat="47.2418000" lon="4.7468500">
    <ele>398.8</ele>
   </trkpt>
   <trkpt lat="47.2418030" lon="4.7468000">
    <ele>398.2</ele>
   </trkpt>
   <trkpt lat="47.2418100" lon="4.7467450">
    <ele>397.8</ele>
   </trkpt>
   <trkpt lat="47.2418360" lon="4.7466580">
    <ele>396.4</ele>
   </trkpt>
   <trkpt lat="47.2418710" lon="4.7465630">
    <ele>395.6</ele>
   </trkpt>
   <trkpt lat="47.2418840" lon="4.7465130">
    <ele>395.4</ele>
   </trkpt>
   <trkpt lat="47.2419060" lon="4.7464360">
    <ele>395.0</ele>
   </trkpt>
   <trkpt lat="47.2419130" lon="4.7463560">
    <ele>394.6</ele>
   </trkpt>
   <trkpt lat="47.2419490" lon="4.7461650">
    <ele>394.4</ele>
   </trkpt>
   <trkpt lat="47.2419650" lon="4.7461180">
    <ele>394.4</ele>
   </trkpt>
   <trkpt lat="47.2419690" lon="4.7460570">
    <ele>394.4</ele>
   </trkpt>
   <trkpt lat="47.2419730" lon="4.7459260">
    <ele>393.8</ele>
   </trkpt>
   <trkpt lat="47.2420140" lon="4.7456390">
    <ele>393.4</ele>
   </trkpt>
   <trkpt lat="47.2420200" lon="4.7456010">
    <ele>393.4</ele>
   </trkpt>
   <trkpt lat="47.2420210" lon="4.7455610">
    <ele>393.4</ele>
   </trkpt>
   <trkpt lat="47.2419520" lon="4.7454380">
    <ele>393.2</ele>
   </trkpt>
   <trkpt lat="47.2419260" lon="4.7454100">
    <ele>392.8</ele>
   </trkpt>
   <trkpt lat="47.2418960" lon="4.7453790">
    <ele>391.8</ele>
   </trkpt>
   <trkpt lat="47.2418720" lon="4.7453390">
    <ele>390.8</ele>
   </trkpt>
   <trkpt lat="47.2418500" lon="4.7452930">
    <ele>390.2</ele>
   </trkpt>
   <trkpt lat="47.2418340" lon="4.7452440">
    <ele>389.6</ele>
   </trkpt>
   <trkpt lat="47.2418140" lon="4.7451490">
    <ele>389.0</ele>
   </trkpt>
   <trkpt lat="47.2418030" lon="4.7450820">
    <ele>388.6</ele>
   </trkpt>
   <trkpt lat="47.2417980" lon="4.7450350">
    <ele>387.8</ele>
   </trkpt>
   <trkpt lat="47.2417900" lon="4.7449860">
    <ele>387.4</ele>
   </trkpt>
   <trkpt lat="47.2417660" lon="4.7448430">
    <ele>386.4</ele>
   </trkpt>
   <trkpt lat="47.2417570" lon="4.7447960">
    <ele>386.2</ele>
   </trkpt>
   <trkpt lat="47.2417270" lon="4.7446050">
    <ele>385.2</ele>
   </trkpt>
   <trkpt lat="47.2417200" lon="4.7445590">
    <ele>385.0</ele>
   </trkpt>
   <trkpt lat="47.2416760" lon="4.7444530">
    <ele>384.0</ele>
   </trkpt>
   <trkpt lat="47.2416270" lon="4.7443730">
    <ele>383.4</ele>
   </trkpt>
   <trkpt lat="47.2415980" lon="4.7443450">
    <ele>382.8</ele>
   </trkpt>
   <trkpt lat="47.2415640" lon="4.7443210">
    <ele>381.8</ele>
   </trkpt>
   <trkpt lat="47.2414920" lon="4.7442930">
    <ele>380.4</ele>
   </trkpt>
   <trkpt lat="47.2414260" lon="4.7442890">
    <ele>379.0</ele>
   </trkpt>
   <trkpt lat="47.2413790" lon="4.7442980">
    <ele>377.6</ele>
   </trkpt>
   <trkpt lat="47.2413540" lon="4.7443060">
    <ele>377.0</ele>
   </trkpt>
   <trkpt lat="47.2413340" lon="4.7443140">
    <ele>376.4</ele>
   </trkpt>
   <trkpt lat="47.2413210" lon="4.7443300">
    <ele>375.4</ele>
   </trkpt>
   <trkpt lat="47.2413050" lon="4.7443590">
    <ele>374.6</ele>
   </trkpt>
   <trkpt lat="47.2412840" lon="4.7443840">
    <ele>373.8</ele>
   </trkpt>
   <trkpt lat="47.2412610" lon="4.7444020">
    <ele>373.2</ele>
   </trkpt>
   <trkpt lat="47.2412070" lon="4.7444270">
    <ele>371.8</ele>
   </trkpt>
   <trkpt lat="47.2411680" lon="4.7444300">
    <ele>370.6</ele>
   </trkpt>
   <trkpt lat="47.2410880" lon="4.7444390">
    <ele>369.2</ele>
   </trkpt>
   <trkpt lat="47.2410520" lon="4.7444300">
    <ele>368.2</ele>
   </trkpt>
   <trkpt lat="47.2409850" lon="4.7444160">
    <ele>366.8</ele>
   </trkpt>
   <trkpt lat="47.2409520" lon="4.7444240">
    <ele>366.4</ele>
   </trkpt>
   <trkpt lat="47.2408890" lon="4.7444280">
    <ele>365.0</ele>
   </trkpt>
   <trkpt lat="47.2407840" lon="4.7444440">
    <ele>363.0</ele>
   </trkpt>
   <trkpt lat="47.2407520" lon="4.7444450">
    <ele>362.4</ele>
   </trkpt>
   <trkpt lat="47.2407230" lon="4.7444400">
    <ele>361.4</ele>
   </trkpt>
   <trkpt lat="47.2406540" lon="4.7444310">
    <ele>360.0</ele>
   </trkpt>
   <trkpt lat="47.2405930" lon="4.7444270">
    <ele>358.8</ele>
   </trkpt>
   <trkpt lat="47.2405580" lon="4.7444220">
    <ele>358.4</ele>
   </trkpt>
   <trkpt lat="47.2404810" lon="4.7444240">
    <ele>357.4</ele>
   </trkpt>
   <trkpt lat="47.2403940" lon="4.7444460">
    <ele>355.6</ele>
   </trkpt>
   <trkpt lat="47.2403120" lon="4.7444440">
    <ele>354.8</ele>
   </trkpt>
   <trkpt lat="47.2402340" lon="4.7444250">
    <ele>353.6</ele>
   </trkpt>
   <trkpt lat="47.2401570" lon="4.7444010">
    <ele>352.4</ele>
   </trkpt>
   <trkpt lat="47.2401180" lon="4.7444110">
    <ele>352.0</ele>
   </trkpt>
   <trkpt lat="47.2399770" lon="4.7444950">
    <ele>351.0</ele>
   </trkpt>
   <trkpt lat="47.2399510" lon="4.7445140">
    <ele>350.0</ele>
   </trkpt>
   <trkpt lat="47.2399320" lon="4.7445480">
    <ele>349.2</ele>
   </trkpt>
   <trkpt lat="47.2399190" lon="4.7445870">
    <ele>348.4</ele>
   </trkpt>
   <trkpt lat="47.2399070" lon="4.7446740">
    <ele>347.4</ele>
   </trkpt>
   <trkpt lat="47.2398990" lon="4.7447660">
    <ele>346.2</ele>
   </trkpt>
   <trkpt lat="47.2398740" lon="4.7448780">
    <ele>345.2</ele>
   </trkpt>
   <trkpt lat="47.2398100" lon="4.7449560">
    <ele>343.6</ele>
   </trkpt>
   <trkpt lat="47.2397730" lon="4.7449810">
    <ele>343.4</ele>
   </trkpt>
   <trkpt lat="47.2397010" lon="4.7449920">
    <ele>342.6</ele>
   </trkpt>
   <trkpt lat="47.2396610" lon="4.7449930">
    <ele>341.8</ele>
   </trkpt>
   <trkpt lat="47.2396200" lon="4.7449950">
    <ele>340.6</ele>
   </trkpt>
   <trkpt lat="47.2395420" lon="4.7450090">
    <ele>339.0</ele>
   </trkpt>
   <trkpt lat="47.2394350" lon="4.7450300">
    <ele>337.0</ele>
   </trkpt>
   <trkpt lat="47.2393560" lon="4.7450450">
    <ele>335.8</ele>
   </trkpt>
   <trkpt lat="47.2392360" lon="4.7450650">
    <ele>334.0</ele>
   </trkpt>
   <trkpt lat="47.2392040" lon="4.7450740">
    <ele>332.8</ele>
   </trkpt>
   <trkpt lat="47.2391690" lon="4.7450870">
    <ele>331.8</ele>
   </trkpt>
   <trkpt lat="47.2391320" lon="4.7450970">
    <ele>331.2</ele>
   </trkpt>
   <trkpt lat="47.2390540" lon="4.7451130">
    <ele>330.0</ele>
   </trkpt>
   <trkpt lat="47.2389870" lon="4.7451500">
    <ele>329.2</ele>
   </trkpt>
   <trkpt lat="47.2389560" lon="4.7451640">
    <ele>328.8</ele>
   </trkpt>
   <trkpt lat="47.2389240" lon="4.7451760">
    <ele>327.6</ele>
   </trkpt>
   <trkpt lat="47.2388730" lon="4.7451910">
    <ele>325.8</ele>
   </trkpt>
   <trkpt lat="47.2388440" lon="4.7452030">
    <ele>325.0</ele>
   </trkpt>
   <trkpt lat="47.2388080" lon="4.7452110">
    <ele>324.0</ele>
   </trkpt>
   <trkpt lat="47.2387330" lon="4.7452120">
    <ele>322.6</ele>
   </trkpt>
   <trkpt lat="47.2386100" lon="4.7452290">
    <ele>321.2</ele>
   </trkpt>
   <trkpt lat="47.2385290" lon="4.7452410">
    <ele>319.8</ele>
   </trkpt>
   <trkpt lat="47.2384050" lon="4.7452860">
    <ele>318.6</ele>
   </trkpt>
   <trkpt lat="47.2383680" lon="4.7452970">
    <ele>318.2</ele>
   </trkpt>
   <trkpt lat="47.2382820" lon="4.7453330">
    <ele>317.2</ele>
   </trkpt>
   <trkpt lat="47.2381550" lon="4.7453910">
    <ele>315.2</ele>
   </trkpt>
   <trkpt lat="47.2381150" lon="4.7454080">
    <ele>314.8</ele>
   </trkpt>
   <trkpt lat="47.2380370" lon="4.7454300">
    <ele>314.0</ele>
   </trkpt>
   <trkpt lat="47.2379590" lon="4.7454580">
    <ele>313.0</ele>
   </trkpt>
   <trkpt lat="47.2379210" lon="4.7454730">
    <ele>312.8</ele>
   </trkpt>
   <trkpt lat="47.2378850" lon="4.7454830">
    <ele>312.4</ele>
   </trkpt>
   <trkpt lat="47.2378140" lon="4.7455020">
    <ele>311.8</ele>
   </trkpt>
   <trkpt lat="47.2377430" lon="4.7455200">
    <ele>309.8</ele>
   </trkpt>
   <trkpt lat="47.2376710" lon="4.7455410">
    <ele>308.8</ele>
   </trkpt>
   <trkpt lat="47.2375240" lon="4.7456010">
    <ele>307.4</ele>
   </trkpt>
   <trkpt lat="47.2374500" lon="4.7456410">
    <ele>306.4</ele>
   </trkpt>
   <trkpt lat="47.2374150" lon="4.7456610">
    <ele>305.8</ele>
   </trkpt>
   <trkpt lat="47.2373770" lon="4.7456890">
    <ele>305.2</ele>
   </trkpt>
   <trkpt lat="47.2373020" lon="4.7457410">
    <ele>304.4</ele>
   </trkpt>
   <trkpt lat="47.2372600" lon="4.7457580">
    <ele>303.8</ele>
   </trkpt>
   <trkpt lat="47.2372180" lon="4.7457660">
    <ele>303.2</ele>
   </trkpt>
   <trkpt lat="47.2371760" lon="4.7457690">
    <ele>302.8</ele>
   </trkpt>
   <trkpt lat="47.2371360" lon="4.7457720">
    <ele>302.0</ele>
   </trkpt>
   <trkpt lat="47.2370990" lon="4.7457690">
    <ele>301.6</ele>
   </trkpt>
   <trkpt lat="47.2370290" lon="4.7457570">
    <ele>301.2</ele>
   </trkpt>
   <trkpt lat="47.2369560" lon="4.7457580">
    <ele>301.0</ele>
   </trkpt>
   <trkpt lat="47.2368380" lon="4.7457670">
    <ele>300.4</ele>
   </trkpt>
   <trkpt lat="47.2367270" lon="4.7457930">
    <ele>299.2</ele>
   </trkpt>
   <trkpt lat="47.2366150" lon="4.7458110">
    <ele>298.8</ele>
   </trkpt>
   <trkpt lat="47.2365010" lon="4.7458430">
    <ele>298.4</ele>
   </trkpt>
   <trkpt lat="47.2364280" lon="4.7458690">
    <ele>298.2</ele>
   </trkpt>
   <trkpt lat="47.2363220" lon="4.7458980">
    <ele>298.4</ele>
   </trkpt>
   <trkpt lat="47.2362510" lon="4.7459150">
    <ele>298.4</ele>
   </trkpt>
  </trkseg>
 </trk>
</gpx>
