<?xml version="1.0" encoding="UTF-8"?>
<gpx creator="StravaGPX" version="1.1" xmlns="http://www.topografix.com/GPX/1/1" xmlns:xsi="http://www.w3.org/2001/XMLSchema-instance" xsi:schemaLocation="http://www.topografix.com/GPX/1/1 http://www.topografix.com/GPX/1/1/gpx.xsd">
 <trk>
  <name>Trail des Cabotes 2025 - 4h53 - P3/53</name>
  <type>trail_running</type>
  <trkseg>
   <trkpt lat="47.2365880" lon="4.7370920">
    <ele>341.2</ele>
   </trkpt>
   <trkpt lat="47.2366500" lon="4.7370210">
    <ele>341.8</ele>
   </trkpt>
   <trkpt lat="47.2366920" lon="4.7369490">
    <ele>342.2</ele>
   </trkpt>
   <trkpt lat="47.2367490" lon="4.7368380">
    <ele>343.0</ele>
   </trkpt>
   <trkpt lat="47.2367640" lon="4.7368120">
    <ele>343.2</ele>
   </trkpt>
   <trkpt lat="47.2367770" lon="4.7367780">
    <ele>343.4</ele>
   </trkpt>
   <trkpt lat="47.2368640" lon="4.7366050">
    <ele>344.6</ele>
   </trkpt>
   <trkpt lat="47.2369580" lon="4.7364690">
    <ele>345.8</ele>
   </trkpt>
   <trkpt lat="47.2370180" lon="4.7363400">
    <ele>347.0</ele>
   </trkpt>
   <trkpt lat="47.2370510" lon="4.7362610">
    <ele>347.6</ele>
   </trkpt>
   <trkpt lat="47.2370610" lon="4.7362300">
    <ele>348.0</ele>
   </trkpt>
   <trkpt lat="47.2370930" lon="4.7361120">
    <ele>349.0</ele>
   </trkpt>
   <trkpt lat="47.2371250" lon="4.7360330">
    <ele>349.4</ele>
   </trkpt>
   <trkpt lat="47.2371520" lon="4.7359620">
    <ele>350.4</ele>
   </trkpt>
   <trkpt lat="47.2371820" lon="4.7358560">
    <ele>351.4</ele>
   </trkpt>
   <trkpt lat="47.2372250" lon="4.7357640">
    <ele>352.4</ele>
   </trkpt>
   <trkpt lat="47.2372500" lon="4.7357150">
    <ele>352.8</ele>
   </trkpt>
   <trkpt lat="47.2372890" lon="4.7356410">
    <ele>353.6</ele>
   </trkpt>
   <trkpt lat="47.2373190" lon="4.7355120">
    <ele>354.6</ele>
   </trkpt>
   <trkpt lat="47.2373510" lon="4.7353520">
    <ele>355.8</ele>
   </trkpt>
   <trkpt lat="47.2373870" lon="4.7352740">
    <ele>356.6</ele>
   </trkpt>
   <trkpt lat="47.2374030" lon="4.7352100">
    <ele>357.2</ele>
   </trkpt>
   <trkpt lat="47.2374400" lon="4.7351250">
    <ele>358.0</ele>
   </trkpt>
   <trkpt lat="47.2374470" lon="4.7351010">
    <ele>358.2</ele>
   </trkpt>
   <trkpt lat="47.2374620" lon="4.7350170">
    <ele>359.0</ele>
   </trkpt>
   <trkpt lat="47.2374740" lon="4.7349680">
    <ele>359.6</ele>
   </trkpt>
   <trkpt lat="47.2375080" lon="4.7348790">
    <ele>360.6</ele>
   </trkpt>
   <trkpt lat="47.2375130" lon="4.7348250">
    <ele>361.4</ele>
   </trkpt>
   <trkpt lat="47.2375240" lon="4.7347670">
    <ele>361.8</ele>
   </trkpt>
   <trkpt lat="47.2375590" lon="4.7346730">
    <ele>363.0</ele>
   </trkpt>
   <trkpt lat="47.2375810" lon="4.7345930">
    <ele>363.6</ele>
   </trkpt>
   <trkpt lat="47.2375840" lon="4.7345560">
    <ele>364.0</ele>
   </trkpt>
   <trkpt lat="47.2376190" lon="4.7344480">
    <ele>365.2</ele>
   </trkpt>
   <trkpt lat="47.2376580" lon="4.7343480">
    <ele>366.2</ele>
   </trkpt>
   <trkpt lat="47.2376810" lon="4.7342980">
    <ele>366.8</ele>
   </trkpt>
   <trkpt lat="47.2377050" lon="4.7342570">
    <ele>367.4</ele>
   </trkpt>
   <trkpt lat="47.2377660" lon="4.7341400">
    <ele>368.6</ele>
   </trkpt>
   <trkpt lat="47.2378160" lon="4.7340200">
    <ele>370.0</ele>
   </trkpt>
   <trkpt lat="47.2378300" lon="4.7339670">
    <ele>370.4</ele>
   </trkpt>
   <trkpt lat="47.2378400" lon="4.7339050">
    <ele>371.0</ele>
   </trkpt>
   <trkpt lat="47.2378620" lon="4.7337700">
    <ele>372.2</ele>
   </trkpt>
   <trkpt lat="47.2378740" lon="4.7336820">
    <ele>373.0</ele>
   </trkpt>
   <trkpt lat="47.2378880" lon="4.7336270">
    <ele>373.2</ele>
   </trkpt>
   <trkpt lat="47.2379040" lon="4.7334710">
    <ele>374.4</ele>
   </trkpt>
   <trkpt lat="47.2378930" lon="4.7334320">
    <ele>374.8</ele>
   </trkpt>
   <trkpt lat="47.2378980" lon="4.7334010">
    <ele>375.0</ele>
   </trkpt>
   <trkpt lat="47.2379180" lon="4.7333480">
    <ele>375.4</ele>
   </trkpt>
   <trkpt lat="47.2379200" lon="4.7333170">
    <ele>375.6</ele>
   </trkpt>
   <trkpt lat="47.2379720" lon="4.7332160">
    <ele>376.8</ele>
   </trkpt>
   <trkpt lat="47.2379900" lon="4.7331530">
    <ele>377.4</ele>
   </trkpt>
   <trkpt lat="47.2380180" lon="4.7331040">
    <ele>378.0</ele>
   </trkpt>
   <trkpt lat="47.2380480" lon="4.7329990">
    <ele>379.0</ele>
   </trkpt>
   <trkpt lat="47.2380560" lon="4.7329650">
    <ele>379.2</ele>
   </trkpt>
   <trkpt lat="47.2380860" lon="4.7328590">
    <ele>380.4</ele>
   </trkpt>
   <trkpt lat="47.2380810" lon="4.7327790">
    <ele>380.8</ele>
   </trkpt>
   <trkpt lat="47.2381100" lon="4.7327230">
    <ele>381.8</ele>
   </trkpt>
   <trkpt lat="47.2381160" lon="4.7326880">
    <ele>382.0</ele>
   </trkpt>
   <trkpt lat="47.2381190" lon="4.7326240">
    <ele>382.6</ele>
   </trkpt>
   <trkpt lat="47.2381160" lon="4.7325960">
    <ele>382.8</ele>
   </trkpt>
   <trkpt lat="47.2381290" lon="4.7325660">
    <ele>383.0</ele>
   </trkpt>
   <trkpt lat="47.2381390" lon="4.7325070">
    <ele>383.6</ele>
   </trkpt>
   <trkpt lat="47.2381360" lon="4.7324740">
    <ele>383.8</ele>
   </trkpt>
   <trkpt lat="47.2381220" lon="4.7323530">
    <ele>385.0</ele>
   </trkpt>
   <trkpt lat="47.2381530" lon="4.7322130">
    <ele>386.0</ele>
   </trkpt>
   <trkpt lat="47.2381490" lon="4.7321760">
    <ele>386.2</ele>
   </trkpt>
   <trkpt lat="47.2381650" lon="4.7321580">
    <ele>386.6</ele>
   </trkpt>
   <trkpt lat="47.2382060" lon="4.7321300">
    <ele>387.2</ele>
   </trkpt>
   <trkpt lat="47.2382210" lon="4.7321120">
    <ele>387.4</ele>
   </trkpt>
   <trkpt lat="47.2382150" lon="4.7320520">
    <ele>388.4</ele>
   </trkpt>
   <trkpt lat="47.2382100" lon="4.7320420">
    <ele>388.8</ele>
   </trkpt>
   <trkpt lat="47.2382090" lon="4.7320340">
    <ele>389.2</ele>
   </trkpt>
   <trkpt lat="47.2382050" lon="4.7320300">
    <ele>389.6</ele>
   </trkpt>
   <trkpt lat="47.2382070" lon="4.7319810">
    <ele>390.6</ele>
   </trkpt>
   <trkpt lat="47.2382360" lon="4.7319330">
    <ele>391.8</ele>
   </trkpt>
   <trkpt lat="47.2383010" lon="4.7319140">
    <ele>392.2</ele>
   </trkpt>
   <trkpt lat="47.2383160" lon="4.7319150">
    <ele>392.6</ele>
   </trkpt>
   <trkpt lat="47.2383360" lon="4.7319220">
    <ele>392.8</ele>
   </trkpt>
   <trkpt lat="47.2383510" lon="4.7319160">
    <ele>393.0</ele>
   </trkpt>
   <trkpt lat="47.2383600" lon="4.7318980">
    <ele>393.2</ele>
   </trkpt>
   <trkpt lat="47.2383730" lon="4.7318880">
    <ele>393.4</ele>
   </trkpt>
   <trkpt lat="47.2383770" lon="4.7318660">
    <ele>393.4</ele>
   </trkpt>
   <trkpt lat="47.2383860" lon="4.7318200">
    <ele>393.8</ele>
   </trkpt>
   <trkpt lat="47.2383950" lon="4.7317840">
    <ele>394.6</ele>
   </trkpt>
   <trkpt lat="47.2384110" lon="4.7317670">
    <ele>395.0</ele>
   </trkpt>
   <trkpt lat="47.2384170" lon="4.7317540">
    <ele>395.2</ele>
   </trkpt>
   <trkpt lat="47.2384160" lon="4.7316880">
    <ele>396.0</ele>
   </trkpt>
   <trkpt lat="47.2384130" lon="4.7316700">
    <ele>396.2</ele>
   </trkpt>
   <trkpt lat="47.2383920" lon="4.7316480">
    <ele>396.6</ele>
   </trkpt>
   <trkpt lat="47.2383650" lon="4.7316210">
    <ele>397.0</ele>
   </trkpt>
   <trkpt lat="47.2383370" lon="4.7315820">
    <ele>397.2</ele>
   </trkpt>
   <trkpt lat="47.2383280" lon="4.7315100">
    <ele>398.6</ele>
   </trkpt>
   <trkpt lat="47.2383030" lon="4.7314420">
    <ele>399.4</ele>
   </trkpt>
   <trkpt lat="47.2382950" lon="4.7314080">
    <ele>399.6</ele>
   </trkpt>
   <trkpt lat="47.2383010" lon="4.7314000">
    <ele>400.0</ele>
   </trkpt>
   <trkpt lat="47.2383100" lon="4.7313580">
    <ele>400.6</ele>
   </trkpt>
   <trkpt lat="47.2383030" lon="4.7313410">
    <ele>400.8</ele>
   </trkpt>
   <trkpt lat="47.2383010" lon="4.7313240">
    <ele>401.0</ele>
   </trkpt>
   <trkpt lat="47.2383110" lon="4.7312740">
    <ele>401.4</ele>
   </trkpt>
   <trkpt lat="47.2383270" lon="4.7312470">
    <ele>401.6</ele>
   </trkpt>
   <trkpt lat="47.2383320" lon="4.7311870">
    <ele>401.8</ele>
   </trkpt>
   <trkpt lat="47.2383330" lon="4.7311590">
    <ele>402.0</ele>
   </trkpt>
   <trkpt lat="47.2383550" lon="4.7311060">
    <ele>402.8</ele>
   </trkpt>
   <trkpt lat="47.2383610" lon="4.7310900">
    <ele>403.2</ele>
   </trkpt>
   <trkpt lat="47.2383700" lon="4.7310610">
    <ele>403.8</ele>
   </trkpt>
   <trkpt lat="47.2383870" lon="4.7310380">
    <ele>404.2</ele>
   </trkpt>
   <trkpt lat="47.2383850" lon="4.7310200">
    <ele>404.4</ele>
   </trkpt>
   <trkpt lat="47.2383900" lon="4.7309430">
    <ele>405.4</ele>
   </trkpt>
   <trkpt lat="47.2383730" lon="4.7308500">
    <ele>406.6</ele>
   </trkpt>
   <trkpt lat="47.2383900" lon="4.7307660">
    <ele>407.6</ele>
   </trkpt>
   <trkpt lat="47.2383560" lon="4.7306950">
    <ele>408.2</ele>
   </trkpt>
   <trkpt lat="47.2383490" lon="4.7306420">
    <ele>408.8</ele>
   </trkpt>
   <trkpt lat="47.2383590" lon="4.7306070">
    <ele>409.2</ele>
   </trkpt>
   <trkpt lat="47.2383770" lon="4.7305660">
    <ele>409.8</ele>
   </trkpt>
   <trkpt lat="47.2383950" lon="4.7305440">
    <ele>410.0</ele>
   </trkpt>
   <trkpt lat="47.2384000" lon="4.7304710">
    <ele>411.0</ele>
   </trkpt>
   <trkpt lat="47.2384070" lon="4.7304070">
    <ele>411.8</ele>
   </trkpt>
   <trkpt lat="47.2384080" lon="4.7303970">
    <ele>412.2</ele>
   </trkpt>
   <trkpt lat="47.2384180" lon="4.7303570">
    <ele>413.0</ele>
   </trkpt>
   <trkpt lat="47.2384350" lon="4.7303360">
    <ele>413.6</ele>
   </trkpt>
   <trkpt lat="47.2384310" lon="4.7303110">
    <ele>413.8</ele>
   </trkpt>
   <trkpt lat="47.2384330" lon="4.7302220">
    <ele>414.6</ele>
   </trkpt>
   <trkpt lat="47.2384220" lon="4.7300940">
    <ele>415.8</ele>
   </trkpt>
   <trkpt lat="47.2384160" lon="4.7300550">
    <ele>416.4</ele>
   </trkpt>
   <trkpt lat="47.2384160" lon="4.7300130">
    <ele>416.8</ele>
   </trkpt>
   <trkpt lat="47.2384100" lon="4.7299620">
    <ele>417.4</ele>
   </trkpt>
   <trkpt lat="47.2383960" lon="4.7298950">
    <ele>418.0</ele>
   </trkpt>
   <trkpt lat="47.2384150" lon="4.7298300">
    <ele>419.0</ele>
   </trkpt>
   <trkpt lat="47.2384200" lon="4.7297990">
    <ele>419.2</ele>
   </trkpt>
   <trkpt lat="47.2384210" lon="4.7297460">
    <ele>419.8</ele>
   </trkpt>
   <trkpt lat="47.2384220" lon="4.7297120">
    <ele>420.4</ele>
   </trkpt>
   <trkpt lat="47.2384220" lon="4.7296940">
    <ele>420.6</ele>
   </trkpt>
   <trkpt lat="47.2384310" lon="4.7296870">
    <ele>420.8</ele>
   </trkpt>
   <trkpt lat="47.2384330" lon="4.7296500">
    <ele>421.2</ele>
   </trkpt>
   <trkpt lat="47.2384460" lon="4.7296360">
    <ele>421.6</ele>
   </trkpt>
   <trkpt lat="47.2384640" lon="4.7295920">
    <ele>422.8</ele>
   </trkpt>
   <trkpt lat="47.2384670" lon="4.7295770">
    <ele>423.0</ele>
   </trkpt>
   <trkpt lat="47.2384900" lon="4.7295340">
    <ele>423.8</ele>
   </trkpt>
   <trkpt lat="47.2384980" lon="4.7294530">
    <ele>425.0</ele>
   </trkpt>
   <trkpt lat="47.2384910" lon="4.7294420">
    <ele>425.4</ele>
   </trkpt>
   <trkpt lat="47.2384830" lon="4.7294200">
    <ele>425.8</ele>
   </trkpt>
   <trkpt lat="47.2384770" lon="4.7293860">
    <ele>426.0</ele>
   </trkpt>
   <trkpt lat="47.2384840" lon="4.7293070">
    <ele>427.0</ele>
   </trkpt>
   <trkpt lat="47.2385050" lon="4.7292950">
    <ele>427.4</ele>
   </trkpt>
   <trkpt lat="47.2385270" lon="4.7292900">
    <ele>427.8</ele>
   </trkpt>
   <trkpt lat="47.2385790" lon="4.7292810">
    <ele>428.6</ele>
   </trkpt>
   <trkpt lat="47.2385860" lon="4.7292720">
    <ele>428.8</ele>
   </trkpt>
   <trkpt lat="47.2385900" lon="4.7292650">
    <ele>429.0</ele>
   </trkpt>
   <trkpt lat="47.2385950" lon="4.7292330">
    <ele>429.8</ele>
   </trkpt>
   <trkpt lat="47.2386080" lon="4.7292220">
    <ele>430.4</ele>
   </trkpt>
   <trkpt lat="47.2386130" lon="4.7291960">
    <ele>431.0</ele>
   </trkpt>
   <trkpt lat="47.2385930" lon="4.7291620">
    <ele>431.6</ele>
   </trkpt>
   <trkpt lat="47.2385980" lon="4.7291430">
    <ele>432.2</ele>
   </trkpt>
   <trkpt lat="47.2386130" lon="4.7290980">
    <ele>433.4</ele>
   </trkpt>
   <trkpt lat="47.2386260" lon="4.7290490">
    <ele>434.4</ele>
   </trkpt>
   <trkpt lat="47.2386280" lon="4.7290280">
    <ele>434.6</ele>
   </trkpt>
   <trkpt lat="47.2386480" lon="4.7289790">
    <ele>435.6</ele>
   </trkpt>
   <trkpt lat="47.2386500" lon="4.7289610">
    <ele>436.0</ele>
   </trkpt>
   <trkpt lat="47.2386560" lon="4.7289440">
    <ele>436.4</ele>
   </trkpt>
   <trkpt lat="47.2386640" lon="4.7289210">
    <ele>436.8</ele>
   </trkpt>
   <trkpt lat="47.2386720" lon="4.7289000">
    <ele>437.0</ele>
   </trkpt>
   <trkpt lat="47.2386960" lon="4.7288560">
    <ele>437.8</ele>
   </trkpt>
   <trkpt lat="47.2387120" lon="4.7287870">
    <ele>439.0</ele>
   </trkpt>
   <trkpt lat="47.2387150" lon="4.7287170">
    <ele>439.6</ele>
   </trkpt>
   <trkpt lat="47.2387300" lon="4.7286920">
    <ele>440.2</ele>
   </trkpt>
   <trkpt lat="47.2387580" lon="4.7286810">
    <ele>440.8</ele>
   </trkpt>
   <trkpt lat="47.2387760" lon="4.7286570">
    <ele>441.4</ele>
   </trkpt>
   <trkpt lat="47.2387850" lon="4.7286480">
    <ele>441.6</ele>
   </trkpt>
   <trkpt lat="47.2387800" lon="4.7285650">
    <ele>442.6</ele>
   </trkpt>
   <trkpt lat="47.2387960" lon="4.7285290">
    <ele>443.8</ele>
   </trkpt>
   <trkpt lat="47.2388140" lon="4.7285180">
    <ele>444.2</ele>
   </trkpt>
   <trkpt lat="47.2388210" lon="4.7285000">
    <ele>444.6</ele>
   </trkpt>
   <trkpt lat="47.2388250" lon="4.7284630">
    <ele>445.0</ele>
   </trkpt>
   <trkpt lat="47.2388420" lon="4.7284010">
    <ele>446.0</ele>
   </trkpt>
   <trkpt lat="47.2388480" lon="4.7283850">
    <ele>446.2</ele>
   </trkpt>
   <trkpt lat="47.2388550" lon="4.7283460">
    <ele>446.6</ele>
   </trkpt>
   <trkpt lat="47.2388620" lon="4.7282740">
    <ele>447.4</ele>
   </trkpt>
   <trkpt lat="47.2388730" lon="4.7282530">
    <ele>447.6</ele>
   </trkpt>
   <trkpt lat="47.2389060" lon="4.7282030">
    <ele>448.4</ele>
   </trkpt>
   <trkpt lat="47.2389160" lon="4.7281840">
    <ele>448.8</ele>
   </trkpt>
   <trkpt lat="47.2389120" lon="4.7281030">
    <ele>449.4</ele>
   </trkpt>
   <trkpt lat="47.2389100" lon="4.7280740">
    <ele>449.6</ele>
   </trkpt>
   <trkpt lat="47.2389160" lon="4.7280330">
    <ele>450.0</ele>
   </trkpt>
   <trkpt lat="47.2389400" lon="4.7279960">
    <ele>450.6</ele>
   </trkpt>
   <trkpt lat="47.2389520" lon="4.7279610">
    <ele>451.0</ele>
   </trkpt>
   <trkpt lat="47.2389630" lon="4.7279500">
    <ele>451.2</ele>
   </trkpt>
   <trkpt lat="47.2389740" lon="4.7279470">
    <ele>451.6</ele>
   </trkpt>
   <trkpt lat="47.2389990" lon="4.7278810">
    <ele>452.8</ele>
   </trkpt>
   <trkpt lat="47.2390010" lon="4.7278550">
    <ele>452.8</ele>
   </trkpt>
   <trkpt lat="47.2389880" lon="4.7277990">
    <ele>453.0</ele>
   </trkpt>
   <trkpt lat="47.2389690" lon="4.7277700">
    <ele>453.6</ele>
   </trkpt>
   <trkpt lat="47.2389610" lon="4.7277550">
    <ele>454.0</ele>
   </trkpt>
   <trkpt lat="47.2389820" lon="4.7277060">
    <ele>455.4</ele>
   </trkpt>
   <trkpt lat="47.2390090" lon="4.7276750">
    <ele>456.6</ele>
   </trkpt>
   <trkpt lat="47.2390040" lon="4.7276250">
    <ele>457.0</ele>
   </trkpt>
   <trkpt lat="47.2389820" lon="4.7275720">
    <ele>457.4</ele>
   </trkpt>
   <trkpt lat="47.2389780" lon="4.7275590">
    <ele>457.6</ele>
   </trkpt>
   <trkpt lat="47.2389820" lon="4.7275440">
    <ele>458.0</ele>
   </trkpt>
   <trkpt lat="47.2389920" lon="4.7275280">
    <ele>458.4</ele>
   </trkpt>
   <trkpt lat="47.2390010" lon="4.7275180">
    <ele>458.6</ele>
   </trkpt>
   <trkpt lat="47.2390040" lon="4.7275030">
    <ele>459.0</ele>
   </trkpt>
   <trkpt lat="47.2390130" lon="4.7274560">
    <ele>459.4</ele>
   </trkpt>
   <trkpt lat="47.2390140" lon="4.7274300">
    <ele>459.6</ele>
   </trkpt>
   <trkpt lat="47.2390410" lon="4.7273630">
    <ele>460.0</ele>
   </trkpt>
   <trkpt lat="47.2390780" lon="4.7272980">
    <ele>461.0</ele>
   </trkpt>
   <trkpt lat="47.2390860" lon="4.7272950">
    <ele>461.2</ele>
   </trkpt>
   <trkpt lat="47.2390930" lon="4.7272320">
    <ele>462.2</ele>
   </trkpt>
   <trkpt lat="47.2391190" lon="4.7271450">
    <ele>463.0</ele>
   </trkpt>
   <trkpt lat="47.2391390" lon="4.7271300">
    <ele>463.2</ele>
   </trkpt>
   <trkpt lat="47.2391500" lon="4.7270070">
    <ele>464.4</ele>
   </trkpt>
   <trkpt lat="47.2391370" lon="4.7269750">
    <ele>464.8</ele>
   </trkpt>
   <trkpt lat="47.2391200" lon="4.7269110">
    <ele>465.6</ele>
   </trkpt>
   <trkpt lat="47.2391390" lon="4.7267890">
    <ele>467.0</ele>
   </trkpt>
   <trkpt lat="47.2391510" lon="4.7267670">
    <ele>467.0</ele>
   </trkpt>
   <trkpt lat="47.2391620" lon="4.7267510">
    <ele>467.2</ele>
   </trkpt>
   <trkpt lat="47.2391650" lon="4.7267010">
    <ele>467.8</ele>
   </trkpt>
   <trkpt lat="47.2391860" lon="4.7266960">
    <ele>468.0</ele>
   </trkpt>
   <trkpt lat="47.2391970" lon="4.7266740">
    <ele>468.2</ele>
   </trkpt>
   <trkpt lat="47.2392060" lon="4.7266420">
    <ele>469.2</ele>
   </trkpt>
   <trkpt lat="47.2392240" lon="4.7266380">
    <ele>469.4</ele>
   </trkpt>
   <trkpt lat="47.2392090" lon="4.7265710">
    <ele>469.8</ele>
   </trkpt>
   <trkpt lat="47.2392130" lon="4.7265320">
    <ele>470.0</ele>
   </trkpt>
   <trkpt lat="47.2392280" lon="4.7265280">
    <ele>470.2</ele>
   </trkpt>
   <trkpt lat="47.2392560" lon="4.7265210">
    <ele>470.8</ele>
   </trkpt>
   <trkpt lat="47.2392810" lon="4.7264900">
    <ele>471.4</ele>
   </trkpt>
   <trkpt lat="47.2392830" lon="4.7264700">
    <ele>471.8</ele>
   </trkpt>
   <trkpt lat="47.2392910" lon="4.7264400">
    <ele>472.2</ele>
   </trkpt>
   <trkpt lat="47.2392980" lon="4.7264160">
    <ele>472.6</ele>
   </trkpt>
   <trkpt lat="47.2392940" lon="4.7263260">
    <ele>473.6</ele>
   </trkpt>
   <trkpt lat="47.2392980" lon="4.7263000">
    <ele>473.8</ele>
   </trkpt>
   <trkpt lat="47.2393030" lon="4.7262790">
    <ele>474.4</ele>
   </trkpt>
   <trkpt lat="47.2393160" lon="4.7262530">
    <ele>474.8</ele>
   </trkpt>
   <trkpt lat="47.2393260" lon="4.7262080">
    <ele>475.2</ele>
   </trkpt>
   <trkpt lat="47.2393350" lon="4.7261660">
    <ele>475.8</ele>
   </trkpt>
   <trkpt lat="47.2393650" lon="4.7261100">
    <ele>477.0</ele>
   </trkpt>
   <trkpt lat="47.2393750" lon="4.7260940">
    <ele>477.2</ele>
   </trkpt>
   <trkpt lat="47.2393930" lon="4.7260490">
    <ele>477.8</ele>
   </trkpt>
   <trkpt lat="47.2393950" lon="4.7260270">
    <ele>478.2</ele>
   </trkpt>
   <trkpt lat="47.2393970" lon="4.7260000">
    <ele>478.4</ele>
   </trkpt>
   <trkpt lat="47.2393940" lon="4.7259610">
    <ele>479.0</ele>
   </trkpt>
   <trkpt lat="47.2394120" lon="4.7259240">
    <ele>479.4</ele>
   </trkpt>
   <trkpt lat="47.2393980" lon="4.7258910">
    <ele>479.8</ele>
   </trkpt>
   <trkpt lat="47.2394040" lon="4.7258120">
    <ele>480.6</ele>
   </trkpt>
   <trkpt lat="47.2394130" lon="4.7257620">
    <ele>481.0</ele>
   </trkpt>
   <trkpt lat="47.2393980" lon="4.7256840">
    <ele>481.6</ele>
   </trkpt>
   <trkpt lat="47.2394100" lon="4.7255940">
    <ele>482.8</ele>
   </trkpt>
   <trkpt lat="47.2394290" lon="4.7255900">
    <ele>482.8</ele>
   </trkpt>
   <trkpt lat="47.2394380" lon="4.7255460">
    <ele>483.4</ele>
   </trkpt>
   <trkpt lat="47.2394170" lon="4.7254770">
    <ele>484.0</ele>
   </trkpt>
   <trkpt lat="47.2393850" lon="4.7254060">
    <ele>484.6</ele>
   </trkpt>
   <trkpt lat="47.2393850" lon="4.7253530">
    <ele>485.4</ele>
   </trkpt>
   <trkpt lat="47.2393910" lon="4.7252820">
    <ele>486.6</ele>
   </trkpt>
   <trkpt lat="47.2393880" lon="4.7252530">
    <ele>486.8</ele>
   </trkpt>
   <trkpt lat="47.2394010" lon="4.7251840">
    <ele>487.6</ele>
   </trkpt>
   <trkpt lat="47.2393930" lon="4.7251110">
    <ele>488.2</ele>
   </trkpt>
   <trkpt lat="47.2393850" lon="4.7250170">
    <ele>488.6</ele>
   </trkpt>
   <trkpt lat="47.2393630" lon="4.7249200">
    <ele>489.6</ele>
   </trkpt>
   <trkpt lat="47.2393600" lon="4.7248900">
    <ele>489.8</ele>
   </trkpt>
   <trkpt lat="47.2393640" lon="4.7248340">
    <ele>490.4</ele>
   </trkpt>
   <trkpt lat="47.2393560" lon="4.7247640">
    <ele>490.8</ele>
   </trkpt>
   <trkpt lat="47.2393410" lon="4.7246760">
    <ele>491.2</ele>
   </trkpt>
   <trkpt lat="47.2393370" lon="4.7245680">
    <ele>492.0</ele>
   </trkpt>
   <trkpt lat="47.2393300" lon="4.7244550">
    <ele>492.8</ele>
   </trkpt>
   <trkpt lat="47.2393350" lon="4.7244250">
    <ele>493.2</ele>
   </trkpt>
   <trkpt lat="47.2393340" lon="4.7243000">
    <ele>494.4</ele>
   </trkpt>
   <trkpt lat="47.2393250" lon="4.7242120">
    <ele>495.2</ele>
   </trkpt>
   <trkpt lat="47.2393250" lon="4.7241890">
    <ele>495.6</ele>
   </trkpt>
   <trkpt lat="47.2393280" lon="4.7240810">
    <ele>496.6</ele>
   </trkpt>
   <trkpt lat="47.2393230" lon="4.7240530">
    <ele>496.8</ele>
   </trkpt>
   <trkpt lat="47.2393080" lon="4.7239740">
    <ele>497.6</ele>
   </trkpt>
   <trkpt lat="47.2392960" lon="4.7239200">
    <ele>498.0</ele>
   </trkpt>
   <trkpt lat="47.2392880" lon="4.7238710">
    <ele>498.4</ele>
   </trkpt>
   <trkpt lat="47.2392540" lon="4.7237730">
    <ele>499.2</ele>
   </trkpt>
   <trkpt lat="47.2392290" lon="4.7236820">
    <ele>499.8</ele>
   </trkpt>
   <trkpt lat="47.2392230" lon="4.7236340">
    <ele>500.4</ele>
   </trkpt>
   <trkpt lat="47.2392060" lon="4.7235550">
    <ele>501.2</ele>
   </trkpt>
   <trkpt lat="47.2391930" lon="4.7235230">
    <ele>501.4</ele>
   </trkpt>
   <trkpt lat="47.2391710" lon="4.7234180">
    <ele>502.6</ele>
   </trkpt>
   <trkpt lat="47.2391720" lon="4.7233580">
    <ele>503.4</ele>
   </trkpt>
   <trkpt lat="47.2391790" lon="4.7233000">
    <ele>503.8</ele>
   </trkpt>
   <trkpt lat="47.2391640" lon="4.7231760">
    <ele>504.8</ele>
   </trkpt>
   <trkpt lat="47.2391630" lon="4.7231410">
    <ele>505.0</ele>
   </trkpt>
   <trkpt lat="47.2391870" lon="4.7230220">
    <ele>506.0</ele>
   </trkpt>
   <trkpt lat="47.2392130" lon="4.7229490">
    <ele>506.4</ele>
   </trkpt>
   <trkpt lat="47.2392450" lon="4.7228450">
    <ele>506.4</ele>
   </trkpt>
   <trkpt lat="47.2392640" lon="4.7227800">
    <ele>506.6</ele>
   </trkpt>
   <trkpt lat="47.2392950" lon="4.7226860">
    <ele>507.2</ele>
   </trkpt>
   <trkpt lat="47.2393370" lon="4.7225850">
    <ele>507.6</ele>
   </trkpt>
   <trkpt lat="47.2394310" lon="4.7224160">
    <ele>508.2</ele>
   </trkpt>
   <trkpt lat="47.2394750" lon="4.7223700">
    <ele>508.2</ele>
   </trkpt>
   <trkpt lat="47.2396240" lon="4.7223280">
    <ele>509.2</ele>
   </trkpt>
   <trkpt lat="47.2396410" lon="4.7223160">
    <ele>509.4</ele>
   </trkpt>
   <trkpt lat="47.2397730" lon="4.7223250">
    <ele>510.2</ele>
   </trkpt>
   <trkpt lat="47.2398030" lon="4.7223260">
    <ele>510.4</ele>
   </trkpt>
   <trkpt lat="47.2398230" lon="4.7223140">
    <ele>510.4</ele>
   </trkpt>
   <trkpt lat="47.2399380" lon="4.7223160">
    <ele>511.0</ele>
   </trkpt>
   <trkpt lat="47.2400610" lon="4.7223670">
    <ele>511.2</ele>
   </trkpt>
   <trkpt lat="47.2401380" lon="4.7224100">
    <ele>511.4</ele>
   </trkpt>
   <trkpt lat="47.2401700" lon="4.7224240">
    <ele>511.6</ele>
   </trkpt>
   <trkpt lat="47.2403030" lon="4.7224900">
    <ele>512.2</ele>
   </trkpt>
   <trkpt lat="47.2403710" lon="4.7225720">
    <ele>512.6</ele>
   </trkpt>
   <trkpt lat="47.2404820" lon="4.7227170">
    <ele>513.6</ele>
   </trkpt>
   <trkpt lat="47.2405090" lon="4.7227390">
    <ele>513.6</ele>
   </trkpt>
   <trkpt lat="47.2405970" lon="4.7228140">
    <ele>514.2</ele>
   </trkpt>
   <trkpt lat="47.2406300" lon="4.7228640">
    <ele>515.0</ele>
   </trkpt>
   <trkpt lat="47.2406690" lon="4.7228910">
    <ele>515.4</ele>
   </trkpt>
   <trkpt lat="47.2407580" lon="4.7229600">
    <ele>516.0</ele>
   </trkpt>
   <trkpt lat="47.2408270" lon="4.7229860">
    <ele>516.0</ele>
   </trkpt>
   <trkpt lat="47.2409660" lon="4.7230180">
    <ele>516.6</ele>
   </trkpt>
   <trkpt lat="47.2409890" lon="4.7230210">
    <ele>517.0</ele>
   </trkpt>
   <trkpt lat="47.2410290" lon="4.7230520">
    <ele>517.4</ele>
   </trkpt>
   <trkpt lat="47.2411200" lon="4.7231020">
    <ele>518.0</ele>
   </trkpt>
   <trkpt lat="47.2411900" lon="4.7231250">
    <ele>518.4</ele>
   </trkpt>
   <trkpt lat="47.2412260" lon="4.7231660">
    <ele>518.8</ele>
   </trkpt>
   <trkpt lat="47.2413220" lon="4.7232470">
    <ele>519.0</ele>
   </trkpt>
   <trkpt lat="47.2413420" lon="4.7232570">
    <ele>519.2</ele>
   </trkpt>
   <trkpt lat="47.2414330" lon="4.7233140">
    <ele>519.6</ele>
   </trkpt>
   <trkpt lat="47.2414970" lon="4.7233400">
    <ele>520.2</ele>
   </trkpt>
   <trkpt lat="47.2416500" lon="4.7234300">
    <ele>521.0</ele>
   </trkpt>
   <trkpt lat="47.2417150" lon="4.7234790">
    <ele>521.4</ele>
   </trkpt>
   <trkpt lat="47.2417390" lon="4.7234760">
    <ele>521.4</ele>
   </trkpt>
   <trkpt lat="47.2418770" lon="4.7234770">
    <ele>522.0</ele>
   </trkpt>
   <trkpt lat="47.2419570" lon="4.7235380">
    <ele>522.4</ele>
   </trkpt>
   <trkpt lat="47.2420520" lon="4.7235890">
    <ele>522.8</ele>
   </trkpt>
   <trkpt lat="47.2421400" lon="4.7236650">
    <ele>523.2</ele>
   </trkpt>
   <trkpt lat="47.2421900" lon="4.7236870">
    <ele>523.4</ele>
   </trkpt>
   <trkpt lat="47.2422060" lon="4.7236930">
    <ele>523.6</ele>
   </trkpt>
   <trkpt lat="47.2423140" lon="4.7237040">
    <ele>524.2</ele>
   </trkpt>
   <trkpt lat="47.2423340" lon="4.7237110">
    <ele>524.4</ele>
   </trkpt>
   <trkpt lat="47.2424030" lon="4.7237370">
    <ele>524.6</ele>
   </trkpt>
   <trkpt lat="47.2424810" lon="4.7237620">
    <ele>525.0</ele>
   </trkpt>
   <trkpt lat="47.2426040" lon="4.7238110">
    <ele>525.6</ele>
   </trkpt>
   <trkpt lat="47.2427000" lon="4.7237890">
    <ele>526.4</ele>
   </trkpt>
   <trkpt lat="47.2427250" lon="4.7237910">
    <ele>526.6</ele>
   </trkpt>
   <trkpt lat="47.2428420" lon="4.7238540">
    <ele>527.2</ele>
   </trkpt>
   <trkpt lat="47.2428560" lon="4.7238510">
    <ele>527.4</ele>
   </trkpt>
   <trkpt lat="47.2429370" lon="4.7238420">
    <ele>527.6</ele>
   </trkpt>
   <trkpt lat="47.2430370" lon="4.7238730">
    <ele>528.6</ele>
   </trkpt>
   <trkpt lat="47.2431170" lon="4.7239270">
    <ele>529.0</ele>
   </trkpt>
   <trkpt lat="47.2432620" lon="4.7239220">
    <ele>529.4</ele>
   </trkpt>
   <trkpt lat="47.2433200" lon="4.7239250">
    <ele>529.6</ele>
   </trkpt>
   <trkpt lat="47.2433460" lon="4.7239320">
    <ele>529.8</ele>
   </trkpt>
   <trkpt lat="47.2434020" lon="4.7239280">
    <ele>530.0</ele>
   </trkpt>
   <trkpt lat="47.2435150" lon="4.7239740">
    <ele>530.4</ele>
   </trkpt>
   <trkpt lat="47.2435980" lon="4.7239600">
    <ele>530.8</ele>
   </trkpt>
   <trkpt lat="47.2436940" lon="4.7239160">
    <ele>531.6</ele>
   </trkpt>
   <trkpt lat="47.2437410" lon="4.7239530">
    <ele>531.8</ele>
   </trkpt>
   <trkpt lat="47.2437740" lon="4.7239790">
    <ele>532.0</ele>
   </trkpt>
   <trkpt lat="47.2437910" lon="4.7239850">
    <ele>532.4</ele>
   </trkpt>
   <trkpt lat="47.2438400" lon="4.7239910">
    <ele>533.0</ele>
   </trkpt>
   <trkpt lat="47.2439410" lon="4.7240190">
    <ele>533.4</ele>
   </trkpt>
   <trkpt lat="47.2440400" lon="4.7240370">
    <ele>534.2</ele>
   </trkpt>
   <trkpt lat="47.2441160" lon="4.7240200">
    <ele>534.6</ele>
   </trkpt>
   <trkpt lat="47.2441690" lon="4.7240230">
    <ele>534.8</ele>
   </trkpt>
   <trkpt lat="47.2442150" lon="4.7240230">
    <ele>535.0</ele>
   </trkpt>
   <trkpt lat="47.2442710" lon="4.7240250">
    <ele>535.4</ele>
   </trkpt>
   <trkpt lat="47.2444270" lon="4.7240260">
    <ele>536.0</ele>
   </trkpt>
   <trkpt lat="47.2445220" lon="4.7240170">
    <ele>536.4</ele>
   </trkpt>
   <trkpt lat="47.2445470" lon="4.7240110">
    <ele>536.6</ele>
   </trkpt>
   <trkpt lat="47.2446760" lon="4.7240330">
    <ele>537.4</ele>
   </trkpt>
   <trkpt lat="47.2447490" lon="4.7240660">
    <ele>537.8</ele>
   </trkpt>
   <trkpt lat="47.2448060" lon="4.7241000">
    <ele>538.2</ele>
   </trkpt>
   <trkpt lat="47.2449340" lon="4.7241670">
    <ele>538.4</ele>
   </trkpt>
   <trkpt lat="47.2449870" lon="4.7241640">
    <ele>538.6</ele>
   </trkpt>
   <trkpt lat="47.2451320" lon="4.7242130">
    <ele>538.8</ele>
   </trkpt>
   <trkpt lat="47.2452370" lon="4.7242420">
    <ele>539.4</ele>
   </trkpt>
   <trkpt lat="47.2453080" lon="4.7242910">
    <ele>540.2</ele>
   </trkpt>
   <trkpt lat="47.2453530" lon="4.7242780">
    <ele>540.4</ele>
   </trkpt>
   <trkpt lat="47.2453840" lon="4.7242780">
    <ele>540.4</ele>
   </trkpt>
   <trkpt lat="47.2454650" lon="4.7242560">
    <ele>540.8</ele>
   </trkpt>
   <trkpt lat="47.2455800" lon="4.7242600">
    <ele>541.4</ele>
   </trkpt>
   <trkpt lat="47.2456420" lon="4.7242780">
    <ele>541.8</ele>
   </trkpt>
   <trkpt lat="47.2457970" lon="4.7242990">
    <ele>542.2</ele>
   </trkpt>
   <trkpt lat="47.2459270" lon="4.7243740">
    <ele>542.6</ele>
   </trkpt>
   <trkpt lat="47.2459770" lon="4.7244080">
    <ele>542.6</ele>
   </trkpt>
   <trkpt lat="47.2460500" lon="4.7244310">
    <ele>543.0</ele>
   </trkpt>
   <trkpt lat="47.2460810" lon="4.7244160">
    <ele>543.2</ele>
   </trkpt>
   <trkpt lat="47.2461510" lon="4.7244360">
    <ele>543.6</ele>
   </trkpt>
   <trkpt lat="47.2461910" lon="4.7244210">
    <ele>543.8</ele>
   </trkpt>
   <trkpt lat="47.2462580" lon="4.7243950">
    <ele>544.2</ele>
   </trkpt>
   <trkpt lat="47.2463220" lon="4.7244100">
    <ele>544.4</ele>
   </trkpt>
   <trkpt lat="47.2464550" lon="4.7243650">
    <ele>544.6</ele>
   </trkpt>
   <trkpt lat="47.2464850" lon="4.7243490">
    <ele>544.6</ele>
   </trkpt>
   <trkpt lat="47.2465910" lon="4.7243360">
    <ele>545.0</ele>
   </trkpt>
   <trkpt lat="47.2466180" lon="4.7243390">
    <ele>545.2</ele>
   </trkpt>
   <trkpt lat="47.2466970" lon="4.7243130">
    <ele>545.6</ele>
   </trkpt>
   <trkpt lat="47.2467140" lon="4.7242950">
    <ele>545.8</ele>
   </trkpt>
   <trkpt lat="47.2468420" lon="4.7242000">
    <ele>546.6</ele>
   </trkpt>
   <trkpt lat="47.2468600" lon="4.7242000">
    <ele>546.8</ele>
   </trkpt>
   <trkpt lat="47.2468780" lon="4.7241820">
    <ele>546.8</ele>
   </trkpt>
   <trkpt lat="47.2469460" lon="4.7241210">
    <ele>547.2</ele>
   </trkpt>
   <trkpt lat="47.2470570" lon="4.7240700">
    <ele>547.4</ele>
   </trkpt>
   <trkpt lat="47.2471580" lon="4.7240740">
    <ele>547.6</ele>
   </trkpt>
   <trkpt lat="47.2472400" lon="4.7240840">
    <ele>547.6</ele>
   </trkpt>
   <trkpt lat="47.2472660" lon="4.7240670">
    <ele>547.8</ele>
   </trkpt>
   <trkpt lat="47.2472900" lon="4.7240500">
    <ele>547.8</ele>
   </trkpt>
   <trkpt lat="47.2473170" lon="4.7240350">
    <ele>548.0</ele>
   </trkpt>
   <trkpt lat="47.2474470" lon="4.7238920">
    <ele>548.2</ele>
   </trkpt>
   <trkpt lat="47.2475730" lon="4.7238300">
    <ele>548.4</ele>
   </trkpt>
   <trkpt lat="47.2477150" lon="4.7238100">
    <ele>548.4</ele>
   </trkpt>
   <trkpt lat="47.2478570" lon="4.7238850">
    <ele>547.8</ele>
   </trkpt>
   <trkpt lat="47.2480010" lon="4.7240340">
    <ele>547.4</ele>
   </trkpt>
   <trkpt lat="47.2480300" lon="4.7241290">
    <ele>547.4</ele>
   </trkpt>
   <trkpt lat="47.2481470" lon="4.7242800">
    <ele>546.8</ele>
   </trkpt>
   <trkpt lat="47.2482730" lon="4.7243610">
    <ele>545.8</ele>
   </trkpt>
   <trkpt lat="47.2483040" lon="4.7243570">
    <ele>545.8</ele>
   </trkpt>
   <trkpt lat="47.2483800" lon="4.7244000">
    <ele>545.8</ele>
   </trkpt>
   <trkpt lat="47.2484000" lon="4.7244420">
    <ele>545.8</ele>
   </trkpt>
   <trkpt lat="47.2484070" lon="4.7244850">
    <ele>545.8</ele>
   </trkpt>
   <trkpt lat="47.2484190" lon="4.7246260">
    <ele>545.8</ele>
   </trkpt>
   <trkpt lat="47.2484780" lon="4.7247580">
    <ele>545.6</ele>
   </trkpt>
   <trkpt lat="47.2484980" lon="4.7248080">
    <ele>545.6</ele>
   </trkpt>
   <trkpt lat="47.2485450" lon="4.7248520">
    <ele>545.6</ele>
   </trkpt>
   <trkpt lat="47.2485730" lon="4.7249180">
    <ele>545.6</ele>
   </trkpt>
   <trkpt lat="47.2485630" lon="4.7249770">
    <ele>545.4</ele>
   </trkpt>
   <trkpt lat="47.2485630" lon="4.7250160">
    <ele>545.2</ele>
   </trkpt>
   <trkpt lat="47.2485790" lon="4.7250570">
    <ele>545.0</ele>
   </trkpt>
   <trkpt lat="47.2486250" lon="4.7251110">
    <ele>544.6</ele>
   </trkpt>
   <trkpt lat="47.2486800" lon="4.7251930">
    <ele>544.2</ele>
   </trkpt>
   <trkpt lat="47.2487300" lon="4.7252180">
    <ele>544.0</ele>
   </trkpt>
   <trkpt lat="47.2488100" lon="4.7252160">
    <ele>544.0</ele>
   </trkpt>
   <trkpt lat="47.2488400" lon="4.7252030">
    <ele>543.8</ele>
   </trkpt>
   <trkpt lat="47.2488480" lon="4.7251830">
    <ele>543.6</ele>
   </trkpt>
   <trkpt lat="47.2488490" lon="4.7251670">
    <ele>543.6</ele>
   </trkpt>
   <trkpt lat="47.2488250" lon="4.7249670">
    <ele>543.2</ele>
   </trkpt>
   <trkpt lat="47.2488950" lon="4.7248000">
    <ele>543.2</ele>
   </trkpt>
   <trkpt lat="47.2489680" lon="4.7246260">
    <ele>542.4</ele>
   </trkpt>
   <trkpt lat="47.2489890" lon="4.7246010">
    <ele>542.4</ele>
   </trkpt>
   <trkpt lat="47.2490230" lon="4.7245270">
    <ele>542.0</ele>
   </trkpt>
   <trkpt lat="47.2490390" lon="4.7244540">
    <ele>541.4</ele>
   </trkpt>
   <trkpt lat="47.2490460" lon="4.7244290">
    <ele>541.2</ele>
   </trkpt>
   <trkpt lat="47.2491050" lon="4.7243780">
    <ele>540.2</ele>
   </trkpt>
   <trkpt lat="47.2491230" lon="4.7243420">
    <ele>539.2</ele>
   </trkpt>
   <trkpt lat="47.2491390" lon="4.7243210">
    <ele>538.4</ele>
   </trkpt>
   <trkpt lat="47.2491510" lon="4.7243100">
    <ele>537.6</ele>
   </trkpt>
   <trkpt lat="47.2491580" lon="4.7242990">
    <ele>536.2</ele>
   </trkpt>
   <trkpt lat="47.2491680" lon="4.7242940">
    <ele>535.4</ele>
   </trkpt>
   <trkpt lat="47.2491720" lon="4.7242910">
    <ele>534.6</ele>
   </trkpt>
   <trkpt lat="47.2491840" lon="4.7243130">
    <ele>532.6</ele>
   </trkpt>
   <trkpt lat="47.2491830" lon="4.7243410">
    <ele>531.2</ele>
   </trkpt>
   <trkpt lat="47.2491890" lon="4.7243590">
    <ele>531.0</ele>
   </trkpt>
   <trkpt lat="47.2491850" lon="4.7243840">
    <ele>530.6</ele>
   </trkpt>
   <trkpt lat="47.2491910" lon="4.7244010">
    <ele>530.6</ele>
   </trkpt>
   <trkpt lat="47.2491850" lon="4.7244230">
    <ele>530.2</ele>
   </trkpt>
   <trkpt lat="47.2491590" lon="4.7244430">
    <ele>530.0</ele>
   </trkpt>
   <trkpt lat="47.2491110" lon="4.7245060">
    <ele>529.8</ele>
   </trkpt>
   <trkpt lat="47.2491370" lon="4.7246160">
    <ele>529.0</ele>
   </trkpt>
   <trkpt lat="47.2491630" lon="4.7246820">
    <ele>528.4</ele>
   </trkpt>
   <trkpt lat="47.2492120" lon="4.7247270">
    <ele>527.8</ele>
   </trkpt>
   <trkpt lat="47.2492090" lon="4.7247030">
    <ele>527.2</ele>
   </trkpt>
   <trkpt lat="47.2492000" lon="4.7246590">
    <ele>526.8</ele>
   </trkpt>
   <trkpt lat="47.2492050" lon="4.7245790">
    <ele>524.8</ele>
   </trkpt>
   <trkpt lat="47.2492170" lon="4.7245570">
    <ele>524.4</ele>
   </trkpt>
   <trkpt lat="47.2492220" lon="4.7245310">
    <ele>523.8</ele>
   </trkpt>
   <trkpt lat="47.2492330" lon="4.7245120">
    <ele>523.4</ele>
   </trkpt>
   <trkpt lat="47.2492480" lon="4.7244950">
    <ele>522.8</ele>
   </trkpt>
   <trkpt lat="47.2492870" lon="4.7244710">
    <ele>521.2</ele>
   </trkpt>
   <trkpt lat="47.2493030" lon="4.7244820">
    <ele>520.4</ele>
   </trkpt>
   <trkpt lat="47.2493210" lon="4.7245060">
    <ele>519.6</ele>
   </trkpt>
   <trkpt lat="47.2493880" lon="4.7245900">
    <ele>517.4</ele>
   </trkpt>
   <trkpt lat="47.2494110" lon="4.7246230">
    <ele>516.4</ele>
   </trkpt>
   <trkpt lat="47.2494330" lon="4.7246430">
    <ele>515.4</ele>
   </trkpt>
   <trkpt lat="47.2494560" lon="4.7246460">
    <ele>514.2</ele>
   </trkpt>
   <trkpt lat="47.2495080" lon="4.7246570">
    <ele>512.0</ele>
   </trkpt>
   <trkpt lat="47.2495310" lon="4.7246610">
    <ele>511.0</ele>
   </trkpt>
   <trkpt lat="47.2495530" lon="4.7246550">
    <ele>509.0</ele>
   </trkpt>
   <trkpt lat="47.2495510" lon="4.7246420">
    <ele>508.0</ele>
   </trkpt>
   <trkpt lat="47.2495610" lon="4.7246090">
    <ele>506.2</ele>
   </trkpt>
   <trkpt lat="47.2495660" lon="4.7246000">
    <ele>505.6</ele>
   </trkpt>
   <trkpt lat="47.2495800" lon="4.7245860">
    <ele>504.6</ele>
   </trkpt>
   <trkpt lat="47.2496030" lon="4.7245250">
    <ele>503.0</ele>
   </trkpt>
   <trkpt lat="47.2496310" lon="4.7244620">
    <ele>502.0</ele>
   </trkpt>
   <trkpt lat="47.2496350" lon="4.7244270">
    <ele>501.4</ele>
   </trkpt>
   <trkpt lat="47.2496440" lon="4.7243870">
    <ele>501.0</ele>
   </trkpt>
   <trkpt lat="47.2496810" lon="4.7242300">
    <ele>500.0</ele>
   </trkpt>
   <trkpt lat="47.2496940" lon="4.7242000">
    <ele>499.6</ele>
   </trkpt>
   <trkpt lat="47.2497170" lon="4.7241510">
    <ele>498.2</ele>
   </trkpt>
   <trkpt lat="47.2497490" lon="4.7241240">
    <ele>497.0</ele>
   </trkpt>
   <trkpt lat="47.2497740" lon="4.7240910">
    <ele>495.8</ele>
   </trkpt>
   <trkpt lat="47.2497820" lon="4.7240620">
    <ele>495.4</ele>
   </trkpt>
   <trkpt lat="47.2498040" lon="4.7240230">
    <ele>494.4</ele>
   </trkpt>
   <trkpt lat="47.2498250" lon="4.7239360">
    <ele>492.8</ele>
   </trkpt>
   <trkpt lat="47.2498510" lon="4.7239010">
    <ele>491.6</ele>
   </trkpt>
   <trkpt lat="47.2498650" lon="4.7238660">
    <ele>490.6</ele>
   </trkpt>
   <trkpt lat="47.2498660" lon="4.7238400">
    <ele>490.4</ele>
   </trkpt>
   <trkpt lat="47.2498890" lon="4.7237760">
    <ele>489.4</ele>
   </trkpt>
   <trkpt lat="47.2499060" lon="4.7237230">
    <ele>488.4</ele>
   </trkpt>
   <trkpt lat="47.2498940" lon="4.7236970">
    <ele>488.2</ele>
   </trkpt>
   <trkpt lat="47.2499020" lon="4.7236830">
    <ele>487.6</ele>
   </trkpt>
   <trkpt lat="47.2499260" lon="4.7237030">
    <ele>486.8</ele>
   </trkpt>
   <trkpt lat="47.2499710" lon="4.7237570">
    <ele>485.8</ele>
   </trkpt>
   <trkpt lat="47.2499770" lon="4.7237720">
    <ele>484.6</ele>
   </trkpt>
   <trkpt lat="47.2500250" lon="4.7238170">
    <ele>483.2</ele>
   </trkpt>
   <trkpt lat="47.2500560" lon="4.7238540">
    <ele>482.0</ele>
   </trkpt>
   <trkpt lat="47.2500620" lon="4.7238600">
    <ele>480.8</ele>
   </trkpt>
   <trkpt lat="47.2500700" lon="4.7238790">
    <ele>479.8</ele>
   </trkpt>
   <trkpt lat="47.2501150" lon="4.7239210">
    <ele>478.2</ele>
   </trkpt>
   <trkpt lat="47.2501500" lon="4.7239250">
    <ele>477.0</ele>
   </trkpt>
   <trkpt lat="47.2501680" lon="4.7239280">
    <ele>476.0</ele>
   </trkpt>
   <trkpt lat="47.2502010" lon="4.7239460">
    <ele>474.6</ele>
   </trkpt>
   <trkpt lat="47.2502330" lon="4.7239660">
    <ele>473.2</ele>
   </trkpt>
   <trkpt lat="47.2502890" lon="4.7239760">
    <ele>471.8</ele>
   </trkpt>
   <trkpt lat="47.2502940" lon="4.7239270">
    <ele>470.2</ele>
   </trkpt>
   <trkpt lat="47.2503490" lon="4.7238270">
    <ele>469.2</ele>
   </trkpt>
   <trkpt lat="47.2503730" lon="4.7237100">
    <ele>468.0</ele>
   </trkpt>
   <trkpt lat="47.2503680" lon="4.7236110">
    <ele>467.0</ele>
   </trkpt>
   <trkpt lat="47.2503910" lon="4.7235560">
    <ele>466.2</ele>
   </trkpt>
   <trkpt lat="47.2503940" lon="4.7235400">
    <ele>465.8</ele>
   </trkpt>
   <trkpt lat="47.2504100" lon="4.7235240">
    <ele>465.0</ele>
   </trkpt>
   <trkpt lat="47.2504200" lon="4.7235140">
    <ele>464.2</ele>
   </trkpt>
   <trkpt lat="47.2504340" lon="4.7234810">
    <ele>463.0</ele>
   </trkpt>
   <trkpt lat="47.2504410" lon="4.7234770">
    <ele>462.8</ele>
   </trkpt>
   <trkpt lat="47.2504630" lon="4.7234850">
    <ele>462.0</ele>
   </trkpt>
   <trkpt lat="47.2504810" lon="4.7234410">
    <ele>460.4</ele>
   </trkpt>
   <trkpt lat="47.2504980" lon="4.7234610">
    <ele>459.2</ele>
   </trkpt>
   <trkpt lat="47.2505220" lon="4.7235520">
    <ele>457.8</ele>
   </trkpt>
   <trkpt lat="47.2505170" lon="4.7236600">
    <ele>456.0</ele>
   </trkpt>
   <trkpt lat="47.2505200" lon="4.7237140">
    <ele>454.8</ele>
   </trkpt>
   <trkpt lat="47.2505170" lon="4.7237600">
    <ele>454.0</ele>
   </trkpt>
   <trkpt lat="47.2505090" lon="4.7238040">
    <ele>453.0</ele>
   </trkpt>
   <trkpt lat="47.2505040" lon="4.7238380">
    <ele>451.6</ele>
   </trkpt>
   <trkpt lat="47.2505140" lon="4.7239160">
    <ele>449.4</ele>
   </trkpt>
   <trkpt lat="47.2505170" lon="4.7239290">
    <ele>448.2</ele>
   </trkpt>
   <trkpt lat="47.2505420" lon="4.7239510">
    <ele>447.0</ele>
   </trkpt>
   <trkpt lat="47.2505870" lon="4.7240240">
    <ele>445.0</ele>
   </trkpt>
   <trkpt lat="47.2506170" lon="4.7240760">
    <ele>443.6</ele>
   </trkpt>
   <trkpt lat="47.2506510" lon="4.7241280">
    <ele>442.4</ele>
   </trkpt>
   <trkpt lat="47.2506810" lon="4.7241910">
    <ele>441.4</ele>
   </trkpt>
   <trkpt lat="47.2507150" lon="4.7242500">
    <ele>440.2</ele>
   </trkpt>
   <trkpt lat="47.2507390" lon="4.7243030">
    <ele>439.0</ele>
   </trkpt>
   <trkpt lat="47.2507580" lon="4.7243470">
    <ele>437.8</ele>
   </trkpt>
   <trkpt lat="47.2507750" lon="4.7244020">
    <ele>437.0</ele>
   </trkpt>
   <trkpt lat="47.2507950" lon="4.7244530">
    <ele>436.4</ele>
   </trkpt>
   <trkpt lat="47.2508170" lon="4.7245030">
    <ele>435.4</ele>
   </trkpt>
   <trkpt lat="47.2508360" lon="4.7245560">
    <ele>433.8</ele>
   </trkpt>
   <trkpt lat="47.2508580" lon="4.7246320">
    <ele>433.0</ele>
   </trkpt>
   <trkpt lat="47.2508820" lon="4.7247160">
    <ele>432.4</ele>
   </trkpt>
   <trkpt lat="47.2509060" lon="4.7248090">
    <ele>431.2</ele>
   </trkpt>
   <trkpt lat="47.2509350" lon="4.7249060">
    <ele>429.6</ele>
   </trkpt>
   <trkpt lat="47.2509740" lon="4.7250920">
    <ele>428.0</ele>
   </trkpt>
   <trkpt lat="47.2509830" lon="4.7251680">
    <ele>427.0</ele>
   </trkpt>
   <trkpt lat="47.2509980" lon="4.7253110">
    <ele>426.0</ele>
   </trkpt>
   <trkpt lat="47.2510260" lon="4.7254500">
    <ele>425.2</ele>
   </trkpt>
   <trkpt lat="47.2510430" lon="4.7255120">
    <ele>424.8</ele>
   </trkpt>
   <trkpt lat="47.2511100" lon="4.7257370">
    <ele>423.6</ele>
   </trkpt>
   <trkpt lat="47.2511490" lon="4.7258380">
    <ele>423.0</ele>
   </trkpt>
   <trkpt lat="47.2511650" lon="4.7258890">
    <ele>422.2</ele>
   </trkpt>
   <trkpt lat="47.2511930" lon="4.7259910">
    <ele>421.0</ele>
   </trkpt>
   <trkpt lat="47.2512270" lon="4.7260880">
    <ele>419.2</ele>
   </trkpt>
   <trkpt lat="47.2512600" lon="4.7261770">
    <ele>418.2</ele>
   </trkpt>
   <trkpt lat="47.2513030" lon="4.7262540">
    <ele>417.0</ele>
   </trkpt>
   <trkpt lat="47.2513260" lon="4.7262920">
    <ele>416.0</ele>
   </trkpt>
   <trkpt lat="47.2513440" lon="4.7263310">
    <ele>415.2</ele>
   </trkpt>
   <trkpt lat="47.2513790" lon="4.7264270">
    <ele>413.6</ele>
   </trkpt>
   <trkpt lat="47.2514650" lon="4.7266270">
    <ele>411.4</ele>
   </trkpt>
   <trkpt lat="47.2514880" lon="4.7266790">
    <ele>410.4</ele>
   </trkpt>
   <trkpt lat="47.2515100" lon="4.7267340">
    <ele>409.2</ele>
   </trkpt>
   <trkpt lat="47.2515330" lon="4.7267930">
    <ele>408.2</ele>
   </trkpt>
   <trkpt lat="47.2515550" lon="4.7268560">
    <ele>407.0</ele>
   </trkpt>
   <trkpt lat="47.2516110" lon="4.7269630">
    <ele>404.8</ele>
   </trkpt>
   <trkpt lat="47.2516330" lon="4.7270150">
    <ele>404.0</ele>
   </trkpt>
   <trkpt lat="47.2516480" lon="4.7270560">
    <ele>403.4</ele>
   </trkpt>
   <trkpt lat="47.2516910" lon="4.7271550">
    <ele>401.6</ele>
   </trkpt>
   <trkpt lat="47.2517200" lon="4.7272090">
    <ele>400.2</ele>
   </trkpt>
   <trkpt lat="47.2517770" lon="4.7272930">
    <ele>398.6</ele>
   </trkpt>
   <trkpt lat="47.2518050" lon="4.7273210">
    <ele>398.0</ele>
   </trkpt>
   <trkpt lat="47.2518410" lon="4.7273540">
    <ele>397.0</ele>
   </trkpt>
   <trkpt lat="47.2518750" lon="4.7273630">
    <ele>396.4</ele>
   </trkpt>
   <trkpt lat="47.2519140" lon="4.7273720">
    <ele>395.2</ele>
   </trkpt>
   <trkpt lat="47.2520030" lon="4.7274030">
    <ele>393.6</ele>
   </trkpt>
   <trkpt lat="47.2520470" lon="4.7274460">
    <ele>392.8</ele>
   </trkpt>
   <trkpt lat="47.2520840" lon="4.7274940">
    <ele>392.4</ele>
   </trkpt>
   <trkpt lat="47.2521120" lon="4.7275410">
    <ele>391.6</ele>
   </trkpt>
   <trkpt lat="47.2521410" lon="4.7275870">
    <ele>390.8</ele>
   </trkpt>
   <trkpt lat="47.2521700" lon="4.7276460">
    <ele>390.2</ele>
   </trkpt>
   <trkpt lat="47.2521970" lon="4.7276970">
    <ele>389.6</ele>
   </trkpt>
   <trkpt lat="47.2522110" lon="4.7277420">
    <ele>389.0</ele>
   </trkpt>
   <trkpt lat="47.2522310" lon="4.7277890">
    <ele>388.6</ele>
   </trkpt>
   <trkpt lat="47.2522500" lon="4.7278210">
    <ele>387.8</ele>
   </trkpt>
   <trkpt lat="47.2522680" lon="4.7278620">
    <ele>387.2</ele>
   </trkpt>
   <trkpt lat="47.2522850" lon="4.7279120">
    <ele>386.4</ele>
   </trkpt>
   <trkpt lat="47.2523020" lon="4.7279630">
    <ele>385.8</ele>
   </trkpt>
   <trkpt lat="47.2523270" lon="4.7280170">
    <ele>385.4</ele>
   </trkpt>
   <trkpt lat="47.2523800" lon="4.7281010">
    <ele>384.0</ele>
   </trkpt>
   <trkpt lat="47.2524140" lon="4.7281340">
    <ele>383.6</ele>
   </trkpt>
   <trkpt lat="47.2524490" lon="4.7281650">
    <ele>383.0</ele>
   </trkpt>
   <trkpt lat="47.2524830" lon="4.7281880">
    <ele>382.2</ele>
   </trkpt>
   <trkpt lat="47.2525200" lon="4.7281920">
    <ele>381.6</ele>
   </trkpt>
   <trkpt lat="47.2525660" lon="4.7281850">
    <ele>381.0</ele>
   </trkpt>
   <trkpt lat="47.2526060" lon="4.7281640">
    <ele>379.8</ele>
   </trkpt>
   <trkpt lat="47.2526450" lon="4.7281410">
    <ele>379.2</ele>
   </trkpt>
   <trkpt lat="47.2526830" lon="4.7281090">
    <ele>378.6</ele>
   </trkpt>
   <trkpt lat="47.2527160" lon="4.7280720">
    <ele>378.2</ele>
   </trkpt>
   <trkpt lat="47.2527940" lon="4.7280050">
    <ele>377.2</ele>
   </trkpt>
   <trkpt lat="47.2528810" lon="4.7279690">
    <ele>376.2</ele>
   </trkpt>
   <trkpt lat="47.2529250" lon="4.7279530">
    <ele>375.6</ele>
   </trkpt>
   <trkpt lat="47.2530100" lon="4.7279060">
    <ele>375.0</ele>
   </trkpt>
   <trkpt lat="47.2530660" lon="4.7278180">
    <ele>373.8</ele>
   </trkpt>
   <trkpt lat="47.2531220" lon="4.7276600">
    <ele>372.8</ele>
   </trkpt>
   <trkpt lat="47.2531420" lon="4.7275980">
    <ele>372.2</ele>
   </trkpt>
   <trkpt lat="47.2531660" lon="4.7275310">
    <ele>371.6</ele>
   </trkpt>
   <trkpt lat="47.2531960" lon="4.7274750">
    <ele>370.8</ele>
   </trkpt>
   <trkpt lat="47.2532300" lon="4.7274350">
    <ele>370.2</ele>
   </trkpt>
   <trkpt lat="47.2533270" lon="4.7273370">
    <ele>369.0</ele>
   </trkpt>
   <trkpt lat="47.2533700" lon="4.7273270">
    <ele>368.6</ele>
   </trkpt>
   <trkpt lat="47.2534580" lon="4.7273000">
    <ele>367.8</ele>
   </trkpt>
   <trkpt lat="47.2535540" lon="4.7272940">
    <ele>366.8</ele>
   </trkpt>
   <trkpt lat="47.2535990" lon="4.7272680">
    <ele>366.4</ele>
   </trkpt>
   <trkpt lat="47.2536440" lon="4.7272410">
    <ele>365.6</ele>
   </trkpt>
   <trkpt lat="47.2537920" lon="4.7271560">
    <ele>364.4</ele>
   </trkpt>
   <trkpt lat="47.2538280" lon="4.7271510">
    <ele>364.0</ele>
   </trkpt>
   <trkpt lat="47.2538550" lon="4.7271620">
    <ele>363.6</ele>
   </trkpt>
   <trkpt lat="47.2538810" lon="4.7271790">
    <ele>363.0</ele>
   </trkpt>
   <trkpt lat="47.2539430" lon="4.7272700">
    <ele>361.6</ele>
   </trkpt>
   <trkpt lat="47.2539810" lon="4.7273210">
    <ele>361.4</ele>
   </trkpt>
   <trkpt lat="47.2540960" lon="4.7274930">
    <ele>360.6</ele>
   </trkpt>
   <trkpt lat="47.2541920" lon="4.7276120">
    <ele>359.8</ele>
   </trkpt>
   <trkpt lat="47.2543280" lon="4.7278600">
    <ele>359.8</ele>
   </trkpt>
   <trkpt lat="47.2543430" lon="4.7279130">
    <ele>359.8</ele>
   </trkpt>
   <trkpt lat="47.2544140" lon="4.7282110">
    <ele>360.0</ele>
   </trkpt>
   <trkpt lat="47.2544200" lon="4.7282520">
    <ele>360.2</ele>
   </trkpt>
   <trkpt lat="47.2544490" lon="4.7285210">
    <ele>360.4</ele>
   </trkpt>
   <trkpt lat="47.2544540" lon="4.7286010">
    <ele>360.4</ele>
   </trkpt>
   <trkpt lat="47.2544940" lon="4.7288370">
    <ele>361.2</ele>
   </trkpt>
   <trkpt lat="47.2545100" lon="4.7289220">
    <ele>361.6</ele>
   </trkpt>
   <trkpt lat="47.2545100" lon="4.7289570">
    <ele>361.6</ele>
   </trkpt>
   <trkpt lat="47.2545280" lon="4.7291790">
    <ele>362.4</ele>
   </trkpt>
   <trkpt lat="47.2545320" lon="4.7292110">
    <ele>362.8</ele>
   </trkpt>
   <trkpt lat="47.2545500" lon="4.7293190">
    <ele>363.8</ele>
   </trkpt>
   <trkpt lat="47.2545630" lon="4.7293700">
    <ele>364.2</ele>
   </trkpt>
   <trkpt lat="47.2545700" lon="4.7294000">
    <ele>364.4</ele>
   </trkpt>
   <trkpt lat="47.2545930" lon="4.7294840">
    <ele>365.0</ele>
   </trkpt>
   <trkpt lat="47.2546440" lon="4.7296190">
    <ele>366.4</ele>
   </trkpt>
   <trkpt lat="47.2546850" lon="4.7297050">
    <ele>367.0</ele>
   </trkpt>
   <trkpt lat="47.2547140" lon="4.7297610">
    <ele>367.4</ele>
   </trkpt>
   <trkpt lat="47.2548130" lon="4.7299460">
    <ele>368.2</ele>
   </trkpt>
   <trkpt lat="47.2548330" lon="4.7299820">
    <ele>368.4</ele>
   </trkpt>
   <trkpt lat="47.2548700" lon="4.7300880">
    <ele>368.4</ele>
   </trkpt>
   <trkpt lat="47.2549080" lon="4.7302080">
    <ele>368.4</ele>
   </trkpt>
   <trkpt lat="47.2549370" lon="4.7303500">
    <ele>368.6</ele>
   </trkpt>
   <trkpt lat="47.2549800" lon="4.7305140">
    <ele>369.6</ele>
   </trkpt>
   <trkpt lat="47.2549940" lon="4.7305690">
    <ele>369.8</ele>
   </trkpt>
   <trkpt lat="47.2550470" lon="4.7307160">
    <ele>371.0</ele>
   </trkpt>
   <trkpt lat="47.2550470" lon="4.7307390">
    <ele>371.4</ele>
   </trkpt>
   <trkpt lat="47.2550600" lon="4.7308040">
    <ele>372.2</ele>
   </trkpt>
   <trkpt lat="47.2550790" lon="4.7308620">
    <ele>373.2</ele>
   </trkpt>
   <trkpt lat="47.2551000" lon="4.7309070">
    <ele>373.6</ele>
   </trkpt>
   <trkpt lat="47.2551320" lon="4.7310140">
    <ele>374.4</ele>
   </trkpt>
   <trkpt lat="47.2551370" lon="4.7310380">
    <ele>374.6</ele>
   </trkpt>
   <trkpt lat="47.2551430" lon="4.7311250">
    <ele>375.4</ele>
   </trkpt>
   <trkpt lat="47.2551610" lon="4.7312550">
    <ele>376.4</ele>
   </trkpt>
   <trkpt lat="47.2551700" lon="4.7312930">
    <ele>376.4</ele>
   </trkpt>
   <trkpt lat="47.2551480" lon="4.7314480">
    <ele>377.6</ele>
   </trkpt>
   <trkpt lat="47.2551140" lon="4.7315980">
    <ele>378.6</ele>
   </trkpt>
   <trkpt lat="47.2551110" lon="4.7316230">
    <ele>378.8</ele>
   </trkpt>
   <trkpt lat="47.2551240" lon="4.7317480">
    <ele>379.6</ele>
   </trkpt>
   <trkpt lat="47.2551260" lon="4.7317730">
    <ele>379.8</ele>
   </trkpt>
   <trkpt lat="47.2551590" lon="4.7318740">
    <ele>380.8</ele>
   </trkpt>
   <trkpt lat="47.2552160" lon="4.7320090">
    <ele>381.6</ele>
   </trkpt>
   <trkpt lat="47.2552300" lon="4.7320360">
    <ele>381.8</ele>
   </trkpt>
   <trkpt lat="47.2552610" lon="4.7320950">
    <ele>382.2</ele>
   </trkpt>
   <trkpt lat="47.2552970" lon="4.7321850">
    <ele>383.2</ele>
   </trkpt>
   <trkpt lat="47.2553170" lon="4.7322500">
    <ele>383.6</ele>
   </trkpt>
   <trkpt lat="47.2553340" lon="4.7323930">
    <ele>384.4</ele>
   </trkpt>
   <trkpt lat="47.2553130" lon="4.7324960">
    <ele>385.0</ele>
   </trkpt>
   <trkpt lat="47.2552890" lon="4.7325610">
    <ele>385.4</ele>
   </trkpt>
   <trkpt lat="47.2552590" lon="4.7326250">
    <ele>386.0</ele>
   </trkpt>
   <trkpt lat="47.2552270" lon="4.7326890">
    <ele>386.6</ele>
   </trkpt>
   <trkpt lat="47.2552020" lon="4.7327460">
    <ele>386.8</ele>
   </trkpt>
   <trkpt lat="47.2551700" lon="4.7328390">
    <ele>387.6</ele>
   </trkpt>
   <trkpt lat="47.2551230" lon="4.7329700">
    <ele>388.6</ele>
   </trkpt>
   <trkpt lat="47.2551160" lon="4.7330050">
    <ele>388.8</ele>
   </trkpt>
   <trkpt lat="47.2550960" lon="4.7330710">
    <ele>389.2</ele>
   </trkpt>
   <trkpt lat="47.2550810" lon="4.7332180">
    <ele>390.0</ele>
   </trkpt>
   <trkpt lat="47.2550800" lon="4.7332540">
    <ele>390.2</ele>
   </trkpt>
   <trkpt lat="47.2550940" lon="4.7334160">
    <ele>391.0</ele>
   </trkpt>
   <trkpt lat="47.2550890" lon="4.7335360">
    <ele>392.0</ele>
   </trkpt>
   <trkpt lat="47.2550860" lon="4.7335650">
    <ele>392.4</ele>
   </trkpt>
   <trkpt lat="47.2551180" lon="4.7337150">
    <ele>393.2</ele>
   </trkpt>
   <trkpt lat="47.2551210" lon="4.7337470">
    <ele>393.4</ele>
   </trkpt>
   <trkpt lat="47.2551480" lon="4.7339000">
    <ele>394.4</ele>
   </trkpt>
   <trkpt lat="47.2551560" lon="4.7339620">
    <ele>394.8</ele>
   </trkpt>
   <trkpt lat="47.2551900" lon="4.7341390">
    <ele>395.4</ele>
   </trkpt>
   <trkpt lat="47.2552240" lon="4.7343160">
    <ele>395.8</ele>
   </trkpt>
   <trkpt lat="47.2552260" lon="4.7343450">
    <ele>395.8</ele>
   </trkpt>
   <trkpt lat="47.2552590" lon="4.7345280">
    <ele>396.4</ele>
   </trkpt>
   <trkpt lat="47.2552640" lon="4.7345600">
    <ele>396.6</ele>
   </trkpt>
   <trkpt lat="47.2552700" lon="4.7345860">
    <ele>396.8</ele>
   </trkpt>
   <trkpt lat="47.2553050" lon="4.7347450">
    <ele>397.8</ele>
   </trkpt>
   <trkpt lat="47.2553380" lon="4.7348700">
    <ele>398.4</ele>
   </trkpt>
   <trkpt lat="47.2553550" lon="4.7349580">
    <ele>399.0</ele>
   </trkpt>
   <trkpt lat="47.2553790" lon="4.7351120">
    <ele>399.8</ele>
   </trkpt>
   <trkpt lat="47.2553960" lon="4.7351780">
    <ele>400.0</ele>
   </trkpt>
   <trkpt lat="47.2554290" lon="4.7353580">
    <ele>401.2</ele>
   </trkpt>
   <trkpt lat="47.2554630" lon="4.7355480">
    <ele>402.2</ele>
   </trkpt>
   <trkpt lat="47.2554710" lon="4.7355800">
    <ele>402.4</ele>
   </trkpt>
   <trkpt lat="47.2554850" lon="4.7356390">
    <ele>402.6</ele>
   </trkpt>
   <trkpt lat="47.2555250" lon="4.7358020">
    <ele>403.4</ele>
   </trkpt>
   <trkpt lat="47.2555510" lon="4.7359370">
    <ele>404.2</ele>
   </trkpt>
   <trkpt lat="47.2555780" lon="4.7360210">
    <ele>404.4</ele>
   </trkpt>
   <trkpt lat="47.2556160" lon="4.7361820">
    <ele>405.0</ele>
   </trkpt>
   <trkpt lat="47.2556390" lon="4.7362870">
    <ele>405.8</ele>
   </trkpt>
   <trkpt lat="47.2556820" lon="4.7363950">
    <ele>406.2</ele>
   </trkpt>
   <trkpt lat="47.2556970" lon="4.7364160">
    <ele>406.4</ele>
   </trkpt>
   <trkpt lat="47.2557180" lon="4.7364340">
    <ele>406.6</ele>
   </trkpt>
   <trkpt lat="47.2557370" lon="4.7364370">
    <ele>406.8</ele>
   </trkpt>
   <trkpt lat="47.2557530" lon="4.7364260">
    <ele>407.0</ele>
   </trkpt>
   <trkpt lat="47.2557760" lon="4.7363820">
    <ele>408.0</ele>
   </trkpt>
   <trkpt lat="47.2557870" lon="4.7363120">
    <ele>408.6</ele>
   </trkpt>
   <trkpt lat="47.2557880" lon="4.7362700">
    <ele>409.0</ele>
   </trkpt>
   <trkpt lat="47.2558050" lon="4.7360590">
    <ele>410.0</ele>
   </trkpt>
   <trkpt lat="47.2558180" lon="4.7359540">
    <ele>410.2</ele>
   </trkpt>
   <trkpt lat="47.2558230" lon="4.7359190">
    <ele>410.4</ele>
   </trkpt>
   <trkpt lat="47.2558280" lon="4.7358840">
    <ele>410.4</ele>
   </trkpt>
   <trkpt lat="47.2558420" lon="4.7357850">
    <ele>411.2</ele>
   </trkpt>
   <trkpt lat="47.2558710" lon="4.7356180">
    <ele>412.0</ele>
   </trkpt>
   <trkpt lat="47.2558760" lon="4.7355830">
    <ele>412.4</ele>
   </trkpt>
   <trkpt lat="47.2559050" lon="4.7354110">
    <ele>413.4</ele>
   </trkpt>
   <trkpt lat="47.2559340" lon="4.7352380">
    <ele>414.2</ele>
   </trkpt>
   <trkpt lat="47.2559420" lon="4.7352090">
    <ele>414.6</ele>
   </trkpt>
   <trkpt lat="47.2559920" lon="4.7350230">
    <ele>415.4</ele>
   </trkpt>
   <trkpt lat="47.2560010" lon="4.7349900">
    <ele>415.6</ele>
   </trkpt>
   <trkpt lat="47.2560280" lon="4.7347840">
    <ele>416.4</ele>
   </trkpt>
   <trkpt lat="47.2560350" lon="4.7347140">
    <ele>416.8</ele>
   </trkpt>
   <trkpt lat="47.2560440" lon="4.7346110">
    <ele>417.4</ele>
   </trkpt>
   <trkpt lat="47.2560510" lon="4.7345050">
    <ele>418.0</ele>
   </trkpt>
   <trkpt lat="47.2560640" lon="4.7344400">
    <ele>418.4</ele>
   </trkpt>
   <trkpt lat="47.2560810" lon="4.7343020">
    <ele>419.2</ele>
   </trkpt>
   <trkpt lat="47.2561070" lon="4.7341120">
    <ele>419.8</ele>
   </trkpt>
   <trkpt lat="47.2561310" lon="4.7339330">
    <ele>420.2</ele>
   </trkpt>
   <trkpt lat="47.2561490" lon="4.7338670">
    <ele>420.6</ele>
   </trkpt>
   <trkpt lat="47.2562170" lon="4.7336650">
    <ele>421.0</ele>
   </trkpt>
   <trkpt lat="47.2562400" lon="4.7336050">
    <ele>421.4</ele>
   </trkpt>
   <trkpt lat="47.2563130" lon="4.7334140">
    <ele>422.4</ele>
   </trkpt>
   <trkpt lat="47.2563280" lon="4.7333860">
    <ele>422.6</ele>
   </trkpt>
   <trkpt lat="47.2563790" lon="4.7332270">
    <ele>423.4</ele>
   </trkpt>
   <trkpt lat="47.2564060" lon="4.7331730">
    <ele>423.8</ele>
   </trkpt>
   <trkpt lat="47.2564430" lon="4.7330980">
    <ele>424.6</ele>
   </trkpt>
   <trkpt lat="47.2565040" lon="4.7330160">
    <ele>425.4</ele>
   </trkpt>
   <trkpt lat="47.2565170" lon="4.7329940">
    <ele>425.6</ele>
   </trkpt>
   <trkpt lat="47.2565510" lon="4.7328850">
    <ele>426.8</ele>
   </trkpt>
   <trkpt lat="47.2565800" lon="4.7328290">
    <ele>427.2</ele>
   </trkpt>
   <trkpt lat="47.2566540" lon="4.7326690">
    <ele>428.0</ele>
   </trkpt>
   <trkpt lat="47.2567210" lon="4.7325420">
    <ele>428.6</ele>
   </trkpt>
   <trkpt lat="47.2567600" lon="4.7324550">
    <ele>429.0</ele>
   </trkpt>
   <trkpt lat="47.2568350" lon="4.7322750">
    <ele>430.0</ele>
   </trkpt>
   <trkpt lat="47.2568470" lon="4.7322450">
    <ele>430.2</ele>
   </trkpt>
   <trkpt lat="47.2569250" lon="4.7320750">
    <ele>431.2</ele>
   </trkpt>
   <trkpt lat="47.2569550" lon="4.7319740">
    <ele>431.6</ele>
   </trkpt>
   <trkpt lat="47.2569880" lon="4.7317570">
    <ele>431.4</ele>
   </trkpt>
   <trkpt lat="47.2569920" lon="4.7316780">
    <ele>431.4</ele>
   </trkpt>
   <trkpt lat="47.2570270" lon="4.7314470">
    <ele>431.8</ele>
   </trkpt>
   <trkpt lat="47.2570350" lon="4.7314100">
    <ele>432.0</ele>
   </trkpt>
   <trkpt lat="47.2570510" lon="4.7313100">
    <ele>432.4</ele>
   </trkpt>
   <trkpt lat="47.2570750" lon="4.7311100">
    <ele>433.2</ele>
   </trkpt>
   <trkpt lat="47.2570830" lon="4.7310460">
    <ele>433.4</ele>
   </trkpt>
   <trkpt lat="47.2570950" lon="4.7309240">
    <ele>433.8</ele>
   </trkpt>
   <trkpt lat="47.2571220" lon="4.7308430">
    <ele>434.2</ele>
   </trkpt>
   <trkpt lat="47.2571390" lon="4.7307820">
    <ele>434.6</ele>
   </trkpt>
   <trkpt lat="47.2571810" lon="4.7306850">
    <ele>435.6</ele>
   </trkpt>
   <trkpt lat="47.2571940" lon="4.7306670">
    <ele>435.8</ele>
   </trkpt>
   <trkpt lat="47.2572490" lon="4.7305650">
    <ele>436.8</ele>
   </trkpt>
   <trkpt lat="47.2572810" lon="4.7305180">
    <ele>437.4</ele>
   </trkpt>
   <trkpt lat="47.2572980" lon="4.7304780">
    <ele>438.0</ele>
   </trkpt>
   <trkpt lat="47.2573130" lon="4.7303790">
    <ele>438.8</ele>
   </trkpt>
   <trkpt lat="47.2573180" lon="4.7303540">
    <ele>439.2</ele>
   </trkpt>
   <trkpt lat="47.2573490" lon="4.7302410">
    <ele>440.2</ele>
   </trkpt>
   <trkpt lat="47.2573600" lon="4.7301980">
    <ele>440.8</ele>
   </trkpt>
   <trkpt lat="47.2573710" lon="4.7301600">
    <ele>441.6</ele>
   </trkpt>
   <trkpt lat="47.2574040" lon="4.7300550">
    <ele>442.6</ele>
   </trkpt>
   <trkpt lat="47.2574220" lon="4.7299840">
    <ele>443.2</ele>
   </trkpt>
   <trkpt lat="47.2574340" lon="4.7299000">
    <ele>443.8</ele>
   </trkpt>
   <trkpt lat="47.2574660" lon="4.7297690">
    <ele>444.8</ele>
   </trkpt>
   <trkpt lat="47.2574660" lon="4.7297390">
    <ele>445.0</ele>
   </trkpt>
   <trkpt lat="47.2574890" lon="4.7296370">
    <ele>446.2</ele>
   </trkpt>
   <trkpt lat="47.2574960" lon="4.7295410">
    <ele>447.0</ele>
   </trkpt>
   <trkpt lat="47.2574960" lon="4.7295220">
    <ele>447.2</ele>
   </trkpt>
   <trkpt lat="47.2574970" lon="4.7294090">
    <ele>448.2</ele>
   </trkpt>
   <trkpt lat="47.2574990" lon="4.7293660">
    <ele>448.6</ele>
   </trkpt>
   <trkpt lat="47.2574980" lon="4.7292780">
    <ele>449.4</ele>
   </trkpt>
   <trkpt lat="47.2574990" lon="4.7292510">
    <ele>449.6</ele>
   </trkpt>
   <trkpt lat="47.2575060" lon="4.7291480">
    <ele>450.2</ele>
   </trkpt>
   <trkpt lat="47.2575120" lon="4.7291110">
    <ele>450.6</ele>
   </trkpt>
   <trkpt lat="47.2575310" lon="4.7288640">
    <ele>451.4</ele>
   </trkpt>
   <trkpt lat="47.2575570" lon="4.7285780">
    <ele>451.2</ele>
   </trkpt>
   <trkpt lat="47.2575880" lon="4.7282980">
    <ele>451.0</ele>
   </trkpt>
   <trkpt lat="47.2576180" lon="4.7282220">
    <ele>451.6</ele>
   </trkpt>
   <trkpt lat="47.2576400" lon="4.7281880">
    <ele>451.8</ele>
   </trkpt>
   <trkpt lat="47.2576670" lon="4.7281650">
    <ele>452.0</ele>
   </trkpt>
   <trkpt lat="47.2577080" lon="4.7281090">
    <ele>452.8</ele>
   </trkpt>
   <trkpt lat="47.2577600" lon="4.7280550">
    <ele>453.6</ele>
   </trkpt>
   <trkpt lat="47.2577760" lon="4.7280500">
    <ele>454.0</ele>
   </trkpt>
   <trkpt lat="47.2578050" lon="4.7280330">
    <ele>454.6</ele>
   </trkpt>
   <trkpt lat="47.2578200" lon="4.7280250">
    <ele>455.2</ele>
   </trkpt>
   <trkpt lat="47.2578560" lon="4.7280190">
    <ele>456.2</ele>
   </trkpt>
   <trkpt lat="47.2578620" lon="4.7280200">
    <ele>456.8</ele>
   </trkpt>
   <trkpt lat="47.2578720" lon="4.7280220">
    <ele>457.6</ele>
   </trkpt>
   <trkpt lat="47.2578790" lon="4.7280260">
    <ele>458.6</ele>
   </trkpt>
   <trkpt lat="47.2578880" lon="4.7280300">
    <ele>458.8</ele>
   </trkpt>
   <trkpt lat="47.2579020" lon="4.7280360">
    <ele>459.4</ele>
   </trkpt>
   <trkpt lat="47.2579090" lon="4.7280390">
    <ele>460.0</ele>
   </trkpt>
   <trkpt lat="47.2579040" lon="4.7280670">
    <ele>460.8</ele>
   </trkpt>
   <trkpt lat="47.2579080" lon="4.7280750">
    <ele>461.2</ele>
   </trkpt>
   <trkpt lat="47.2579190" lon="4.7280920">
    <ele>461.8</ele>
   </trkpt>
   <trkpt lat="47.2579210" lon="4.7280920">
    <ele>462.2</ele>
   </trkpt>
   <trkpt lat="47.2579500" lon="4.7280670">
    <ele>463.2</ele>
   </trkpt>
   <trkpt lat="47.2579880" lon="4.7280680">
    <ele>464.6</ele>
   </trkpt>
   <trkpt lat="47.2580060" lon="4.7280930">
    <ele>465.2</ele>
   </trkpt>
   <trkpt lat="47.2580160" lon="4.7281200">
    <ele>466.0</ele>
   </trkpt>
   <trkpt lat="47.2580560" lon="4.7281860">
    <ele>467.0</ele>
   </trkpt>
   <trkpt lat="47.2580720" lon="4.7282120">
    <ele>467.2</ele>
   </trkpt>
   <trkpt lat="47.2580920" lon="4.7283340">
    <ele>467.2</ele>
   </trkpt>
   <trkpt lat="47.2581010" lon="4.7283530">
    <ele>466.8</ele>
   </trkpt>
   <trkpt lat="47.2581030" lon="4.7284570">
    <ele>466.4</ele>
   </trkpt>
   <trkpt lat="47.2580770" lon="4.7285570">
    <ele>466.0</ele>
   </trkpt>
   <trkpt lat="47.2580850" lon="4.7286310">
    <ele>466.0</ele>
   </trkpt>
   <trkpt lat="47.2581310" lon="4.7288210">
    <ele>467.2</ele>
   </trkpt>
   <trkpt lat="47.2581670" lon="4.7288820">
    <ele>468.2</ele>
   </trkpt>
   <trkpt lat="47.2581770" lon="4.7288880">
    <ele>468.4</ele>
   </trkpt>
   <trkpt lat="47.2581980" lon="4.7289190">
    <ele>469.4</ele>
   </trkpt>
   <trkpt lat="47.2581990" lon="4.7289250">
    <ele>470.0</ele>
   </trkpt>
   <trkpt lat="47.2582040" lon="4.7289580">
    <ele>470.8</ele>
   </trkpt>
   <trkpt lat="47.2582100" lon="4.7290080">
    <ele>471.6</ele>
   </trkpt>
   <trkpt lat="47.2582040" lon="4.7290180">
    <ele>471.8</ele>
   </trkpt>
   <trkpt lat="47.2581970" lon="4.7290320">
    <ele>472.0</ele>
   </trkpt>
   <trkpt lat="47.2581640" lon="4.7292040">
    <ele>472.0</ele>
   </trkpt>
   <trkpt lat="47.2580810" lon="4.7293310">
    <ele>470.4</ele>
   </trkpt>
   <trkpt lat="47.2580500" lon="4.7293420">
    <ele>469.8</ele>
   </trkpt>
   <trkpt lat="47.2580220" lon="4.7293530">
    <ele>469.2</ele>
   </trkpt>
   <trkpt lat="47.2579980" lon="4.7293590">
    <ele>468.0</ele>
   </trkpt>
   <trkpt lat="47.2579610" lon="4.7294060">
    <ele>466.4</ele>
   </trkpt>
   <trkpt lat="47.2579340" lon="4.7294660">
    <ele>464.0</ele>
   </trkpt>
   <trkpt lat="47.2579100" lon="4.7294910">
    <ele>462.4</ele>
   </trkpt>
   <trkpt lat="47.2578960" lon="4.7295020">
    <ele>461.4</ele>
   </trkpt>
   <trkpt lat="47.2578840" lon="4.7295360">
    <ele>459.8</ele>
   </trkpt>
   <trkpt lat="47.2578820" lon="4.7296190">
    <ele>458.4</ele>
   </trkpt>
   <trkpt lat="47.2578730" lon="4.7296930">
    <ele>457.4</ele>
   </trkpt>
   <trkpt lat="47.2578680" lon="4.7298070">
    <ele>456.4</ele>
   </trkpt>
   <trkpt lat="47.2578640" lon="4.7298580">
    <ele>456.4</ele>
   </trkpt>
   <trkpt lat="47.2578780" lon="4.7299190">
    <ele>457.2</ele>
   </trkpt>
   <trkpt lat="47.2578730" lon="4.7299560">
    <ele>457.8</ele>
   </trkpt>
   <trkpt lat="47.2578640" lon="4.7300090">
    <ele>458.2</ele>
   </trkpt>
   <trkpt lat="47.2578650" lon="4.7300280">
    <ele>458.2</ele>
   </trkpt>
   <trkpt lat="47.2578600" lon="4.7300780">
    <ele>457.8</ele>
   </trkpt>
   <trkpt lat="47.2578640" lon="4.7301120">
    <ele>457.8</ele>
   </trkpt>
   <trkpt lat="47.2578710" lon="4.7301490">
    <ele>457.8</ele>
   </trkpt>
   <trkpt lat="47.2578440" lon="4.7303970">
    <ele>457.2</ele>
   </trkpt>
   <trkpt lat="47.2578660" lon="4.7305140">
    <ele>457.2</ele>
   </trkpt>
   <trkpt lat="47.2578770" lon="4.7305200">
    <ele>457.4</ele>
   </trkpt>
   <trkpt lat="47.2579070" lon="4.7305840">
    <ele>458.4</ele>
   </trkpt>
   <trkpt lat="47.2579110" lon="4.7306670">
    <ele>458.8</ele>
   </trkpt>
   <trkpt lat="47.2579230" lon="4.7307190">
    <ele>459.4</ele>
   </trkpt>
   <trkpt lat="47.2579310" lon="4.7307750">
    <ele>460.0</ele>
   </trkpt>
   <trkpt lat="47.2579450" lon="4.7308500">
    <ele>460.6</ele>
   </trkpt>
   <trkpt lat="47.2579500" lon="4.7308730">
    <ele>460.8</ele>
   </trkpt>
   <trkpt lat="47.2579640" lon="4.7308990">
    <ele>461.4</ele>
   </trkpt>
   <trkpt lat="47.2579680" lon="4.7309120">
    <ele>461.8</ele>
   </trkpt>
   <trkpt lat="47.2579710" lon="4.7309120">
    <ele>462.4</ele>
   </trkpt>
   <trkpt lat="47.2579690" lon="4.7309020">
    <ele>462.6</ele>
   </trkpt>
   <trkpt lat="47.2579730" lon="4.7309040">
    <ele>463.2</ele>
   </trkpt>
   <trkpt lat="47.2579780" lon="4.7309070">
    <ele>463.6</ele>
   </trkpt>
   <trkpt lat="47.2580040" lon="4.7309620">
    <ele>464.6</ele>
   </trkpt>
   <trkpt lat="47.2580430" lon="4.7309900">
    <ele>465.4</ele>
   </trkpt>
   <trkpt lat="47.2580540" lon="4.7310030">
    <ele>465.8</ele>
   </trkpt>
   <trkpt lat="47.2580910" lon="4.7310510">
    <ele>467.0</ele>
   </trkpt>
   <trkpt lat="47.2581070" lon="4.7310490">
    <ele>467.8</ele>
   </trkpt>
   <trkpt lat="47.2581210" lon="4.7310490">
    <ele>468.2</ele>
   </trkpt>
   <trkpt lat="47.2581520" lon="4.7310520">
    <ele>469.2</ele>
   </trkpt>
   <trkpt lat="47.2581610" lon="4.7310550">
    <ele>469.2</ele>
   </trkpt>
   <trkpt lat="47.2581760" lon="4.7310660">
    <ele>469.4</ele>
   </trkpt>
   <trkpt lat="47.2581890" lon="4.7310830">
    <ele>469.6</ele>
   </trkpt>
   <trkpt lat="47.2582370" lon="4.7312440">
    <ele>470.2</ele>
   </trkpt>
   <trkpt lat="47.2582240" lon="4.7312930">
    <ele>470.2</ele>
   </trkpt>
   <trkpt lat="47.2582110" lon="4.7313320">
    <ele>470.0</ele>
   </trkpt>
   <trkpt lat="47.2582050" lon="4.7315050">
    <ele>469.2</ele>
   </trkpt>
   <trkpt lat="47.2582030" lon="4.7315450">
    <ele>469.0</ele>
   </trkpt>
   <trkpt lat="47.2582400" lon="4.7316750">
    <ele>468.2</ele>
   </trkpt>
   <trkpt lat="47.2582570" lon="4.7317160">
    <ele>468.4</ele>
   </trkpt>
   <trkpt lat="47.2582810" lon="4.7318030">
    <ele>469.2</ele>
   </trkpt>
   <trkpt lat="47.2583170" lon="4.7317900">
    <ele>470.0</ele>
   </trkpt>
   <trkpt lat="47.2583270" lon="4.7317770">
    <ele>470.4</ele>
   </trkpt>
   <trkpt lat="47.2583310" lon="4.7318110">
    <ele>471.4</ele>
   </trkpt>
   <trkpt lat="47.2583330" lon="4.7317760">
    <ele>472.4</ele>
   </trkpt>
   <trkpt lat="47.2583760" lon="4.7317910">
    <ele>473.8</ele>
   </trkpt>
   <trkpt lat="47.2583890" lon="4.7318010">
    <ele>474.2</ele>
   </trkpt>
   <trkpt lat="47.2583960" lon="4.7317970">
    <ele>474.8</ele>
   </trkpt>
   <trkpt lat="47.2583920" lon="4.7317600">
    <ele>476.0</ele>
   </trkpt>
   <trkpt lat="47.2584210" lon="4.7317990">
    <ele>477.4</ele>
   </trkpt>
   <trkpt lat="47.2584290" lon="4.7318160">
    <ele>477.8</ele>
   </trkpt>
   <trkpt lat="47.2584340" lon="4.7318080">
    <ele>478.6</ele>
   </trkpt>
   <trkpt lat="47.2584270" lon="4.7317980">
    <ele>479.2</ele>
   </trkpt>
   <trkpt lat="47.2584300" lon="4.7318410">
    <ele>479.6</ele>
   </trkpt>
   <trkpt lat="47.2584400" lon="4.7319050">
    <ele>480.2</ele>
   </trkpt>
   <trkpt lat="47.2584490" lon="4.7319400">
    <ele>480.8</ele>
   </trkpt>
   <trkpt lat="47.2584640" lon="4.7319740">
    <ele>481.0</ele>
   </trkpt>
   <trkpt lat="47.2584660" lon="4.7319900">
    <ele>481.0</ele>
   </trkpt>
   <trkpt lat="47.2584700" lon="4.7320970">
    <ele>480.8</ele>
   </trkpt>
   <trkpt lat="47.2584750" lon="4.7322230">
    <ele>479.6</ele>
   </trkpt>
   <trkpt lat="47.2584710" lon="4.7322510">
    <ele>479.4</ele>
   </trkpt>
   <trkpt lat="47.2584570" lon="4.7323400">
    <ele>478.4</ele>
   </trkpt>
   <trkpt lat="47.2584590" lon="4.7323900">
    <ele>477.8</ele>
   </trkpt>
   <trkpt lat="47.2584500" lon="4.7324800">
    <ele>477.2</ele>
   </trkpt>
   <trkpt lat="47.2584150" lon="4.7325590">
    <ele>476.0</ele>
   </trkpt>
   <trkpt lat="47.2583840" lon="4.7326410">
    <ele>474.8</ele>
   </trkpt>
   <trkpt lat="47.2583780" lon="4.7326950">
    <ele>474.4</ele>
   </trkpt>
   <trkpt lat="47.2583670" lon="4.7328190">
    <ele>473.8</ele>
   </trkpt>
   <trkpt lat="47.2583380" lon="4.7329520">
    <ele>473.2</ele>
   </trkpt>
   <trkpt lat="47.2582990" lon="4.7330180">
    <ele>472.4</ele>
   </trkpt>
   <trkpt lat="47.2582400" lon="4.7330620">
    <ele>471.2</ele>
   </trkpt>
   <trkpt lat="47.2581640" lon="4.7330850">
    <ele>470.2</ele>
   </trkpt>
   <trkpt lat="47.2581600" lon="4.7331230">
    <ele>469.8</ele>
   </trkpt>
   <trkpt lat="47.2581730" lon="4.7333280">
    <ele>469.0</ele>
   </trkpt>
   <trkpt lat="47.2581690" lon="4.7334640">
    <ele>468.8</ele>
   </trkpt>
   <trkpt lat="47.2581510" lon="4.7336330">
    <ele>468.8</ele>
   </trkpt>
   <trkpt lat="47.2581630" lon="4.7336590">
    <ele>469.4</ele>
   </trkpt>
   <trkpt lat="47.2581980" lon="4.7336770">
    <ele>470.2</ele>
   </trkpt>
   <trkpt lat="47.2582320" lon="4.7336930">
    <ele>471.8</ele>
   </trkpt>
   <trkpt lat="47.2582490" lon="4.7337230">
    <ele>472.2</ele>
   </trkpt>
   <trkpt lat="47.2582690" lon="4.7339670">
    <ele>472.8</ele>
   </trkpt>
   <trkpt lat="47.2582580" lon="4.7342710">
    <ele>472.2</ele>
   </trkpt>
   <trkpt lat="47.2582280" lon="4.7345020">
    <ele>472.8</ele>
   </trkpt>
   <trkpt lat="47.2582280" lon="4.7345100">
    <ele>472.8</ele>
   </trkpt>
   <trkpt lat="47.2582370" lon="4.7345560">
    <ele>473.0</ele>
   </trkpt>
   <trkpt lat="47.2582480" lon="4.7346850">
    <ele>473.4</ele>
   </trkpt>
   <trkpt lat="47.2582230" lon="4.7349700">
    <ele>473.2</ele>
   </trkpt>
   <trkpt lat="47.2582410" lon="4.7350820">
    <ele>473.4</ele>
   </trkpt>
   <trkpt lat="47.2582310" lon="4.7351320">
    <ele>473.6</ele>
   </trkpt>
   <trkpt lat="47.2582290" lon="4.7352770">
    <ele>474.2</ele>
   </trkpt>
   <trkpt lat="47.2582210" lon="4.7353830">
    <ele>475.2</ele>
   </trkpt>
   <trkpt lat="47.2581940" lon="4.7356220">
    <ele>475.6</ele>
   </trkpt>
   <trkpt lat="47.2581770" lon="4.7357720">
    <ele>473.8</ele>
   </trkpt>
   <trkpt lat="47.2581560" lon="4.7358320">
    <ele>473.0</ele>
   </trkpt>
   <trkpt lat="47.2581480" lon="4.7358760">
    <ele>473.0</ele>
   </trkpt>
   <trkpt lat="47.2581390" lon="4.7359370">
    <ele>472.6</ele>
   </trkpt>
   <trkpt lat="47.2581440" lon="4.7360370">
    <ele>472.6</ele>
   </trkpt>
   <trkpt lat="47.2581850" lon="4.7362560">
    <ele>473.6</ele>
   </trkpt>
   <trkpt lat="47.2581980" lon="4.7362930">
    <ele>473.8</ele>
   </trkpt>
   <trkpt lat="47.2582320" lon="4.7364800">
    <ele>474.6</ele>
   </trkpt>
   <trkpt lat="47.2582120" lon="4.7365710">
    <ele>474.8</ele>
   </trkpt>
   <trkpt lat="47.2582240" lon="4.7367120">
    <ele>475.2</ele>
   </trkpt>
   <trkpt lat="47.2582530" lon="4.7369090">
    <ele>475.0</ele>
   </trkpt>
   <trkpt lat="47.2582560" lon="4.7369450">
    <ele>474.8</ele>
   </trkpt>
   <trkpt lat="47.2582710" lon="4.7370490">
    <ele>473.6</ele>
   </trkpt>
   <trkpt lat="47.2582890" lon="4.7371590">
    <ele>472.6</ele>
   </trkpt>
   <trkpt lat="47.2583040" lon="4.7371850">
    <ele>472.2</ele>
   </trkpt>
   <trkpt lat="47.2583410" lon="4.7374150">
    <ele>471.8</ele>
   </trkpt>
   <trkpt lat="47.2583440" lon="4.7374690">
    <ele>471.8</ele>
   </trkpt>
   <trkpt lat="47.2583790" lon="4.7376490">
    <ele>472.0</ele>
   </trkpt>
   <trkpt lat="47.2583730" lon="4.7376980">
    <ele>472.2</ele>
   </trkpt>
   <trkpt lat="47.2583790" lon="4.7378690">
    <ele>471.8</ele>
   </trkpt>
   <trkpt lat="47.2583880" lon="4.7378940">
    <ele>472.0</ele>
   </trkpt>
   <trkpt lat="47.2584330" lon="4.7379620">
    <ele>473.4</ele>
   </trkpt>
   <trkpt lat="47.2584470" lon="4.7379580">
    <ele>473.6</ele>
   </trkpt>
   <trkpt lat="47.2584520" lon="4.7379480">
    <ele>473.8</ele>
   </trkpt>
   <trkpt lat="47.2584600" lon="4.7379050">
    <ele>474.6</ele>
   </trkpt>
   <trkpt lat="47.2585030" lon="4.7379190">
    <ele>475.4</ele>
   </trkpt>
   <trkpt lat="47.2585100" lon="4.7379280">
    <ele>476.0</ele>
   </trkpt>
   <trkpt lat="47.2585390" lon="4.7379620">
    <ele>477.0</ele>
   </trkpt>
   <trkpt lat="47.2585540" lon="4.7379810">
    <ele>477.2</ele>
   </trkpt>
   <trkpt lat="47.2585930" lon="4.7380620">
    <ele>478.0</ele>
   </trkpt>
   <trkpt lat="47.2586030" lon="4.7380780">
    <ele>478.4</ele>
   </trkpt>
   <trkpt lat="47.2586210" lon="4.7381170">
    <ele>479.4</ele>
   </trkpt>
   <trkpt lat="47.2586250" lon="4.7381200">
    <ele>479.8</ele>
   </trkpt>
   <trkpt lat="47.2586320" lon="4.7381330">
    <ele>480.2</ele>
   </trkpt>
   <trkpt lat="47.2586380" lon="4.7381450">
    <ele>480.4</ele>
   </trkpt>
   <trkpt lat="47.2586470" lon="4.7381570">
    <ele>480.6</ele>
   </trkpt>
   <trkpt lat="47.2586850" lon="4.7381870">
    <ele>481.4</ele>
   </trkpt>
   <trkpt lat="47.2586930" lon="4.7382020">
    <ele>481.8</ele>
   </trkpt>
   <trkpt lat="47.2587090" lon="4.7382610">
    <ele>482.6</ele>
   </trkpt>
   <trkpt lat="47.2587190" lon="4.7382740">
    <ele>482.8</ele>
   </trkpt>
   <trkpt lat="47.2587330" lon="4.7383060">
    <ele>483.2</ele>
   </trkpt>
   <trkpt lat="47.2587400" lon="4.7383220">
    <ele>483.6</ele>
   </trkpt>
   <trkpt lat="47.2587590" lon="4.7383680">
    <ele>484.8</ele>
   </trkpt>
   <trkpt lat="47.2587740" lon="4.7383980">
    <ele>485.2</ele>
   </trkpt>
   <trkpt lat="47.2587740" lon="4.7384120">
    <ele>485.4</ele>
   </trkpt>
   <trkpt lat="47.2587870" lon="4.7384400">
    <ele>486.0</ele>
   </trkpt>
   <trkpt lat="47.2588000" lon="4.7384480">
    <ele>486.8</ele>
   </trkpt>
   <trkpt lat="47.2588170" lon="4.7384660">
    <ele>487.2</ele>
   </trkpt>
   <trkpt lat="47.2588650" lon="4.7385010">
    <ele>488.2</ele>
   </trkpt>
   <trkpt lat="47.2588750" lon="4.7385090">
    <ele>488.4</ele>
   </trkpt>
   <trkpt lat="47.2588870" lon="4.7385360">
    <ele>489.4</ele>
   </trkpt>
   <trkpt lat="47.2589180" lon="4.7385700">
    <ele>490.2</ele>
   </trkpt>
   <trkpt lat="47.2589220" lon="4.7385760">
    <ele>490.4</ele>
   </trkpt>
   <trkpt lat="47.2589500" lon="4.7386260">
    <ele>491.6</ele>
   </trkpt>
   <trkpt lat="47.2589700" lon="4.7386490">
    <ele>492.4</ele>
   </trkpt>
   <trkpt lat="47.2589890" lon="4.7386560">
    <ele>493.0</ele>
   </trkpt>
   <trkpt lat="47.2589950" lon="4.7386890">
    <ele>494.2</ele>
   </trkpt>
   <trkpt lat="47.2590290" lon="4.7387210">
    <ele>495.4</ele>
   </trkpt>
   <trkpt lat="47.2590670" lon="4.7387460">
    <ele>496.2</ele>
   </trkpt>
   <trkpt lat="47.2590770" lon="4.7387610">
    <ele>496.4</ele>
   </trkpt>
   <trkpt lat="47.2591220" lon="4.7388140">
    <ele>497.6</ele>
   </trkpt>
   <trkpt lat="47.2591250" lon="4.7388250">
    <ele>497.8</ele>
   </trkpt>
   <trkpt lat="47.2591330" lon="4.7388290">
    <ele>498.2</ele>
   </trkpt>
   <trkpt lat="47.2591400" lon="4.7388190">
    <ele>498.2</ele>
   </trkpt>
   <trkpt lat="47.2591540" lon="4.7388200">
    <ele>498.6</ele>
   </trkpt>
   <trkpt lat="47.2591950" lon="4.7388670">
    <ele>499.6</ele>
   </trkpt>
   <trkpt lat="47.2592040" lon="4.7388590">
    <ele>499.8</ele>
   </trkpt>
   <trkpt lat="47.2592540" lon="4.7388270">
    <ele>501.0</ele>
   </trkpt>
   <trkpt lat="47.2592760" lon="4.7388090">
    <ele>501.6</ele>
   </trkpt>
   <trkpt lat="47.2592990" lon="4.7387810">
    <ele>502.4</ele>
   </trkpt>
   <trkpt lat="47.2593170" lon="4.7387210">
    <ele>503.6</ele>
   </trkpt>
   <trkpt lat="47.2593360" lon="4.7387000">
    <ele>504.6</ele>
   </trkpt>
   <trkpt lat="47.2593440" lon="4.7386960">
    <ele>505.0</ele>
   </trkpt>
   <trkpt lat="47.2593410" lon="4.7386750">
    <ele>505.6</ele>
   </trkpt>
   <trkpt lat="47.2593300" lon="4.7386460">
    <ele>506.2</ele>
   </trkpt>
   <trkpt lat="47.2593190" lon="4.7386240">
    <ele>506.4</ele>
   </trkpt>
   <trkpt lat="47.2592830" lon="4.7385470">
    <ele>506.6</ele>
   </trkpt>
   <trkpt lat="47.2592760" lon="4.7385070">
    <ele>507.0</ele>
   </trkpt>
   <trkpt lat="47.2592760" lon="4.7384630">
    <ele>507.8</ele>
   </trkpt>
   <trkpt lat="47.2592610" lon="4.7383650">
    <ele>508.2</ele>
   </trkpt>
   <trkpt lat="47.2592410" lon="4.7382870">
    <ele>508.8</ele>
   </trkpt>
   <trkpt lat="47.2592230" lon="4.7382320">
    <ele>509.0</ele>
   </trkpt>
   <trkpt lat="47.2591620" lon="4.7380620">
    <ele>509.2</ele>
   </trkpt>
   <trkpt lat="47.2591610" lon="4.7380300">
    <ele>509.2</ele>
   </trkpt>
   <trkpt lat="47.2591600" lon="4.7380160">
    <ele>509.2</ele>
   </trkpt>
   <trkpt lat="47.2591690" lon="4.7379640">
    <ele>509.6</ele>
   </trkpt>
   <trkpt lat="47.2591710" lon="4.7379480">
    <ele>509.8</ele>
   </trkpt>
   <trkpt lat="47.2591750" lon="4.7379040">
    <ele>510.6</ele>
   </trkpt>
   <trkpt lat="47.2591720" lon="4.7378930">
    <ele>510.8</ele>
   </trkpt>
   <trkpt lat="47.2591660" lon="4.7378750">
    <ele>511.0</ele>
   </trkpt>
   <trkpt lat="47.2591860" lon="4.7378540">
    <ele>512.0</ele>
   </trkpt>
   <trkpt lat="47.2591950" lon="4.7378560">
    <ele>512.2</ele>
   </trkpt>
   <trkpt lat="47.2592090" lon="4.7378410">
    <ele>513.2</ele>
   </trkpt>
   <trkpt lat="47.2591850" lon="4.7378480">
    <ele>514.0</ele>
   </trkpt>
   <trkpt lat="47.2591810" lon="4.7378430">
    <ele>514.2</ele>
   </trkpt>
   <trkpt lat="47.2591740" lon="4.7378270">
    <ele>515.2</ele>
   </trkpt>
   <trkpt lat="47.2591750" lon="4.7378170">
    <ele>515.4</ele>
   </trkpt>
   <trkpt lat="47.2591790" lon="4.7378010">
    <ele>516.4</ele>
   </trkpt>
   <trkpt lat="47.2591950" lon="4.7378090">
    <ele>517.2</ele>
   </trkpt>
   <trkpt lat="47.2591980" lon="4.7378100">
    <ele>517.6</ele>
   </trkpt>
   <trkpt lat="47.2592340" lon="4.7377770">
    <ele>518.6</ele>
   </trkpt>
   <trkpt lat="47.2592420" lon="4.7377550">
    <ele>518.8</ele>
   </trkpt>
   <trkpt lat="47.2592560" lon="4.7377070">
    <ele>520.4</ele>
   </trkpt>
   <trkpt lat="47.2592630" lon="4.7377160">
    <ele>520.8</ele>
   </trkpt>
   <trkpt lat="47.2592790" lon="4.7377220">
    <ele>521.4</ele>
   </trkpt>
   <trkpt lat="47.2592780" lon="4.7376990">
    <ele>522.2</ele>
   </trkpt>
   <trkpt lat="47.2592780" lon="4.7376910">
    <ele>522.6</ele>
   </trkpt>
   <trkpt lat="47.2592800" lon="4.7376740">
    <ele>523.0</ele>
   </trkpt>
   <trkpt lat="47.2592830" lon="4.7376760">
    <ele>523.8</ele>
   </trkpt>
   <trkpt lat="47.2592940" lon="4.7376590">
    <ele>525.0</ele>
   </trkpt>
   <trkpt lat="47.2592980" lon="4.7376470">
    <ele>525.6</ele>
   </trkpt>
   <trkpt lat="47.2593110" lon="4.7376310">
    <ele>526.4</ele>
   </trkpt>
   <trkpt lat="47.2593250" lon="4.7376600">
    <ele>527.4</ele>
   </trkpt>
   <trkpt lat="47.2593180" lon="4.7376390">
    <ele>528.0</ele>
   </trkpt>
   <trkpt lat="47.2593570" lon="4.7376080">
    <ele>528.6</ele>
   </trkpt>
   <trkpt lat="47.2593610" lon="4.7375910">
    <ele>529.2</ele>
   </trkpt>
   <trkpt lat="47.2593660" lon="4.7375910">
    <ele>530.0</ele>
   </trkpt>
   <trkpt lat="47.2593780" lon="4.7375740">
    <ele>530.8</ele>
   </trkpt>
   <trkpt lat="47.2593990" lon="4.7375590">
    <ele>531.0</ele>
   </trkpt>
   <trkpt lat="47.2594080" lon="4.7375400">
    <ele>531.8</ele>
   </trkpt>
   <trkpt lat="47.2594100" lon="4.7375250">
    <ele>532.2</ele>
   </trkpt>
   <trkpt lat="47.2594150" lon="4.7375150">
    <ele>532.8</ele>
   </trkpt>
   <trkpt lat="47.2594180" lon="4.7375010">
    <ele>533.4</ele>
   </trkpt>
   <trkpt lat="47.2594280" lon="4.7375100">
    <ele>534.2</ele>
   </trkpt>
   <trkpt lat="47.2594280" lon="4.7375130">
    <ele>534.4</ele>
   </trkpt>
   <trkpt lat="47.2594390" lon="4.7375080">
    <ele>534.8</ele>
   </trkpt>
   <trkpt lat="47.2594590" lon="4.7375070">
    <ele>535.6</ele>
   </trkpt>
   <trkpt lat="47.2594720" lon="4.7375120">
    <ele>536.4</ele>
   </trkpt>
   <trkpt lat="47.2594740" lon="4.7375120">
    <ele>536.6</ele>
   </trkpt>
   <trkpt lat="47.2594960" lon="4.7375250">
    <ele>537.6</ele>
   </trkpt>
   <trkpt lat="47.2595000" lon="4.7375250">
    <ele>537.6</ele>
   </trkpt>
   <trkpt lat="47.2595290" lon="4.7375180">
    <ele>539.0</ele>
   </trkpt>
   <trkpt lat="47.2595320" lon="4.7374850">
    <ele>539.8</ele>
   </trkpt>
   <trkpt lat="47.2595320" lon="4.7374700">
    <ele>540.2</ele>
   </trkpt>
   <trkpt lat="47.2595170" lon="4.7374430">
    <ele>541.4</ele>
   </trkpt>
   <trkpt lat="47.2595170" lon="4.7374310">
    <ele>542.2</ele>
   </trkpt>
   <trkpt lat="47.2595200" lon="4.7374260">
    <ele>542.8</ele>
   </trkpt>
   <trkpt lat="47.2595350" lon="4.7374070">
    <ele>543.8</ele>
   </trkpt>
   <trkpt lat="47.2595590" lon="4.7373700">
    <ele>545.2</ele>
   </trkpt>
   <trkpt lat="47.2595760" lon="4.7373450">
    <ele>546.4</ele>
   </trkpt>
   <trkpt lat="47.2595860" lon="4.7373240">
    <ele>548.0</ele>
   </trkpt>
   <trkpt lat="47.2596140" lon="4.7372820">
    <ele>549.0</ele>
   </trkpt>
   <trkpt lat="47.2596380" lon="4.7372380">
    <ele>550.0</ele>
   </trkpt>
   <trkpt lat="47.2596520" lon="4.7372250">
    <ele>550.2</ele>
   </trkpt>
   <trkpt lat="47.2596900" lon="4.7371450">
    <ele>551.6</ele>
   </trkpt>
   <trkpt lat="47.2597240" lon="4.7370850">
    <ele>552.2</ele>
   </trkpt>
   <trkpt lat="47.2597460" lon="4.7370470">
    <ele>553.0</ele>
   </trkpt>
   <trkpt lat="47.2597770" lon="4.7369910">
    <ele>554.2</ele>
   </trkpt>
   <trkpt lat="47.2597810" lon="4.7369690">
    <ele>554.6</ele>
   </trkpt>
   <trkpt lat="47.2597850" lon="4.7369470">
    <ele>555.0</ele>
   </trkpt>
   <trkpt lat="47.2597810" lon="4.7369230">
    <ele>555.6</ele>
   </trkpt>
   <trkpt lat="47.2597790" lon="4.7368750">
    <ele>556.8</ele>
   </trkpt>
   <trkpt lat="47.2597930" lon="4.7368510">
    <ele>558.0</ele>
   </trkpt>
   <trkpt lat="47.2598380" lon="4.7367720">
    <ele>559.2</ele>
   </trkpt>
   <trkpt lat="47.2599060" lon="4.7366650">
    <ele>560.6</ele>
   </trkpt>
   <trkpt lat="47.2600070" lon="4.7366090">
    <ele>561.4</ele>
   </trkpt>
   <trkpt lat="47.2600260" lon="4.7366020">
    <ele>561.6</ele>
   </trkpt>
   <trkpt lat="47.2601290" lon="4.7365510">
    <ele>562.8</ele>
   </trkpt>
   <trkpt lat="47.2601840" lon="4.7365200">
    <ele>563.6</ele>
   </trkpt>
   <trkpt lat="47.2602100" lon="4.7365180">
    <ele>563.8</ele>
   </trkpt>
   <trkpt lat="47.2602370" lon="4.7365080">
    <ele>563.8</ele>
   </trkpt>
   <trkpt lat="47.2602480" lon="4.7364920">
    <ele>564.0</ele>
   </trkpt>
   <trkpt lat="47.2602530" lon="4.7364700">
    <ele>564.0</ele>
   </trkpt>
   <trkpt lat="47.2602530" lon="4.7364520">
    <ele>564.0</ele>
   </trkpt>
   <trkpt lat="47.2602480" lon="4.7364340">
    <ele>564.2</ele>
   </trkpt>
   <trkpt lat="47.2602050" lon="4.7363350">
    <ele>564.6</ele>
   </trkpt>
   <trkpt lat="47.2601330" lon="4.7362220">
    <ele>565.0</ele>
   </trkpt>
   <trkpt lat="47.2601060" lon="4.7361670">
    <ele>565.2</ele>
   </trkpt>
   <trkpt lat="47.2600650" lon="4.7360950">
    <ele>566.2</ele>
   </trkpt>
   <trkpt lat="47.2600340" lon="4.7360070">
    <ele>567.2</ele>
   </trkpt>
   <trkpt lat="47.2600110" lon="4.7359520">
    <ele>568.2</ele>
   </trkpt>
   <trkpt lat="47.2599950" lon="4.7359270">
    <ele>568.6</ele>
   </trkpt>
   <trkpt lat="47.2599380" lon="4.7358120">
    <ele>569.6</ele>
   </trkpt>
   <trkpt lat="47.2599040" lon="4.7357450">
    <ele>570.0</ele>
   </trkpt>
   <trkpt lat="47.2598280" lon="4.7356010">
    <ele>570.6</ele>
   </trkpt>
   <trkpt lat="47.2597630" lon="4.7354910">
    <ele>571.0</ele>
   </trkpt>
   <trkpt lat="47.2597090" lon="4.7353050">
    <ele>571.8</ele>
   </trkpt>
   <trkpt lat="47.2597010" lon="4.7352660">
    <ele>571.8</ele>
   </trkpt>
   <trkpt lat="47.2596680" lon="4.7350310">
    <ele>572.8</ele>
   </trkpt>
   <trkpt lat="47.2596670" lon="4.7350000">
    <ele>572.8</ele>
   </trkpt>
   <trkpt lat="47.2596650" lon="4.7349660">
    <ele>573.2</ele>
   </trkpt>
   <trkpt lat="47.2596660" lon="4.7347870">
    <ele>574.0</ele>
   </trkpt>
   <trkpt lat="47.2596590" lon="4.7347080">
    <ele>574.2</ele>
   </trkpt>
   <trkpt lat="47.2596090" lon="4.7344930">
    <ele>574.6</ele>
   </trkpt>
   <trkpt lat="47.2596030" lon="4.7344660">
    <ele>574.4</ele>
   </trkpt>
   <trkpt lat="47.2596220" lon="4.7341930">
    <ele>573.6</ele>
   </trkpt>
   <trkpt lat="47.2596890" lon="4.7339970">
    <ele>572.8</ele>
   </trkpt>
   <trkpt lat="47.2597400" lon="4.7338310">
    <ele>571.8</ele>
   </trkpt>
   <trkpt lat="47.2597640" lon="4.7337770">
    <ele>571.6</ele>
   </trkpt>
   <trkpt lat="47.2597940" lon="4.7336390">
    <ele>571.0</ele>
   </trkpt>
   <trkpt lat="47.2597780" lon="4.7336040">
    <ele>570.6</ele>
   </trkpt>
   <trkpt lat="47.2597530" lon="4.7335740">
    <ele>570.4</ele>
   </trkpt>
   <trkpt lat="47.2596430" lon="4.7334180">
    <ele>569.2</ele>
   </trkpt>
   <trkpt lat="47.2596090" lon="4.7333820">
    <ele>569.0</ele>
   </trkpt>
   <trkpt lat="47.2594330" lon="4.7333800">
    <ele>568.6</ele>
   </trkpt>
   <trkpt lat="47.2593900" lon="4.7333640">
    <ele>567.8</ele>
   </trkpt>
   <trkpt lat="47.2593760" lon="4.7332910">
    <ele>567.6</ele>
   </trkpt>
   <trkpt lat="47.2594160" lon="4.7332030">
    <ele>567.0</ele>
   </trkpt>
   <trkpt lat="47.2594460" lon="4.7331350">
    <ele>566.6</ele>
   </trkpt>
   <trkpt lat="47.2594530" lon="4.7330660">
    <ele>565.4</ele>
   </trkpt>
   <trkpt lat="47.2594520" lon="4.7330240">
    <ele>565.0</ele>
   </trkpt>
   <trkpt lat="47.2594620" lon="4.7329460">
    <ele>564.0</ele>
   </trkpt>
   <trkpt lat="47.2594580" lon="4.7328760">
    <ele>562.6</ele>
   </trkpt>
   <trkpt lat="47.2594620" lon="4.7328080">
    <ele>561.4</ele>
   </trkpt>
   <trkpt lat="47.2594670" lon="4.7327640">
    <ele>560.8</ele>
   </trkpt>
   <trkpt lat="47.2594790" lon="4.7327180">
    <ele>560.2</ele>
   </trkpt>
   <trkpt lat="47.2595150" lon="4.7326530">
    <ele>559.0</ele>
   </trkpt>
   <trkpt lat="47.2595280" lon="4.7326250">
    <ele>558.6</ele>
   </trkpt>
   <trkpt lat="47.2595440" lon="4.7325650">
    <ele>558.0</ele>
   </trkpt>
   <trkpt lat="47.2595390" lon="4.7325300">
    <ele>556.8</ele>
   </trkpt>
   <trkpt lat="47.2595260" lon="4.7325240">
    <ele>556.0</ele>
   </trkpt>
   <trkpt lat="47.2595170" lon="4.7325160">
    <ele>555.2</ele>
   </trkpt>
   <trkpt lat="47.2595110" lon="4.7325030">
    <ele>554.4</ele>
   </trkpt>
   <trkpt lat="47.2595080" lon="4.7324860">
    <ele>554.0</ele>
   </trkpt>
   <trkpt lat="47.2595090" lon="4.7324530">
    <ele>552.8</ele>
   </trkpt>
   <trkpt lat="47.2595100" lon="4.7324280">
    <ele>552.2</ele>
   </trkpt>
   <trkpt lat="47.2595090" lon="4.7324030">
    <ele>551.4</ele>
   </trkpt>
   <trkpt lat="47.2595040" lon="4.7323500">
    <ele>549.6</ele>
   </trkpt>
   <trkpt lat="47.2595130" lon="4.7323340">
    <ele>549.0</ele>
   </trkpt>
   <trkpt lat="47.2595280" lon="4.7323120">
    <ele>548.2</ele>
   </trkpt>
   <trkpt lat="47.2595230" lon="4.7323050">
    <ele>547.6</ele>
   </trkpt>
   <trkpt lat="47.2595100" lon="4.7322990">
    <ele>547.0</ele>
   </trkpt>
   <trkpt lat="47.2595060" lon="4.7322940">
    <ele>546.0</ele>
   </trkpt>
   <trkpt lat="47.2595080" lon="4.7322890">
    <ele>545.4</ele>
   </trkpt>
   <trkpt lat="47.2595070" lon="4.7322690">
    <ele>544.4</ele>
   </trkpt>
   <trkpt lat="47.2595080" lon="4.7322460">
    <ele>544.2</ele>
   </trkpt>
   <trkpt lat="47.2595140" lon="4.7321730">
    <ele>542.6</ele>
   </trkpt>
   <trkpt lat="47.2595080" lon="4.7321010">
    <ele>540.8</ele>
   </trkpt>
   <trkpt lat="47.2595120" lon="4.7320770">
    <ele>539.8</ele>
   </trkpt>
   <trkpt lat="47.2595220" lon="4.7320410">
    <ele>538.6</ele>
   </trkpt>
   <trkpt lat="47.2595390" lon="4.7320070">
    <ele>536.8</ele>
   </trkpt>
   <trkpt lat="47.2595550" lon="4.7319690">
    <ele>535.8</ele>
   </trkpt>
   <trkpt lat="47.2595530" lon="4.7319310">
    <ele>535.2</ele>
   </trkpt>
   <trkpt lat="47.2595460" lon="4.7318920">
    <ele>535.0</ele>
   </trkpt>
   <trkpt lat="47.2595370" lon="4.7318580">
    <ele>534.8</ele>
   </trkpt>
   <trkpt lat="47.2595050" lon="4.7317360">
    <ele>535.8</ele>
   </trkpt>
   <trkpt lat="47.2595140" lon="4.7316700">
    <ele>536.4</ele>
   </trkpt>
   <trkpt lat="47.2595160" lon="4.7316130">
    <ele>537.6</ele>
   </trkpt>
   <trkpt lat="47.2595180" lon="4.7315940">
    <ele>538.2</ele>
   </trkpt>
   <trkpt lat="47.2595360" lon="4.7315530">
    <ele>538.6</ele>
   </trkpt>
   <trkpt lat="47.2595390" lon="4.7314850">
    <ele>539.6</ele>
   </trkpt>
   <trkpt lat="47.2595340" lon="4.7314740">
    <ele>539.8</ele>
   </trkpt>
   <trkpt lat="47.2595500" lon="4.7313940">
    <ele>541.2</ele>
   </trkpt>
   <trkpt lat="47.2595390" lon="4.7313860">
    <ele>541.4</ele>
   </trkpt>
   <trkpt lat="47.2595280" lon="4.7313500">
    <ele>542.2</ele>
   </trkpt>
   <trkpt lat="47.2595320" lon="4.7313030">
    <ele>543.2</ele>
   </trkpt>
   <trkpt lat="47.2595330" lon="4.7312730">
    <ele>544.6</ele>
   </trkpt>
   <trkpt lat="47.2595230" lon="4.7312250">
    <ele>545.8</ele>
   </trkpt>
   <trkpt lat="47.2595200" lon="4.7311710">
    <ele>546.6</ele>
   </trkpt>
   <trkpt lat="47.2595250" lon="4.7311650">
    <ele>547.0</ele>
   </trkpt>
   <trkpt lat="47.2595450" lon="4.7311230">
    <ele>548.2</ele>
   </trkpt>
   <trkpt lat="47.2595490" lon="4.7310930">
    <ele>548.8</ele>
   </trkpt>
   <trkpt lat="47.2595480" lon="4.7310780">
    <ele>549.4</ele>
   </trkpt>
   <trkpt lat="47.2595360" lon="4.7310230">
    <ele>550.4</ele>
   </trkpt>
   <trkpt lat="47.2595350" lon="4.7310030">
    <ele>550.6</ele>
   </trkpt>
   <trkpt lat="47.2595410" lon="4.7309530">
    <ele>551.6</ele>
   </trkpt>
   <trkpt lat="47.2595470" lon="4.7309170">
    <ele>552.4</ele>
   </trkpt>
   <trkpt lat="47.2595450" lon="4.7308990">
    <ele>552.6</ele>
   </trkpt>
   <trkpt lat="47.2595360" lon="4.7308520">
    <ele>553.0</ele>
   </trkpt>
   <trkpt lat="47.2595450" lon="4.7307920">
    <ele>553.6</ele>
   </trkpt>
   <trkpt lat="47.2595410" lon="4.7306890">
    <ele>554.6</ele>
   </trkpt>
   <trkpt lat="47.2595390" lon="4.7306740">
    <ele>554.8</ele>
   </trkpt>
   <trkpt lat="47.2595420" lon="4.7305890">
    <ele>556.0</ele>
   </trkpt>
   <trkpt lat="47.2595440" lon="4.7305060">
    <ele>557.0</ele>
   </trkpt>
   <trkpt lat="47.2595370" lon="4.7304770">
    <ele>557.2</ele>
   </trkpt>
   <trkpt lat="47.2595390" lon="4.7303630">
    <ele>558.6</ele>
   </trkpt>
   <trkpt lat="47.2595350" lon="4.7303370">
    <ele>559.0</ele>
   </trkpt>
   <trkpt lat="47.2595360" lon="4.7302870">
    <ele>559.6</ele>
   </trkpt>
   <trkpt lat="47.2595310" lon="4.7302560">
    <ele>559.8</ele>
   </trkpt>
   <trkpt lat="47.2595340" lon="4.7302330">
    <ele>560.0</ele>
   </trkpt>
   <trkpt lat="47.2595380" lon="4.7302120">
    <ele>560.4</ele>
   </trkpt>
   <trkpt lat="47.2595400" lon="4.7301780">
    <ele>560.8</ele>
   </trkpt>
   <trkpt lat="47.2595260" lon="4.7301600">
    <ele>561.0</ele>
   </trkpt>
   <trkpt lat="47.2595180" lon="4.7301430">
    <ele>561.2</ele>
   </trkpt>
   <trkpt lat="47.2595110" lon="4.7300990">
    <ele>561.8</ele>
   </trkpt>
   <trkpt lat="47.2595150" lon="4.7300410">
    <ele>562.6</ele>
   </trkpt>
   <trkpt lat="47.2595200" lon="4.7300240">
    <ele>563.0</ele>
   </trkpt>
   <trkpt lat="47.2595210" lon="4.7299900">
    <ele>564.0</ele>
   </trkpt>
   <trkpt lat="47.2595170" lon="4.7299470">
    <ele>565.2</ele>
   </trkpt>
   <trkpt lat="47.2595090" lon="4.7298630">
    <ele>566.2</ele>
   </trkpt>
   <trkpt lat="47.2595090" lon="4.7298010">
    <ele>567.4</ele>
   </trkpt>
   <trkpt lat="47.2595300" lon="4.7297250">
    <ele>568.6</ele>
   </trkpt>
   <trkpt lat="47.2595240" lon="4.7296930">
    <ele>569.0</ele>
   </trkpt>
   <trkpt lat="47.2595070" lon="4.7296530">
    <ele>569.6</ele>
   </trkpt>
   <trkpt lat="47.2594520" lon="4.7296000">
    <ele>570.2</ele>
   </trkpt>
   <trkpt lat="47.2594420" lon="4.7295870">
    <ele>570.2</ele>
   </trkpt>
   <trkpt lat="47.2594370" lon="4.7295460">
    <ele>570.6</ele>
   </trkpt>
   <trkpt lat="47.2594190" lon="4.7294790">
    <ele>571.2</ele>
   </trkpt>
   <trkpt lat="47.2594050" lon="4.7294630">
    <ele>571.2</ele>
   </trkpt>
   <trkpt lat="47.2593770" lon="4.7293800">
    <ele>571.0</ele>
   </trkpt>
   <trkpt lat="47.2593970" lon="4.7293230">
    <ele>571.0</ele>
   </trkpt>
   <trkpt lat="47.2594080" lon="4.7292220">
    <ele>571.4</ele>
   </trkpt>
   <trkpt lat="47.2594260" lon="4.7291580">
    <ele>571.6</ele>
   </trkpt>
   <trkpt lat="47.2594360" lon="4.7291290">
    <ele>571.8</ele>
   </trkpt>
   <trkpt lat="47.2594970" lon="4.7290100">
    <ele>572.4</ele>
   </trkpt>
   <trkpt lat="47.2595080" lon="4.7289730">
    <ele>572.6</ele>
   </trkpt>
   <trkpt lat="47.2595150" lon="4.7289520">
    <ele>572.8</ele>
   </trkpt>
   <trkpt lat="47.2595450" lon="4.7289340">
    <ele>573.0</ele>
   </trkpt>
   <trkpt lat="47.2595590" lon="4.7289550">
    <ele>573.0</ele>
   </trkpt>
   <trkpt lat="47.2596450" lon="4.7290480">
    <ele>573.6</ele>
   </trkpt>
   <trkpt lat="47.2596940" lon="4.7291350">
    <ele>573.6</ele>
   </trkpt>
   <trkpt lat="47.2597600" lon="4.7292390">
    <ele>573.4</ele>
   </trkpt>
   <trkpt lat="47.2598120" lon="4.7293650">
    <ele>572.8</ele>
   </trkpt>
   <trkpt lat="47.2598560" lon="4.7294290">
    <ele>572.6</ele>
   </trkpt>
   <trkpt lat="47.2599470" lon="4.7295820">
    <ele>572.2</ele>
   </trkpt>
   <trkpt lat="47.2600700" lon="4.7297690">
    <ele>572.0</ele>
   </trkpt>
   <trkpt lat="47.2601160" lon="4.7298150">
    <ele>572.0</ele>
   </trkpt>
   <trkpt lat="47.2601960" lon="4.7299660">
    <ele>571.6</ele>
   </trkpt>
   <trkpt lat="47.2602240" lon="4.7300550">
    <ele>571.4</ele>
   </trkpt>
   <trkpt lat="47.2603270" lon="4.7302990">
    <ele>570.8</ele>
   </trkpt>
   <trkpt lat="47.2603550" lon="4.7303160">
    <ele>570.8</ele>
   </trkpt>
   <trkpt lat="47.2604860" lon="4.7303450">
    <ele>571.6</ele>
   </trkpt>
   <trkpt lat="47.2606330" lon="4.7304830">
    <ele>572.0</ele>
   </trkpt>
   <trkpt lat="47.2607030" lon="4.7306270">
    <ele>572.2</ele>
   </trkpt>
   <trkpt lat="47.2608300" lon="4.7307710">
    <ele>571.8</ele>
   </trkpt>
   <trkpt lat="47.2609510" lon="4.7308990">
    <ele>572.0</ele>
   </trkpt>
   <trkpt lat="47.2609730" lon="4.7309220">
    <ele>572.0</ele>
   </trkpt>
   <trkpt lat="47.2609980" lon="4.7309480">
    <ele>572.0</ele>
   </trkpt>
   <trkpt lat="47.2611480" lon="4.7310520">
    <ele>572.4</ele>
   </trkpt>
   <trkpt lat="47.2612070" lon="4.7310800">
    <ele>572.8</ele>
   </trkpt>
   <trkpt lat="47.2612330" lon="4.7311010">
    <ele>572.8</ele>
   </trkpt>
   <trkpt lat="47.2614000" lon="4.7311620">
    <ele>573.0</ele>
   </trkpt>
   <trkpt lat="47.2614250" lon="4.7311800">
    <ele>573.2</ele>
   </trkpt>
   <trkpt lat="47.2616030" lon="4.7311410">
    <ele>573.6</ele>
   </trkpt>
   <trkpt lat="47.2616370" lon="4.7311370">
    <ele>573.6</ele>
   </trkpt>
   <trkpt lat="47.2616890" lon="4.7311520">
    <ele>573.8</ele>
   </trkpt>
   <trkpt lat="47.2618160" lon="4.7311710">
    <ele>574.2</ele>
   </trkpt>
   <trkpt lat="47.2618800" lon="4.7312110">
    <ele>574.2</ele>
   </trkpt>
   <trkpt lat="47.2619720" lon="4.7312230">
    <ele>574.8</ele>
   </trkpt>
   <trkpt lat="47.2620500" lon="4.7312820">
    <ele>575.4</ele>
   </trkpt>
   <trkpt lat="47.2622310" lon="4.7313710">
    <ele>575.8</ele>
   </trkpt>
   <trkpt lat="47.2622850" lon="4.7314070">
    <ele>575.8</ele>
   </trkpt>
   <trkpt lat="47.2624230" lon="4.7315250">
    <ele>576.0</ele>
   </trkpt>
   <trkpt lat="47.2624540" lon="4.7315400">
    <ele>576.0</ele>
   </trkpt>
   <trkpt lat="47.2625920" lon="4.7316020">
    <ele>576.2</ele>
   </trkpt>
   <trkpt lat="47.2626130" lon="4.7316160">
    <ele>576.2</ele>
   </trkpt>
   <trkpt lat="47.2627030" lon="4.7317000">
    <ele>576.2</ele>
   </trkpt>
   <trkpt lat="47.2627660" lon="4.7317920">
    <ele>576.4</ele>
   </trkpt>
   <trkpt lat="47.2628540" lon="4.7319290">
    <ele>576.4</ele>
   </trkpt>
   <trkpt lat="47.2629170" lon="4.7319920">
    <ele>576.6</ele>
   </trkpt>
   <trkpt lat="47.2629600" lon="4.7320090">
    <ele>577.0</ele>
   </trkpt>
   <trkpt lat="47.2631330" lon="4.7320030">
    <ele>577.6</ele>
   </trkpt>
   <trkpt lat="47.2633080" lon="4.7319840">
    <ele>578.0</ele>
   </trkpt>
   <trkpt lat="47.2633610" lon="4.7319780">
    <ele>578.0</ele>
   </trkpt>
   <trkpt lat="47.2633840" lon="4.7319750">
    <ele>578.0</ele>
   </trkpt>
   <trkpt lat="47.2635350" lon="4.7319630">
    <ele>578.0</ele>
   </trkpt>
   <trkpt lat="47.2636170" lon="4.7319560">
    <ele>578.0</ele>
   </trkpt>
   <trkpt lat="47.2636690" lon="4.7319610">
    <ele>578.2</ele>
   </trkpt>
   <trkpt lat="47.2638610" lon="4.7319640">
    <ele>578.2</ele>
   </trkpt>
   <trkpt lat="47.2639580" lon="4.7319710">
    <ele>578.4</ele>
   </trkpt>
   <trkpt lat="47.2641420" lon="4.7319810">
    <ele>578.4</ele>
   </trkpt>
   <trkpt lat="47.2642060" lon="4.7320030">
    <ele>578.2</ele>
   </trkpt>
   <trkpt lat="47.2643990" lon="4.7320140">
    <ele>578.2</ele>
   </trkpt>
   <trkpt lat="47.2644530" lon="4.7320010">
    <ele>578.4</ele>
   </trkpt>
   <trkpt lat="47.2646190" lon="4.7320000">
    <ele>578.4</ele>
   </trkpt>
   <trkpt lat="47.2646820" lon="4.7319990">
    <ele>578.2</ele>
   </trkpt>
   <trkpt lat="47.2648690" lon="4.7319940">
    <ele>578.2</ele>
   </trkpt>
   <trkpt lat="47.2649530" lon="4.7319890">
    <ele>578.4</ele>
   </trkpt>
   <trkpt lat="47.2651000" lon="4.7318800">
    <ele>578.8</ele>
   </trkpt>
   <trkpt lat="47.2651380" lon="4.7318780">
    <ele>578.8</ele>
   </trkpt>
   <trkpt lat="47.2653040" lon="4.7317910">
    <ele>579.0</ele>
   </trkpt>
   <trkpt lat="47.2653270" lon="4.7317750">
    <ele>579.0</ele>
   </trkpt>
   <trkpt lat="47.2655060" lon="4.7317410">
    <ele>579.4</ele>
   </trkpt>
   <trkpt lat="47.2655390" lon="4.7317290">
    <ele>579.4</ele>
   </trkpt>
   <trkpt lat="47.2657430" lon="4.7316730">
    <ele>579.8</ele>
   </trkpt>
   <trkpt lat="47.2657890" lon="4.7316510">
    <ele>579.8</ele>
   </trkpt>
   <trkpt lat="47.2658620" lon="4.7315980">
    <ele>580.0</ele>
   </trkpt>
   <trkpt lat="47.2660060" lon="4.7315010">
    <ele>580.2</ele>
   </trkpt>
   <trkpt lat="47.2661580" lon="4.7313550">
    <ele>580.2</ele>
   </trkpt>
   <trkpt lat="47.2661850" lon="4.7313340">
    <ele>580.2</ele>
   </trkpt>
   <trkpt lat="47.2663620" lon="4.7312410">
    <ele>580.2</ele>
   </trkpt>
   <trkpt lat="47.2664240" lon="4.7312260">
    <ele>580.0</ele>
   </trkpt>
   <trkpt lat="47.2665480" lon="4.7312300">
    <ele>579.6</ele>
   </trkpt>
   <trkpt lat="47.2666660" lon="4.7312580">
    <ele>579.2</ele>
   </trkpt>
   <trkpt lat="47.2667670" lon="4.7313980">
    <ele>579.4</ele>
   </trkpt>
   <trkpt lat="47.2668720" lon="4.7315970">
    <ele>579.6</ele>
   </trkpt>
   <trkpt lat="47.2669920" lon="4.7317910">
    <ele>579.6</ele>
   </trkpt>
   <trkpt lat="47.2670180" lon="4.7318150">
    <ele>579.4</ele>
   </trkpt>
   <trkpt lat="47.2671590" lon="4.7320210">
    <ele>579.2</ele>
   </trkpt>
   <trkpt lat="47.2671740" lon="4.7320660">
    <ele>579.2</ele>
   </trkpt>
   <trkpt lat="47.2671920" lon="4.7321090">
    <ele>579.0</ele>
   </trkpt>
   <trkpt lat="47.2672870" lon="4.7322640">
    <ele>578.6</ele>
   </trkpt>
   <trkpt lat="47.2674240" lon="4.7323280">
    <ele>578.0</ele>
   </trkpt>
   <trkpt lat="47.2674520" lon="4.7323220">
    <ele>577.6</ele>
   </trkpt>
   <trkpt lat="47.2676290" lon="4.7323230">
    <ele>577.2</ele>
   </trkpt>
   <trkpt lat="47.2676610" lon="4.7323410">
    <ele>577.0</ele>
   </trkpt>
   <trkpt lat="47.2677290" lon="4.7323960">
    <ele>576.6</ele>
   </trkpt>
   <trkpt lat="47.2678260" lon="4.7325660">
    <ele>576.2</ele>
   </trkpt>
   <trkpt lat="47.2679300" lon="4.7328180">
    <ele>576.2</ele>
   </trkpt>
   <trkpt lat="47.2679470" lon="4.7328630">
    <ele>576.0</ele>
   </trkpt>
   <trkpt lat="47.2680540" lon="4.7331070">
    <ele>576.0</ele>
   </trkpt>
   <trkpt lat="47.2681260" lon="4.7333520">
    <ele>575.8</ele>
   </trkpt>
   <trkpt lat="47.2681400" lon="4.7333880">
    <ele>575.6</ele>
   </trkpt>
   <trkpt lat="47.2682420" lon="4.7336570">
    <ele>575.8</ele>
   </trkpt>
   <trkpt lat="47.2682570" lon="4.7336940">
    <ele>575.8</ele>
   </trkpt>
   <trkpt lat="47.2683600" lon="4.7339240">
    <ele>575.8</ele>
   </trkpt>
   <trkpt lat="47.2685110" lon="4.7340280">
    <ele>575.8</ele>
   </trkpt>
   <trkpt lat="47.2686070" lon="4.7340400">
    <ele>575.6</ele>
   </trkpt>
   <trkpt lat="47.2687510" lon="4.7341040">
    <ele>575.2</ele>
   </trkpt>
   <trkpt lat="47.2689320" lon="4.7341900">
    <ele>575.4</ele>
   </trkpt>
   <trkpt lat="47.2690530" lon="4.7342340">
    <ele>575.2</ele>
   </trkpt>
   <trkpt lat="47.2691540" lon="4.7342570">
    <ele>574.2</ele>
   </trkpt>
   <trkpt lat="47.2693020" lon="4.7343260">
    <ele>573.4</ele>
   </trkpt>
   <trkpt lat="47.2693550" lon="4.7343570">
    <ele>573.0</ele>
   </trkpt>
   <trkpt lat="47.2694810" lon="4.7344380">
    <ele>572.2</ele>
   </trkpt>
   <trkpt lat="47.2695170" lon="4.7344460">
    <ele>572.0</ele>
   </trkpt>
   <trkpt lat="47.2696410" lon="4.7344780">
    <ele>571.2</ele>
   </trkpt>
   <trkpt lat="47.2697100" lon="4.7344880">
    <ele>571.0</ele>
   </trkpt>
   <trkpt lat="47.2698050" lon="4.7345060">
    <ele>570.0</ele>
   </trkpt>
   <trkpt lat="47.2698350" lon="4.7345120">
    <ele>569.8</ele>
   </trkpt>
   <trkpt lat="47.2699970" lon="4.7345600">
    <ele>569.0</ele>
   </trkpt>
   <trkpt lat="47.2700740" lon="4.7345980">
    <ele>568.8</ele>
   </trkpt>
   <trkpt lat="47.2701930" lon="4.7346680">
    <ele>568.0</ele>
   </trkpt>
   <trkpt lat="47.2703030" lon="4.7347230">
    <ele>567.8</ele>
   </trkpt>
   <trkpt lat="47.2704750" lon="4.7347760">
    <ele>566.6</ele>
   </trkpt>
   <trkpt lat="47.2705150" lon="4.7347890">
    <ele>566.4</ele>
   </trkpt>
   <trkpt lat="47.2707150" lon="4.7348590">
    <ele>565.8</ele>
   </trkpt>
   <trkpt lat="47.2707780" lon="4.7348770">
    <ele>565.6</ele>
   </trkpt>
   <trkpt lat="47.2709350" lon="4.7348950">
    <ele>564.2</ele>
   </trkpt>
   <trkpt lat="47.2710690" lon="4.7349290">
    <ele>563.6</ele>
   </trkpt>
   <trkpt lat="47.2711250" lon="4.7349370">
    <ele>563.2</ele>
   </trkpt>
   <trkpt lat="47.2712730" lon="4.7349740">
    <ele>561.8</ele>
   </trkpt>
   <trkpt lat="47.2713410" lon="4.7349830">
    <ele>561.0</ele>
   </trkpt>
   <trkpt lat="47.2713780" lon="4.7349870">
    <ele>560.8</ele>
   </trkpt>
   <trkpt lat="47.2715620" lon="4.7349810">
    <ele>559.6</ele>
   </trkpt>
   <trkpt lat="47.2716510" lon="4.7349790">
    <ele>559.0</ele>
   </trkpt>
   <trkpt lat="47.2717350" lon="4.7349910">
    <ele>558.4</ele>
   </trkpt>
   <trkpt lat="47.2719200" lon="4.7350050">
    <ele>557.4</ele>
   </trkpt>
   <trkpt lat="47.2721170" lon="4.7350130">
    <ele>556.2</ele>
   </trkpt>
   <trkpt lat="47.2722110" lon="4.7350280">
    <ele>555.2</ele>
   </trkpt>
   <trkpt lat="47.2722490" lon="4.7350300">
    <ele>555.0</ele>
   </trkpt>
   <trkpt lat="47.2724110" lon="4.7350700">
    <ele>553.8</ele>
   </trkpt>
   <trkpt lat="47.2725160" lon="4.7351190">
    <ele>552.8</ele>
   </trkpt>
   <trkpt lat="47.2725490" lon="4.7351310">
    <ele>552.6</ele>
   </trkpt>
   <trkpt lat="47.2726730" lon="4.7351220">
    <ele>551.2</ele>
   </trkpt>
   <trkpt lat="47.2727090" lon="4.7351100">
    <ele>550.8</ele>
   </trkpt>
   <trkpt lat="47.2728810" lon="4.7350440">
    <ele>549.8</ele>
   </trkpt>
   <trkpt lat="47.2729830" lon="4.7350970">
    <ele>549.0</ele>
   </trkpt>
   <trkpt lat="47.2730120" lon="4.7351300">
    <ele>548.8</ele>
   </trkpt>
   <trkpt lat="47.2731680" lon="4.7352080">
    <ele>547.6</ele>
   </trkpt>
   <trkpt lat="47.2732710" lon="4.7352520">
    <ele>546.8</ele>
   </trkpt>
   <trkpt lat="47.2733440" lon="4.7352770">
    <ele>546.4</ele>
   </trkpt>
   <trkpt lat="47.2735280" lon="4.7353010">
    <ele>545.6</ele>
   </trkpt>
   <trkpt lat="47.2735640" lon="4.7353240">
    <ele>545.2</ele>
   </trkpt>
   <trkpt lat="47.2736000" lon="4.7353380">
    <ele>545.0</ele>
   </trkpt>
   <trkpt lat="47.2737470" lon="4.7353790">
    <ele>543.8</ele>
   </trkpt>
   <trkpt lat="47.2739190" lon="4.7354350">
    <ele>543.2</ele>
   </trkpt>
   <trkpt lat="47.2739510" lon="4.7354480">
    <ele>542.8</ele>
   </trkpt>
   <trkpt lat="47.2740790" lon="4.7354620">
    <ele>542.0</ele>
   </trkpt>
   <trkpt lat="47.2741070" lon="4.7354760">
    <ele>541.4</ele>
   </trkpt>
   <trkpt lat="47.2741380" lon="4.7354860">
    <ele>541.2</ele>
   </trkpt>
   <trkpt lat="47.2742280" lon="4.7355240">
    <ele>540.4</ele>
   </trkpt>
   <trkpt lat="47.2744360" lon="4.7355570">
    <ele>539.2</ele>
   </trkpt>
   <trkpt lat="47.2745900" lon="4.7355400">
    <ele>538.2</ele>
   </trkpt>
   <trkpt lat="47.2746980" lon="4.7355500">
    <ele>537.4</ele>
   </trkpt>
   <trkpt lat="47.2747450" lon="4.7355510">
    <ele>537.0</ele>
   </trkpt>
   <trkpt lat="47.2749470" lon="4.7355450">
    <ele>536.0</ele>
   </trkpt>
   <trkpt lat="47.2750200" lon="4.7355550">
    <ele>535.4</ele>
   </trkpt>
   <trkpt lat="47.2751480" lon="4.7356460">
    <ele>535.0</ele>
   </trkpt>
   <trkpt lat="47.2752760" lon="4.7356340">
    <ele>534.2</ele>
   </trkpt>
   <trkpt lat="47.2753130" lon="4.7356360">
    <ele>533.8</ele>
   </trkpt>
   <trkpt lat="47.2754500" lon="4.7356600">
    <ele>532.6</ele>
   </trkpt>
   <trkpt lat="47.2755720" lon="4.7356480">
    <ele>531.4</ele>
   </trkpt>
   <trkpt lat="47.2756130" lon="4.7356430">
    <ele>531.2</ele>
   </trkpt>
   <trkpt lat="47.2756500" lon="4.7356430">
    <ele>530.6</ele>
   </trkpt>
   <trkpt lat="47.2756910" lon="4.7356390">
    <ele>530.2</ele>
   </trkpt>
   <trkpt lat="47.2758270" lon="4.7356770">
    <ele>528.8</ele>
   </trkpt>
   <trkpt lat="47.2758680" lon="4.7356790">
    <ele>528.2</ele>
   </trkpt>
   <trkpt lat="47.2759460" lon="4.7356740">
    <ele>527.4</ele>
   </trkpt>
   <trkpt lat="47.2761300" lon="4.7356070">
    <ele>526.4</ele>
   </trkpt>
   <trkpt lat="47.2761570" lon="4.7355870">
    <ele>526.2</ele>
   </trkpt>
   <trkpt lat="47.2763430" lon="4.7354650">
    <ele>525.2</ele>
   </trkpt>
   <trkpt lat="47.2765130" lon="4.7353850">
    <ele>524.8</ele>
   </trkpt>
   <trkpt lat="47.2765470" lon="4.7353530">
    <ele>524.8</ele>
   </trkpt>
   <trkpt lat="47.2766770" lon="4.7352670">
    <ele>524.2</ele>
   </trkpt>
   <trkpt lat="47.2767800" lon="4.7351760">
    <ele>524.2</ele>
   </trkpt>
   <trkpt lat="47.2769590" lon="4.7350390">
    <ele>523.6</ele>
   </trkpt>
   <trkpt lat="47.2770170" lon="4.7349900">
    <ele>523.6</ele>
   </trkpt>
   <trkpt lat="47.2770950" lon="4.7349170">
    <ele>523.2</ele>
   </trkpt>
   <trkpt lat="47.2772650" lon="4.7347640">
    <ele>523.0</ele>
   </trkpt>
   <trkpt lat="47.2774190" lon="4.7345690">
    <ele>522.8</ele>
   </trkpt>
   <trkpt lat="47.2775350" lon="4.7344840">
    <ele>522.4</ele>
   </trkpt>
   <trkpt lat="47.2775670" lon="4.7344540">
    <ele>522.2</ele>
   </trkpt>
   <trkpt lat="47.2775900" lon="4.7344340">
    <ele>522.2</ele>
   </trkpt>
   <trkpt lat="47.2777700" lon="4.7343760">
    <ele>521.8</ele>
   </trkpt>
   <trkpt lat="47.2779420" lon="4.7342240">
    <ele>521.4</ele>
   </trkpt>
   <trkpt lat="47.2779950" lon="4.7341580">
    <ele>521.6</ele>
   </trkpt>
   <trkpt lat="47.2780840" lon="4.7340620">
    <ele>521.0</ele>
   </trkpt>
   <trkpt lat="47.2781750" lon="4.7339010">
    <ele>520.4</ele>
   </trkpt>
   <trkpt lat="47.2782370" lon="4.7338490">
    <ele>519.8</ele>
   </trkpt>
   <trkpt lat="47.2783150" lon="4.7338480">
    <ele>519.2</ele>
   </trkpt>
   <trkpt lat="47.2783580" lon="4.7338590">
    <ele>518.6</ele>
   </trkpt>
   <trkpt lat="47.2785090" lon="4.7339040">
    <ele>517.4</ele>
   </trkpt>
   <trkpt lat="47.2785430" lon="4.7339090">
    <ele>517.2</ele>
   </trkpt>
   <trkpt lat="47.2786860" lon="4.7339390">
    <ele>516.4</ele>
   </trkpt>
   <trkpt lat="47.2788090" lon="4.7339580">
    <ele>515.4</ele>
   </trkpt>
   <trkpt lat="47.2789230" lon="4.7339820">
    <ele>514.2</ele>
   </trkpt>
   <trkpt lat="47.2790330" lon="4.7339960">
    <ele>512.6</ele>
   </trkpt>
   <trkpt lat="47.2791400" lon="4.7339930">
    <ele>511.4</ele>
   </trkpt>
   <trkpt lat="47.2792070" lon="4.7339870">
    <ele>510.6</ele>
   </trkpt>
   <trkpt lat="47.2792800" lon="4.7339700">
    <ele>510.0</ele>
   </trkpt>
   <trkpt lat="47.2793900" lon="4.7339520">
    <ele>508.6</ele>
   </trkpt>
   <trkpt lat="47.2794980" lon="4.7339350">
    <ele>507.6</ele>
   </trkpt>
   <trkpt lat="47.2795770" lon="4.7339300">
    <ele>506.4</ele>
   </trkpt>
   <trkpt lat="47.2797300" lon="4.7338880">
    <ele>505.2</ele>
   </trkpt>
   <trkpt lat="47.2797730" lon="4.7338660">
    <ele>504.8</ele>
   </trkpt>
   <trkpt lat="47.2798490" lon="4.7338280">
    <ele>504.2</ele>
   </trkpt>
   <trkpt lat="47.2799620" lon="4.7337770">
    <ele>503.2</ele>
   </trkpt>
   <trkpt lat="47.2799940" lon="4.7337450">
    <ele>502.8</ele>
   </trkpt>
   <trkpt lat="47.2800660" lon="4.7337000">
    <ele>502.0</ele>
   </trkpt>
   <trkpt lat="47.2801660" lon="4.7336230">
    <ele>501.0</ele>
   </trkpt>
   <trkpt lat="47.2801990" lon="4.7336030">
    <ele>500.6</ele>
   </trkpt>
   <trkpt lat="47.2803150" lon="4.7335720">
    <ele>499.6</ele>
   </trkpt>
   <trkpt lat="47.2803860" lon="4.7335390">
    <ele>498.8</ele>
   </trkpt>
   <trkpt lat="47.2804210" lon="4.7335170">
    <ele>498.2</ele>
   </trkpt>
   <trkpt lat="47.2805680" lon="4.7334290">
    <ele>497.0</ele>
   </trkpt>
   <trkpt lat="47.2806420" lon="4.7334050">
    <ele>495.8</ele>
   </trkpt>
   <trkpt lat="47.2807710" lon="4.7333780">
    <ele>494.6</ele>
   </trkpt>
   <trkpt lat="47.2808820" lon="4.7333370">
    <ele>493.4</ele>
   </trkpt>
   <trkpt lat="47.2809930" lon="4.7333060">
    <ele>492.0</ele>
   </trkpt>
   <trkpt lat="47.2811040" lon="4.7332810">
    <ele>491.0</ele>
   </trkpt>
   <trkpt lat="47.2811900" lon="4.7332730">
    <ele>489.8</ele>
   </trkpt>
   <trkpt lat="47.2813180" lon="4.7332500">
    <ele>489.0</ele>
   </trkpt>
   <trkpt lat="47.2813600" lon="4.7332460">
    <ele>488.4</ele>
   </trkpt>
   <trkpt lat="47.2814930" lon="4.7332700">
    <ele>487.4</ele>
   </trkpt>
   <trkpt lat="47.2815300" lon="4.7332690">
    <ele>487.2</ele>
   </trkpt>
   <trkpt lat="47.2815740" lon="4.7332730">
    <ele>487.0</ele>
   </trkpt>
   <trkpt lat="47.2816580" lon="4.7332930">
    <ele>486.4</ele>
   </trkpt>
   <trkpt lat="47.2818530" lon="4.7332730">
    <ele>485.4</ele>
   </trkpt>
   <trkpt lat="47.2820380" lon="4.7332580">
    <ele>484.8</ele>
   </trkpt>
   <trkpt lat="47.2820750" lon="4.7332560">
    <ele>484.6</ele>
   </trkpt>
   <trkpt lat="47.2821470" lon="4.7332500">
    <ele>484.6</ele>
   </trkpt>
   <trkpt lat="47.2822260" lon="4.7332500">
    <ele>484.4</ele>
   </trkpt>
   <trkpt lat="47.2822980" lon="4.7332590">
    <ele>484.2</ele>
   </trkpt>
   <trkpt lat="47.2823660" lon="4.7332550">
    <ele>484.2</ele>
   </trkpt>
   <trkpt lat="47.2824010" lon="4.7332570">
    <ele>484.0</ele>
   </trkpt>
   <trkpt lat="47.2825380" lon="4.7332360">
    <ele>484.0</ele>
   </trkpt>
   <trkpt lat="47.2827310" lon="4.7332020">
    <ele>483.8</ele>
   </trkpt>
   <trkpt lat="47.2829300" lon="4.7331690">
    <ele>483.6</ele>
   </trkpt>
   <trkpt lat="47.2831360" lon="4.7332120">
    <ele>483.6</ele>
   </trkpt>
   <trkpt lat="47.2832310" lon="4.7332620">
    <ele>483.2</ele>
   </trkpt>
   <trkpt lat="47.2833050" lon="4.7333320">
    <ele>483.2</ele>
   </trkpt>
   <trkpt lat="47.2834260" lon="4.7334420">
    <ele>483.4</ele>
   </trkpt>
   <trkpt lat="47.2835570" lon="4.7335320">
    <ele>483.8</ele>
   </trkpt>
   <trkpt lat="47.2837040" lon="4.7336020">
    <ele>484.0</ele>
   </trkpt>
   <trkpt lat="47.2838410" lon="4.7336920">
    <ele>483.8</ele>
   </trkpt>
   <trkpt lat="47.2840140" lon="4.7337630">
    <ele>484.2</ele>
   </trkpt>
   <trkpt lat="47.2840670" lon="4.7338060">
    <ele>484.6</ele>
   </trkpt>
   <trkpt lat="47.2840930" lon="4.7338250">
    <ele>484.8</ele>
   </trkpt>
   <trkpt lat="47.2841150" lon="4.7338440">
    <ele>485.0</ele>
   </trkpt>
   <trkpt lat="47.2841900" lon="4.7338940">
    <ele>485.4</ele>
   </trkpt>
   <trkpt lat="47.2842420" lon="4.7339400">
    <ele>485.6</ele>
   </trkpt>
   <trkpt lat="47.2842690" lon="4.7339550">
    <ele>485.6</ele>
   </trkpt>
   <trkpt lat="47.2844080" lon="4.7339860">
    <ele>485.8</ele>
   </trkpt>
   <trkpt lat="47.2844310" lon="4.7339870">
    <ele>485.8</ele>
   </trkpt>
   <trkpt lat="47.2845470" lon="4.7339830">
    <ele>484.4</ele>
   </trkpt>
   <trkpt lat="47.2845640" lon="4.7339840">
    <ele>484.0</ele>
   </trkpt>
   <trkpt lat="47.2845720" lon="4.7339840">
    <ele>483.6</ele>
   </trkpt>
   <trkpt lat="47.2845830" lon="4.7339820">
    <ele>483.0</ele>
   </trkpt>
   <trkpt lat="47.2845840" lon="4.7339820">
    <ele>482.8</ele>
   </trkpt>
   <trkpt lat="47.2845780" lon="4.7339660">
    <ele>482.4</ele>
   </trkpt>
   <trkpt lat="47.2845960" lon="4.7339210">
    <ele>481.6</ele>
   </trkpt>
   <trkpt lat="47.2846030" lon="4.7339150">
    <ele>481.6</ele>
   </trkpt>
   <trkpt lat="47.2846320" lon="4.7338990">
    <ele>480.6</ele>
   </trkpt>
   <trkpt lat="47.2846430" lon="4.7338900">
    <ele>480.4</ele>
   </trkpt>
   <trkpt lat="47.2846650" lon="4.7338550">
    <ele>480.2</ele>
   </trkpt>
   <trkpt lat="47.2847160" lon="4.7337920">
    <ele>479.6</ele>
   </trkpt>
   <trkpt lat="47.2847380" lon="4.7337680">
    <ele>479.2</ele>
   </trkpt>
   <trkpt lat="47.2848150" lon="4.7336700">
    <ele>478.2</ele>
   </trkpt>
   <trkpt lat="47.2849130" lon="4.7335690">
    <ele>476.8</ele>
   </trkpt>
   <trkpt lat="47.2849520" lon="4.7335400">
    <ele>476.4</ele>
   </trkpt>
   <trkpt lat="47.2850400" lon="4.7335000">
    <ele>476.2</ele>
   </trkpt>
   <trkpt lat="47.2851220" lon="4.7334820">
    <ele>475.6</ele>
   </trkpt>
   <trkpt lat="47.2852090" lon="4.7334730">
    <ele>475.2</ele>
   </trkpt>
   <trkpt lat="47.2852950" lon="4.7334580">
    <ele>474.4</ele>
   </trkpt>
   <trkpt lat="47.2854250" lon="4.7334430">
    <ele>473.8</ele>
   </trkpt>
   <trkpt lat="47.2854700" lon="4.7334440">
    <ele>473.6</ele>
   </trkpt>
   <trkpt lat="47.2855160" lon="4.7334470">
    <ele>473.2</ele>
   </trkpt>
   <trkpt lat="47.2856510" lon="4.7334550">
    <ele>472.0</ele>
   </trkpt>
   <trkpt lat="47.2857430" lon="4.7334700">
    <ele>471.0</ele>
   </trkpt>
   <trkpt lat="47.2857860" lon="4.7334700">
    <ele>470.8</ele>
   </trkpt>
   <trkpt lat="47.2858280" lon="4.7334650">
    <ele>470.2</ele>
   </trkpt>
   <trkpt lat="47.2859060" lon="4.7334250">
    <ele>469.4</ele>
   </trkpt>
   <trkpt lat="47.2859440" lon="4.7334060">
    <ele>469.0</ele>
   </trkpt>
   <trkpt lat="47.2859800" lon="4.7333820">
    <ele>468.6</ele>
   </trkpt>
   <trkpt lat="47.2860150" lon="4.7333490">
    <ele>468.0</ele>
   </trkpt>
   <trkpt lat="47.2860420" lon="4.7333070">
    <ele>467.6</ele>
   </trkpt>
   <trkpt lat="47.2860680" lon="4.7332570">
    <ele>467.0</ele>
   </trkpt>
   <trkpt lat="47.2860920" lon="4.7332070">
    <ele>466.4</ele>
   </trkpt>
   <trkpt lat="47.2861450" lon="4.7331030">
    <ele>465.2</ele>
   </trkpt>
   <trkpt lat="47.2862020" lon="4.7330120">
    <ele>464.2</ele>
   </trkpt>
   <trkpt lat="47.2862340" lon="4.7329760">
    <ele>464.0</ele>
   </trkpt>
   <trkpt lat="47.2863030" lon="4.7329180">
    <ele>462.8</ele>
   </trkpt>
   <trkpt lat="47.2863800" lon="4.7328860">
    <ele>462.0</ele>
   </trkpt>
   <trkpt lat="47.2864180" lon="4.7328740">
    <ele>461.6</ele>
   </trkpt>
   <trkpt lat="47.2864570" lon="4.7328640">
    <ele>460.8</ele>
   </trkpt>
   <trkpt lat="47.2864940" lon="4.7328520">
    <ele>460.4</ele>
   </trkpt>
   <trkpt lat="47.2865300" lon="4.7328360">
    <ele>460.0</ele>
   </trkpt>
   <trkpt lat="47.2865670" lon="4.7328150">
    <ele>459.6</ele>
   </trkpt>
   <trkpt lat="47.2865990" lon="4.7327960">
    <ele>459.2</ele>
   </trkpt>
   <trkpt lat="47.2866680" lon="4.7327660">
    <ele>458.2</ele>
   </trkpt>
   <trkpt lat="47.2867050" lon="4.7327530">
    <ele>458.0</ele>
   </trkpt>
   <trkpt lat="47.2868190" lon="4.7326970">
    <ele>456.8</ele>
   </trkpt>
   <trkpt lat="47.2869360" lon="4.7326400">
    <ele>455.8</ele>
   </trkpt>
   <trkpt lat="47.2869780" lon="4.7326230">
    <ele>455.4</ele>
   </trkpt>
   <trkpt lat="47.2870680" lon="4.7326040">
    <ele>454.2</ele>
   </trkpt>
   <trkpt lat="47.2871090" lon="4.7326010">
    <ele>453.6</ele>
   </trkpt>
   <trkpt lat="47.2871510" lon="4.7326090">
    <ele>453.2</ele>
   </trkpt>
   <trkpt lat="47.2872370" lon="4.7326290">
    <ele>452.0</ele>
   </trkpt>
   <trkpt lat="47.2873240" lon="4.7326360">
    <ele>450.8</ele>
   </trkpt>
   <trkpt lat="47.2874080" lon="4.7326190">
    <ele>449.4</ele>
   </trkpt>
   <trkpt lat="47.2874910" lon="4.7325810">
    <ele>447.8</ele>
   </trkpt>
   <trkpt lat="47.2875570" lon="4.7325210">
    <ele>446.6</ele>
   </trkpt>
   <trkpt lat="47.2876020" lon="4.7324130">
    <ele>445.8</ele>
   </trkpt>
   <trkpt lat="47.2876140" lon="4.7323560">
    <ele>445.2</ele>
   </trkpt>
   <trkpt lat="47.2876430" lon="4.7321760">
    <ele>443.6</ele>
   </trkpt>
   <trkpt lat="47.2876540" lon="4.7321170">
    <ele>442.6</ele>
   </trkpt>
   <trkpt lat="47.2876670" lon="4.7320550">
    <ele>441.8</ele>
   </trkpt>
   <trkpt lat="47.2877000" lon="4.7319440">
    <ele>440.6</ele>
   </trkpt>
   <trkpt lat="47.2877620" lon="4.7318650">
    <ele>439.2</ele>
   </trkpt>
   <trkpt lat="47.2878370" lon="4.7318310">
    <ele>437.8</ele>
   </trkpt>
   <trkpt lat="47.2879170" lon="4.7318360">
    <ele>436.8</ele>
   </trkpt>
   <trkpt lat="47.2879620" lon="4.7318450">
    <ele>436.4</ele>
   </trkpt>
   <trkpt lat="47.2880470" lon="4.7318580">
    <ele>434.4</ele>
   </trkpt>
   <trkpt lat="47.2881330" lon="4.7318800">
    <ele>432.6</ele>
   </trkpt>
   <trkpt lat="47.2882200" lon="4.7319040">
    <ele>431.6</ele>
   </trkpt>
   <trkpt lat="47.2883040" lon="4.7319220">
    <ele>430.6</ele>
   </trkpt>
   <trkpt lat="47.2883950" lon="4.7319370">
    <ele>428.8</ele>
   </trkpt>
   <trkpt lat="47.2885220" lon="4.7319600">
    <ele>427.6</ele>
   </trkpt>
   <trkpt lat="47.2885630" lon="4.7319660">
    <ele>427.4</ele>
   </trkpt>
   <trkpt lat="47.2886870" lon="4.7319810">
    <ele>426.2</ele>
   </trkpt>
   <trkpt lat="47.2887700" lon="4.7319900">
    <ele>425.0</ele>
   </trkpt>
   <trkpt lat="47.2888660" lon="4.7319980">
    <ele>424.2</ele>
   </trkpt>
   <trkpt lat="47.2889050" lon="4.7320010">
    <ele>423.8</ele>
   </trkpt>
   <trkpt lat="47.2889450" lon="4.7320090">
    <ele>423.4</ele>
   </trkpt>
   <trkpt lat="47.2890250" lon="4.7320210">
    <ele>422.4</ele>
   </trkpt>
   <trkpt lat="47.2891020" lon="4.7320230">
    <ele>421.8</ele>
   </trkpt>
   <trkpt lat="47.2891410" lon="4.7320220">
    <ele>421.4</ele>
   </trkpt>
   <trkpt lat="47.2892160" lon="4.7320120">
    <ele>420.2</ele>
   </trkpt>
   <trkpt lat="47.2892930" lon="4.7319990">
    <ele>418.6</ele>
   </trkpt>
   <trkpt lat="47.2893310" lon="4.7319930">
    <ele>417.6</ele>
   </trkpt>
   <trkpt lat="47.2893680" lon="4.7319810">
    <ele>417.0</ele>
   </trkpt>
   <trkpt lat="47.2894490" lon="4.7319730">
    <ele>415.2</ele>
   </trkpt>
   <trkpt lat="47.2895310" lon="4.7319710">
    <ele>413.8</ele>
   </trkpt>
   <trkpt lat="47.2895690" lon="4.7319680">
    <ele>413.0</ele>
   </trkpt>
   <trkpt lat="47.2896090" lon="4.7319630">
    <ele>412.4</ele>
   </trkpt>
   <trkpt lat="47.2896860" lon="4.7319510">
    <ele>411.2</ele>
   </trkpt>
   <trkpt lat="47.2897270" lon="4.7319460">
    <ele>410.0</ele>
   </trkpt>
   <trkpt lat="47.2898080" lon="4.7319320">
    <ele>408.8</ele>
   </trkpt>
   <trkpt lat="47.2898880" lon="4.7319180">
    <ele>407.4</ele>
   </trkpt>
   <trkpt lat="47.2899640" lon="4.7319100">
    <ele>405.8</ele>
   </trkpt>
   <trkpt lat="47.2900370" lon="4.7318850">
    <ele>404.4</ele>
   </trkpt>
   <trkpt lat="47.2900740" lon="4.7318750">
    <ele>403.6</ele>
   </trkpt>
   <trkpt lat="47.2901120" lon="4.7318630">
    <ele>403.0</ele>
   </trkpt>
   <trkpt lat="47.2901480" lon="4.7318490">
    <ele>402.0</ele>
   </trkpt>
   <trkpt lat="47.2902270" lon="4.7318160">
    <ele>400.8</ele>
   </trkpt>
   <trkpt lat="47.2902710" lon="4.7318060">
    <ele>400.2</ele>
   </trkpt>
   <trkpt lat="47.2903130" lon="4.7317980">
    <ele>399.4</ele>
   </trkpt>
   <trkpt lat="47.2903480" lon="4.7317950">
    <ele>399.0</ele>
   </trkpt>
   <trkpt lat="47.2904000" lon="4.7317870">
    <ele>398.2</ele>
   </trkpt>
   <trkpt lat="47.2904410" lon="4.7317760">
    <ele>397.8</ele>
   </trkpt>
   <trkpt lat="47.2905260" lon="4.7317620">
    <ele>397.2</ele>
   </trkpt>
   <trkpt lat="47.2906120" lon="4.7317380">
    <ele>396.6</ele>
   </trkpt>
   <trkpt lat="47.2906510" lon="4.7317170">
    <ele>396.0</ele>
   </trkpt>
   <trkpt lat="47.2907620" lon="4.7316540">
    <ele>394.4</ele>
   </trkpt>
   <trkpt lat="47.2908720" lon="4.7315980">
    <ele>393.0</ele>
   </trkpt>
   <trkpt lat="47.2909020" lon="4.7315760">
    <ele>392.6</ele>
   </trkpt>
   <trkpt lat="47.2909630" lon="4.7315330">
    <ele>392.2</ele>
   </trkpt>
   <trkpt lat="47.2909920" lon="4.7315100">
    <ele>391.6</ele>
   </trkpt>
   <trkpt lat="47.2910630" lon="4.7314750">
    <ele>390.6</ele>
   </trkpt>
   <trkpt lat="47.2911640" lon="4.7314180">
    <ele>389.4</ele>
   </trkpt>
   <trkpt lat="47.2912680" lon="4.7314370">
    <ele>388.0</ele>
   </trkpt>
   <trkpt lat="47.2912940" lon="4.7314670">
    <ele>387.4</ele>
   </trkpt>
   <trkpt lat="47.2913200" lon="4.7314960">
    <ele>386.8</ele>
   </trkpt>
   <trkpt lat="47.2913720" lon="4.7315700">
    <ele>385.8</ele>
   </trkpt>
   <trkpt lat="47.2914070" lon="4.7316830">
    <ele>384.6</ele>
   </trkpt>
   <trkpt lat="47.2914340" lon="4.7317910">
    <ele>383.4</ele>
   </trkpt>
   <trkpt lat="47.2914430" lon="4.7319010">
    <ele>382.0</ele>
   </trkpt>
   <trkpt lat="47.2914440" lon="4.7320160">
    <ele>381.2</ele>
   </trkpt>
   <trkpt lat="47.2914470" lon="4.7320760">
    <ele>380.2</ele>
   </trkpt>
   <trkpt lat="47.2914540" lon="4.7321930">
    <ele>378.8</ele>
   </trkpt>
   <trkpt lat="47.2914730" lon="4.7323400">
    <ele>377.4</ele>
   </trkpt>
   <trkpt lat="47.2914710" lon="4.7323940">
    <ele>376.4</ele>
   </trkpt>
   <trkpt lat="47.2914660" lon="4.7325640">
    <ele>375.0</ele>
   </trkpt>
   <trkpt lat="47.2914710" lon="4.7326690">
    <ele>374.0</ele>
   </trkpt>
   <trkpt lat="47.2914740" lon="4.7328580">
    <ele>371.8</ele>
   </trkpt>
   <trkpt lat="47.2914770" lon="4.7329220">
    <ele>370.6</ele>
   </trkpt>
   <trkpt lat="47.2914710" lon="4.7329850">
    <ele>369.8</ele>
   </trkpt>
   <trkpt lat="47.2914620" lon="4.7330440">
    <ele>369.2</ele>
   </trkpt>
   <trkpt lat="47.2914400" lon="4.7331530">
    <ele>367.8</ele>
   </trkpt>
   <trkpt lat="47.2914440" lon="4.7332620">
    <ele>367.0</ele>
   </trkpt>
   <trkpt lat="47.2914470" lon="4.7333290">
    <ele>366.4</ele>
   </trkpt>
   <trkpt lat="47.2914390" lon="4.7334360">
    <ele>365.0</ele>
   </trkpt>
   <trkpt lat="47.2914160" lon="4.7335500">
    <ele>364.0</ele>
   </trkpt>
   <trkpt lat="47.2913880" lon="4.7336890">
    <ele>363.0</ele>
   </trkpt>
   <trkpt lat="47.2913930" lon="4.7336850">
    <ele>363.0</ele>
   </trkpt>
   <trkpt lat="47.2914050" lon="4.7336780">
    <ele>363.0</ele>
   </trkpt>
   <trkpt lat="47.2914130" lon="4.7336760">
    <ele>363.0</ele>
   </trkpt>
   <trkpt lat="47.2914940" lon="4.7337920">
    <ele>362.2</ele>
   </trkpt>
   <trkpt lat="47.2915440" lon="4.7339490">
    <ele>363.0</ele>
   </trkpt>
   <trkpt lat="47.2915890" lon="4.7341070">
    <ele>364.0</ele>
   </trkpt>
   <trkpt lat="47.2916060" lon="4.7342320">
    <ele>365.4</ele>
   </trkpt>
   <trkpt lat="47.2916160" lon="4.7342680">
    <ele>366.0</ele>
   </trkpt>
   <trkpt lat="47.2916230" lon="4.7343080">
    <ele>366.8</ele>
   </trkpt>
   <trkpt lat="47.2916430" lon="4.7344210">
    <ele>368.2</ele>
   </trkpt>
   <trkpt lat="47.2916600" lon="4.7344470">
    <ele>368.6</ele>
   </trkpt>
   <trkpt lat="47.2916950" lon="4.7344860">
    <ele>369.6</ele>
   </trkpt>
   <trkpt lat="47.2917080" lon="4.7344790">
    <ele>370.0</ele>
   </trkpt>
   <trkpt lat="47.2917320" lon="4.7344650">
    <ele>370.8</ele>
   </trkpt>
   <trkpt lat="47.2917730" lon="4.7344830">
    <ele>372.0</ele>
   </trkpt>
   <trkpt lat="47.2917810" lon="4.7344920">
    <ele>372.6</ele>
   </trkpt>
   <trkpt lat="47.2918030" lon="4.7345040">
    <ele>373.2</ele>
   </trkpt>
   <trkpt lat="47.2918340" lon="4.7345420">
    <ele>374.4</ele>
   </trkpt>
   <trkpt lat="47.2918640" lon="4.7345530">
    <ele>375.2</ele>
   </trkpt>
   <trkpt lat="47.2918790" lon="4.7345400">
    <ele>375.8</ele>
   </trkpt>
   <trkpt lat="47.2918940" lon="4.7345320">
    <ele>376.2</ele>
   </trkpt>
   <trkpt lat="47.2919090" lon="4.7345340">
    <ele>376.8</ele>
   </trkpt>
   <trkpt lat="47.2919430" lon="4.7345420">
    <ele>378.0</ele>
   </trkpt>
   <trkpt lat="47.2919720" lon="4.7345470">
    <ele>378.8</ele>
   </trkpt>
   <trkpt lat="47.2919860" lon="4.7345550">
    <ele>379.2</ele>
   </trkpt>
   <trkpt lat="47.2920170" lon="4.7345710">
    <ele>380.2</ele>
   </trkpt>
   <trkpt lat="47.2920480" lon="4.7345870">
    <ele>381.2</ele>
   </trkpt>
   <trkpt lat="47.2920560" lon="4.7345910">
    <ele>381.6</ele>
   </trkpt>
   <trkpt lat="47.2921240" lon="4.7346180">
    <ele>383.0</ele>
   </trkpt>
   <trkpt lat="47.2921390" lon="4.7346230">
    <ele>383.8</ele>
   </trkpt>
   <trkpt lat="47.2921480" lon="4.7346260">
    <ele>384.0</ele>
   </trkpt>
   <trkpt lat="47.2921570" lon="4.7346300">
    <ele>384.0</ele>
   </trkpt>
   <trkpt lat="47.2921930" lon="4.7346280">
    <ele>385.4</ele>
   </trkpt>
   <trkpt lat="47.2922230" lon="4.7346410">
    <ele>386.2</ele>
   </trkpt>
   <trkpt lat="47.2922350" lon="4.7346420">
    <ele>386.6</ele>
   </trkpt>
   <trkpt lat="47.2922970" lon="4.7346670">
    <ele>387.6</ele>
   </trkpt>
   <trkpt lat="47.2923700" lon="4.7347110">
    <ele>388.6</ele>
   </trkpt>
   <trkpt lat="47.2924550" lon="4.7347460">
    <ele>389.4</ele>
   </trkpt>
   <trkpt lat="47.2924780" lon="4.7347470">
    <ele>389.8</ele>
   </trkpt>
   <trkpt lat="47.2924970" lon="4.7347420">
    <ele>390.0</ele>
   </trkpt>
   <trkpt lat="47.2924780" lon="4.7346970">
    <ele>390.8</ele>
   </trkpt>
   <trkpt lat="47.2924680" lon="4.7346370">
    <ele>391.2</ele>
   </trkpt>
   <trkpt lat="47.2924950" lon="4.7346100">
    <ele>391.6</ele>
   </trkpt>
   <trkpt lat="47.2925180" lon="4.7345990">
    <ele>391.8</ele>
   </trkpt>
   <trkpt lat="47.2925600" lon="4.7345850">
    <ele>392.2</ele>
   </trkpt>
   <trkpt lat="47.2926310" lon="4.7345740">
    <ele>392.6</ele>
   </trkpt>
   <trkpt lat="47.2926580" lon="4.7345370">
    <ele>393.0</ele>
   </trkpt>
   <trkpt lat="47.2927200" lon="4.7344570">
    <ele>393.8</ele>
   </trkpt>
   <trkpt lat="47.2927480" lon="4.7344040">
    <ele>394.2</ele>
   </trkpt>
   <trkpt lat="47.2928200" lon="4.7342750">
    <ele>395.2</ele>
   </trkpt>
   <trkpt lat="47.2928540" lon="4.7342310">
    <ele>395.6</ele>
   </trkpt>
   <trkpt lat="47.2929150" lon="4.7341990">
    <ele>396.4</ele>
   </trkpt>
   <trkpt lat="47.2929600" lon="4.7342090">
    <ele>397.2</ele>
   </trkpt>
   <trkpt lat="47.2930140" lon="4.7342260">
    <ele>397.6</ele>
   </trkpt>
   <trkpt lat="47.2931330" lon="4.7342300">
    <ele>398.6</ele>
   </trkpt>
   <trkpt lat="47.2931550" lon="4.7342340">
    <ele>398.8</ele>
   </trkpt>
   <trkpt lat="47.2932560" lon="4.7342630">
    <ele>399.8</ele>
   </trkpt>
   <trkpt lat="47.2932770" lon="4.7342680">
    <ele>400.0</ele>
   </trkpt>
   <trkpt lat="47.2934070" lon="4.7342860">
    <ele>401.2</ele>
   </trkpt>
   <trkpt lat="47.2935200" lon="4.7342530">
    <ele>402.8</ele>
   </trkpt>
   <trkpt lat="47.2935400" lon="4.7342480">
    <ele>403.2</ele>
   </trkpt>
   <trkpt lat="47.2935800" lon="4.7342350">
    <ele>403.8</ele>
   </trkpt>
   <trkpt lat="47.2936130" lon="4.7342010">
    <ele>404.8</ele>
   </trkpt>
   <trkpt lat="47.2936260" lon="4.7341870">
    <ele>404.8</ele>
   </trkpt>
   <trkpt lat="47.2936990" lon="4.7341020">
    <ele>406.0</ele>
   </trkpt>
   <trkpt lat="47.2937420" lon="4.7340360">
    <ele>406.6</ele>
   </trkpt>
   <trkpt lat="47.2937650" lon="4.7339830">
    <ele>407.0</ele>
   </trkpt>
   <trkpt lat="47.2938140" lon="4.7338890">
    <ele>408.0</ele>
   </trkpt>
   <trkpt lat="47.2938460" lon="4.7338370">
    <ele>408.4</ele>
   </trkpt>
   <trkpt lat="47.2938980" lon="4.7337350">
    <ele>409.2</ele>
   </trkpt>
   <trkpt lat="47.2939260" lon="4.7336840">
    <ele>409.6</ele>
   </trkpt>
   <trkpt lat="47.2939670" lon="4.7336050">
    <ele>410.2</ele>
   </trkpt>
   <trkpt lat="47.2940590" lon="4.7334680">
    <ele>411.4</ele>
   </trkpt>
   <trkpt lat="47.2940750" lon="4.7334450">
    <ele>411.4</ele>
   </trkpt>
   <trkpt lat="47.2941580" lon="4.7333360">
    <ele>412.4</ele>
   </trkpt>
   <trkpt lat="47.2942470" lon="4.7332490">
    <ele>413.4</ele>
   </trkpt>
   <trkpt lat="47.2943650" lon="4.7331750">
    <ele>414.6</ele>
   </trkpt>
   <trkpt lat="47.2943870" lon="4.7331660">
    <ele>414.8</ele>
   </trkpt>
   <trkpt lat="47.2944850" lon="4.7331170">
    <ele>415.8</ele>
   </trkpt>
   <trkpt lat="47.2945400" lon="4.7330900">
    <ele>416.4</ele>
   </trkpt>
   <trkpt lat="47.2945970" lon="4.7330610">
    <ele>416.8</ele>
   </trkpt>
   <trkpt lat="47.2947020" lon="4.7330220">
    <ele>418.2</ele>
   </trkpt>
   <trkpt lat="47.2947470" lon="4.7330180">
    <ele>418.8</ele>
   </trkpt>
   <trkpt lat="47.2948200" lon="4.7330200">
    <ele>419.4</ele>
   </trkpt>
   <trkpt lat="47.2949400" lon="4.7330220">
    <ele>420.6</ele>
   </trkpt>
   <trkpt lat="47.2950020" lon="4.7330260">
    <ele>421.8</ele>
   </trkpt>
   <trkpt lat="47.2950370" lon="4.7330270">
    <ele>422.4</ele>
   </trkpt>
   <trkpt lat="47.2950920" lon="4.7330430">
    <ele>423.2</ele>
   </trkpt>
   <trkpt lat="47.2951590" lon="4.7331050">
    <ele>424.4</ele>
   </trkpt>
   <trkpt lat="47.2952110" lon="4.7331710">
    <ele>425.4</ele>
   </trkpt>
   <trkpt lat="47.2952700" lon="4.7332490">
    <ele>426.6</ele>
   </trkpt>
   <trkpt lat="47.2953330" lon="4.7333090">
    <ele>427.8</ele>
   </trkpt>
   <trkpt lat="47.2954220" lon="4.7333710">
    <ele>429.0</ele>
   </trkpt>
   <trkpt lat="47.2954390" lon="4.7333830">
    <ele>429.2</ele>
   </trkpt>
   <trkpt lat="47.2954790" lon="4.7334280">
    <ele>430.0</ele>
   </trkpt>
   <trkpt lat="47.2954890" lon="4.7334400">
    <ele>430.0</ele>
   </trkpt>
   <trkpt lat="47.2955010" lon="4.7334490">
    <ele>430.2</ele>
   </trkpt>
   <trkpt lat="47.2955850" lon="4.7335030">
    <ele>431.0</ele>
   </trkpt>
   <trkpt lat="47.2956160" lon="4.7335220">
    <ele>431.2</ele>
   </trkpt>
   <trkpt lat="47.2956810" lon="4.7335430">
    <ele>432.2</ele>
   </trkpt>
   <trkpt lat="47.2957230" lon="4.7335650">
    <ele>432.6</ele>
   </trkpt>
   <trkpt lat="47.2957360" lon="4.7335710">
    <ele>432.8</ele>
   </trkpt>
   <trkpt lat="47.2957850" lon="4.7335910">
    <ele>433.4</ele>
   </trkpt>
   <trkpt lat="47.2958640" lon="4.7336230">
    <ele>434.4</ele>
   </trkpt>
   <trkpt lat="47.2959140" lon="4.7336420">
    <ele>435.0</ele>
   </trkpt>
   <trkpt lat="47.2959640" lon="4.7336620">
    <ele>435.6</ele>
   </trkpt>
   <trkpt lat="47.2960520" lon="4.7336910">
    <ele>436.6</ele>
   </trkpt>
   <trkpt lat="47.2960840" lon="4.7336960">
    <ele>437.0</ele>
   </trkpt>
   <trkpt lat="47.2961420" lon="4.7337350">
    <ele>437.8</ele>
   </trkpt>
   <trkpt lat="47.2962070" lon="4.7337600">
    <ele>438.8</ele>
   </trkpt>
   <trkpt lat="47.2962240" lon="4.7337640">
    <ele>438.8</ele>
   </trkpt>
   <trkpt lat="47.2962390" lon="4.7337730">
    <ele>439.0</ele>
   </trkpt>
   <trkpt lat="47.2963280" lon="4.7337950">
    <ele>440.0</ele>
   </trkpt>
   <trkpt lat="47.2963760" lon="4.7338110">
    <ele>440.8</ele>
   </trkpt>
   <trkpt lat="47.2964070" lon="4.7338160">
    <ele>441.2</ele>
   </trkpt>
   <trkpt lat="47.2964670" lon="4.7338350">
    <ele>442.4</ele>
   </trkpt>
   <trkpt lat="47.2965120" lon="4.7338510">
    <ele>443.2</ele>
   </trkpt>
   <trkpt lat="47.2965270" lon="4.7338560">
    <ele>443.6</ele>
   </trkpt>
   <trkpt lat="47.2966060" lon="4.7339020">
    <ele>444.8</ele>
   </trkpt>
   <trkpt lat="47.2966390" lon="4.7339440">
    <ele>445.2</ele>
   </trkpt>
   <trkpt lat="47.2966690" lon="4.7340000">
    <ele>445.8</ele>
   </trkpt>
   <trkpt lat="47.2967210" lon="4.7340930">
    <ele>447.0</ele>
   </trkpt>
   <trkpt lat="47.2967290" lon="4.7341120">
    <ele>447.2</ele>
   </trkpt>
   <trkpt lat="47.2967520" lon="4.7341720">
    <ele>448.0</ele>
   </trkpt>
   <trkpt lat="47.2967770" lon="4.7342790">
    <ele>449.4</ele>
   </trkpt>
   <trkpt lat="47.2967800" lon="4.7343220">
    <ele>449.8</ele>
   </trkpt>
   <trkpt lat="47.2967960" lon="4.7343760">
    <ele>450.6</ele>
   </trkpt>
   <trkpt lat="47.2968030" lon="4.7344480">
    <ele>451.6</ele>
   </trkpt>
   <trkpt lat="47.2968240" lon="4.7345530">
    <ele>453.0</ele>
   </trkpt>
   <trkpt lat="47.2968190" lon="4.7346280">
    <ele>453.6</ele>
   </trkpt>
   <trkpt lat="47.2968190" lon="4.7346470">
    <ele>453.8</ele>
   </trkpt>
   <trkpt lat="47.2968240" lon="4.7346640">
    <ele>454.0</ele>
   </trkpt>
   <trkpt lat="47.2968330" lon="4.7347410">
    <ele>455.0</ele>
   </trkpt>
   <trkpt lat="47.2968380" lon="4.7348430">
    <ele>456.2</ele>
   </trkpt>
   <trkpt lat="47.2968470" lon="4.7349250">
    <ele>457.2</ele>
   </trkpt>
   <trkpt lat="47.2968530" lon="4.7349380">
    <ele>457.6</ele>
   </trkpt>
   <trkpt lat="47.2968730" lon="4.7349870">
    <ele>458.8</ele>
   </trkpt>
   <trkpt lat="47.2968830" lon="4.7350040">
    <ele>459.0</ele>
   </trkpt>
   <trkpt lat="47.2969120" lon="4.7350710">
    <ele>459.8</ele>
   </trkpt>
   <trkpt lat="47.2969300" lon="4.7351140">
    <ele>460.6</ele>
   </trkpt>
   <trkpt lat="47.2969370" lon="4.7351280">
    <ele>461.0</ele>
   </trkpt>
   <trkpt lat="47.2969790" lon="4.7351690">
    <ele>462.2</ele>
   </trkpt>
   <trkpt lat="47.2969900" lon="4.7351830">
    <ele>462.4</ele>
   </trkpt>
   <trkpt lat="47.2970070" lon="4.7352260">
    <ele>463.2</ele>
   </trkpt>
   <trkpt lat="47.2970380" lon="4.7352840">
    <ele>464.4</ele>
   </trkpt>
   <trkpt lat="47.2970450" lon="4.7352960">
    <ele>464.6</ele>
   </trkpt>
   <trkpt lat="47.2970690" lon="4.7353470">
    <ele>465.6</ele>
   </trkpt>
   <trkpt lat="47.2970740" lon="4.7353590">
    <ele>465.8</ele>
   </trkpt>
   <trkpt lat="47.2970860" lon="4.7353820">
    <ele>466.6</ele>
   </trkpt>
   <trkpt lat="47.2971250" lon="4.7354340">
    <ele>468.0</ele>
   </trkpt>
   <trkpt lat="47.2971320" lon="4.7354590">
    <ele>468.6</ele>
   </trkpt>
   <trkpt lat="47.2971480" lon="4.7355060">
    <ele>469.0</ele>
   </trkpt>
   <trkpt lat="47.2971750" lon="4.7355560">
    <ele>470.0</ele>
   </trkpt>
   <trkpt lat="47.2971800" lon="4.7355760">
    <ele>470.2</ele>
   </trkpt>
   <trkpt lat="47.2971850" lon="4.7356320">
    <ele>471.0</ele>
   </trkpt>
   <trkpt lat="47.2971890" lon="4.7356510">
    <ele>471.2</ele>
   </trkpt>
   <trkpt lat="47.2971950" lon="4.7356870">
    <ele>472.0</ele>
   </trkpt>
   <trkpt lat="47.2971960" lon="4.7356990">
    <ele>472.2</ele>
   </trkpt>
   <trkpt lat="47.2972040" lon="4.7357270">
    <ele>472.6</ele>
   </trkpt>
   <trkpt lat="47.2972380" lon="4.7357560">
    <ele>473.2</ele>
   </trkpt>
   <trkpt lat="47.2972550" lon="4.7358170">
    <ele>474.4</ele>
   </trkpt>
   <trkpt lat="47.2972450" lon="4.7358760">
    <ele>475.2</ele>
   </trkpt>
   <trkpt lat="47.2972310" lon="4.7359150">
    <ele>475.4</ele>
   </trkpt>
   <trkpt lat="47.2972350" lon="4.7359320">
    <ele>475.6</ele>
   </trkpt>
   <trkpt lat="47.2972480" lon="4.7359920">
    <ele>476.2</ele>
   </trkpt>
   <trkpt lat="47.2972560" lon="4.7360210">
    <ele>476.6</ele>
   </trkpt>
   <trkpt lat="47.2972820" lon="4.7360650">
    <ele>477.8</ele>
   </trkpt>
   <trkpt lat="47.2972880" lon="4.7360730">
    <ele>478.0</ele>
   </trkpt>
   <trkpt lat="47.2973220" lon="4.7361150">
    <ele>479.0</ele>
   </trkpt>
   <trkpt lat="47.2973410" lon="4.7361430">
    <ele>479.8</ele>
   </trkpt>
   <trkpt lat="47.2973460" lon="4.7361550">
    <ele>480.2</ele>
   </trkpt>
   <trkpt lat="47.2973610" lon="4.7361840">
    <ele>481.2</ele>
   </trkpt>
   <trkpt lat="47.2973820" lon="4.7361950">
    <ele>482.2</ele>
   </trkpt>
   <trkpt lat="47.2973920" lon="4.7361980">
    <ele>482.6</ele>
   </trkpt>
   <trkpt lat="47.2973990" lon="4.7362000">
    <ele>482.8</ele>
   </trkpt>
   <trkpt lat="47.2974400" lon="4.7362350">
    <ele>483.6</ele>
   </trkpt>
   <trkpt lat="47.2974450" lon="4.7362400">
    <ele>484.0</ele>
   </trkpt>
   <trkpt lat="47.2974630" lon="4.7362510">
    <ele>484.6</ele>
   </trkpt>
   <trkpt lat="47.2975000" lon="4.7362760">
    <ele>485.6</ele>
   </trkpt>
   <trkpt lat="47.2975190" lon="4.7362880">
    <ele>485.8</ele>
   </trkpt>
   <trkpt lat="47.2975680" lon="4.7363900">
    <ele>487.0</ele>
   </trkpt>
   <trkpt lat="47.2975660" lon="4.7364020">
    <ele>487.2</ele>
   </trkpt>
   <trkpt lat="47.2975660" lon="4.7364180">
    <ele>487.6</ele>
   </trkpt>
   <trkpt lat="47.2975760" lon="4.7364470">
    <ele>488.2</ele>
   </trkpt>
   <trkpt lat="47.2975710" lon="4.7364750">
    <ele>489.0</ele>
   </trkpt>
   <trkpt lat="47.2975680" lon="4.7364920">
    <ele>489.2</ele>
   </trkpt>
   <trkpt lat="47.2975750" lon="4.7365350">
    <ele>489.8</ele>
   </trkpt>
   <trkpt lat="47.2975730" lon="4.7365910">
    <ele>490.6</ele>
   </trkpt>
   <trkpt lat="47.2975490" lon="4.7366580">
    <ele>491.8</ele>
   </trkpt>
   <trkpt lat="47.2975370" lon="4.7366780">
    <ele>492.2</ele>
   </trkpt>
   <trkpt lat="47.2975300" lon="4.7367060">
    <ele>492.8</ele>
   </trkpt>
   <trkpt lat="47.2975120" lon="4.7367410">
    <ele>493.6</ele>
   </trkpt>
   <trkpt lat="47.2975040" lon="4.7367530">
    <ele>494.0</ele>
   </trkpt>
   <trkpt lat="47.2974810" lon="4.7368060">
    <ele>495.0</ele>
   </trkpt>
   <trkpt lat="47.2974680" lon="4.7368370">
    <ele>495.8</ele>
   </trkpt>
   <trkpt lat="47.2974630" lon="4.7368670">
    <ele>496.2</ele>
   </trkpt>
   <trkpt lat="47.2974410" lon="4.7369240">
    <ele>497.4</ele>
   </trkpt>
   <trkpt lat="47.2974370" lon="4.7369440">
    <ele>498.0</ele>
   </trkpt>
   <trkpt lat="47.2974360" lon="4.7369780">
    <ele>498.8</ele>
   </trkpt>
   <trkpt lat="47.2974170" lon="4.7370620">
    <ele>500.0</ele>
   </trkpt>
   <trkpt lat="47.2973950" lon="4.7371210">
    <ele>501.2</ele>
   </trkpt>
   <trkpt lat="47.2973720" lon="4.7371670">
    <ele>502.0</ele>
   </trkpt>
   <trkpt lat="47.2973630" lon="4.7371800">
    <ele>502.2</ele>
   </trkpt>
   <trkpt lat="47.2973310" lon="4.7372560">
    <ele>503.4</ele>
   </trkpt>
   <trkpt lat="47.2973240" lon="4.7373050">
    <ele>504.2</ele>
   </trkpt>
   <trkpt lat="47.2973160" lon="4.7373250">
    <ele>504.4</ele>
   </trkpt>
   <trkpt lat="47.2972880" lon="4.7373780">
    <ele>506.0</ele>
   </trkpt>
   <trkpt lat="47.2972820" lon="4.7374020">
    <ele>506.6</ele>
   </trkpt>
   <trkpt lat="47.2972720" lon="4.7374360">
    <ele>507.0</ele>
   </trkpt>
   <trkpt lat="47.2972480" lon="4.7375110">
    <ele>508.2</ele>
   </trkpt>
   <trkpt lat="47.2972300" lon="4.7375940">
    <ele>509.2</ele>
   </trkpt>
   <trkpt lat="47.2972300" lon="4.7376000">
    <ele>509.6</ele>
   </trkpt>
   <trkpt lat="47.2972250" lon="4.7376410">
    <ele>510.4</ele>
   </trkpt>
   <trkpt lat="47.2972230" lon="4.7376510">
    <ele>510.8</ele>
   </trkpt>
   <trkpt lat="47.2972130" lon="4.7376730">
    <ele>511.4</ele>
   </trkpt>
   <trkpt lat="47.2972070" lon="4.7376770">
    <ele>511.6</ele>
   </trkpt>
   <trkpt lat="47.2972110" lon="4.7377240">
    <ele>512.8</ele>
   </trkpt>
   <trkpt lat="47.2972290" lon="4.7377370">
    <ele>513.2</ele>
   </trkpt>
   <trkpt lat="47.2972640" lon="4.7377850">
    <ele>513.8</ele>
   </trkpt>
   <trkpt lat="47.2973140" lon="4.7378540">
    <ele>514.8</ele>
   </trkpt>
   <trkpt lat="47.2973200" lon="4.7378650">
    <ele>515.2</ele>
   </trkpt>
   <trkpt lat="47.2973330" lon="4.7378830">
    <ele>515.6</ele>
   </trkpt>
   <trkpt lat="47.2973480" lon="4.7379380">
    <ele>516.2</ele>
   </trkpt>
   <trkpt lat="47.2973530" lon="4.7379620">
    <ele>516.4</ele>
   </trkpt>
   <trkpt lat="47.2973730" lon="4.7380190">
    <ele>517.2</ele>
   </trkpt>
   <trkpt lat="47.2973730" lon="4.7380540">
    <ele>517.4</ele>
   </trkpt>
   <trkpt lat="47.2973630" lon="4.7381380">
    <ele>517.8</ele>
   </trkpt>
   <trkpt lat="47.2973370" lon="4.7382320">
    <ele>518.2</ele>
   </trkpt>
   <trkpt lat="47.2973340" lon="4.7382490">
    <ele>518.4</ele>
   </trkpt>
   <trkpt lat="47.2973070" lon="4.7384900">
    <ele>519.2</ele>
   </trkpt>
   <trkpt lat="47.2972930" lon="4.7385340">
    <ele>519.4</ele>
   </trkpt>
   <trkpt lat="47.2972740" lon="4.7386690">
    <ele>520.0</ele>
   </trkpt>
   <trkpt lat="47.2972580" lon="4.7386820">
    <ele>520.2</ele>
   </trkpt>
   <trkpt lat="47.2972580" lon="4.7387000">
    <ele>520.4</ele>
   </trkpt>
   <trkpt lat="47.2972590" lon="4.7387810">
    <ele>520.6</ele>
   </trkpt>
   <trkpt lat="47.2972700" lon="4.7388400">
    <ele>520.8</ele>
   </trkpt>
   <trkpt lat="47.2972530" lon="4.7391020">
    <ele>521.2</ele>
   </trkpt>
   <trkpt lat="47.2972270" lon="4.7393640">
    <ele>521.4</ele>
   </trkpt>
   <trkpt lat="47.2972330" lon="4.7394060">
    <ele>521.4</ele>
   </trkpt>
   <trkpt lat="47.2972460" lon="4.7395700">
    <ele>521.6</ele>
   </trkpt>
   <trkpt lat="47.2972320" lon="4.7396480">
    <ele>521.6</ele>
   </trkpt>
   <trkpt lat="47.2971910" lon="4.7397160">
    <ele>521.6</ele>
   </trkpt>
   <trkpt lat="47.2971680" lon="4.7398050">
    <ele>521.6</ele>
   </trkpt>
   <trkpt lat="47.2971550" lon="4.7399040">
    <ele>521.8</ele>
   </trkpt>
   <trkpt lat="47.2971540" lon="4.7400280">
    <ele>521.8</ele>
   </trkpt>
   <trkpt lat="47.2971300" lon="4.7402460">
    <ele>522.6</ele>
   </trkpt>
   <trkpt lat="47.2971280" lon="4.7403480">
    <ele>522.8</ele>
   </trkpt>
   <trkpt lat="47.2971420" lon="4.7405590">
    <ele>523.4</ele>
   </trkpt>
   <trkpt lat="47.2971390" lon="4.7406200">
    <ele>523.8</ele>
   </trkpt>
   <trkpt lat="47.2970960" lon="4.7407120">
    <ele>524.0</ele>
   </trkpt>
   <trkpt lat="47.2970590" lon="4.7409270">
    <ele>524.2</ele>
   </trkpt>
   <trkpt lat="47.2969670" lon="4.7411010">
    <ele>524.4</ele>
   </trkpt>
   <trkpt lat="47.2969470" lon="4.7411650">
    <ele>524.2</ele>
   </trkpt>
   <trkpt lat="47.2969460" lon="4.7414590">
    <ele>524.2</ele>
   </trkpt>
   <trkpt lat="47.2969310" lon="4.7417330">
    <ele>524.0</ele>
   </trkpt>
   <trkpt lat="47.2969300" lon="4.7418310">
    <ele>524.0</ele>
   </trkpt>
   <trkpt lat="47.2968740" lon="4.7421190">
    <ele>524.2</ele>
   </trkpt>
   <trkpt lat="47.2968070" lon="4.7423530">
    <ele>524.0</ele>
   </trkpt>
   <trkpt lat="47.2967790" lon="4.7425640">
    <ele>524.0</ele>
   </trkpt>
   <trkpt lat="47.2967730" lon="4.7427530">
    <ele>524.2</ele>
   </trkpt>
   <trkpt lat="47.2967850" lon="4.7427890">
    <ele>524.2</ele>
   </trkpt>
   <trkpt lat="47.2967800" lon="4.7429270">
    <ele>524.8</ele>
   </trkpt>
   <trkpt lat="47.2967400" lon="4.7430220">
    <ele>525.6</ele>
   </trkpt>
   <trkpt lat="47.2967380" lon="4.7430440">
    <ele>526.0</ele>
   </trkpt>
   <trkpt lat="47.2967300" lon="4.7430900">
    <ele>526.4</ele>
   </trkpt>
   <trkpt lat="47.2967160" lon="4.7431310">
    <ele>527.0</ele>
   </trkpt>
   <trkpt lat="47.2967130" lon="4.7431460">
    <ele>528.2</ele>
   </trkpt>
   <trkpt lat="47.2967100" lon="4.7431540">
    <ele>529.0</ele>
   </trkpt>
   <trkpt lat="47.2967110" lon="4.7431550">
    <ele>529.2</ele>
   </trkpt>
   <trkpt lat="47.2967220" lon="4.7431850">
    <ele>530.4</ele>
   </trkpt>
   <trkpt lat="47.2967440" lon="4.7432480">
    <ele>531.2</ele>
   </trkpt>
   <trkpt lat="47.2967470" lon="4.7432510">
    <ele>531.6</ele>
   </trkpt>
   <trkpt lat="47.2967670" lon="4.7432920">
    <ele>532.8</ele>
   </trkpt>
   <trkpt lat="47.2967780" lon="4.7433040">
    <ele>533.2</ele>
   </trkpt>
   <trkpt lat="47.2967880" lon="4.7433140">
    <ele>533.4</ele>
   </trkpt>
   <trkpt lat="47.2967950" lon="4.7433180">
    <ele>533.8</ele>
   </trkpt>
   <trkpt lat="47.2968210" lon="4.7433710">
    <ele>534.4</ele>
   </trkpt>
   <trkpt lat="47.2968290" lon="4.7433870">
    <ele>534.8</ele>
   </trkpt>
   <trkpt lat="47.2968320" lon="4.7433970">
    <ele>535.0</ele>
   </trkpt>
   <trkpt lat="47.2968520" lon="4.7434420">
    <ele>536.2</ele>
   </trkpt>
   <trkpt lat="47.2968790" lon="4.7434740">
    <ele>537.0</ele>
   </trkpt>
   <trkpt lat="47.2968880" lon="4.7434840">
    <ele>537.0</ele>
   </trkpt>
   <trkpt lat="47.2968950" lon="4.7434930">
    <ele>537.4</ele>
   </trkpt>
   <trkpt lat="47.2969170" lon="4.7435130">
    <ele>538.6</ele>
   </trkpt>
   <trkpt lat="47.2969360" lon="4.7435080">
    <ele>539.2</ele>
   </trkpt>
   <trkpt lat="47.2969430" lon="4.7435050">
    <ele>539.6</ele>
   </trkpt>
   <trkpt lat="47.2969670" lon="4.7435400">
    <ele>540.6</ele>
   </trkpt>
   <trkpt lat="47.2969820" lon="4.7435380">
    <ele>541.8</ele>
   </trkpt>
   <trkpt lat="47.2969950" lon="4.7435510">
    <ele>542.0</ele>
   </trkpt>
   <trkpt lat="47.2970190" lon="4.7435570">
    <ele>543.0</ele>
   </trkpt>
   <trkpt lat="47.2970440" lon="4.7435240">
    <ele>543.8</ele>
   </trkpt>
   <trkpt lat="47.2970510" lon="4.7435090">
    <ele>544.0</ele>
   </trkpt>
   <trkpt lat="47.2970830" lon="4.7434710">
    <ele>544.6</ele>
   </trkpt>
   <trkpt lat="47.2971190" lon="4.7434610">
    <ele>545.2</ele>
   </trkpt>
   <trkpt lat="47.2971670" lon="4.7434830">
    <ele>545.8</ele>
   </trkpt>
   <trkpt lat="47.2972060" lon="4.7434970">
    <ele>546.4</ele>
   </trkpt>
   <trkpt lat="47.2973000" lon="4.7435150">
    <ele>547.0</ele>
   </trkpt>
   <trkpt lat="47.2973600" lon="4.7435260">
    <ele>547.4</ele>
   </trkpt>
   <trkpt lat="47.2974350" lon="4.7435570">
    <ele>548.0</ele>
   </trkpt>
   <trkpt lat="47.2974740" lon="4.7435560">
    <ele>548.4</ele>
   </trkpt>
   <trkpt lat="47.2975820" lon="4.7435830">
    <ele>549.6</ele>
   </trkpt>
   <trkpt lat="47.2976440" lon="4.7435880">
    <ele>550.0</ele>
   </trkpt>
   <trkpt lat="47.2978250" lon="4.7435850">
    <ele>550.6</ele>
   </trkpt>
   <trkpt lat="47.2978610" lon="4.7435880">
    <ele>550.6</ele>
   </trkpt>
   <trkpt lat="47.2978960" lon="4.7436060">
    <ele>550.6</ele>
   </trkpt>
   <trkpt lat="47.2980370" lon="4.7437430">
    <ele>551.2</ele>
   </trkpt>
   <trkpt lat="47.2981130" lon="4.7437980">
    <ele>551.6</ele>
   </trkpt>
   <trkpt lat="47.2982860" lon="4.7438870">
    <ele>551.8</ele>
   </trkpt>
   <trkpt lat="47.2984330" lon="4.7439890">
    <ele>552.0</ele>
   </trkpt>
   <trkpt lat="47.2984820" lon="4.7440100">
    <ele>552.2</ele>
   </trkpt>
   <trkpt lat="47.2986240" lon="4.7441230">
    <ele>552.6</ele>
   </trkpt>
   <trkpt lat="47.2986730" lon="4.7441580">
    <ele>552.6</ele>
   </trkpt>
   <trkpt lat="47.2986930" lon="4.7441830">
    <ele>552.6</ele>
   </trkpt>
   <trkpt lat="47.2988250" lon="4.7443560">
    <ele>552.6</ele>
   </trkpt>
   <trkpt lat="47.2988850" lon="4.7444220">
    <ele>552.6</ele>
   </trkpt>
   <trkpt lat="47.2989010" lon="4.7445020">
    <ele>552.6</ele>
   </trkpt>
   <trkpt lat="47.2988770" lon="4.7446540">
    <ele>553.2</ele>
   </trkpt>
   <trkpt lat="47.2987980" lon="4.7448050">
    <ele>554.0</ele>
   </trkpt>
   <trkpt lat="47.2987140" lon="4.7448980">
    <ele>554.8</ele>
   </trkpt>
   <trkpt lat="47.2986720" lon="4.7449260">
    <ele>555.0</ele>
   </trkpt>
   <trkpt lat="47.2985410" lon="4.7450220">
    <ele>555.8</ele>
   </trkpt>
   <trkpt lat="47.2985190" lon="4.7450380">
    <ele>556.4</ele>
   </trkpt>
   <trkpt lat="47.2983760" lon="4.7450920">
    <ele>557.2</ele>
   </trkpt>
   <trkpt lat="47.2983220" lon="4.7450990">
    <ele>557.6</ele>
   </trkpt>
   <trkpt lat="47.2981390" lon="4.7450530">
    <ele>558.2</ele>
   </trkpt>
   <trkpt lat="47.2980840" lon="4.7450250">
    <ele>558.4</ele>
   </trkpt>
   <trkpt lat="47.2980050" lon="4.7449900">
    <ele>558.6</ele>
   </trkpt>
   <trkpt lat="47.2978840" lon="4.7449890">
    <ele>559.0</ele>
   </trkpt>
   <trkpt lat="47.2978170" lon="4.7451390">
    <ele>559.4</ele>
   </trkpt>
   <trkpt lat="47.2978490" lon="4.7453810">
    <ele>559.2</ele>
   </trkpt>
   <trkpt lat="47.2978620" lon="4.7454350">
    <ele>559.0</ele>
   </trkpt>
   <trkpt lat="47.2978900" lon="4.7456340">
    <ele>558.6</ele>
   </trkpt>
   <trkpt lat="47.2979130" lon="4.7458240">
    <ele>558.6</ele>
   </trkpt>
   <trkpt lat="47.2979670" lon="4.7460330">
    <ele>558.4</ele>
   </trkpt>
   <trkpt lat="47.2979900" lon="4.7463240">
    <ele>558.4</ele>
   </trkpt>
   <trkpt lat="47.2980070" lon="4.7465760">
    <ele>557.8</ele>
   </trkpt>
   <trkpt lat="47.2980080" lon="4.7466220">
    <ele>557.8</ele>
   </trkpt>
   <trkpt lat="47.2979650" lon="4.7468170">
    <ele>557.6</ele>
   </trkpt>
   <trkpt lat="47.2979460" lon="4.7468780">
    <ele>557.6</ele>
   </trkpt>
   <trkpt lat="47.2978950" lon="4.7470990">
    <ele>557.2</ele>
   </trkpt>
   <trkpt lat="47.2978910" lon="4.7473500">
    <ele>556.4</ele>
   </trkpt>
   <trkpt lat="47.2978890" lon="4.7474000">
    <ele>556.4</ele>
   </trkpt>
   <trkpt lat="47.2978820" lon="4.7476350">
    <ele>555.8</ele>
   </trkpt>
   <trkpt lat="47.2978650" lon="4.7477630">
    <ele>555.6</ele>
   </trkpt>
   <trkpt lat="47.2978590" lon="4.7478230">
    <ele>555.4</ele>
   </trkpt>
   <trkpt lat="47.2978480" lon="4.7480540">
    <ele>554.8</ele>
   </trkpt>
   <trkpt lat="47.2979210" lon="4.7483360">
    <ele>554.4</ele>
   </trkpt>
   <trkpt lat="47.2979330" lon="4.7483770">
    <ele>554.4</ele>
   </trkpt>
   <trkpt lat="47.2980000" lon="4.7486230">
    <ele>554.0</ele>
   </trkpt>
   <trkpt lat="47.2979960" lon="4.7487120">
    <ele>553.8</ele>
   </trkpt>
   <trkpt lat="47.2979730" lon="4.7487770">
    <ele>553.6</ele>
   </trkpt>
   <trkpt lat="47.2979180" lon="4.7488620">
    <ele>553.2</ele>
   </trkpt>
   <trkpt lat="47.2978790" lon="4.7489090">
    <ele>552.8</ele>
   </trkpt>
   <trkpt lat="47.2978140" lon="4.7489980">
    <ele>552.0</ele>
   </trkpt>
   <trkpt lat="47.2977320" lon="4.7491200">
    <ele>550.8</ele>
   </trkpt>
   <trkpt lat="47.2976940" lon="4.7491940">
    <ele>550.2</ele>
   </trkpt>
   <trkpt lat="47.2976710" lon="4.7492350">
    <ele>549.4</ele>
   </trkpt>
   <trkpt lat="47.2976150" lon="4.7493240">
    <ele>548.2</ele>
   </trkpt>
   <trkpt lat="47.2975450" lon="4.7493820">
    <ele>547.0</ele>
   </trkpt>
   <trkpt lat="47.2975090" lon="4.7493970">
    <ele>545.8</ele>
   </trkpt>
   <trkpt lat="47.2974410" lon="4.7494160">
    <ele>543.8</ele>
   </trkpt>
   <trkpt lat="47.2973620" lon="4.7494190">
    <ele>542.0</ele>
   </trkpt>
   <trkpt lat="47.2973250" lon="4.7494230">
    <ele>540.6</ele>
   </trkpt>
   <trkpt lat="47.2972890" lon="4.7494320">
    <ele>539.6</ele>
   </trkpt>
   <trkpt lat="47.2972490" lon="4.7494440">
    <ele>539.0</ele>
   </trkpt>
   <trkpt lat="47.2972040" lon="4.7494490">
    <ele>538.0</ele>
   </trkpt>
   <trkpt lat="47.2971580" lon="4.7494340">
    <ele>536.8</ele>
   </trkpt>
   <trkpt lat="47.2970790" lon="4.7493760">
    <ele>535.6</ele>
   </trkpt>
   <trkpt lat="47.2970430" lon="4.7493460">
    <ele>534.6</ele>
   </trkpt>
   <trkpt lat="47.2969630" lon="4.7492960">
    <ele>533.4</ele>
   </trkpt>
   <trkpt lat="47.2968270" lon="4.7492540">
    <ele>532.2</ele>
   </trkpt>
   <trkpt lat="47.2967210" lon="4.7492350">
    <ele>531.2</ele>
   </trkpt>
   <trkpt lat="47.2966120" lon="4.7492190">
    <ele>530.0</ele>
   </trkpt>
   <trkpt lat="47.2965370" lon="4.7492180">
    <ele>529.4</ele>
   </trkpt>
   <trkpt lat="47.2964640" lon="4.7492090">
    <ele>529.0</ele>
   </trkpt>
   <trkpt lat="47.2963160" lon="4.7491890">
    <ele>527.6</ele>
   </trkpt>
   <trkpt lat="47.2961710" lon="4.7491670">
    <ele>526.4</ele>
   </trkpt>
   <trkpt lat="47.2961360" lon="4.7491590">
    <ele>526.2</ele>
   </trkpt>
   <trkpt lat="47.2960660" lon="4.7491460">
    <ele>525.4</ele>
   </trkpt>
   <trkpt lat="47.2958790" lon="4.7491250">
    <ele>524.0</ele>
   </trkpt>
   <trkpt lat="47.2958040" lon="4.7491190">
    <ele>523.4</ele>
   </trkpt>
   <trkpt lat="47.2957300" lon="4.7491110">
    <ele>523.0</ele>
   </trkpt>
   <trkpt lat="47.2956220" lon="4.7491060">
    <ele>522.0</ele>
   </trkpt>
   <trkpt lat="47.2955840" lon="4.7491060">
    <ele>521.4</ele>
   </trkpt>
   <trkpt lat="47.2955160" lon="4.7490960">
    <ele>520.8</ele>
   </trkpt>
   <trkpt lat="47.2954450" lon="4.7490910">
    <ele>520.2</ele>
   </trkpt>
   <trkpt lat="47.2953060" lon="4.7490730">
    <ele>519.2</ele>
   </trkpt>
   <trkpt lat="47.2951900" lon="4.7490520">
    <ele>518.2</ele>
   </trkpt>
   <trkpt lat="47.2951570" lon="4.7490420">
    <ele>518.0</ele>
   </trkpt>
   <trkpt lat="47.2950290" lon="4.7489480">
    <ele>517.6</ele>
   </trkpt>
   <trkpt lat="47.2950030" lon="4.7489220">
    <ele>517.4</ele>
   </trkpt>
   <trkpt lat="47.2948590" lon="4.7487870">
    <ele>517.0</ele>
   </trkpt>
   <trkpt lat="47.2948010" lon="4.7487230">
    <ele>517.0</ele>
   </trkpt>
   <trkpt lat="47.2947460" lon="4.7486610">
    <ele>516.8</ele>
   </trkpt>
   <trkpt lat="47.2946900" lon="4.7486030">
    <ele>516.8</ele>
   </trkpt>
   <trkpt lat="47.2946620" lon="4.7485780">
    <ele>516.8</ele>
   </trkpt>
   <trkpt lat="47.2945040" lon="4.7484230">
    <ele>516.6</ele>
   </trkpt>
   <trkpt lat="47.2944530" lon="4.7483640">
    <ele>515.8</ele>
   </trkpt>
   <trkpt lat="47.2943910" lon="4.7482480">
    <ele>514.6</ele>
   </trkpt>
   <trkpt lat="47.2943760" lon="4.7482010">
    <ele>514.0</ele>
   </trkpt>
   <trkpt lat="47.2943650" lon="4.7481560">
    <ele>513.2</ele>
   </trkpt>
   <trkpt lat="47.2943710" lon="4.7480020">
    <ele>512.0</ele>
   </trkpt>
   <trkpt lat="47.2943780" lon="4.7479500">
    <ele>511.4</ele>
   </trkpt>
   <trkpt lat="47.2943900" lon="4.7479010">
    <ele>511.0</ele>
   </trkpt>
   <trkpt lat="47.2944070" lon="4.7478070">
    <ele>509.8</ele>
   </trkpt>
   <trkpt lat="47.2944370" lon="4.7476600">
    <ele>508.4</ele>
   </trkpt>
   <trkpt lat="47.2944450" lon="4.7476000">
    <ele>508.2</ele>
   </trkpt>
   <trkpt lat="47.2944580" lon="4.7475480">
    <ele>507.2</ele>
   </trkpt>
   <trkpt lat="47.2944830" lon="4.7474490">
    <ele>506.0</ele>
   </trkpt>
   <trkpt lat="47.2945130" lon="4.7473490">
    <ele>505.0</ele>
   </trkpt>
   <trkpt lat="47.2945420" lon="4.7472490">
    <ele>503.6</ele>
   </trkpt>
   <trkpt lat="47.2945560" lon="4.7471900">
    <ele>503.2</ele>
   </trkpt>
   <trkpt lat="47.2945630" lon="4.7471290">
    <ele>502.4</ele>
   </trkpt>
   <trkpt lat="47.2945630" lon="4.7470200">
    <ele>500.6</ele>
   </trkpt>
   <trkpt lat="47.2945810" lon="4.7469190">
    <ele>499.2</ele>
   </trkpt>
   <trkpt lat="47.2946040" lon="4.7468220">
    <ele>498.2</ele>
   </trkpt>
   <trkpt lat="47.2946260" lon="4.7467130">
    <ele>496.8</ele>
   </trkpt>
   <trkpt lat="47.2946390" lon="4.7466580">
    <ele>495.6</ele>
   </trkpt>
   <trkpt lat="47.2946720" lon="4.7465500">
    <ele>494.2</ele>
   </trkpt>
   <trkpt lat="47.2946970" lon="4.7464410">
    <ele>493.4</ele>
   </trkpt>
   <trkpt lat="47.2947080" lon="4.7463840">
    <ele>492.6</ele>
   </trkpt>
   <trkpt lat="47.2947300" lon="4.7462720">
    <ele>491.4</ele>
   </trkpt>
   <trkpt lat="47.2947700" lon="4.7461020">
    <ele>490.4</ele>
   </trkpt>
   <trkpt lat="47.2947930" lon="4.7460070">
    <ele>489.2</ele>
   </trkpt>
   <trkpt lat="47.2948270" lon="4.7458640">
    <ele>488.0</ele>
   </trkpt>
   <trkpt lat="47.2948410" lon="4.7456960">
    <ele>486.6</ele>
   </trkpt>
   <trkpt lat="47.2948480" lon="4.7456430">
    <ele>486.2</ele>
   </trkpt>
   <trkpt lat="47.2948820" lon="4.7454770">
    <ele>485.4</ele>
   </trkpt>
   <trkpt lat="47.2949090" lon="4.7453740">
    <ele>484.6</ele>
   </trkpt>
   <trkpt lat="47.2949190" lon="4.7453180">
    <ele>484.4</ele>
   </trkpt>
   <trkpt lat="47.2949710" lon="4.7450420">
    <ele>483.2</ele>
   </trkpt>
   <trkpt lat="47.2949800" lon="4.7449860">
    <ele>483.0</ele>
   </trkpt>
   <trkpt lat="47.2950280" lon="4.7447230">
    <ele>482.4</ele>
   </trkpt>
   <trkpt lat="47.2950600" lon="4.7445580">
    <ele>482.2</ele>
   </trkpt>
   <trkpt lat="47.2950790" lon="4.7445120">
    <ele>482.0</ele>
   </trkpt>
   <trkpt lat="47.2951400" lon="4.7443330">
    <ele>481.8</ele>
   </trkpt>
   <trkpt lat="47.2951810" lon="4.7441760">
    <ele>481.6</ele>
   </trkpt>
   <trkpt lat="47.2952310" lon="4.7439310">
    <ele>481.0</ele>
   </trkpt>
   <trkpt lat="47.2952400" lon="4.7438350">
    <ele>480.8</ele>
   </trkpt>
   <trkpt lat="47.2952520" lon="4.7437140">
    <ele>479.8</ele>
   </trkpt>
   <trkpt lat="47.2952570" lon="4.7435760">
    <ele>479.0</ele>
   </trkpt>
   <trkpt lat="47.2952540" lon="4.7435250">
    <ele>478.6</ele>
   </trkpt>
   <trkpt lat="47.2952450" lon="4.7433290">
    <ele>477.4</ele>
   </trkpt>
   <trkpt lat="47.2952490" lon="4.7432210">
    <ele>476.2</ele>
   </trkpt>
   <trkpt lat="47.2952370" lon="4.7431240">
    <ele>475.8</ele>
   </trkpt>
   <trkpt lat="47.2952370" lon="4.7430130">
    <ele>474.6</ele>
   </trkpt>
   <trkpt lat="47.2952380" lon="4.7429610">
    <ele>474.2</ele>
   </trkpt>
   <trkpt lat="47.2952450" lon="4.7428550">
    <ele>473.6</ele>
   </trkpt>
   <trkpt lat="47.2952590" lon="4.7427000">
    <ele>472.2</ele>
   </trkpt>
   <trkpt lat="47.2952890" lon="4.7425420">
    <ele>470.4</ele>
   </trkpt>
   <trkpt lat="47.2952880" lon="4.7424210">
    <ele>469.2</ele>
   </trkpt>
   <trkpt lat="47.2952730" lon="4.7423670">
    <ele>468.8</ele>
   </trkpt>
   <trkpt lat="47.2952360" lon="4.7423070">
    <ele>467.6</ele>
   </trkpt>
   <trkpt lat="47.2951980" lon="4.7422500">
    <ele>465.8</ele>
   </trkpt>
   <trkpt lat="47.2951790" lon="4.7422250">
    <ele>465.2</ele>
   </trkpt>
   <trkpt lat="47.2951620" lon="4.7421900">
    <ele>464.4</ele>
   </trkpt>
   <trkpt lat="47.2951200" lon="4.7421140">
    <ele>463.2</ele>
   </trkpt>
   <trkpt lat="47.2950820" lon="4.7420400">
    <ele>462.0</ele>
   </trkpt>
   <trkpt lat="47.2950460" lon="4.7419650">
    <ele>460.4</ele>
   </trkpt>
   <trkpt lat="47.2950070" lon="4.7418940">
    <ele>459.2</ele>
   </trkpt>
   <trkpt lat="47.2949710" lon="4.7418420">
    <ele>457.6</ele>
   </trkpt>
   <trkpt lat="47.2949330" lon="4.7418020">
    <ele>455.8</ele>
   </trkpt>
   <trkpt lat="47.2948830" lon="4.7417650">
    <ele>454.0</ele>
   </trkpt>
   <trkpt lat="47.2948270" lon="4.7417320">
    <ele>452.4</ele>
   </trkpt>
   <trkpt lat="47.2948050" lon="4.7417230">
    <ele>451.4</ele>
   </trkpt>
   <trkpt lat="47.2947490" lon="4.7416920">
    <ele>449.4</ele>
   </trkpt>
   <trkpt lat="47.2947190" lon="4.7416750">
    <ele>448.6</ele>
   </trkpt>
   <trkpt lat="47.2946930" lon="4.7416630">
    <ele>448.0</ele>
   </trkpt>
   <trkpt lat="47.2946360" lon="4.7416540">
    <ele>446.4</ele>
   </trkpt>
   <trkpt lat="47.2945660" lon="4.7416470">
    <ele>445.2</ele>
   </trkpt>
   <trkpt lat="47.2945370" lon="4.7416480">
    <ele>444.0</ele>
   </trkpt>
   <trkpt lat="47.2944850" lon="4.7416540">
    <ele>442.6</ele>
   </trkpt>
   <trkpt lat="47.2944310" lon="4.7416540">
    <ele>441.0</ele>
   </trkpt>
   <trkpt lat="47.2943990" lon="4.7416550">
    <ele>440.2</ele>
   </trkpt>
   <trkpt lat="47.2943650" lon="4.7416630">
    <ele>439.6</ele>
   </trkpt>
   <trkpt lat="47.2942990" lon="4.7416730">
    <ele>438.0</ele>
   </trkpt>
   <trkpt lat="47.2942430" lon="4.7416680">
    <ele>436.2</ele>
   </trkpt>
   <trkpt lat="47.2942150" lon="4.7416630">
    <ele>435.4</ele>
   </trkpt>
   <trkpt lat="47.2941920" lon="4.7416690">
    <ele>435.0</ele>
   </trkpt>
   <trkpt lat="47.2941380" lon="4.7416630">
    <ele>433.8</ele>
   </trkpt>
   <trkpt lat="47.2940660" lon="4.7416580">
    <ele>432.2</ele>
   </trkpt>
   <trkpt lat="47.2940060" lon="4.7416470">
    <ele>431.0</ele>
   </trkpt>
   <trkpt lat="47.2939710" lon="4.7416370">
    <ele>430.2</ele>
   </trkpt>
   <trkpt lat="47.2939480" lon="4.7416400">
    <ele>429.6</ele>
   </trkpt>
   <trkpt lat="47.2938990" lon="4.7416640">
    <ele>428.4</ele>
   </trkpt>
   <trkpt lat="47.2938270" lon="4.7417040">
    <ele>426.2</ele>
   </trkpt>
   <trkpt lat="47.2937800" lon="4.7417070">
    <ele>425.0</ele>
   </trkpt>
   <trkpt lat="47.2937330" lon="4.7416950">
    <ele>423.8</ele>
   </trkpt>
   <trkpt lat="47.2936890" lon="4.7416770">
    <ele>422.2</ele>
   </trkpt>
   <trkpt lat="47.2936650" lon="4.7416700">
    <ele>421.8</ele>
   </trkpt>
   <trkpt lat="47.2936470" lon="4.7416650">
    <ele>421.2</ele>
   </trkpt>
   <trkpt lat="47.2935960" lon="4.7416330">
    <ele>419.8</ele>
   </trkpt>
   <trkpt lat="47.2935360" lon="4.7415870">
    <ele>418.4</ele>
   </trkpt>
   <trkpt lat="47.2935070" lon="4.7415710">
    <ele>417.6</ele>
   </trkpt>
   <trkpt lat="47.2934770" lon="4.7415590">
    <ele>417.0</ele>
   </trkpt>
   <trkpt lat="47.2934230" lon="4.7415070">
    <ele>415.6</ele>
   </trkpt>
   <trkpt lat="47.2933680" lon="4.7414460">
    <ele>414.0</ele>
   </trkpt>
   <trkpt lat="47.2933430" lon="4.7414290">
    <ele>413.0</ele>
   </trkpt>
   <trkpt lat="47.2933220" lon="4.7414090">
    <ele>412.0</ele>
   </trkpt>
   <trkpt lat="47.2932790" lon="4.7413410">
    <ele>410.6</ele>
   </trkpt>
   <trkpt lat="47.2932460" lon="4.7412760">
    <ele>409.4</ele>
   </trkpt>
   <trkpt lat="47.2932060" lon="4.7412200">
    <ele>408.2</ele>
   </trkpt>
   <trkpt lat="47.2931540" lon="4.7411600">
    <ele>407.0</ele>
   </trkpt>
   <trkpt lat="47.2930860" lon="4.7411130">
    <ele>405.6</ele>
   </trkpt>
   <trkpt lat="47.2930560" lon="4.7410880">
    <ele>404.6</ele>
   </trkpt>
   <trkpt lat="47.2929900" lon="4.7410350">
    <ele>403.2</ele>
   </trkpt>
   <trkpt lat="47.2929350" lon="4.7409810">
    <ele>401.6</ele>
   </trkpt>
   <trkpt lat="47.2928900" lon="4.7409140">
    <ele>400.4</ele>
   </trkpt>
   <trkpt lat="47.2928660" lon="4.7408830">
    <ele>399.6</ele>
   </trkpt>
   <trkpt lat="47.2928420" lon="4.7408480">
    <ele>398.6</ele>
   </trkpt>
   <trkpt lat="47.2928010" lon="4.7407760">
    <ele>397.6</ele>
   </trkpt>
   <trkpt lat="47.2927660" lon="4.7407000">
    <ele>395.8</ele>
   </trkpt>
   <trkpt lat="47.2927340" lon="4.7406220">
    <ele>394.2</ele>
   </trkpt>
   <trkpt lat="47.2927140" lon="4.7405930">
    <ele>393.6</ele>
   </trkpt>
   <trkpt lat="47.2926880" lon="4.7405630">
    <ele>393.2</ele>
   </trkpt>
   <trkpt lat="47.2926330" lon="4.7405030">
    <ele>391.6</ele>
   </trkpt>
   <trkpt lat="47.2925470" lon="4.7404260">
    <ele>389.8</ele>
   </trkpt>
   <trkpt lat="47.2924830" lon="4.7403920">
    <ele>388.4</ele>
   </trkpt>
   <trkpt lat="47.2924280" lon="4.7403520">
    <ele>387.0</ele>
   </trkpt>
   <trkpt lat="47.2923720" lon="4.7403180">
    <ele>386.0</ele>
   </trkpt>
   <trkpt lat="47.2923440" lon="4.7403070">
    <ele>385.2</ele>
   </trkpt>
   <trkpt lat="47.2922900" lon="4.7402640">
    <ele>383.8</ele>
   </trkpt>
   <trkpt lat="47.2922530" lon="4.7401860">
    <ele>382.6</ele>
   </trkpt>
   <trkpt lat="47.2922250" lon="4.7400930">
    <ele>381.4</ele>
   </trkpt>
   <trkpt lat="47.2921870" lon="4.7399510">
    <ele>380.2</ele>
   </trkpt>
   <trkpt lat="47.2921840" lon="4.7399000">
    <ele>379.6</ele>
   </trkpt>
   <trkpt lat="47.2921900" lon="4.7398070">
    <ele>379.0</ele>
   </trkpt>
   <trkpt lat="47.2922020" lon="4.7397200">
    <ele>377.8</ele>
   </trkpt>
   <trkpt lat="47.2922100" lon="4.7397130">
    <ele>377.4</ele>
   </trkpt>
   <trkpt lat="47.2922160" lon="4.7397080">
    <ele>377.0</ele>
   </trkpt>
   <trkpt lat="47.2922150" lon="4.7397050">
    <ele>376.8</ele>
   </trkpt>
   <trkpt lat="47.2922170" lon="4.7397020">
    <ele>376.6</ele>
   </trkpt>
   <trkpt lat="47.2922170" lon="4.7396990">
    <ele>376.4</ele>
   </trkpt>
   <trkpt lat="47.2922170" lon="4.7396990">
    <ele>376.0</ele>
   </trkpt>
   <trkpt lat="47.2922150" lon="4.7396930">
    <ele>375.6</ele>
   </trkpt>
   <trkpt lat="47.2922180" lon="4.7395150">
    <ele>374.8</ele>
   </trkpt>
   <trkpt lat="47.2922220" lon="4.7394660">
    <ele>374.2</ele>
   </trkpt>
   <trkpt lat="47.2922580" lon="4.7393160">
    <ele>373.6</ele>
   </trkpt>
   <trkpt lat="47.2922700" lon="4.7392680">
    <ele>373.0</ele>
   </trkpt>
   <trkpt lat="47.2922770" lon="4.7392190">
    <ele>372.4</ele>
   </trkpt>
   <trkpt lat="47.2922830" lon="4.7391710">
    <ele>371.8</ele>
   </trkpt>
   <trkpt lat="47.2923130" lon="4.7389970">
    <ele>370.6</ele>
   </trkpt>
   <trkpt lat="47.2923010" lon="4.7389200">
    <ele>370.2</ele>
   </trkpt>
   <trkpt lat="47.2922880" lon="4.7388970">
    <ele>370.0</ele>
   </trkpt>
   <trkpt lat="47.2922300" lon="4.7388880">
    <ele>369.8</ele>
   </trkpt>
   <trkpt lat="47.2921930" lon="4.7388990">
    <ele>369.6</ele>
   </trkpt>
   <trkpt lat="47.2920820" lon="4.7389560">
    <ele>368.2</ele>
   </trkpt>
   <trkpt lat="47.2919250" lon="4.7389690">
    <ele>366.8</ele>
   </trkpt>
   <trkpt lat="47.2918900" lon="4.7389700">
    <ele>366.6</ele>
   </trkpt>
   <trkpt lat="47.2918160" lon="4.7389780">
    <ele>365.8</ele>
   </trkpt>
   <trkpt lat="47.2917210" lon="4.7390200">
    <ele>364.6</ele>
   </trkpt>
   <trkpt lat="47.2916990" lon="4.7390460">
    <ele>364.2</ele>
   </trkpt>
   <trkpt lat="47.2916410" lon="4.7391700">
    <ele>363.0</ele>
   </trkpt>
   <trkpt lat="47.2916190" lon="4.7392950">
    <ele>361.6</ele>
   </trkpt>
   <trkpt lat="47.2915850" lon="4.7393730">
    <ele>360.4</ele>
   </trkpt>
   <trkpt lat="47.2915310" lon="4.7394170">
    <ele>359.2</ele>
   </trkpt>
   <trkpt lat="47.2914980" lon="4.7394230">
    <ele>358.4</ele>
   </trkpt>
   <trkpt lat="47.2914660" lon="4.7394220">
    <ele>358.0</ele>
   </trkpt>
   <trkpt lat="47.2914020" lon="4.7394240">
    <ele>357.0</ele>
   </trkpt>
   <trkpt lat="47.2913410" lon="4.7394590">
    <ele>355.6</ele>
   </trkpt>
   <trkpt lat="47.2913130" lon="4.7394960">
    <ele>355.0</ele>
   </trkpt>
   <trkpt lat="47.2912880" lon="4.7395400">
    <ele>354.6</ele>
   </trkpt>
   <trkpt lat="47.2912530" lon="4.7396460">
    <ele>353.4</ele>
   </trkpt>
   <trkpt lat="47.2912290" lon="4.7397540">
    <ele>352.2</ele>
   </trkpt>
   <trkpt lat="47.2912090" lon="4.7398600">
    <ele>351.0</ele>
   </trkpt>
   <trkpt lat="47.2911750" lon="4.7400220">
    <ele>350.0</ele>
   </trkpt>
   <trkpt lat="47.2911390" lon="4.7401880">
    <ele>348.6</ele>
   </trkpt>
   <trkpt lat="47.2911040" lon="4.7402860">
    <ele>348.0</ele>
   </trkpt>
   <trkpt lat="47.2910830" lon="4.7403280">
    <ele>347.6</ele>
   </trkpt>
   <trkpt lat="47.2909980" lon="4.7404360">
    <ele>346.2</ele>
   </trkpt>
   <trkpt lat="47.2909610" lon="4.7404590">
    <ele>346.0</ele>
   </trkpt>
   <trkpt lat="47.2908060" lon="4.7404580">
    <ele>345.0</ele>
   </trkpt>
   <trkpt lat="47.2907640" lon="4.7404430">
    <ele>344.8</ele>
   </trkpt>
   <trkpt lat="47.2906060" lon="4.7403700">
    <ele>344.0</ele>
   </trkpt>
   <trkpt lat="47.2905680" lon="4.7403570">
    <ele>343.8</ele>
   </trkpt>
   <trkpt lat="47.2904940" lon="4.7403270">
    <ele>343.8</ele>
   </trkpt>
   <trkpt lat="47.2903150" lon="4.7402920">
    <ele>343.6</ele>
   </trkpt>
   <trkpt lat="47.2902650" lon="4.7402870">
    <ele>343.6</ele>
   </trkpt>
   <trkpt lat="47.2901070" lon="4.7403010">
    <ele>344.0</ele>
   </trkpt>
   <trkpt lat="47.2899640" lon="4.7403500">
    <ele>345.2</ele>
   </trkpt>
   <trkpt lat="47.2898980" lon="4.7403890">
    <ele>346.2</ele>
   </trkpt>
   <trkpt lat="47.2897970" lon="4.7404170">
    <ele>347.2</ele>
   </trkpt>
   <trkpt lat="47.2897770" lon="4.7404140">
    <ele>347.6</ele>
   </trkpt>
   <trkpt lat="47.2896840" lon="4.7404280">
    <ele>348.8</ele>
   </trkpt>
   <trkpt lat="47.2896160" lon="4.7404530">
    <ele>349.6</ele>
   </trkpt>
   <trkpt lat="47.2895930" lon="4.7404600">
    <ele>350.0</ele>
   </trkpt>
   <trkpt lat="47.2895120" lon="4.7404650">
    <ele>351.2</ele>
   </trkpt>
   <trkpt lat="47.2894780" lon="4.7404240">
    <ele>351.8</ele>
   </trkpt>
   <trkpt lat="47.2894840" lon="4.7403930">
    <ele>352.4</ele>
   </trkpt>
   <trkpt lat="47.2895180" lon="4.7402910">
    <ele>353.2</ele>
   </trkpt>
   <trkpt lat="47.2895380" lon="4.7401730">
    <ele>353.4</ele>
   </trkpt>
   <trkpt lat="47.2895830" lon="4.7399840">
    <ele>354.0</ele>
   </trkpt>
   <trkpt lat="47.2896140" lon="4.7398450">
    <ele>354.4</ele>
   </trkpt>
   <trkpt lat="47.2896550" lon="4.7396750">
    <ele>355.4</ele>
   </trkpt>
   <trkpt lat="47.2896640" lon="4.7396440">
    <ele>355.4</ele>
   </trkpt>
   <trkpt lat="47.2897230" lon="4.7394360">
    <ele>356.4</ele>
   </trkpt>
   <trkpt lat="47.2897320" lon="4.7394020">
    <ele>356.4</ele>
   </trkpt>
   <trkpt lat="47.2898040" lon="4.7392270">
    <ele>357.6</ele>
   </trkpt>
   <trkpt lat="47.2898250" lon="4.7391660">
    <ele>358.0</ele>
   </trkpt>
   <trkpt lat="47.2898640" lon="4.7390810">
    <ele>358.6</ele>
   </trkpt>
   <trkpt lat="47.2899250" lon="4.7389780">
    <ele>359.2</ele>
   </trkpt>
   <trkpt lat="47.2899510" lon="4.7389230">
    <ele>359.6</ele>
   </trkpt>
   <trkpt lat="47.2899860" lon="4.7388330">
    <ele>360.2</ele>
   </trkpt>
   <trkpt lat="47.2899990" lon="4.7388030">
    <ele>360.2</ele>
   </trkpt>
   <trkpt lat="47.2900110" lon="4.7387740">
    <ele>360.2</ele>
   </trkpt>
   <trkpt lat="47.2900310" lon="4.7386780">
    <ele>360.6</ele>
   </trkpt>
   <trkpt lat="47.2900350" lon="4.7386430">
    <ele>360.6</ele>
   </trkpt>
   <trkpt lat="47.2900600" lon="4.7385410">
    <ele>360.8</ele>
   </trkpt>
   <trkpt lat="47.2900520" lon="4.7384890">
    <ele>360.8</ele>
   </trkpt>
   <trkpt lat="47.2900250" lon="4.7384710">
    <ele>361.0</ele>
   </trkpt>
   <trkpt lat="47.2899720" lon="4.7385310">
    <ele>361.6</ele>
   </trkpt>
   <trkpt lat="47.2899510" lon="4.7385560">
    <ele>361.8</ele>
   </trkpt>
   <trkpt lat="47.2899270" lon="4.7385800">
    <ele>362.0</ele>
   </trkpt>
   <trkpt lat="47.2897880" lon="4.7387150">
    <ele>362.4</ele>
   </trkpt>
   <trkpt lat="47.2897060" lon="4.7387800">
    <ele>362.8</ele>
   </trkpt>
   <trkpt lat="47.2895440" lon="4.7388900">
    <ele>363.6</ele>
   </trkpt>
   <trkpt lat="47.2894950" lon="4.7389170">
    <ele>363.8</ele>
   </trkpt>
   <trkpt lat="47.2894210" lon="4.7389670">
    <ele>364.2</ele>
   </trkpt>
   <trkpt lat="47.2892960" lon="4.7390400">
    <ele>365.0</ele>
   </trkpt>
   <trkpt lat="47.2892040" lon="4.7390870">
    <ele>365.6</ele>
   </trkpt>
   <trkpt lat="47.2890850" lon="4.7391320">
    <ele>366.2</ele>
   </trkpt>
   <trkpt lat="47.2890130" lon="4.7391650">
    <ele>366.6</ele>
   </trkpt>
   <trkpt lat="47.2888880" lon="4.7392430">
    <ele>367.2</ele>
   </trkpt>
   <trkpt lat="47.2887690" lon="4.7393130">
    <ele>368.2</ele>
   </trkpt>
   <trkpt lat="47.2887050" lon="4.7393840">
    <ele>368.2</ele>
   </trkpt>
   <trkpt lat="47.2885830" lon="4.7395640">
    <ele>368.8</ele>
   </trkpt>
   <trkpt lat="47.2884720" lon="4.7397640">
    <ele>369.0</ele>
   </trkpt>
   <trkpt lat="47.2884150" lon="4.7398650">
    <ele>369.0</ele>
   </trkpt>
   <trkpt lat="47.2883030" lon="4.7400760">
    <ele>369.2</ele>
   </trkpt>
   <trkpt lat="47.2882840" lon="4.7401070">
    <ele>369.4</ele>
   </trkpt>
   <trkpt lat="47.2882640" lon="4.7401390">
    <ele>369.4</ele>
   </trkpt>
   <trkpt lat="47.2881310" lon="4.7403220">
    <ele>370.0</ele>
   </trkpt>
   <trkpt lat="47.2880550" lon="4.7403730">
    <ele>370.6</ele>
   </trkpt>
   <trkpt lat="47.2879940" lon="4.7404120">
    <ele>371.0</ele>
   </trkpt>
   <trkpt lat="47.2879450" lon="4.7404330">
    <ele>371.6</ele>
   </trkpt>
   <trkpt lat="47.2878860" lon="4.7404560">
    <ele>372.4</ele>
   </trkpt>
   <trkpt lat="47.2878560" lon="4.7404680">
    <ele>372.6</ele>
   </trkpt>
   <trkpt lat="47.2878200" lon="4.7404780">
    <ele>373.0</ele>
   </trkpt>
   <trkpt lat="47.2877500" lon="4.7404930">
    <ele>373.8</ele>
   </trkpt>
   <trkpt lat="47.2876650" lon="4.7405160">
    <ele>374.8</ele>
   </trkpt>
   <trkpt lat="47.2876330" lon="4.7405240">
    <ele>375.0</ele>
   </trkpt>
   <trkpt lat="47.2875470" lon="4.7405390">
    <ele>376.0</ele>
   </trkpt>
   <trkpt lat="47.2875320" lon="4.7405410">
    <ele>376.2</ele>
   </trkpt>
   <trkpt lat="47.2874880" lon="4.7405490">
    <ele>376.8</ele>
   </trkpt>
   <trkpt lat="47.2874580" lon="4.7405580">
    <ele>377.2</ele>
   </trkpt>
   <trkpt lat="47.2873790" lon="4.7405610">
    <ele>378.4</ele>
   </trkpt>
   <trkpt lat="47.2873620" lon="4.7405630">
    <ele>378.8</ele>
   </trkpt>
   <trkpt lat="47.2873160" lon="4.7405760">
    <ele>379.4</ele>
   </trkpt>
   <trkpt lat="47.2872480" lon="4.7405920">
    <ele>380.6</ele>
   </trkpt>
   <trkpt lat="47.2871720" lon="4.7406230">
    <ele>381.8</ele>
   </trkpt>
   <trkpt lat="47.2870860" lon="4.7406770">
    <ele>382.8</ele>
   </trkpt>
   <trkpt lat="47.2870700" lon="4.7406870">
    <ele>383.0</ele>
   </trkpt>
   <trkpt lat="47.2869930" lon="4.7407270">
    <ele>384.0</ele>
   </trkpt>
   <trkpt lat="47.2869740" lon="4.7407360">
    <ele>384.2</ele>
   </trkpt>
   <trkpt lat="47.2868930" lon="4.7407650">
    <ele>385.0</ele>
   </trkpt>
   <trkpt lat="47.2867920" lon="4.7407670">
    <ele>386.0</ele>
   </trkpt>
   <trkpt lat="47.2867410" lon="4.7407610">
    <ele>386.8</ele>
   </trkpt>
   <trkpt lat="47.2867080" lon="4.7407540">
    <ele>387.2</ele>
   </trkpt>
   <trkpt lat="47.2866640" lon="4.7407470">
    <ele>387.8</ele>
   </trkpt>
   <trkpt lat="47.2866270" lon="4.7407330">
    <ele>388.4</ele>
   </trkpt>
   <trkpt lat="47.2865650" lon="4.7407250">
    <ele>389.0</ele>
   </trkpt>
   <trkpt lat="47.2865160" lon="4.7407070">
    <ele>389.6</ele>
   </trkpt>
   <trkpt lat="47.2864480" lon="4.7406870">
    <ele>390.6</ele>
   </trkpt>
   <trkpt lat="47.2864200" lon="4.7406890">
    <ele>390.8</ele>
   </trkpt>
   <trkpt lat="47.2863660" lon="4.7406700">
    <ele>391.8</ele>
   </trkpt>
   <trkpt lat="47.2862880" lon="4.7406350">
    <ele>393.0</ele>
   </trkpt>
   <trkpt lat="47.2862730" lon="4.7406280">
    <ele>393.2</ele>
   </trkpt>
   <trkpt lat="47.2861990" lon="4.7405930">
    <ele>394.2</ele>
   </trkpt>
   <trkpt lat="47.2861190" lon="4.7405440">
    <ele>395.2</ele>
   </trkpt>
   <trkpt lat="47.2861030" lon="4.7405380">
    <ele>395.4</ele>
   </trkpt>
   <trkpt lat="47.2860350" lon="4.7405100">
    <ele>396.2</ele>
   </trkpt>
   <trkpt lat="47.2859690" lon="4.7404670">
    <ele>396.8</ele>
   </trkpt>
   <trkpt lat="47.2859390" lon="4.7404430">
    <ele>397.4</ele>
   </trkpt>
   <trkpt lat="47.2858480" lon="4.7403920">
    <ele>398.6</ele>
   </trkpt>
   <trkpt lat="47.2858200" lon="4.7403690">
    <ele>399.4</ele>
   </trkpt>
   <trkpt lat="47.2857930" lon="4.7403520">
    <ele>400.0</ele>
   </trkpt>
   <trkpt lat="47.2857180" lon="4.7403000">
    <ele>401.2</ele>
   </trkpt>
   <trkpt lat="47.2857040" lon="4.7402870">
    <ele>401.4</ele>
   </trkpt>
   <trkpt lat="47.2856570" lon="4.7402600">
    <ele>402.2</ele>
   </trkpt>
   <trkpt lat="47.2856080" lon="4.7402190">
    <ele>403.4</ele>
   </trkpt>
   <trkpt lat="47.2855660" lon="4.7401900">
    <ele>404.2</ele>
   </trkpt>
   <trkpt lat="47.2855510" lon="4.7401810">
    <ele>404.6</ele>
   </trkpt>
   <trkpt lat="47.2855050" lon="4.7401540">
    <ele>405.6</ele>
   </trkpt>
   <trkpt lat="47.2854490" lon="4.7401460">
    <ele>406.8</ele>
   </trkpt>
   <trkpt lat="47.2854030" lon="4.7401780">
    <ele>407.8</ele>
   </trkpt>
   <trkpt lat="47.2853700" lon="4.7402300">
    <ele>408.8</ele>
   </trkpt>
   <trkpt lat="47.2853610" lon="4.7402450">
    <ele>409.0</ele>
   </trkpt>
   <trkpt lat="47.2852960" lon="4.7403170">
    <ele>410.2</ele>
   </trkpt>
   <trkpt lat="47.2852360" lon="4.7403640">
    <ele>410.8</ele>
   </trkpt>
   <trkpt lat="47.2851890" lon="4.7403930">
    <ele>411.4</ele>
   </trkpt>
   <trkpt lat="47.2851590" lon="4.7404050">
    <ele>411.6</ele>
   </trkpt>
   <trkpt lat="47.2850920" lon="4.7404370">
    <ele>412.0</ele>
   </trkpt>
   <trkpt lat="47.2850560" lon="4.7404430">
    <ele>412.4</ele>
   </trkpt>
   <trkpt lat="47.2849180" lon="4.7404550">
    <ele>413.6</ele>
   </trkpt>
   <trkpt lat="47.2847940" lon="4.7404320">
    <ele>414.8</ele>
   </trkpt>
   <trkpt lat="47.2847230" lon="4.7404130">
    <ele>415.6</ele>
   </trkpt>
   <trkpt lat="47.2847030" lon="4.7404090">
    <ele>416.0</ele>
   </trkpt>
   <trkpt lat="47.2845840" lon="4.7403960">
    <ele>417.0</ele>
   </trkpt>
   <trkpt lat="47.2845100" lon="4.7403920">
    <ele>418.0</ele>
   </trkpt>
   <trkpt lat="47.2844880" lon="4.7403930">
    <ele>418.6</ele>
   </trkpt>
   <trkpt lat="47.2844470" lon="4.7404020">
    <ele>419.0</ele>
   </trkpt>
   <trkpt lat="47.2843820" lon="4.7404870">
    <ele>419.8</ele>
   </trkpt>
   <trkpt lat="47.2843680" lon="4.7405630">
    <ele>420.2</ele>
   </trkpt>
   <trkpt lat="47.2843580" lon="4.7406980">
    <ele>420.2</ele>
   </trkpt>
   <trkpt lat="47.2843460" lon="4.7409370">
    <ele>419.2</ele>
   </trkpt>
   <trkpt lat="47.2843260" lon="4.7410270">
    <ele>418.8</ele>
   </trkpt>
   <trkpt lat="47.2843060" lon="4.7410570">
    <ele>418.6</ele>
   </trkpt>
   <trkpt lat="47.2842500" lon="4.7410860">
    <ele>418.6</ele>
   </trkpt>
   <trkpt lat="47.2841210" lon="4.7410430">
    <ele>418.8</ele>
   </trkpt>
   <trkpt lat="47.2840050" lon="4.7409970">
    <ele>419.2</ele>
   </trkpt>
   <trkpt lat="47.2839300" lon="4.7409770">
    <ele>419.8</ele>
   </trkpt>
   <trkpt lat="47.2839010" lon="4.7409550">
    <ele>420.2</ele>
   </trkpt>
   <trkpt lat="47.2838710" lon="4.7409360">
    <ele>420.4</ele>
   </trkpt>
   <trkpt lat="47.2838370" lon="4.7408920">
    <ele>421.2</ele>
   </trkpt>
   <trkpt lat="47.2838240" lon="4.7408770">
    <ele>421.4</ele>
   </trkpt>
   <trkpt lat="47.2837890" lon="4.7408550">
    <ele>422.0</ele>
   </trkpt>
   <trkpt lat="47.2837780" lon="4.7408490">
    <ele>422.4</ele>
   </trkpt>
   <trkpt lat="47.2837030" lon="4.7408040">
    <ele>423.6</ele>
   </trkpt>
   <trkpt lat="47.2836500" lon="4.7407840">
    <ele>425.0</ele>
   </trkpt>
   <trkpt lat="47.2835930" lon="4.7407500">
    <ele>426.0</ele>
   </trkpt>
   <trkpt lat="47.2835770" lon="4.7407410">
    <ele>426.2</ele>
   </trkpt>
   <trkpt lat="47.2835390" lon="4.7407100">
    <ele>427.2</ele>
   </trkpt>
   <trkpt lat="47.2834900" lon="4.7406700">
    <ele>428.2</ele>
   </trkpt>
   <trkpt lat="47.2834730" lon="4.7406650">
    <ele>428.6</ele>
   </trkpt>
   <trkpt lat="47.2834440" lon="4.7406540">
    <ele>429.0</ele>
   </trkpt>
   <trkpt lat="47.2834260" lon="4.7406540">
    <ele>429.4</ele>
   </trkpt>
   <trkpt lat="47.2834080" lon="4.7406610">
    <ele>429.6</ele>
   </trkpt>
   <trkpt lat="47.2833900" lon="4.7406780">
    <ele>429.6</ele>
   </trkpt>
   <trkpt lat="47.2833380" lon="4.7407580">
    <ele>430.2</ele>
   </trkpt>
   <trkpt lat="47.2833210" lon="4.7407880">
    <ele>430.4</ele>
   </trkpt>
   <trkpt lat="47.2832250" lon="4.7409900">
    <ele>430.2</ele>
   </trkpt>
   <trkpt lat="47.2830890" lon="4.7411090">
    <ele>430.4</ele>
   </trkpt>
   <trkpt lat="47.2829540" lon="4.7410930">
    <ele>431.2</ele>
   </trkpt>
   <trkpt lat="47.2829280" lon="4.7410840">
    <ele>431.6</ele>
   </trkpt>
   <trkpt lat="47.2828370" lon="4.7410470">
    <ele>432.8</ele>
   </trkpt>
   <trkpt lat="47.2827950" lon="4.7410370">
    <ele>433.4</ele>
   </trkpt>
   <trkpt lat="47.2827720" lon="4.7410430">
    <ele>433.8</ele>
   </trkpt>
   <trkpt lat="47.2827240" lon="4.7410500">
    <ele>435.2</ele>
   </trkpt>
   <trkpt lat="47.2827100" lon="4.7410480">
    <ele>435.6</ele>
   </trkpt>
   <trkpt lat="47.2826570" lon="4.7410510">
    <ele>436.4</ele>
   </trkpt>
   <trkpt lat="47.2826360" lon="4.7410660">
    <ele>436.8</ele>
   </trkpt>
   <trkpt lat="47.2825750" lon="4.7411280">
    <ele>437.6</ele>
   </trkpt>
   <trkpt lat="47.2825230" lon="4.7412490">
    <ele>438.0</ele>
   </trkpt>
   <trkpt lat="47.2824590" lon="4.7412300">
    <ele>438.2</ele>
   </trkpt>
   <trkpt lat="47.2824410" lon="4.7412060">
    <ele>438.6</ele>
   </trkpt>
   <trkpt lat="47.2824310" lon="4.7411850">
    <ele>438.8</ele>
   </trkpt>
   <trkpt lat="47.2824090" lon="4.7411030">
    <ele>439.8</ele>
   </trkpt>
   <trkpt lat="47.2824120" lon="4.7410310">
    <ele>440.6</ele>
   </trkpt>
   <trkpt lat="47.2824100" lon="4.7410120">
    <ele>441.0</ele>
   </trkpt>
   <trkpt lat="47.2824310" lon="4.7409350">
    <ele>442.0</ele>
   </trkpt>
   <trkpt lat="47.2824370" lon="4.7409230">
    <ele>442.2</ele>
   </trkpt>
   <trkpt lat="47.2824800" lon="4.7407960">
    <ele>443.2</ele>
   </trkpt>
   <trkpt lat="47.2825090" lon="4.7406990">
    <ele>443.4</ele>
   </trkpt>
   <trkpt lat="47.2826110" lon="4.7405090">
    <ele>443.8</ele>
   </trkpt>
   <trkpt lat="47.2826530" lon="4.7403820">
    <ele>443.8</ele>
   </trkpt>
   <trkpt lat="47.2826720" lon="4.7403290">
    <ele>444.0</ele>
   </trkpt>
   <trkpt lat="47.2827950" lon="4.7402170">
    <ele>444.0</ele>
   </trkpt>
   <trkpt lat="47.2828220" lon="4.7401830">
    <ele>444.4</ele>
   </trkpt>
   <trkpt lat="47.2828290" lon="4.7401580">
    <ele>444.8</ele>
   </trkpt>
   <trkpt lat="47.2828340" lon="4.7401260">
    <ele>445.4</ele>
   </trkpt>
   <trkpt lat="47.2828230" lon="4.7400610">
    <ele>446.6</ele>
   </trkpt>
   <trkpt lat="47.2828230" lon="4.7400380">
    <ele>447.4</ele>
   </trkpt>
   <trkpt lat="47.2828260" lon="4.7400260">
    <ele>448.0</ele>
   </trkpt>
   <trkpt lat="47.2828290" lon="4.7399370">
    <ele>449.0</ele>
   </trkpt>
   <trkpt lat="47.2828340" lon="4.7399350">
    <ele>449.2</ele>
   </trkpt>
   <trkpt lat="47.2828620" lon="4.7399220">
    <ele>450.0</ele>
   </trkpt>
   <trkpt lat="47.2828610" lon="4.7399210">
    <ele>450.4</ele>
   </trkpt>
   <trkpt lat="47.2828600" lon="4.7399070">
    <ele>450.4</ele>
   </trkpt>
   <trkpt lat="47.2828590" lon="4.7398880">
    <ele>451.4</ele>
   </trkpt>
   <trkpt lat="47.2828530" lon="4.7398780">
    <ele>451.8</ele>
   </trkpt>
   <trkpt lat="47.2828460" lon="4.7398590">
    <ele>452.4</ele>
   </trkpt>
   <trkpt lat="47.2828340" lon="4.7398370">
    <ele>453.0</ele>
   </trkpt>
   <trkpt lat="47.2828390" lon="4.7398070">
    <ele>453.8</ele>
   </trkpt>
   <trkpt lat="47.2828450" lon="4.7397840">
    <ele>454.8</ele>
   </trkpt>
   <trkpt lat="47.2828640" lon="4.7397460">
    <ele>456.0</ele>
   </trkpt>
   <trkpt lat="47.2828630" lon="4.7397410">
    <ele>456.0</ele>
   </trkpt>
   <trkpt lat="47.2828700" lon="4.7397120">
    <ele>457.2</ele>
   </trkpt>
   <trkpt lat="47.2828690" lon="4.7396470">
    <ele>458.2</ele>
   </trkpt>
   <trkpt lat="47.2828710" lon="4.7396360">
    <ele>458.4</ele>
   </trkpt>
   <trkpt lat="47.2828760" lon="4.7396010">
    <ele>459.2</ele>
   </trkpt>
   <trkpt lat="47.2828730" lon="4.7395830">
    <ele>459.4</ele>
   </trkpt>
   <trkpt lat="47.2828710" lon="4.7395650">
    <ele>460.4</ele>
   </trkpt>
   <trkpt lat="47.2828770" lon="4.7395640">
    <ele>460.6</ele>
   </trkpt>
   <trkpt lat="47.2828780" lon="4.7395370">
    <ele>461.4</ele>
   </trkpt>
   <trkpt lat="47.2828810" lon="4.7394950">
    <ele>462.4</ele>
   </trkpt>
   <trkpt lat="47.2828930" lon="4.7394750">
    <ele>463.4</ele>
   </trkpt>
   <trkpt lat="47.2828960" lon="4.7394620">
    <ele>463.6</ele>
   </trkpt>
   <trkpt lat="47.2829140" lon="4.7394310">
    <ele>464.4</ele>
   </trkpt>
   <trkpt lat="47.2829190" lon="4.7394250">
    <ele>465.0</ele>
   </trkpt>
   <trkpt lat="47.2829790" lon="4.7393620">
    <ele>466.0</ele>
   </trkpt>
   <trkpt lat="47.2830030" lon="4.7393250">
    <ele>466.2</ele>
   </trkpt>
   <trkpt lat="47.2830430" lon="4.7392540">
    <ele>466.2</ele>
   </trkpt>
   <trkpt lat="47.2830490" lon="4.7392110">
    <ele>466.6</ele>
   </trkpt>
   <trkpt lat="47.2830660" lon="4.7391580">
    <ele>467.2</ele>
   </trkpt>
   <trkpt lat="47.2830770" lon="4.7390810">
    <ele>468.4</ele>
   </trkpt>
   <trkpt lat="47.2830730" lon="4.7390600">
    <ele>468.6</ele>
   </trkpt>
   <trkpt lat="47.2830740" lon="4.7390260">
    <ele>469.4</ele>
   </trkpt>
   <trkpt lat="47.2830820" lon="4.7389970">
    <ele>470.6</ele>
   </trkpt>
   <trkpt lat="47.2830980" lon="4.7389040">
    <ele>471.4</ele>
   </trkpt>
   <trkpt lat="47.2831040" lon="4.7389020">
    <ele>471.6</ele>
   </trkpt>
   <trkpt lat="47.2830910" lon="4.7389110">
    <ele>472.4</ele>
   </trkpt>
   <trkpt lat="47.2830820" lon="4.7389030">
    <ele>472.8</ele>
   </trkpt>
   <trkpt lat="47.2831190" lon="4.7388330">
    <ele>474.2</ele>
   </trkpt>
   <trkpt lat="47.2831590" lon="4.7387590">
    <ele>475.4</ele>
   </trkpt>
   <trkpt lat="47.2831460" lon="4.7387350">
    <ele>476.4</ele>
   </trkpt>
   <trkpt lat="47.2831470" lon="4.7387270">
    <ele>476.6</ele>
   </trkpt>
   <trkpt lat="47.2831550" lon="4.7386630">
    <ele>477.6</ele>
   </trkpt>
   <trkpt lat="47.2831620" lon="4.7386580">
    <ele>478.4</ele>
   </trkpt>
   <trkpt lat="47.2831640" lon="4.7386240">
    <ele>479.0</ele>
   </trkpt>
   <trkpt lat="47.2831600" lon="4.7385870">
    <ele>480.2</ele>
   </trkpt>
   <trkpt lat="47.2831560" lon="4.7385620">
    <ele>481.0</ele>
   </trkpt>
   <trkpt lat="47.2831550" lon="4.7385480">
    <ele>481.4</ele>
   </trkpt>
   <trkpt lat="47.2831410" lon="4.7385120">
    <ele>482.4</ele>
   </trkpt>
   <trkpt lat="47.2831340" lon="4.7385130">
    <ele>482.6</ele>
   </trkpt>
   <trkpt lat="47.2830950" lon="4.7385110">
    <ele>483.4</ele>
   </trkpt>
   <trkpt lat="47.2830740" lon="4.7385160">
    <ele>484.4</ele>
   </trkpt>
   <trkpt lat="47.2830690" lon="4.7385130">
    <ele>484.8</ele>
   </trkpt>
   <trkpt lat="47.2830380" lon="4.7385050">
    <ele>486.2</ele>
   </trkpt>
   <trkpt lat="47.2829940" lon="4.7385180">
    <ele>487.2</ele>
   </trkpt>
   <trkpt lat="47.2829850" lon="4.7384950">
    <ele>488.0</ele>
   </trkpt>
   <trkpt lat="47.2829990" lon="4.7384670">
    <ele>488.4</ele>
   </trkpt>
   <trkpt lat="47.2830140" lon="4.7384500">
    <ele>488.6</ele>
   </trkpt>
   <trkpt lat="47.2830570" lon="4.7384080">
    <ele>489.0</ele>
   </trkpt>
   <trkpt lat="47.2830660" lon="4.7383980">
    <ele>489.2</ele>
   </trkpt>
   <trkpt lat="47.2830820" lon="4.7383740">
    <ele>489.2</ele>
   </trkpt>
   <trkpt lat="47.2831270" lon="4.7382990">
    <ele>489.4</ele>
   </trkpt>
   <trkpt lat="47.2831510" lon="4.7382600">
    <ele>489.8</ele>
   </trkpt>
   <trkpt lat="47.2832520" lon="4.7381570">
    <ele>490.6</ele>
   </trkpt>
   <trkpt lat="47.2832770" lon="4.7381300">
    <ele>490.8</ele>
   </trkpt>
   <trkpt lat="47.2833510" lon="4.7380430">
    <ele>491.2</ele>
   </trkpt>
   <trkpt lat="47.2834650" lon="4.7379280">
    <ele>490.4</ele>
   </trkpt>
   <trkpt lat="47.2836510" lon="4.7377880">
    <ele>490.0</ele>
   </trkpt>
   <trkpt lat="47.2836760" lon="4.7377550">
    <ele>489.8</ele>
   </trkpt>
   <trkpt lat="47.2838160" lon="4.7376260">
    <ele>489.8</ele>
   </trkpt>
   <trkpt lat="47.2839710" lon="4.7374460">
    <ele>489.8</ele>
   </trkpt>
   <trkpt lat="47.2840040" lon="4.7374220">
    <ele>489.4</ele>
   </trkpt>
   <trkpt lat="47.2840340" lon="4.7373970">
    <ele>489.4</ele>
   </trkpt>
   <trkpt lat="47.2841880" lon="4.7372270">
    <ele>489.8</ele>
   </trkpt>
   <trkpt lat="47.2843220" lon="4.7370970">
    <ele>490.2</ele>
   </trkpt>
   <trkpt lat="47.2843490" lon="4.7370740">
    <ele>490.4</ele>
   </trkpt>
   <trkpt lat="47.2844270" lon="4.7369990">
    <ele>490.4</ele>
   </trkpt>
   <trkpt lat="47.2845180" lon="4.7369580">
    <ele>490.6</ele>
   </trkpt>
   <trkpt lat="47.2846850" lon="4.7368400">
    <ele>490.0</ele>
   </trkpt>
   <trkpt lat="47.2847830" lon="4.7367570">
    <ele>489.8</ele>
   </trkpt>
   <trkpt lat="47.2848730" lon="4.7366310">
    <ele>489.8</ele>
   </trkpt>
   <trkpt lat="47.2850090" lon="4.7365080">
    <ele>490.0</ele>
   </trkpt>
   <trkpt lat="47.2851320" lon="4.7364110">
    <ele>489.4</ele>
   </trkpt>
   <trkpt lat="47.2852000" lon="4.7363130">
    <ele>488.2</ele>
   </trkpt>
   <trkpt lat="47.2852800" lon="4.7362170">
    <ele>486.8</ele>
   </trkpt>
   <trkpt lat="47.2852990" lon="4.7361840">
    <ele>486.4</ele>
   </trkpt>
   <trkpt lat="47.2853440" lon="4.7361180">
    <ele>485.6</ele>
   </trkpt>
   <trkpt lat="47.2853980" lon="4.7360590">
    <ele>484.6</ele>
   </trkpt>
   <trkpt lat="47.2854630" lon="4.7359500">
    <ele>483.8</ele>
   </trkpt>
   <trkpt lat="47.2855070" lon="4.7358720">
    <ele>483.4</ele>
   </trkpt>
   <trkpt lat="47.2855590" lon="4.7356980">
    <ele>482.4</ele>
   </trkpt>
   <trkpt lat="47.2855690" lon="4.7356550">
    <ele>482.2</ele>
   </trkpt>
   <trkpt lat="47.2855700" lon="4.7354890">
    <ele>481.8</ele>
   </trkpt>
   <trkpt lat="47.2855760" lon="4.7353170">
    <ele>481.0</ele>
   </trkpt>
   <trkpt lat="47.2855490" lon="4.7351080">
    <ele>479.8</ele>
   </trkpt>
   <trkpt lat="47.2855500" lon="4.7350390">
    <ele>479.4</ele>
   </trkpt>
   <trkpt lat="47.2855500" lon="4.7349710">
    <ele>478.8</ele>
   </trkpt>
   <trkpt lat="47.2855360" lon="4.7348250">
    <ele>477.8</ele>
   </trkpt>
   <trkpt lat="47.2855290" lon="4.7347590">
    <ele>477.2</ele>
   </trkpt>
   <trkpt lat="47.2855190" lon="4.7347030">
    <ele>476.8</ele>
   </trkpt>
   <trkpt lat="47.2854850" lon="4.7345940">
    <ele>475.4</ele>
   </trkpt>
   <trkpt lat="47.2854950" lon="4.7343940">
    <ele>474.2</ele>
   </trkpt>
   <trkpt lat="47.2855080" lon="4.7343450">
    <ele>474.0</ele>
   </trkpt>
   <trkpt lat="47.2855240" lon="4.7342390">
    <ele>473.2</ele>
   </trkpt>
   <trkpt lat="47.2855180" lon="4.7342280">
    <ele>473.0</ele>
   </trkpt>
   <trkpt lat="47.2855020" lon="4.7342240">
    <ele>472.8</ele>
   </trkpt>
   <trkpt lat="47.2854350" lon="4.7342190">
    <ele>473.2</ele>
   </trkpt>
   <trkpt lat="47.2853550" lon="4.7342160">
    <ele>474.4</ele>
   </trkpt>
   <trkpt lat="47.2852790" lon="4.7342350">
    <ele>475.4</ele>
   </trkpt>
   <trkpt lat="47.2852640" lon="4.7342430">
    <ele>475.6</ele>
   </trkpt>
   <trkpt lat="47.2851930" lon="4.7342390">
    <ele>476.6</ele>
   </trkpt>
   <trkpt lat="47.2851000" lon="4.7342260">
    <ele>477.6</ele>
   </trkpt>
   <trkpt lat="47.2850790" lon="4.7342300">
    <ele>477.8</ele>
   </trkpt>
   <trkpt lat="47.2849390" lon="4.7341820">
    <ele>478.4</ele>
   </trkpt>
   <trkpt lat="47.2849100" lon="4.7341770">
    <ele>478.4</ele>
   </trkpt>
   <trkpt lat="47.2847850" lon="4.7341430">
    <ele>478.8</ele>
   </trkpt>
   <trkpt lat="47.2847600" lon="4.7341340">
    <ele>479.0</ele>
   </trkpt>
   <trkpt lat="47.2846810" lon="4.7341030">
    <ele>479.0</ele>
   </trkpt>
   <trkpt lat="47.2845180" lon="4.7340700">
    <ele>479.6</ele>
   </trkpt>
   <trkpt lat="47.2845010" lon="4.7340660">
    <ele>479.8</ele>
   </trkpt>
   <trkpt lat="47.2845030" lon="4.7340690">
    <ele>480.0</ele>
   </trkpt>
   <trkpt lat="47.2845200" lon="4.7340800">
    <ele>480.2</ele>
   </trkpt>
   <trkpt lat="47.2845500" lon="4.7341060">
    <ele>480.4</ele>
   </trkpt>
   <trkpt lat="47.2845420" lon="4.7341340">
    <ele>480.6</ele>
   </trkpt>
   <trkpt lat="47.2845300" lon="4.7341660">
    <ele>481.2</ele>
   </trkpt>
   <trkpt lat="47.2845320" lon="4.7341940">
    <ele>481.8</ele>
   </trkpt>
   <trkpt lat="47.2845290" lon="4.7342110">
    <ele>482.0</ele>
   </trkpt>
   <trkpt lat="47.2845250" lon="4.7342290">
    <ele>482.4</ele>
   </trkpt>
   <trkpt lat="47.2845070" lon="4.7342760">
    <ele>483.4</ele>
   </trkpt>
   <trkpt lat="47.2845100" lon="4.7342830">
    <ele>484.0</ele>
   </trkpt>
   <trkpt lat="47.2845070" lon="4.7343080">
    <ele>484.6</ele>
   </trkpt>
   <trkpt lat="47.2845110" lon="4.7343350">
    <ele>485.4</ele>
   </trkpt>
   <trkpt lat="47.2845200" lon="4.7343470">
    <ele>485.8</ele>
   </trkpt>
   <trkpt lat="47.2845150" lon="4.7344070">
    <ele>486.8</ele>
   </trkpt>
   <trkpt lat="47.2845110" lon="4.7344110">
    <ele>487.0</ele>
   </trkpt>
   <trkpt lat="47.2845120" lon="4.7344200">
    <ele>487.4</ele>
   </trkpt>
   <trkpt lat="47.2845080" lon="4.7344330">
    <ele>488.2</ele>
   </trkpt>
   <trkpt lat="47.2844980" lon="4.7344770">
    <ele>489.2</ele>
   </trkpt>
   <trkpt lat="47.2844950" lon="4.7344920">
    <ele>489.4</ele>
   </trkpt>
   <trkpt lat="47.2845080" lon="4.7345320">
    <ele>490.4</ele>
   </trkpt>
   <trkpt lat="47.2844830" lon="4.7345930">
    <ele>491.2</ele>
   </trkpt>
   <trkpt lat="47.2844680" lon="4.7346030">
    <ele>491.4</ele>
   </trkpt>
   <trkpt lat="47.2844290" lon="4.7346350">
    <ele>492.8</ele>
   </trkpt>
   <trkpt lat="47.2844140" lon="4.7346440">
    <ele>493.2</ele>
   </trkpt>
   <trkpt lat="47.2843960" lon="4.7346440">
    <ele>494.0</ele>
   </trkpt>
   <trkpt lat="47.2843540" lon="4.7346480">
    <ele>495.0</ele>
   </trkpt>
   <trkpt lat="47.2843500" lon="4.7346690">
    <ele>496.0</ele>
   </trkpt>
   <trkpt lat="47.2843410" lon="4.7346740">
    <ele>496.2</ele>
   </trkpt>
   <trkpt lat="47.2843200" lon="4.7346920">
    <ele>497.4</ele>
   </trkpt>
   <trkpt lat="47.2843010" lon="4.7347090">
    <ele>498.4</ele>
   </trkpt>
   <trkpt lat="47.2842880" lon="4.7347210">
    <ele>498.6</ele>
   </trkpt>
   <trkpt lat="47.2842680" lon="4.7347410">
    <ele>499.6</ele>
   </trkpt>
   <trkpt lat="47.2842610" lon="4.7347450">
    <ele>500.4</ele>
   </trkpt>
   <trkpt lat="47.2842500" lon="4.7347540">
    <ele>500.8</ele>
   </trkpt>
   <trkpt lat="47.2842490" lon="4.7347690">
    <ele>501.8</ele>
   </trkpt>
   <trkpt lat="47.2842460" lon="4.7347750">
    <ele>502.0</ele>
   </trkpt>
   <trkpt lat="47.2842200" lon="4.7348070">
    <ele>503.2</ele>
   </trkpt>
   <trkpt lat="47.2842090" lon="4.7348260">
    <ele>504.2</ele>
   </trkpt>
   <trkpt lat="47.2841910" lon="4.7348470">
    <ele>504.8</ele>
   </trkpt>
   <trkpt lat="47.2841540" lon="4.7348510">
    <ele>505.6</ele>
   </trkpt>
   <trkpt lat="47.2841340" lon="4.7348550">
    <ele>506.2</ele>
   </trkpt>
   <trkpt lat="47.2841040" lon="4.7348800">
    <ele>507.0</ele>
   </trkpt>
   <trkpt lat="47.2840900" lon="4.7348880">
    <ele>507.2</ele>
   </trkpt>
   <trkpt lat="47.2840650" lon="4.7349000">
    <ele>508.2</ele>
   </trkpt>
   <trkpt lat="47.2840520" lon="4.7349140">
    <ele>509.4</ele>
   </trkpt>
   <trkpt lat="47.2840090" lon="4.7349260">
    <ele>510.6</ele>
   </trkpt>
   <trkpt lat="47.2840050" lon="4.7349480">
    <ele>511.4</ele>
   </trkpt>
   <trkpt lat="47.2839970" lon="4.7349640">
    <ele>511.8</ele>
   </trkpt>
   <trkpt lat="47.2839670" lon="4.7350040">
    <ele>513.2</ele>
   </trkpt>
   <trkpt lat="47.2839410" lon="4.7350300">
    <ele>514.4</ele>
   </trkpt>
   <trkpt lat="47.2839310" lon="4.7350450">
    <ele>515.4</ele>
   </trkpt>
   <trkpt lat="47.2839250" lon="4.7350550">
    <ele>515.6</ele>
   </trkpt>
   <trkpt lat="47.2839110" lon="4.7350660">
    <ele>516.4</ele>
   </trkpt>
   <trkpt lat="47.2838930" lon="4.7350920">
    <ele>517.6</ele>
   </trkpt>
   <trkpt lat="47.2838930" lon="4.7350970">
    <ele>518.0</ele>
   </trkpt>
   <trkpt lat="47.2838790" lon="4.7351210">
    <ele>518.6</ele>
   </trkpt>
   <trkpt lat="47.2838620" lon="4.7351520">
    <ele>519.8</ele>
   </trkpt>
   <trkpt lat="47.2838470" lon="4.7351710">
    <ele>520.2</ele>
   </trkpt>
   <trkpt lat="47.2838350" lon="4.7351750">
    <ele>520.8</ele>
   </trkpt>
   <trkpt lat="47.2837950" lon="4.7352160">
    <ele>521.8</ele>
   </trkpt>
   <trkpt lat="47.2837840" lon="4.7352270">
    <ele>522.2</ele>
   </trkpt>
   <trkpt lat="47.2837710" lon="4.7352370">
    <ele>523.0</ele>
   </trkpt>
   <trkpt lat="47.2837500" lon="4.7352630">
    <ele>524.2</ele>
   </trkpt>
   <trkpt lat="47.2837110" lon="4.7353010">
    <ele>525.2</ele>
   </trkpt>
   <trkpt lat="47.2836970" lon="4.7353170">
    <ele>526.0</ele>
   </trkpt>
   <trkpt lat="47.2836850" lon="4.7353320">
    <ele>526.4</ele>
   </trkpt>
   <trkpt lat="47.2836690" lon="4.7353700">
    <ele>527.4</ele>
   </trkpt>
   <trkpt lat="47.2836430" lon="4.7353820">
    <ele>528.6</ele>
   </trkpt>
   <trkpt lat="47.2836260" lon="4.7354070">
    <ele>529.4</ele>
   </trkpt>
   <trkpt lat="47.2836220" lon="4.7354110">
    <ele>529.6</ele>
   </trkpt>
   <trkpt lat="47.2836050" lon="4.7354300">
    <ele>530.6</ele>
   </trkpt>
   <trkpt lat="47.2835850" lon="4.7354500">
    <ele>531.8</ele>
   </trkpt>
   <trkpt lat="47.2835440" lon="4.7354630">
    <ele>533.2</ele>
   </trkpt>
   <trkpt lat="47.2835190" lon="4.7354810">
    <ele>533.8</ele>
   </trkpt>
   <trkpt lat="47.2835110" lon="4.7354860">
    <ele>534.2</ele>
   </trkpt>
   <trkpt lat="47.2834930" lon="4.7354940">
    <ele>535.4</ele>
   </trkpt>
   <trkpt lat="47.2834870" lon="4.7355000">
    <ele>535.6</ele>
   </trkpt>
   <trkpt lat="47.2834670" lon="4.7355160">
    <ele>536.4</ele>
   </trkpt>
   <trkpt lat="47.2834510" lon="4.7355350">
    <ele>537.6</ele>
   </trkpt>
   <trkpt lat="47.2834290" lon="4.7355500">
    <ele>539.0</ele>
   </trkpt>
   <trkpt lat="47.2834170" lon="4.7355760">
    <ele>539.8</ele>
   </trkpt>
   <trkpt lat="47.2834100" lon="4.7355850">
    <ele>540.0</ele>
   </trkpt>
   <trkpt lat="47.2833770" lon="4.7356170">
    <ele>541.0</ele>
   </trkpt>
   <trkpt lat="47.2833540" lon="4.7356360">
    <ele>541.4</ele>
   </trkpt>
   <trkpt lat="47.2833350" lon="4.7356530">
    <ele>542.2</ele>
   </trkpt>
   <trkpt lat="47.2833100" lon="4.7357030">
    <ele>542.8</ele>
   </trkpt>
   <trkpt lat="47.2833020" lon="4.7357130">
    <ele>543.2</ele>
   </trkpt>
   <trkpt lat="47.2832500" lon="4.7357680">
    <ele>544.2</ele>
   </trkpt>
   <trkpt lat="47.2832310" lon="4.7357870">
    <ele>544.6</ele>
   </trkpt>
   <trkpt lat="47.2831480" lon="4.7358940">
    <ele>545.4</ele>
   </trkpt>
   <trkpt lat="47.2831080" lon="4.7359480">
    <ele>545.6</ele>
   </trkpt>
   <trkpt lat="47.2830050" lon="4.7360580">
    <ele>546.2</ele>
   </trkpt>
   <trkpt lat="47.2829870" lon="4.7360800">
    <ele>546.6</ele>
   </trkpt>
   <trkpt lat="47.2829610" lon="4.7361280">
    <ele>547.2</ele>
   </trkpt>
   <trkpt lat="47.2829390" lon="4.7361680">
    <ele>547.8</ele>
   </trkpt>
   <trkpt lat="47.2828860" lon="4.7362080">
    <ele>548.6</ele>
   </trkpt>
   <trkpt lat="47.2828610" lon="4.7362220">
    <ele>549.0</ele>
   </trkpt>
   <trkpt lat="47.2828170" lon="4.7362500">
    <ele>549.6</ele>
   </trkpt>
   <trkpt lat="47.2827840" lon="4.7362900">
    <ele>550.0</ele>
   </trkpt>
   <trkpt lat="47.2827130" lon="4.7364160">
    <ele>551.0</ele>
   </trkpt>
   <trkpt lat="47.2826250" lon="4.7365540">
    <ele>551.8</ele>
   </trkpt>
   <trkpt lat="47.2825960" lon="4.7366040">
    <ele>552.2</ele>
   </trkpt>
   <trkpt lat="47.2825350" lon="4.7366850">
    <ele>552.4</ele>
   </trkpt>
   <trkpt lat="47.2824330" lon="4.7368650">
    <ele>552.8</ele>
   </trkpt>
   <trkpt lat="47.2824160" lon="4.7368840">
    <ele>552.8</ele>
   </trkpt>
   <trkpt lat="47.2823740" lon="4.7370090">
    <ele>553.4</ele>
   </trkpt>
   <trkpt lat="47.2823460" lon="4.7370560">
    <ele>554.0</ele>
   </trkpt>
   <trkpt lat="47.2822890" lon="4.7371140">
    <ele>554.6</ele>
   </trkpt>
   <trkpt lat="47.2822510" lon="4.7372070">
    <ele>555.0</ele>
   </trkpt>
   <trkpt lat="47.2822030" lon="4.7372900">
    <ele>555.6</ele>
   </trkpt>
   <trkpt lat="47.2821570" lon="4.7373640">
    <ele>555.8</ele>
   </trkpt>
   <trkpt lat="47.2821370" lon="4.7373980">
    <ele>555.8</ele>
   </trkpt>
   <trkpt lat="47.2820680" lon="4.7374750">
    <ele>556.0</ele>
   </trkpt>
   <trkpt lat="47.2820340" lon="4.7375570">
    <ele>556.6</ele>
   </trkpt>
   <trkpt lat="47.2819820" lon="4.7376070">
    <ele>557.0</ele>
   </trkpt>
   <trkpt lat="47.2819350" lon="4.7376500">
    <ele>557.4</ele>
   </trkpt>
   <trkpt lat="47.2818500" lon="4.7377370">
    <ele>557.2</ele>
   </trkpt>
   <trkpt lat="47.2817310" lon="4.7379300">
    <ele>556.0</ele>
   </trkpt>
   <trkpt lat="47.2817100" lon="4.7379750">
    <ele>555.6</ele>
   </trkpt>
   <trkpt lat="47.2815760" lon="4.7381710">
    <ele>555.2</ele>
   </trkpt>
   <trkpt lat="47.2815330" lon="4.7382360">
    <ele>555.4</ele>
   </trkpt>
   <trkpt lat="47.2814900" lon="4.7382960">
    <ele>555.4</ele>
   </trkpt>
   <trkpt lat="47.2813890" lon="4.7384770">
    <ele>556.2</ele>
   </trkpt>
   <trkpt lat="47.2813800" lon="4.7384930">
    <ele>556.0</ele>
   </trkpt>
   <trkpt lat="47.2813210" lon="4.7385480">
    <ele>554.4</ele>
   </trkpt>
   <trkpt lat="47.2812960" lon="4.7385570">
    <ele>554.0</ele>
   </trkpt>
   <trkpt lat="47.2812760" lon="4.7385700">
    <ele>553.2</ele>
   </trkpt>
   <trkpt lat="47.2812560" lon="4.7386130">
    <ele>551.0</ele>
   </trkpt>
   <trkpt lat="47.2812430" lon="4.7386430">
    <ele>550.0</ele>
   </trkpt>
   <trkpt lat="47.2812290" lon="4.7386870">
    <ele>548.6</ele>
   </trkpt>
   <trkpt lat="47.2812070" lon="4.7387350">
    <ele>547.0</ele>
   </trkpt>
   <trkpt lat="47.2811530" lon="4.7388310">
    <ele>544.4</ele>
   </trkpt>
   <trkpt lat="47.2811290" lon="4.7388790">
    <ele>543.6</ele>
   </trkpt>
   <trkpt lat="47.2811060" lon="4.7389160">
    <ele>542.8</ele>
   </trkpt>
   <trkpt lat="47.2810800" lon="4.7389530">
    <ele>542.2</ele>
   </trkpt>
   <trkpt lat="47.2810370" lon="4.7390240">
    <ele>541.4</ele>
   </trkpt>
   <trkpt lat="47.2809540" lon="4.7391700">
    <ele>540.0</ele>
   </trkpt>
   <trkpt lat="47.2809190" lon="4.7392370">
    <ele>538.6</ele>
   </trkpt>
   <trkpt lat="47.2808870" lon="4.7393140">
    <ele>537.6</ele>
   </trkpt>
   <trkpt lat="47.2808480" lon="4.7393980">
    <ele>536.6</ele>
   </trkpt>
   <trkpt lat="47.2808040" lon="4.7394790">
    <ele>535.6</ele>
   </trkpt>
   <trkpt lat="47.2807830" lon="4.7395120">
    <ele>535.0</ele>
   </trkpt>
   <trkpt lat="47.2807410" lon="4.7395790">
    <ele>534.0</ele>
   </trkpt>
   <trkpt lat="47.2806740" lon="4.7396740">
    <ele>532.4</ele>
   </trkpt>
   <trkpt lat="47.2806510" lon="4.7397030">
    <ele>531.6</ele>
   </trkpt>
   <trkpt lat="47.2806250" lon="4.7397350">
    <ele>531.2</ele>
   </trkpt>
   <trkpt lat="47.2805430" lon="4.7398450">
    <ele>530.0</ele>
   </trkpt>
   <trkpt lat="47.2804770" lon="4.7399640">
    <ele>528.4</ele>
   </trkpt>
   <trkpt lat="47.2804600" lon="4.7399970">
    <ele>527.8</ele>
   </trkpt>
   <trkpt lat="47.2804430" lon="4.7400320">
    <ele>527.2</ele>
   </trkpt>
   <trkpt lat="47.2803970" lon="4.7401110">
    <ele>526.2</ele>
   </trkpt>
   <trkpt lat="47.2803490" lon="4.7401660">
    <ele>525.0</ele>
   </trkpt>
   <trkpt lat="47.2803080" lon="4.7402340">
    <ele>523.4</ele>
   </trkpt>
   <trkpt lat="47.2802530" lon="4.7403360">
    <ele>522.2</ele>
   </trkpt>
   <trkpt lat="47.2801910" lon="4.7404390">
    <ele>521.0</ele>
   </trkpt>
   <trkpt lat="47.2801550" lon="4.7404910">
    <ele>519.0</ele>
   </trkpt>
   <trkpt lat="47.2801370" lon="4.7405160">
    <ele>518.0</ele>
   </trkpt>
   <trkpt lat="47.2801250" lon="4.7405490">
    <ele>516.8</ele>
   </trkpt>
   <trkpt lat="47.2800980" lon="4.7405850">
    <ele>515.8</ele>
   </trkpt>
   <trkpt lat="47.2800790" lon="4.7406170">
    <ele>514.4</ele>
   </trkpt>
   <trkpt lat="47.2800610" lon="4.7406520">
    <ele>513.2</ele>
   </trkpt>
   <trkpt lat="47.2800430" lon="4.7406870">
    <ele>512.0</ele>
   </trkpt>
   <trkpt lat="47.2800320" lon="4.7407180">
    <ele>510.6</ele>
   </trkpt>
   <trkpt lat="47.2800210" lon="4.7407550">
    <ele>510.0</ele>
   </trkpt>
   <trkpt lat="47.2800150" lon="4.7407980">
    <ele>508.8</ele>
   </trkpt>
   <trkpt lat="47.2800050" lon="4.7408460">
    <ele>507.4</ele>
   </trkpt>
   <trkpt lat="47.2799900" lon="4.7409270">
    <ele>505.8</ele>
   </trkpt>
   <trkpt lat="47.2799820" lon="4.7409700">
    <ele>504.8</ele>
   </trkpt>
   <trkpt lat="47.2799740" lon="4.7410210">
    <ele>504.0</ele>
   </trkpt>
   <trkpt lat="47.2799470" lon="4.7411100">
    <ele>502.8</ele>
   </trkpt>
   <trkpt lat="47.2799250" lon="4.7412170">
    <ele>501.4</ele>
   </trkpt>
   <trkpt lat="47.2799150" lon="4.7412640">
    <ele>500.6</ele>
   </trkpt>
   <trkpt lat="47.2799050" lon="4.7413130">
    <ele>500.0</ele>
   </trkpt>
   <trkpt lat="47.2799110" lon="4.7413470">
    <ele>499.2</ele>
   </trkpt>
   <trkpt lat="47.2799120" lon="4.7413920">
    <ele>498.6</ele>
   </trkpt>
   <trkpt lat="47.2799370" lon="4.7415080">
    <ele>497.4</ele>
   </trkpt>
   <trkpt lat="47.2799430" lon="4.7416690">
    <ele>496.0</ele>
   </trkpt>
   <trkpt lat="47.2799510" lon="4.7417770">
    <ele>494.8</ele>
   </trkpt>
   <trkpt lat="47.2799540" lon="4.7419340">
    <ele>493.8</ele>
   </trkpt>
   <trkpt lat="47.2799470" lon="4.7420970">
    <ele>492.4</ele>
   </trkpt>
   <trkpt lat="47.2799400" lon="4.7422000">
    <ele>491.8</ele>
   </trkpt>
   <trkpt lat="47.2799330" lon="4.7422510">
    <ele>491.2</ele>
   </trkpt>
   <trkpt lat="47.2799030" lon="4.7424250">
    <ele>490.0</ele>
   </trkpt>
   <trkpt lat="47.2798380" lon="4.7425280">
    <ele>489.0</ele>
   </trkpt>
   <trkpt lat="47.2798380" lon="4.7425320">
    <ele>488.4</ele>
   </trkpt>
   <trkpt lat="47.2798660" lon="4.7425140">
    <ele>487.8</ele>
   </trkpt>
   <trkpt lat="47.2799150" lon="4.7424940">
    <ele>486.6</ele>
   </trkpt>
   <trkpt lat="47.2799700" lon="4.7424840">
    <ele>485.2</ele>
   </trkpt>
   <trkpt lat="47.2799930" lon="4.7424730">
    <ele>484.4</ele>
   </trkpt>
   <trkpt lat="47.2800110" lon="4.7424560">
    <ele>483.4</ele>
   </trkpt>
   <trkpt lat="47.2800560" lon="4.7424270">
    <ele>482.2</ele>
   </trkpt>
   <trkpt lat="47.2800830" lon="4.7424160">
    <ele>481.6</ele>
   </trkpt>
   <trkpt lat="47.2801100" lon="4.7424170">
    <ele>480.8</ele>
   </trkpt>
   <trkpt lat="47.2801560" lon="4.7424650">
    <ele>478.6</ele>
   </trkpt>
   <trkpt lat="47.2801600" lon="4.7424980">
    <ele>477.6</ele>
   </trkpt>
   <trkpt lat="47.2801540" lon="4.7425560">
    <ele>476.2</ele>
   </trkpt>
   <trkpt lat="47.2801410" lon="4.7426170">
    <ele>474.8</ele>
   </trkpt>
   <trkpt lat="47.2801340" lon="4.7426580">
    <ele>473.6</ele>
   </trkpt>
   <trkpt lat="47.2801300" lon="4.7427060">
    <ele>472.6</ele>
   </trkpt>
   <trkpt lat="47.2801350" lon="4.7427500">
    <ele>472.0</ele>
   </trkpt>
   <trkpt lat="47.2800990" lon="4.7428540">
    <ele>471.0</ele>
   </trkpt>
   <trkpt lat="47.2799840" lon="4.7429080">
    <ele>469.8</ele>
   </trkpt>
   <trkpt lat="47.2799660" lon="4.7429270">
    <ele>469.4</ele>
   </trkpt>
   <trkpt lat="47.2799140" lon="4.7429450">
    <ele>468.6</ele>
   </trkpt>
   <trkpt lat="47.2798720" lon="4.7429500">
    <ele>467.8</ele>
   </trkpt>
   <trkpt lat="47.2798460" lon="4.7429630">
    <ele>467.2</ele>
   </trkpt>
   <trkpt lat="47.2797800" lon="4.7430210">
    <ele>465.8</ele>
   </trkpt>
   <trkpt lat="47.2797520" lon="4.7430760">
    <ele>464.6</ele>
   </trkpt>
   <trkpt lat="47.2797340" lon="4.7431290">
    <ele>463.0</ele>
   </trkpt>
   <trkpt lat="47.2797260" lon="4.7431510">
    <ele>461.8</ele>
   </trkpt>
   <trkpt lat="47.2797030" lon="4.7431760">
    <ele>460.4</ele>
   </trkpt>
   <trkpt lat="47.2796820" lon="4.7431800">
    <ele>459.6</ele>
   </trkpt>
   <trkpt lat="47.2796580" lon="4.7431980">
    <ele>458.8</ele>
   </trkpt>
   <trkpt lat="47.2796380" lon="4.7432260">
    <ele>458.0</ele>
   </trkpt>
   <trkpt lat="47.2796300" lon="4.7432540">
    <ele>457.6</ele>
   </trkpt>
   <trkpt lat="47.2796040" lon="4.7433280">
    <ele>455.8</ele>
   </trkpt>
   <trkpt lat="47.2796020" lon="4.7433860">
    <ele>454.0</ele>
   </trkpt>
   <trkpt lat="47.2795990" lon="4.7434250">
    <ele>452.8</ele>
   </trkpt>
   <trkpt lat="47.2795960" lon="4.7434460">
    <ele>451.6</ele>
   </trkpt>
   <trkpt lat="47.2795860" lon="4.7434480">
    <ele>451.0</ele>
   </trkpt>
   <trkpt lat="47.2795470" lon="4.7434580">
    <ele>450.4</ele>
   </trkpt>
   <trkpt lat="47.2795260" lon="4.7434570">
    <ele>450.2</ele>
   </trkpt>
   <trkpt lat="47.2794750" lon="4.7434500">
    <ele>450.4</ele>
   </trkpt>
   <trkpt lat="47.2794500" lon="4.7434440">
    <ele>450.8</ele>
   </trkpt>
   <trkpt lat="47.2793950" lon="4.7434100">
    <ele>451.8</ele>
   </trkpt>
   <trkpt lat="47.2793790" lon="4.7433990">
    <ele>452.2</ele>
   </trkpt>
   <trkpt lat="47.2793540" lon="4.7433690">
    <ele>452.8</ele>
   </trkpt>
   <trkpt lat="47.2793180" lon="4.7433290">
    <ele>454.2</ele>
   </trkpt>
   <trkpt lat="47.2792880" lon="4.7433130">
    <ele>454.8</ele>
   </trkpt>
   <trkpt lat="47.2792740" lon="4.7432930">
    <ele>455.2</ele>
   </trkpt>
   <trkpt lat="47.2792340" lon="4.7432620">
    <ele>456.4</ele>
   </trkpt>
   <trkpt lat="47.2792270" lon="4.7432450">
    <ele>456.8</ele>
   </trkpt>
   <trkpt lat="47.2792180" lon="4.7431760">
    <ele>457.6</ele>
   </trkpt>
   <trkpt lat="47.2792000" lon="4.7431600">
    <ele>458.2</ele>
   </trkpt>
   <trkpt lat="47.2791960" lon="4.7431520">
    <ele>458.4</ele>
   </trkpt>
   <trkpt lat="47.2791840" lon="4.7431260">
    <ele>458.6</ele>
   </trkpt>
   <trkpt lat="47.2791760" lon="4.7431060">
    <ele>458.8</ele>
   </trkpt>
   <trkpt lat="47.2791870" lon="4.7430670">
    <ele>459.8</ele>
   </trkpt>
   <trkpt lat="47.2791630" lon="4.7430340">
    <ele>460.8</ele>
   </trkpt>
   <trkpt lat="47.2791520" lon="4.7430200">
    <ele>461.2</ele>
   </trkpt>
   <trkpt lat="47.2791650" lon="4.7429470">
    <ele>462.6</ele>
   </trkpt>
   <trkpt lat="47.2791430" lon="4.7428900">
    <ele>463.6</ele>
   </trkpt>
   <trkpt lat="47.2791340" lon="4.7428730">
    <ele>464.2</ele>
   </trkpt>
   <trkpt lat="47.2791200" lon="4.7428580">
    <ele>464.8</ele>
   </trkpt>
   <trkpt lat="47.2791060" lon="4.7428160">
    <ele>465.2</ele>
   </trkpt>
   <trkpt lat="47.2791070" lon="4.7427990">
    <ele>466.0</ele>
   </trkpt>
   <trkpt lat="47.2791130" lon="4.7427540">
    <ele>467.2</ele>
   </trkpt>
   <trkpt lat="47.2791180" lon="4.7427430">
    <ele>467.8</ele>
   </trkpt>
   <trkpt lat="47.2791180" lon="4.7427130">
    <ele>468.4</ele>
   </trkpt>
   <trkpt lat="47.2791200" lon="4.7426810">
    <ele>469.0</ele>
   </trkpt>
   <trkpt lat="47.2791200" lon="4.7426560">
    <ele>469.6</ele>
   </trkpt>
   <trkpt lat="47.2791220" lon="4.7426320">
    <ele>470.2</ele>
   </trkpt>
   <trkpt lat="47.2791180" lon="4.7425940">
    <ele>470.8</ele>
   </trkpt>
   <trkpt lat="47.2791400" lon="4.7425310">
    <ele>471.6</ele>
   </trkpt>
   <trkpt lat="47.2791390" lon="4.7425140">
    <ele>471.8</ele>
   </trkpt>
   <trkpt lat="47.2791430" lon="4.7425010">
    <ele>472.0</ele>
   </trkpt>
   <trkpt lat="47.2791390" lon="4.7424500">
    <ele>472.4</ele>
   </trkpt>
   <trkpt lat="47.2791220" lon="4.7423820">
    <ele>473.0</ele>
   </trkpt>
   <trkpt lat="47.2790830" lon="4.7422820">
    <ele>474.0</ele>
   </trkpt>
   <trkpt lat="47.2790710" lon="4.7422730">
    <ele>474.2</ele>
   </trkpt>
   <trkpt lat="47.2790280" lon="4.7422370">
    <ele>474.4</ele>
   </trkpt>
   <trkpt lat="47.2789890" lon="4.7421880">
    <ele>474.6</ele>
   </trkpt>
   <trkpt lat="47.2789460" lon="4.7422100">
    <ele>474.8</ele>
   </trkpt>
   <trkpt lat="47.2789220" lon="4.7422420">
    <ele>475.2</ele>
   </trkpt>
   <trkpt lat="47.2788540" lon="4.7422410">
    <ele>476.2</ele>
   </trkpt>
   <trkpt lat="47.2788480" lon="4.7422490">
    <ele>476.8</ele>
   </trkpt>
   <trkpt lat="47.2788090" lon="4.7422460">
    <ele>478.0</ele>
   </trkpt>
   <trkpt lat="47.2788010" lon="4.7423150">
    <ele>478.8</ele>
   </trkpt>
   <trkpt lat="47.2788070" lon="4.7423350">
    <ele>479.2</ele>
   </trkpt>
   <trkpt lat="47.2787860" lon="4.7422950">
    <ele>480.4</ele>
   </trkpt>
   <trkpt lat="47.2787600" lon="4.7422950">
    <ele>481.0</ele>
   </trkpt>
   <trkpt lat="47.2787330" lon="4.7423030">
    <ele>481.8</ele>
   </trkpt>
   <trkpt lat="47.2787050" lon="4.7423150">
    <ele>482.8</ele>
   </trkpt>
   <trkpt lat="47.2786920" lon="4.7423210">
    <ele>483.2</ele>
   </trkpt>
   <trkpt lat="47.2786740" lon="4.7423300">
    <ele>483.8</ele>
   </trkpt>
   <trkpt lat="47.2786170" lon="4.7423850">
    <ele>485.0</ele>
   </trkpt>
   <trkpt lat="47.2786090" lon="4.7424080">
    <ele>485.6</ele>
   </trkpt>
   <trkpt lat="47.2786440" lon="4.7424940">
    <ele>486.0</ele>
   </trkpt>
   <trkpt lat="47.2787460" lon="4.7426160">
    <ele>484.0</ele>
   </trkpt>
   <trkpt lat="47.2787630" lon="4.7426540">
    <ele>483.6</ele>
   </trkpt>
   <trkpt lat="47.2788060" lon="4.7427420">
    <ele>482.8</ele>
   </trkpt>
   <trkpt lat="47.2788650" lon="4.7428710">
    <ele>481.4</ele>
   </trkpt>
   <trkpt lat="47.2788910" lon="4.7429120">
    <ele>480.6</ele>
   </trkpt>
   <trkpt lat="47.2789130" lon="4.7429530">
    <ele>480.2</ele>
   </trkpt>
   <trkpt lat="47.2789680" lon="4.7430210">
    <ele>478.8</ele>
   </trkpt>
   <trkpt lat="47.2790170" lon="4.7431110">
    <ele>477.6</ele>
   </trkpt>
   <trkpt lat="47.2790400" lon="4.7432130">
    <ele>476.4</ele>
   </trkpt>
   <trkpt lat="47.2790480" lon="4.7432670">
    <ele>475.4</ele>
   </trkpt>
   <trkpt lat="47.2790560" lon="4.7433840">
    <ele>474.0</ele>
   </trkpt>
   <trkpt lat="47.2790600" lon="4.7435090">
    <ele>471.8</ele>
   </trkpt>
   <trkpt lat="47.2790550" lon="4.7435650">
    <ele>470.6</ele>
   </trkpt>
   <trkpt lat="47.2790420" lon="4.7436770">
    <ele>469.0</ele>
   </trkpt>
   <trkpt lat="47.2790470" lon="4.7437370">
    <ele>467.8</ele>
   </trkpt>
   <trkpt lat="47.2790530" lon="4.7438660">
    <ele>465.8</ele>
   </trkpt>
   <trkpt lat="47.2790560" lon="4.7439270">
    <ele>464.4</ele>
   </trkpt>
   <trkpt lat="47.2790580" lon="4.7439860">
    <ele>463.4</ele>
   </trkpt>
   <trkpt lat="47.2790640" lon="4.7441150">
    <ele>461.8</ele>
   </trkpt>
   <trkpt lat="47.2790590" lon="4.7442450">
    <ele>460.6</ele>
   </trkpt>
   <trkpt lat="47.2790540" lon="4.7443080">
    <ele>460.2</ele>
   </trkpt>
   <trkpt lat="47.2790490" lon="4.7444170">
    <ele>459.2</ele>
   </trkpt>
   <trkpt lat="47.2790090" lon="4.7446110">
    <ele>457.8</ele>
   </trkpt>
   <trkpt lat="47.2789990" lon="4.7448340">
    <ele>456.8</ele>
   </trkpt>
   <trkpt lat="47.2790050" lon="4.7450030">
    <ele>455.4</ele>
   </trkpt>
   <trkpt lat="47.2790170" lon="4.7451390">
    <ele>454.4</ele>
   </trkpt>
   <trkpt lat="47.2790300" lon="4.7452500">
    <ele>453.8</ele>
   </trkpt>
   <trkpt lat="47.2790260" lon="4.7453010">
    <ele>453.0</ele>
   </trkpt>
   <trkpt lat="47.2790520" lon="4.7454660">
    <ele>452.0</ele>
   </trkpt>
   <trkpt lat="47.2790550" lon="4.7455280">
    <ele>451.6</ele>
   </trkpt>
   <trkpt lat="47.2790490" lon="4.7456550">
    <ele>450.8</ele>
   </trkpt>
   <trkpt lat="47.2790490" lon="4.7457860">
    <ele>449.8</ele>
   </trkpt>
   <trkpt lat="47.2790630" lon="4.7460080">
    <ele>448.6</ele>
   </trkpt>
   <trkpt lat="47.2790570" lon="4.7460680">
    <ele>447.8</ele>
   </trkpt>
   <trkpt lat="47.2790480" lon="4.7461470">
    <ele>447.2</ele>
   </trkpt>
   <trkpt lat="47.2790590" lon="4.7463890">
    <ele>445.8</ele>
   </trkpt>
   <trkpt lat="47.2790680" lon="4.7465000">
    <ele>444.8</ele>
   </trkpt>
   <trkpt lat="47.2790700" lon="4.7465540">
    <ele>444.6</ele>
   </trkpt>
   <trkpt lat="47.2790640" lon="4.7467360">
    <ele>443.4</ele>
   </trkpt>
   <trkpt lat="47.2790660" lon="4.7467740">
    <ele>443.0</ele>
   </trkpt>
   <trkpt lat="47.2790650" lon="4.7468140">
    <ele>442.4</ele>
   </trkpt>
   <trkpt lat="47.2790730" lon="4.7468650">
    <ele>442.2</ele>
   </trkpt>
   <trkpt lat="47.2791300" lon="4.7469850">
    <ele>441.0</ele>
   </trkpt>
   <trkpt lat="47.2791670" lon="4.7470460">
    <ele>440.2</ele>
   </trkpt>
   <trkpt lat="47.2791920" lon="4.7471120">
    <ele>439.8</ele>
   </trkpt>
   <trkpt lat="47.2792140" lon="4.7472300">
    <ele>438.0</ele>
   </trkpt>
   <trkpt lat="47.2792560" lon="4.7473110">
    <ele>437.2</ele>
   </trkpt>
   <trkpt lat="47.2792950" lon="4.7474030">
    <ele>436.8</ele>
   </trkpt>
   <trkpt lat="47.2793340" lon="4.7475520">
    <ele>436.0</ele>
   </trkpt>
   <trkpt lat="47.2793440" lon="4.7476000">
    <ele>435.6</ele>
   </trkpt>
   <trkpt lat="47.2794210" lon="4.7478840">
    <ele>435.2</ele>
   </trkpt>
   <trkpt lat="47.2794700" lon="4.7481810">
    <ele>434.6</ele>
   </trkpt>
   <trkpt lat="47.2794780" lon="4.7482320">
    <ele>434.6</ele>
   </trkpt>
   <trkpt lat="47.2794900" lon="4.7484930">
    <ele>433.6</ele>
   </trkpt>
   <trkpt lat="47.2794890" lon="4.7485440">
    <ele>433.4</ele>
   </trkpt>
   <trkpt lat="47.2794890" lon="4.7488010">
    <ele>432.4</ele>
   </trkpt>
   <trkpt lat="47.2794820" lon="4.7489130">
    <ele>432.0</ele>
   </trkpt>
   <trkpt lat="47.2794910" lon="4.7490250">
    <ele>430.8</ele>
   </trkpt>
   <trkpt lat="47.2795160" lon="4.7491780">
    <ele>429.4</ele>
   </trkpt>
   <trkpt lat="47.2795210" lon="4.7492300">
    <ele>428.8</ele>
   </trkpt>
   <trkpt lat="47.2795310" lon="4.7492970">
    <ele>428.2</ele>
   </trkpt>
   <trkpt lat="47.2795600" lon="4.7494040">
    <ele>427.2</ele>
   </trkpt>
   <trkpt lat="47.2795940" lon="4.7495060">
    <ele>426.0</ele>
   </trkpt>
   <trkpt lat="47.2796140" lon="4.7496140">
    <ele>425.0</ele>
   </trkpt>
   <trkpt lat="47.2796500" lon="4.7496950">
    <ele>423.4</ele>
   </trkpt>
   <trkpt lat="47.2796840" lon="4.7497820">
    <ele>422.2</ele>
   </trkpt>
   <trkpt lat="47.2797180" lon="4.7498770">
    <ele>421.2</ele>
   </trkpt>
   <trkpt lat="47.2797650" lon="4.7499640">
    <ele>420.2</ele>
   </trkpt>
   <trkpt lat="47.2797850" lon="4.7500080">
    <ele>419.8</ele>
   </trkpt>
   <trkpt lat="47.2798440" lon="4.7501280">
    <ele>418.0</ele>
   </trkpt>
   <trkpt lat="47.2798900" lon="4.7502140">
    <ele>416.8</ele>
   </trkpt>
   <trkpt lat="47.2799440" lon="4.7502990">
    <ele>415.4</ele>
   </trkpt>
   <trkpt lat="47.2799700" lon="4.7503480">
    <ele>414.8</ele>
   </trkpt>
   <trkpt lat="47.2799940" lon="4.7503940">
    <ele>414.2</ele>
   </trkpt>
   <trkpt lat="47.2800610" lon="4.7505210">
    <ele>412.6</ele>
   </trkpt>
   <trkpt lat="47.2801060" lon="4.7506120">
    <ele>411.4</ele>
   </trkpt>
   <trkpt lat="47.2801300" lon="4.7506570">
    <ele>411.0</ele>
   </trkpt>
   <trkpt lat="47.2801580" lon="4.7507460">
    <ele>410.0</ele>
   </trkpt>
   <trkpt lat="47.2801850" lon="4.7508360">
    <ele>408.8</ele>
   </trkpt>
   <trkpt lat="47.2802160" lon="4.7509260">
    <ele>407.6</ele>
   </trkpt>
   <trkpt lat="47.2802540" lon="4.7510200">
    <ele>406.2</ele>
   </trkpt>
   <trkpt lat="47.2802890" lon="4.7511150">
    <ele>405.0</ele>
   </trkpt>
   <trkpt lat="47.2803230" lon="4.7512100">
    <ele>403.6</ele>
   </trkpt>
   <trkpt lat="47.2803710" lon="4.7512890">
    <ele>402.6</ele>
   </trkpt>
   <trkpt lat="47.2803950" lon="4.7513310">
    <ele>402.2</ele>
   </trkpt>
   <trkpt lat="47.2804230" lon="4.7513640">
    <ele>400.6</ele>
   </trkpt>
   <trkpt lat="47.2804500" lon="4.7514040">
    <ele>399.6</ele>
   </trkpt>
   <trkpt lat="47.2805140" lon="4.7514810">
    <ele>398.4</ele>
   </trkpt>
   <trkpt lat="47.2805700" lon="4.7515520">
    <ele>397.2</ele>
   </trkpt>
   <trkpt lat="47.2806220" lon="4.7516240">
    <ele>396.4</ele>
   </trkpt>
   <trkpt lat="47.2806450" lon="4.7516620">
    <ele>396.0</ele>
   </trkpt>
   <trkpt lat="47.2806930" lon="4.7517340">
    <ele>395.0</ele>
   </trkpt>
   <trkpt lat="47.2807170" lon="4.7517720">
    <ele>394.6</ele>
   </trkpt>
   <trkpt lat="47.2807670" lon="4.7518530">
    <ele>393.6</ele>
   </trkpt>
   <trkpt lat="47.2807900" lon="4.7519060">
    <ele>392.8</ele>
   </trkpt>
   <trkpt lat="47.2808110" lon="4.7519540">
    <ele>392.0</ele>
   </trkpt>
   <trkpt lat="47.2808710" lon="4.7520410">
    <ele>391.0</ele>
   </trkpt>
   <trkpt lat="47.2808920" lon="4.7520820">
    <ele>390.2</ele>
   </trkpt>
   <trkpt lat="47.2809160" lon="4.7521310">
    <ele>389.6</ele>
   </trkpt>
   <trkpt lat="47.2809500" lon="4.7522240">
    <ele>388.4</ele>
   </trkpt>
   <trkpt lat="47.2809900" lon="4.7523190">
    <ele>387.0</ele>
   </trkpt>
   <trkpt lat="47.2810080" lon="4.7523700">
    <ele>385.8</ele>
   </trkpt>
   <trkpt lat="47.2810430" lon="4.7524730">
    <ele>384.2</ele>
   </trkpt>
   <trkpt lat="47.2810790" lon="4.7525750">
    <ele>383.2</ele>
   </trkpt>
   <trkpt lat="47.2811140" lon="4.7527240">
    <ele>381.6</ele>
   </trkpt>
   <trkpt lat="47.2811380" lon="4.7528360">
    <ele>380.4</ele>
   </trkpt>
   <trkpt lat="47.2811740" lon="4.7529370">
    <ele>379.0</ele>
   </trkpt>
   <trkpt lat="47.2812100" lon="4.7530300">
    <ele>378.0</ele>
   </trkpt>
   <trkpt lat="47.2812780" lon="4.7532160">
    <ele>376.6</ele>
   </trkpt>
   <trkpt lat="47.2812930" lon="4.7532620">
    <ele>376.2</ele>
   </trkpt>
   <trkpt lat="47.2813330" lon="4.7533460">
    <ele>375.2</ele>
   </trkpt>
   <trkpt lat="47.2813690" lon="4.7534280">
    <ele>373.6</ele>
   </trkpt>
   <trkpt lat="47.2814220" lon="4.7534930">
    <ele>372.8</ele>
   </trkpt>
   <trkpt lat="47.2814480" lon="4.7535260">
    <ele>372.2</ele>
   </trkpt>
   <trkpt lat="47.2814820" lon="4.7536090">
    <ele>371.0</ele>
   </trkpt>
   <trkpt lat="47.2815260" lon="4.7537010">
    <ele>369.8</ele>
   </trkpt>
   <trkpt lat="47.2815520" lon="4.7537410">
    <ele>368.4</ele>
   </trkpt>
   <trkpt lat="47.2816120" lon="4.7538140">
    <ele>367.4</ele>
   </trkpt>
   <trkpt lat="47.2816470" lon="4.7538480">
    <ele>366.2</ele>
   </trkpt>
   <trkpt lat="47.2816980" lon="4.7539140">
    <ele>364.8</ele>
   </trkpt>
   <trkpt lat="47.2817750" lon="4.7540130">
    <ele>363.8</ele>
   </trkpt>
   <trkpt lat="47.2818290" lon="4.7540880">
    <ele>362.0</ele>
   </trkpt>
   <trkpt lat="47.2819060" lon="4.7541910">
    <ele>360.2</ele>
   </trkpt>
   <trkpt lat="47.2819300" lon="4.7542250">
    <ele>359.4</ele>
   </trkpt>
   <trkpt lat="47.2819540" lon="4.7542560">
    <ele>358.8</ele>
   </trkpt>
   <trkpt lat="47.2819890" lon="4.7543290">
    <ele>357.6</ele>
   </trkpt>
   <trkpt lat="47.2820410" lon="4.7544090">
    <ele>356.4</ele>
   </trkpt>
   <trkpt lat="47.2820680" lon="4.7544440">
    <ele>355.8</ele>
   </trkpt>
   <trkpt lat="47.2821190" lon="4.7545040">
    <ele>355.0</ele>
   </trkpt>
   <trkpt lat="47.2821730" lon="4.7545560">
    <ele>353.4</ele>
   </trkpt>
   <trkpt lat="47.2822330" lon="4.7546030">
    <ele>352.2</ele>
   </trkpt>
   <trkpt lat="47.2822940" lon="4.7546590">
    <ele>350.6</ele>
   </trkpt>
   <trkpt lat="47.2823650" lon="4.7547320">
    <ele>348.8</ele>
   </trkpt>
   <trkpt lat="47.2824170" lon="4.7548270">
    <ele>348.0</ele>
   </trkpt>
   <trkpt lat="47.2824430" lon="4.7548780">
    <ele>347.6</ele>
   </trkpt>
   <trkpt lat="47.2824650" lon="4.7549300">
    <ele>346.6</ele>
   </trkpt>
   <trkpt lat="47.2825100" lon="4.7550250">
    <ele>345.4</ele>
   </trkpt>
   <trkpt lat="47.2825510" lon="4.7551220">
    <ele>343.8</ele>
   </trkpt>
   <trkpt lat="47.2826040" lon="4.7552140">
    <ele>342.8</ele>
   </trkpt>
   <trkpt lat="47.2826290" lon="4.7552540">
    <ele>341.8</ele>
   </trkpt>
   <trkpt lat="47.2826830" lon="4.7553330">
    <ele>340.4</ele>
   </trkpt>
   <trkpt lat="47.2827180" lon="4.7553650">
    <ele>339.8</ele>
   </trkpt>
   <trkpt lat="47.2827540" lon="4.7553970">
    <ele>339.0</ele>
   </trkpt>
   <trkpt lat="47.2828300" lon="4.7554620">
    <ele>337.8</ele>
   </trkpt>
   <trkpt lat="47.2829050" lon="4.7555330">
    <ele>336.6</ele>
   </trkpt>
   <trkpt lat="47.2829540" lon="4.7556340">
    <ele>334.8</ele>
   </trkpt>
   <trkpt lat="47.2829790" lon="4.7556810">
    <ele>334.2</ele>
   </trkpt>
   <trkpt lat="47.2830020" lon="4.7557280">
    <ele>333.6</ele>
   </trkpt>
   <trkpt lat="47.2830740" lon="4.7558550">
    <ele>332.4</ele>
   </trkpt>
   <trkpt lat="47.2831140" lon="4.7559390">
    <ele>330.8</ele>
   </trkpt>
   <trkpt lat="47.2831960" lon="4.7560770">
    <ele>329.4</ele>
   </trkpt>
   <trkpt lat="47.2832620" lon="4.7562070">
    <ele>328.2</ele>
   </trkpt>
   <trkpt lat="47.2833270" lon="4.7563330">
    <ele>326.6</ele>
   </trkpt>
   <trkpt lat="47.2834280" lon="4.7564640">
    <ele>325.6</ele>
   </trkpt>
   <trkpt lat="47.2835120" lon="4.7565650">
    <ele>324.2</ele>
   </trkpt>
   <trkpt lat="47.2835670" lon="4.7567100">
    <ele>323.0</ele>
   </trkpt>
   <trkpt lat="47.2835880" lon="4.7568170">
    <ele>322.4</ele>
   </trkpt>
   <trkpt lat="47.2835950" lon="4.7568760">
    <ele>321.8</ele>
   </trkpt>
   <trkpt lat="47.2835860" lon="4.7571560">
    <ele>321.4</ele>
   </trkpt>
   <trkpt lat="47.2836360" lon="4.7574220">
    <ele>321.6</ele>
   </trkpt>
   <trkpt lat="47.2836660" lon="4.7574320">
    <ele>321.6</ele>
   </trkpt>
   <trkpt lat="47.2837240" lon="4.7574200">
    <ele>321.4</ele>
   </trkpt>
   <trkpt lat="47.2837800" lon="4.7573560">
    <ele>321.2</ele>
   </trkpt>
   <trkpt lat="47.2837850" lon="4.7572950">
    <ele>321.2</ele>
   </trkpt>
   <trkpt lat="47.2837690" lon="4.7570230">
    <ele>321.0</ele>
   </trkpt>
   <trkpt lat="47.2837730" lon="4.7569710">
    <ele>321.0</ele>
   </trkpt>
   <trkpt lat="47.2838240" lon="4.7566810">
    <ele>321.8</ele>
   </trkpt>
   <trkpt lat="47.2838350" lon="4.7566450">
    <ele>322.0</ele>
   </trkpt>
   <trkpt lat="47.2838880" lon="4.7564950">
    <ele>322.6</ele>
   </trkpt>
   <trkpt lat="47.2839060" lon="4.7564660">
    <ele>323.0</ele>
   </trkpt>
   <trkpt lat="47.2839510" lon="4.7563910">
    <ele>323.4</ele>
   </trkpt>
   <trkpt lat="47.2839990" lon="4.7563690">
    <ele>324.0</ele>
   </trkpt>
   <trkpt lat="47.2840200" lon="4.7563750">
    <ele>324.2</ele>
   </trkpt>
   <trkpt lat="47.2840480" lon="4.7563790">
    <ele>324.4</ele>
   </trkpt>
   <trkpt lat="47.2841140" lon="4.7564020">
    <ele>325.2</ele>
   </trkpt>
   <trkpt lat="47.2841570" lon="4.7564160">
    <ele>325.6</ele>
   </trkpt>
   <trkpt lat="47.2842560" lon="4.7564460">
    <ele>326.4</ele>
   </trkpt>
   <trkpt lat="47.2843450" lon="4.7564640">
    <ele>327.2</ele>
   </trkpt>
   <trkpt lat="47.2843720" lon="4.7564670">
    <ele>327.4</ele>
   </trkpt>
   <trkpt lat="47.2844490" lon="4.7564870">
    <ele>328.6</ele>
   </trkpt>
   <trkpt lat="47.2844730" lon="4.7564970">
    <ele>329.2</ele>
   </trkpt>
   <trkpt lat="47.2845130" lon="4.7564990">
    <ele>329.6</ele>
   </trkpt>
   <trkpt lat="47.2845900" lon="4.7565070">
    <ele>331.2</ele>
   </trkpt>
   <trkpt lat="47.2846190" lon="4.7565110">
    <ele>332.0</ele>
   </trkpt>
   <trkpt lat="47.2846250" lon="4.7565110">
    <ele>332.2</ele>
   </trkpt>
   <trkpt lat="47.2847110" lon="4.7564510">
    <ele>333.4</ele>
   </trkpt>
   <trkpt lat="47.2847610" lon="4.7564040">
    <ele>334.4</ele>
   </trkpt>
   <trkpt lat="47.2848170" lon="4.7563860">
    <ele>334.8</ele>
   </trkpt>
   <trkpt lat="47.2848370" lon="4.7563650">
    <ele>335.4</ele>
   </trkpt>
   <trkpt lat="47.2848600" lon="4.7563350">
    <ele>336.0</ele>
   </trkpt>
   <trkpt lat="47.2848800" lon="4.7562550">
    <ele>336.6</ele>
   </trkpt>
   <trkpt lat="47.2848860" lon="4.7561970">
    <ele>337.0</ele>
   </trkpt>
   <trkpt lat="47.2848760" lon="4.7561320">
    <ele>337.8</ele>
   </trkpt>
   <trkpt lat="47.2849130" lon="4.7560580">
    <ele>338.8</ele>
   </trkpt>
   <trkpt lat="47.2849230" lon="4.7560470">
    <ele>338.8</ele>
   </trkpt>
   <trkpt lat="47.2849740" lon="4.7559140">
    <ele>340.0</ele>
   </trkpt>
   <trkpt lat="47.2849740" lon="4.7558860">
    <ele>340.4</ele>
   </trkpt>
   <trkpt lat="47.2849970" lon="4.7557710">
    <ele>341.2</ele>
   </trkpt>
   <trkpt lat="47.2850240" lon="4.7557110">
    <ele>341.6</ele>
   </trkpt>
   <trkpt lat="47.2850810" lon="4.7555890">
    <ele>342.2</ele>
   </trkpt>
   <trkpt lat="47.2851160" lon="4.7555710">
    <ele>342.6</ele>
   </trkpt>
   <trkpt lat="47.2851250" lon="4.7555500">
    <ele>342.8</ele>
   </trkpt>
   <trkpt lat="47.2851920" lon="4.7554220">
    <ele>343.2</ele>
   </trkpt>
   <trkpt lat="47.2852640" lon="4.7553520">
    <ele>344.2</ele>
   </trkpt>
   <trkpt lat="47.2852720" lon="4.7553440">
    <ele>344.4</ele>
   </trkpt>
   <trkpt lat="47.2852850" lon="4.7553370">
    <ele>344.6</ele>
   </trkpt>
   <trkpt lat="47.2853450" lon="4.7552700">
    <ele>345.6</ele>
   </trkpt>
   <trkpt lat="47.2853720" lon="4.7552190">
    <ele>346.0</ele>
   </trkpt>
   <trkpt lat="47.2853810" lon="4.7551790">
    <ele>346.4</ele>
   </trkpt>
   <trkpt lat="47.2853920" lon="4.7551350">
    <ele>346.8</ele>
   </trkpt>
   <trkpt lat="47.2854020" lon="4.7551110">
    <ele>347.0</ele>
   </trkpt>
   <trkpt lat="47.2854360" lon="4.7550220">
    <ele>347.8</ele>
   </trkpt>
   <trkpt lat="47.2854620" lon="4.7549890">
    <ele>348.0</ele>
   </trkpt>
   <trkpt lat="47.2854850" lon="4.7549500">
    <ele>348.8</ele>
   </trkpt>
   <trkpt lat="47.2855150" lon="4.7548960">
    <ele>349.8</ele>
   </trkpt>
   <trkpt lat="47.2855250" lon="4.7548740">
    <ele>350.0</ele>
   </trkpt>
   <trkpt lat="47.2855600" lon="4.7548050">
    <ele>351.0</ele>
   </trkpt>
   <trkpt lat="47.2855680" lon="4.7547910">
    <ele>351.2</ele>
   </trkpt>
   <trkpt lat="47.2855800" lon="4.7547790">
    <ele>351.4</ele>
   </trkpt>
   <trkpt lat="47.2856140" lon="4.7547480">
    <ele>352.0</ele>
   </trkpt>
   <trkpt lat="47.2856460" lon="4.7547100">
    <ele>353.0</ele>
   </trkpt>
   <trkpt lat="47.2856570" lon="4.7546970">
    <ele>353.4</ele>
   </trkpt>
   <trkpt lat="47.2856930" lon="4.7546540">
    <ele>354.2</ele>
   </trkpt>
   <trkpt lat="47.2857410" lon="4.7546210">
    <ele>355.4</ele>
   </trkpt>
   <trkpt lat="47.2857910" lon="4.7545890">
    <ele>356.4</ele>
   </trkpt>
   <trkpt lat="47.2858050" lon="4.7545840">
    <ele>356.6</ele>
   </trkpt>
   <trkpt lat="47.2858690" lon="4.7545540">
    <ele>357.6</ele>
   </trkpt>
   <trkpt lat="47.2859210" lon="4.7545100">
    <ele>358.8</ele>
   </trkpt>
   <trkpt lat="47.2859850" lon="4.7544810">
    <ele>360.0</ele>
   </trkpt>
   <trkpt lat="47.2860270" lon="4.7544520">
    <ele>361.0</ele>
   </trkpt>
   <trkpt lat="47.2860440" lon="4.7544460">
    <ele>361.2</ele>
   </trkpt>
   <trkpt lat="47.2860880" lon="4.7544510">
    <ele>362.0</ele>
   </trkpt>
   <trkpt lat="47.2861220" lon="4.7544790">
    <ele>363.0</ele>
   </trkpt>
   <trkpt lat="47.2861240" lon="4.7544870">
    <ele>363.4</ele>
   </trkpt>
   <trkpt lat="47.2861530" lon="4.7545370">
    <ele>364.2</ele>
   </trkpt>
   <trkpt lat="47.2861790" lon="4.7545980">
    <ele>364.8</ele>
   </trkpt>
   <trkpt lat="47.2861990" lon="4.7546390">
    <ele>365.2</ele>
   </trkpt>
   <trkpt lat="47.2862080" lon="4.7546560">
    <ele>365.4</ele>
   </trkpt>
   <trkpt lat="47.2862170" lon="4.7547090">
    <ele>366.2</ele>
   </trkpt>
   <trkpt lat="47.2862260" lon="4.7547160">
    <ele>366.4</ele>
   </trkpt>
   <trkpt lat="47.2862530" lon="4.7547490">
    <ele>367.4</ele>
   </trkpt>
   <trkpt lat="47.2862630" lon="4.7547340">
    <ele>368.2</ele>
   </trkpt>
   <trkpt lat="47.2862940" lon="4.7547220">
    <ele>368.6</ele>
   </trkpt>
   <trkpt lat="47.2863060" lon="4.7547150">
    <ele>368.8</ele>
   </trkpt>
   <trkpt lat="47.2863250" lon="4.7546870">
    <ele>369.2</ele>
   </trkpt>
   <trkpt lat="47.2863360" lon="4.7546800">
    <ele>369.4</ele>
   </trkpt>
   <trkpt lat="47.2863650" lon="4.7546860">
    <ele>369.6</ele>
   </trkpt>
   <trkpt lat="47.2863860" lon="4.7546590">
    <ele>370.0</ele>
   </trkpt>
   <trkpt lat="47.2864300" lon="4.7546270">
    <ele>370.8</ele>
   </trkpt>
   <trkpt lat="47.2864370" lon="4.7546050">
    <ele>371.2</ele>
   </trkpt>
   <trkpt lat="47.2864860" lon="4.7545770">
    <ele>371.8</ele>
   </trkpt>
   <trkpt lat="47.2865400" lon="4.7545530">
    <ele>372.6</ele>
   </trkpt>
   <trkpt lat="47.2865560" lon="4.7545530">
    <ele>373.0</ele>
   </trkpt>
   <trkpt lat="47.2866450" lon="4.7545280">
    <ele>374.0</ele>
   </trkpt>
   <trkpt lat="47.2867070" lon="4.7544950">
    <ele>374.8</ele>
   </trkpt>
   <trkpt lat="47.2867560" lon="4.7544620">
    <ele>375.2</ele>
   </trkpt>
   <trkpt lat="47.2868020" lon="4.7544350">
    <ele>375.6</ele>
   </trkpt>
   <trkpt lat="47.2868510" lon="4.7544030">
    <ele>375.8</ele>
   </trkpt>
   <trkpt lat="47.2868920" lon="4.7543330">
    <ele>376.2</ele>
   </trkpt>
   <trkpt lat="47.2869420" lon="4.7542790">
    <ele>376.6</ele>
   </trkpt>
   <trkpt lat="47.2870010" lon="4.7542410">
    <ele>376.8</ele>
   </trkpt>
   <trkpt lat="47.2870680" lon="4.7541690">
    <ele>377.6</ele>
   </trkpt>
   <trkpt lat="47.2870830" lon="4.7541400">
    <ele>378.0</ele>
   </trkpt>
   <trkpt lat="47.2871340" lon="4.7540700">
    <ele>378.8</ele>
   </trkpt>
   <trkpt lat="47.2872050" lon="4.7539620">
    <ele>380.4</ele>
   </trkpt>
   <trkpt lat="47.2872140" lon="4.7539230">
    <ele>380.6</ele>
   </trkpt>
   <trkpt lat="47.2872480" lon="4.7538600">
    <ele>381.4</ele>
   </trkpt>
   <trkpt lat="47.2873420" lon="4.7537410">
    <ele>382.6</ele>
   </trkpt>
   <trkpt lat="47.2874320" lon="4.7536090">
    <ele>384.0</ele>
   </trkpt>
   <trkpt lat="47.2874810" lon="4.7534930">
    <ele>385.2</ele>
   </trkpt>
   <trkpt lat="47.2875060" lon="4.7534350">
    <ele>385.6</ele>
   </trkpt>
   <trkpt lat="47.2875570" lon="4.7533210">
    <ele>386.2</ele>
   </trkpt>
   <trkpt lat="47.2875780" lon="4.7532940">
    <ele>386.6</ele>
   </trkpt>
   <trkpt lat="47.2875900" lon="4.7532690">
    <ele>386.6</ele>
   </trkpt>
   <trkpt lat="47.2876360" lon="4.7531980">
    <ele>387.4</ele>
   </trkpt>
   <trkpt lat="47.2876940" lon="4.7531040">
    <ele>388.6</ele>
   </trkpt>
   <trkpt lat="47.2877730" lon="4.7530290">
    <ele>389.8</ele>
   </trkpt>
   <trkpt lat="47.2877970" lon="4.7529830">
    <ele>390.4</ele>
   </trkpt>
   <trkpt lat="47.2878350" lon="4.7529550">
    <ele>391.0</ele>
   </trkpt>
   <trkpt lat="47.2878820" lon="4.7529310">
    <ele>392.2</ele>
   </trkpt>
   <trkpt lat="47.2878980" lon="4.7529280">
    <ele>392.4</ele>
   </trkpt>
   <trkpt lat="47.2879530" lon="4.7528990">
    <ele>393.4</ele>
   </trkpt>
   <trkpt lat="47.2880290" lon="4.7528940">
    <ele>394.0</ele>
   </trkpt>
   <trkpt lat="47.2880240" lon="4.7529010">
    <ele>394.4</ele>
   </trkpt>
   <trkpt lat="47.2880680" lon="4.7528990">
    <ele>395.6</ele>
   </trkpt>
   <trkpt lat="47.2881070" lon="4.7528870">
    <ele>396.4</ele>
   </trkpt>
   <trkpt lat="47.2881360" lon="4.7528750">
    <ele>396.8</ele>
   </trkpt>
   <trkpt lat="47.2881870" lon="4.7528830">
    <ele>397.8</ele>
   </trkpt>
   <trkpt lat="47.2882510" lon="4.7528700">
    <ele>398.6</ele>
   </trkpt>
   <trkpt lat="47.2882600" lon="4.7528590">
    <ele>398.8</ele>
   </trkpt>
   <trkpt lat="47.2883060" lon="4.7528450">
    <ele>399.6</ele>
   </trkpt>
   <trkpt lat="47.2883330" lon="4.7528430">
    <ele>400.0</ele>
   </trkpt>
   <trkpt lat="47.2883460" lon="4.7528410">
    <ele>400.2</ele>
   </trkpt>
   <trkpt lat="47.2883620" lon="4.7528330">
    <ele>400.8</ele>
   </trkpt>
   <trkpt lat="47.2883880" lon="4.7528140">
    <ele>401.6</ele>
   </trkpt>
   <trkpt lat="47.2883910" lon="4.7528120">
    <ele>402.0</ele>
   </trkpt>
   <trkpt lat="47.2884220" lon="4.7528160">
    <ele>402.2</ele>
   </trkpt>
   <trkpt lat="47.2884550" lon="4.7528090">
    <ele>402.4</ele>
   </trkpt>
   <trkpt lat="47.2884760" lon="4.7527880">
    <ele>402.8</ele>
   </trkpt>
   <trkpt lat="47.2885330" lon="4.7527360">
    <ele>404.0</ele>
   </trkpt>
   <trkpt lat="47.2885710" lon="4.7527280">
    <ele>404.4</ele>
   </trkpt>
   <trkpt lat="47.2886200" lon="4.7527060">
    <ele>405.2</ele>
   </trkpt>
   <trkpt lat="47.2886680" lon="4.7527070">
    <ele>406.2</ele>
   </trkpt>
   <trkpt lat="47.2886820" lon="4.7527190">
    <ele>406.4</ele>
   </trkpt>
   <trkpt lat="47.2887670" lon="4.7528040">
    <ele>407.4</ele>
   </trkpt>
   <trkpt lat="47.2887900" lon="4.7528660">
    <ele>408.8</ele>
   </trkpt>
   <trkpt lat="47.2887880" lon="4.7528830">
    <ele>409.2</ele>
   </trkpt>
   <trkpt lat="47.2887500" lon="4.7529480">
    <ele>410.2</ele>
   </trkpt>
   <trkpt lat="47.2887440" lon="4.7530160">
    <ele>411.0</ele>
   </trkpt>
   <trkpt lat="47.2887380" lon="4.7530860">
    <ele>411.2</ele>
   </trkpt>
   <trkpt lat="47.2887320" lon="4.7531540">
    <ele>412.0</ele>
   </trkpt>
   <trkpt lat="47.2887210" lon="4.7532300">
    <ele>412.4</ele>
   </trkpt>
   <trkpt lat="47.2887090" lon="4.7533000">
    <ele>412.8</ele>
   </trkpt>
   <trkpt lat="47.2887120" lon="4.7533320">
    <ele>413.2</ele>
   </trkpt>
   <trkpt lat="47.2887170" lon="4.7533710">
    <ele>413.6</ele>
   </trkpt>
   <trkpt lat="47.2887130" lon="4.7534490">
    <ele>414.6</ele>
   </trkpt>
   <trkpt lat="47.2887160" lon="4.7534580">
    <ele>415.0</ele>
   </trkpt>
   <trkpt lat="47.2887270" lon="4.7534630">
    <ele>415.8</ele>
   </trkpt>
   <trkpt lat="47.2887360" lon="4.7534650">
    <ele>416.0</ele>
   </trkpt>
   <trkpt lat="47.2887600" lon="4.7534350">
    <ele>416.4</ele>
   </trkpt>
   <trkpt lat="47.2887830" lon="4.7533970">
    <ele>417.0</ele>
   </trkpt>
   <trkpt lat="47.2888360" lon="4.7533450">
    <ele>417.8</ele>
   </trkpt>
   <trkpt lat="47.2888580" lon="4.7533270">
    <ele>418.2</ele>
   </trkpt>
   <trkpt lat="47.2889140" lon="4.7532700">
    <ele>419.2</ele>
   </trkpt>
   <trkpt lat="47.2889230" lon="4.7532490">
    <ele>419.8</ele>
   </trkpt>
   <trkpt lat="47.2889460" lon="4.7532340">
    <ele>420.2</ele>
   </trkpt>
   <trkpt lat="47.2889580" lon="4.7532270">
    <ele>420.4</ele>
   </trkpt>
   <trkpt lat="47.2890150" lon="4.7532040">
    <ele>421.4</ele>
   </trkpt>
   <trkpt lat="47.2890500" lon="4.7531830">
    <ele>422.4</ele>
   </trkpt>
   <trkpt lat="47.2890610" lon="4.7531780">
    <ele>422.6</ele>
   </trkpt>
   <trkpt lat="47.2891200" lon="4.7531510">
    <ele>423.2</ele>
   </trkpt>
   <trkpt lat="47.2891420" lon="4.7531160">
    <ele>423.8</ele>
   </trkpt>
   <trkpt lat="47.2891450" lon="4.7531060">
    <ele>424.0</ele>
   </trkpt>
   <trkpt lat="47.2891600" lon="4.7530950">
    <ele>424.4</ele>
   </trkpt>
   <trkpt lat="47.2891890" lon="4.7530850">
    <ele>425.0</ele>
   </trkpt>
   <trkpt lat="47.2892300" lon="4.7530700">
    <ele>426.0</ele>
   </trkpt>
   <trkpt lat="47.2892410" lon="4.7530730">
    <ele>426.4</ele>
   </trkpt>
   <trkpt lat="47.2892500" lon="4.7530660">
    <ele>426.8</ele>
   </trkpt>
   <trkpt lat="47.2892650" lon="4.7530630">
    <ele>427.4</ele>
   </trkpt>
   <trkpt lat="47.2892820" lon="4.7530620">
    <ele>427.6</ele>
   </trkpt>
   <trkpt lat="47.2893730" lon="4.7530220">
    <ele>428.6</ele>
   </trkpt>
   <trkpt lat="47.2894230" lon="4.7529990">
    <ele>429.8</ele>
   </trkpt>
   <trkpt lat="47.2894610" lon="4.7529820">
    <ele>430.6</ele>
   </trkpt>
   <trkpt lat="47.2894780" lon="4.7529770">
    <ele>430.8</ele>
   </trkpt>
   <trkpt lat="47.2895240" lon="4.7529410">
    <ele>432.2</ele>
   </trkpt>
   <trkpt lat="47.2895640" lon="4.7529200">
    <ele>433.0</ele>
   </trkpt>
   <trkpt lat="47.2895810" lon="4.7529180">
    <ele>433.2</ele>
   </trkpt>
   <trkpt lat="47.2895960" lon="4.7529070">
    <ele>433.6</ele>
   </trkpt>
   <trkpt lat="47.2896810" lon="4.7528480">
    <ele>434.0</ele>
   </trkpt>
   <trkpt lat="47.2897280" lon="4.7528420">
    <ele>434.4</ele>
   </trkpt>
   <trkpt lat="47.2898370" lon="4.7528120">
    <ele>435.4</ele>
   </trkpt>
   <trkpt lat="47.2898510" lon="4.7528100">
    <ele>435.8</ele>
   </trkpt>
   <trkpt lat="47.2899070" lon="4.7527890">
    <ele>437.0</ele>
   </trkpt>
   <trkpt lat="47.2899630" lon="4.7527810">
    <ele>438.2</ele>
   </trkpt>
   <trkpt lat="47.2900000" lon="4.7527730">
    <ele>439.2</ele>
   </trkpt>
   <trkpt lat="47.2900130" lon="4.7527640">
    <ele>440.0</ele>
   </trkpt>
   <trkpt lat="47.2900230" lon="4.7527220">
    <ele>440.4</ele>
   </trkpt>
   <trkpt lat="47.2900680" lon="4.7526900">
    <ele>441.4</ele>
   </trkpt>
   <trkpt lat="47.2900830" lon="4.7526850">
    <ele>441.8</ele>
   </trkpt>
   <trkpt lat="47.2901090" lon="4.7526700">
    <ele>442.8</ele>
   </trkpt>
   <trkpt lat="47.2901400" lon="4.7526250">
    <ele>443.8</ele>
   </trkpt>
   <trkpt lat="47.2901530" lon="4.7526130">
    <ele>444.0</ele>
   </trkpt>
   <trkpt lat="47.2901660" lon="4.7525970">
    <ele>444.0</ele>
   </trkpt>
   <trkpt lat="47.2902140" lon="4.7525340">
    <ele>444.8</ele>
   </trkpt>
   <trkpt lat="47.2902490" lon="4.7524870">
    <ele>445.2</ele>
   </trkpt>
   <trkpt lat="47.2902850" lon="4.7524140">
    <ele>445.8</ele>
   </trkpt>
   <trkpt lat="47.2903650" lon="4.7523240">
    <ele>446.4</ele>
   </trkpt>
   <trkpt lat="47.2903820" lon="4.7523100">
    <ele>446.8</ele>
   </trkpt>
   <trkpt lat="47.2903920" lon="4.7522910">
    <ele>447.8</ele>
   </trkpt>
   <trkpt lat="47.2904590" lon="4.7522610">
    <ele>449.2</ele>
   </trkpt>
   <trkpt lat="47.2905200" lon="4.7522470">
    <ele>449.6</ele>
   </trkpt>
   <trkpt lat="47.2906060" lon="4.7522230">
    <ele>450.2</ele>
   </trkpt>
   <trkpt lat="47.2906940" lon="4.7522110">
    <ele>451.8</ele>
   </trkpt>
   <trkpt lat="47.2907400" lon="4.7521900">
    <ele>452.8</ele>
   </trkpt>
   <trkpt lat="47.2908270" lon="4.7521420">
    <ele>453.6</ele>
   </trkpt>
   <trkpt lat="47.2908750" lon="4.7520870">
    <ele>453.8</ele>
   </trkpt>
   <trkpt lat="47.2909280" lon="4.7520450">
    <ele>454.8</ele>
   </trkpt>
   <trkpt lat="47.2909410" lon="4.7520240">
    <ele>455.0</ele>
   </trkpt>
   <trkpt lat="47.2909870" lon="4.7519620">
    <ele>456.4</ele>
   </trkpt>
   <trkpt lat="47.2910050" lon="4.7519500">
    <ele>456.6</ele>
   </trkpt>
   <trkpt lat="47.2910690" lon="4.7517320">
    <ele>457.0</ele>
   </trkpt>
   <trkpt lat="47.2910820" lon="4.7516920">
    <ele>456.8</ele>
   </trkpt>
   <trkpt lat="47.2911460" lon="4.7515630">
    <ele>455.4</ele>
   </trkpt>
   <trkpt lat="47.2911670" lon="4.7515230">
    <ele>455.2</ele>
   </trkpt>
   <trkpt lat="47.2912060" lon="4.7514380">
    <ele>454.8</ele>
   </trkpt>
   <trkpt lat="47.2912320" lon="4.7514050">
    <ele>454.4</ele>
   </trkpt>
   <trkpt lat="47.2912740" lon="4.7513390">
    <ele>454.0</ele>
   </trkpt>
   <trkpt lat="47.2912810" lon="4.7513010">
    <ele>454.0</ele>
   </trkpt>
   <trkpt lat="47.2913060" lon="4.7512050">
    <ele>453.6</ele>
   </trkpt>
   <trkpt lat="47.2913570" lon="4.7511230">
    <ele>453.0</ele>
   </trkpt>
   <trkpt lat="47.2913630" lon="4.7510760">
    <ele>452.6</ele>
   </trkpt>
   <trkpt lat="47.2913860" lon="4.7510320">
    <ele>452.2</ele>
   </trkpt>
   <trkpt lat="47.2914350" lon="4.7509710">
    <ele>451.8</ele>
   </trkpt>
   <trkpt lat="47.2914960" lon="4.7508560">
    <ele>451.2</ele>
   </trkpt>
   <trkpt lat="47.2915200" lon="4.7507280">
    <ele>451.2</ele>
   </trkpt>
   <trkpt lat="47.2915450" lon="4.7506130">
    <ele>451.6</ele>
   </trkpt>
   <trkpt lat="47.2916380" lon="4.7504030">
    <ele>452.8</ele>
   </trkpt>
   <trkpt lat="47.2916510" lon="4.7503710">
    <ele>453.0</ele>
   </trkpt>
   <trkpt lat="47.2917850" lon="4.7502580">
    <ele>454.0</ele>
   </trkpt>
   <trkpt lat="47.2918040" lon="4.7502400">
    <ele>454.2</ele>
   </trkpt>
   <trkpt lat="47.2918410" lon="4.7501620">
    <ele>454.6</ele>
   </trkpt>
   <trkpt lat="47.2918510" lon="4.7500980">
    <ele>454.6</ele>
   </trkpt>
   <trkpt lat="47.2918620" lon="4.7500690">
    <ele>454.8</ele>
   </trkpt>
   <trkpt lat="47.2918810" lon="4.7500190">
    <ele>455.2</ele>
   </trkpt>
   <trkpt lat="47.2919020" lon="4.7499840">
    <ele>456.0</ele>
   </trkpt>
   <trkpt lat="47.2919080" lon="4.7499670">
    <ele>456.4</ele>
   </trkpt>
   <trkpt lat="47.2919690" lon="4.7499580">
    <ele>457.6</ele>
   </trkpt>
   <trkpt lat="47.2920150" lon="4.7499340">
    <ele>458.8</ele>
   </trkpt>
   <trkpt lat="47.2920480" lon="4.7499090">
    <ele>459.8</ele>
   </trkpt>
   <trkpt lat="47.2920720" lon="4.7498940">
    <ele>460.0</ele>
   </trkpt>
   <trkpt lat="47.2921090" lon="4.7498720">
    <ele>461.0</ele>
   </trkpt>
   <trkpt lat="47.2921350" lon="4.7498270">
    <ele>461.6</ele>
   </trkpt>
   <trkpt lat="47.2921670" lon="4.7497950">
    <ele>462.0</ele>
   </trkpt>
   <trkpt lat="47.2922260" lon="4.7497320">
    <ele>463.0</ele>
   </trkpt>
   <trkpt lat="47.2922390" lon="4.7497270">
    <ele>463.2</ele>
   </trkpt>
   <trkpt lat="47.2922570" lon="4.7497070">
    <ele>463.2</ele>
   </trkpt>
   <trkpt lat="47.2923130" lon="4.7495930">
    <ele>463.4</ele>
   </trkpt>
   <trkpt lat="47.2923250" lon="4.7495660">
    <ele>463.6</ele>
   </trkpt>
   <trkpt lat="47.2923360" lon="4.7495360">
    <ele>463.6</ele>
   </trkpt>
   <trkpt lat="47.2923910" lon="4.7493810">
    <ele>463.2</ele>
   </trkpt>
   <trkpt lat="47.2924450" lon="4.7492360">
    <ele>463.8</ele>
   </trkpt>
   <trkpt lat="47.2924460" lon="4.7492110">
    <ele>464.0</ele>
   </trkpt>
   <trkpt lat="47.2924540" lon="4.7491820">
    <ele>464.2</ele>
   </trkpt>
   <trkpt lat="47.2924800" lon="4.7490690">
    <ele>465.4</ele>
   </trkpt>
   <trkpt lat="47.2925090" lon="4.7490280">
    <ele>466.4</ele>
   </trkpt>
   <trkpt lat="47.2925570" lon="4.7490200">
    <ele>467.0</ele>
   </trkpt>
   <trkpt lat="47.2925720" lon="4.7490320">
    <ele>467.4</ele>
   </trkpt>
   <trkpt lat="47.2925890" lon="4.7490310">
    <ele>467.6</ele>
   </trkpt>
   <trkpt lat="47.2926330" lon="4.7490330">
    <ele>468.2</ele>
   </trkpt>
   <trkpt lat="47.2926460" lon="4.7490470">
    <ele>468.2</ele>
   </trkpt>
   <trkpt lat="47.2926500" lon="4.7490650">
    <ele>468.6</ele>
   </trkpt>
   <trkpt lat="47.2926680" lon="4.7491110">
    <ele>469.2</ele>
   </trkpt>
   <trkpt lat="47.2926740" lon="4.7491460">
    <ele>469.6</ele>
   </trkpt>
   <trkpt lat="47.2926870" lon="4.7491890">
    <ele>470.2</ele>
   </trkpt>
   <trkpt lat="47.2926910" lon="4.7492100">
    <ele>470.6</ele>
   </trkpt>
   <trkpt lat="47.2926960" lon="4.7492240">
    <ele>470.6</ele>
   </trkpt>
   <trkpt lat="47.2927080" lon="4.7492510">
    <ele>471.8</ele>
   </trkpt>
   <trkpt lat="47.2927080" lon="4.7492530">
    <ele>472.2</ele>
   </trkpt>
   <trkpt lat="47.2927180" lon="4.7492820">
    <ele>472.8</ele>
   </trkpt>
   <trkpt lat="47.2927600" lon="4.7493350">
    <ele>473.8</ele>
   </trkpt>
   <trkpt lat="47.2927870" lon="4.7493430">
    <ele>474.0</ele>
   </trkpt>
   <trkpt lat="47.2928050" lon="4.7493460">
    <ele>474.8</ele>
   </trkpt>
   <trkpt lat="47.2928110" lon="4.7493520">
    <ele>475.2</ele>
   </trkpt>
   <trkpt lat="47.2928400" lon="4.7494010">
    <ele>476.2</ele>
   </trkpt>
   <trkpt lat="47.2928370" lon="4.7494370">
    <ele>476.6</ele>
   </trkpt>
   <trkpt lat="47.2928440" lon="4.7494760">
    <ele>477.2</ele>
   </trkpt>
   <trkpt lat="47.2928660" lon="4.7495290">
    <ele>477.6</ele>
   </trkpt>
   <trkpt lat="47.2928580" lon="4.7495890">
    <ele>478.2</ele>
   </trkpt>
   <trkpt lat="47.2929220" lon="4.7496570">
    <ele>479.0</ele>
   </trkpt>
   <trkpt lat="47.2929460" lon="4.7497550">
    <ele>479.4</ele>
   </trkpt>
   <trkpt lat="47.2929320" lon="4.7497740">
    <ele>479.4</ele>
   </trkpt>
   <trkpt lat="47.2929230" lon="4.7497840">
    <ele>479.8</ele>
   </trkpt>
   <trkpt lat="47.2929180" lon="4.7497930">
    <ele>480.0</ele>
   </trkpt>
   <trkpt lat="47.2929160" lon="4.7498050">
    <ele>480.8</ele>
   </trkpt>
   <trkpt lat="47.2929200" lon="4.7498160">
    <ele>481.6</ele>
   </trkpt>
   <trkpt lat="47.2929210" lon="4.7498230">
    <ele>481.8</ele>
   </trkpt>
   <trkpt lat="47.2929100" lon="4.7498370">
    <ele>482.8</ele>
   </trkpt>
   <trkpt lat="47.2928980" lon="4.7498550">
    <ele>484.2</ele>
   </trkpt>
   <trkpt lat="47.2928920" lon="4.7498640">
    <ele>484.4</ele>
   </trkpt>
   <trkpt lat="47.2928790" lon="4.7498810">
    <ele>485.6</ele>
   </trkpt>
   <trkpt lat="47.2928790" lon="4.7498800">
    <ele>486.0</ele>
   </trkpt>
   <trkpt lat="47.2928790" lon="4.7498630">
    <ele>486.6</ele>
   </trkpt>
   <trkpt lat="47.2928780" lon="4.7498430">
    <ele>487.0</ele>
   </trkpt>
   <trkpt lat="47.2928860" lon="4.7498380">
    <ele>488.0</ele>
   </trkpt>
   <trkpt lat="47.2929280" lon="4.7498830">
    <ele>488.8</ele>
   </trkpt>
   <trkpt lat="47.2929290" lon="4.7498740">
    <ele>489.0</ele>
   </trkpt>
   <trkpt lat="47.2929350" lon="4.7498670">
    <ele>489.8</ele>
   </trkpt>
   <trkpt lat="47.2929270" lon="4.7498600">
    <ele>490.4</ele>
   </trkpt>
   <trkpt lat="47.2929220" lon="4.7498540">
    <ele>490.8</ele>
   </trkpt>
   <trkpt lat="47.2929180" lon="4.7498570">
    <ele>491.6</ele>
   </trkpt>
   <trkpt lat="47.2929160" lon="4.7498500">
    <ele>492.2</ele>
   </trkpt>
   <trkpt lat="47.2929200" lon="4.7498480">
    <ele>492.8</ele>
   </trkpt>
   <trkpt lat="47.2929200" lon="4.7498480">
    <ele>494.0</ele>
   </trkpt>
   <trkpt lat="47.2929420" lon="4.7498360">
    <ele>495.2</ele>
   </trkpt>
   <trkpt lat="47.2929640" lon="4.7498480">
    <ele>495.8</ele>
   </trkpt>
   <trkpt lat="47.2929730" lon="4.7498520">
    <ele>496.2</ele>
   </trkpt>
   <trkpt lat="47.2930050" lon="4.7498830">
    <ele>497.2</ele>
   </trkpt>
   <trkpt lat="47.2930090" lon="4.7498910">
    <ele>497.4</ele>
   </trkpt>
   <trkpt lat="47.2930200" lon="4.7499090">
    <ele>498.4</ele>
   </trkpt>
   <trkpt lat="47.2930280" lon="4.7499140">
    <ele>498.8</ele>
   </trkpt>
   <trkpt lat="47.2930310" lon="4.7499050">
    <ele>499.8</ele>
   </trkpt>
   <trkpt lat="47.2930790" lon="4.7498820">
    <ele>500.6</ele>
   </trkpt>
   <trkpt lat="47.2930910" lon="4.7498750">
    <ele>500.8</ele>
   </trkpt>
   <trkpt lat="47.2931320" lon="4.7498740">
    <ele>502.0</ele>
   </trkpt>
   <trkpt lat="47.2931600" lon="4.7498720">
    <ele>502.2</ele>
   </trkpt>
   <trkpt lat="47.2931700" lon="4.7498850">
    <ele>503.2</ele>
   </trkpt>
   <trkpt lat="47.2931720" lon="4.7498880">
    <ele>503.4</ele>
   </trkpt>
   <trkpt lat="47.2931750" lon="4.7498960">
    <ele>503.6</ele>
   </trkpt>
   <trkpt lat="47.2931760" lon="4.7499270">
    <ele>504.4</ele>
   </trkpt>
   <trkpt lat="47.2931950" lon="4.7499640">
    <ele>505.4</ele>
   </trkpt>
   <trkpt lat="47.2932080" lon="4.7500080">
    <ele>506.2</ele>
   </trkpt>
   <trkpt lat="47.2932220" lon="4.7499940">
    <ele>506.6</ele>
   </trkpt>
   <trkpt lat="47.2932780" lon="4.7500200">
    <ele>507.6</ele>
   </trkpt>
   <trkpt lat="47.2932690" lon="4.7500390">
    <ele>508.0</ele>
   </trkpt>
   <trkpt lat="47.2932830" lon="4.7500760">
    <ele>508.8</ele>
   </trkpt>
   <trkpt lat="47.2932890" lon="4.7500720">
    <ele>509.6</ele>
   </trkpt>
   <trkpt lat="47.2932840" lon="4.7500800">
    <ele>510.0</ele>
   </trkpt>
   <trkpt lat="47.2932920" lon="4.7501020">
    <ele>511.2</ele>
   </trkpt>
   <trkpt lat="47.2932930" lon="4.7501050">
    <ele>511.6</ele>
   </trkpt>
   <trkpt lat="47.2933010" lon="4.7501320">
    <ele>512.2</ele>
   </trkpt>
   <trkpt lat="47.2933290" lon="4.7501960">
    <ele>512.8</ele>
   </trkpt>
   <trkpt lat="47.2933520" lon="4.7502280">
    <ele>512.6</ele>
   </trkpt>
   <trkpt lat="47.2934750" lon="4.7503170">
    <ele>512.4</ele>
   </trkpt>
   <trkpt lat="47.2935640" lon="4.7504080">
    <ele>513.0</ele>
   </trkpt>
   <trkpt lat="47.2935890" lon="4.7504770">
    <ele>513.4</ele>
   </trkpt>
   <trkpt lat="47.2935530" lon="4.7506210">
    <ele>513.6</ele>
   </trkpt>
   <trkpt lat="47.2935090" lon="4.7507720">
    <ele>513.6</ele>
   </trkpt>
   <trkpt lat="47.2934890" lon="4.7508460">
    <ele>513.2</ele>
   </trkpt>
   <trkpt lat="47.2933660" lon="4.7509700">
    <ele>513.0</ele>
   </trkpt>
   <trkpt lat="47.2932050" lon="4.7510920">
    <ele>513.4</ele>
   </trkpt>
   <trkpt lat="47.2931730" lon="4.7511170">
    <ele>513.4</ele>
   </trkpt>
   <trkpt lat="47.2931190" lon="4.7511240">
    <ele>513.4</ele>
   </trkpt>
   <trkpt lat="47.2929710" lon="4.7510770">
    <ele>513.4</ele>
   </trkpt>
   <trkpt lat="47.2928020" lon="4.7510130">
    <ele>513.0</ele>
   </trkpt>
   <trkpt lat="47.2927790" lon="4.7510310">
    <ele>512.8</ele>
   </trkpt>
   <trkpt lat="47.2927160" lon="4.7511180">
    <ele>512.6</ele>
   </trkpt>
   <trkpt lat="47.2926740" lon="4.7511670">
    <ele>512.2</ele>
   </trkpt>
   <trkpt lat="47.2925700" lon="4.7513030">
    <ele>511.8</ele>
   </trkpt>
   <trkpt lat="47.2925040" lon="4.7513830">
    <ele>511.2</ele>
   </trkpt>
   <trkpt lat="47.2924550" lon="4.7515280">
    <ele>509.8</ele>
   </trkpt>
   <trkpt lat="47.2924410" lon="4.7516740">
    <ele>509.4</ele>
   </trkpt>
   <trkpt lat="47.2924190" lon="4.7517420">
    <ele>509.0</ele>
   </trkpt>
   <trkpt lat="47.2923820" lon="4.7518520">
    <ele>508.8</ele>
   </trkpt>
   <trkpt lat="47.2922900" lon="4.7519920">
    <ele>508.8</ele>
   </trkpt>
   <trkpt lat="47.2921680" lon="4.7521070">
    <ele>509.2</ele>
   </trkpt>
   <trkpt lat="47.2920670" lon="4.7522590">
    <ele>509.4</ele>
   </trkpt>
   <trkpt lat="47.2920330" lon="4.7523160">
    <ele>509.0</ele>
   </trkpt>
   <trkpt lat="47.2919610" lon="4.7524120">
    <ele>508.4</ele>
   </trkpt>
   <trkpt lat="47.2919090" lon="4.7524560">
    <ele>507.8</ele>
   </trkpt>
   <trkpt lat="47.2918190" lon="4.7525360">
    <ele>506.4</ele>
   </trkpt>
   <trkpt lat="47.2917180" lon="4.7526480">
    <ele>505.2</ele>
   </trkpt>
   <trkpt lat="47.2915940" lon="4.7527150">
    <ele>504.0</ele>
   </trkpt>
   <trkpt lat="47.2914980" lon="4.7527780">
    <ele>502.8</ele>
   </trkpt>
   <trkpt lat="47.2914380" lon="4.7528520">
    <ele>501.4</ele>
   </trkpt>
   <trkpt lat="47.2913350" lon="4.7529390">
    <ele>500.2</ele>
   </trkpt>
   <trkpt lat="47.2912450" lon="4.7529970">
    <ele>498.8</ele>
   </trkpt>
   <trkpt lat="47.2911650" lon="4.7530670">
    <ele>497.4</ele>
   </trkpt>
   <trkpt lat="47.2910330" lon="4.7531580">
    <ele>496.2</ele>
   </trkpt>
   <trkpt lat="47.2909830" lon="4.7532280">
    <ele>495.8</ele>
   </trkpt>
   <trkpt lat="47.2908950" lon="4.7532770">
    <ele>495.0</ele>
   </trkpt>
   <trkpt lat="47.2908220" lon="4.7532910">
    <ele>494.0</ele>
   </trkpt>
   <trkpt lat="47.2907860" lon="4.7532940">
    <ele>493.4</ele>
   </trkpt>
   <trkpt lat="47.2906850" lon="4.7533050">
    <ele>492.2</ele>
   </trkpt>
   <trkpt lat="47.2905630" lon="4.7533650">
    <ele>490.6</ele>
   </trkpt>
   <trkpt lat="47.2905290" lon="4.7534020">
    <ele>490.0</ele>
   </trkpt>
   <trkpt lat="47.2904590" lon="4.7534630">
    <ele>489.0</ele>
   </trkpt>
   <trkpt lat="47.2904080" lon="4.7535250">
    <ele>488.4</ele>
   </trkpt>
   <trkpt lat="47.2903740" lon="4.7535570">
    <ele>488.0</ele>
   </trkpt>
   <trkpt lat="47.2902340" lon="4.7536520">
    <ele>486.4</ele>
   </trkpt>
   <trkpt lat="47.2902000" lon="4.7536600">
    <ele>485.8</ele>
   </trkpt>
   <trkpt lat="47.2901740" lon="4.7536630">
    <ele>485.2</ele>
   </trkpt>
   <trkpt lat="47.2901140" lon="4.7536960">
    <ele>483.8</ele>
   </trkpt>
   <trkpt lat="47.2900320" lon="4.7537570">
    <ele>482.2</ele>
   </trkpt>
   <trkpt lat="47.2899820" lon="4.7537990">
    <ele>481.0</ele>
   </trkpt>
   <trkpt lat="47.2898720" lon="4.7539330">
    <ele>480.0</ele>
   </trkpt>
   <trkpt lat="47.2897770" lon="4.7539940">
    <ele>478.2</ele>
   </trkpt>
   <trkpt lat="47.2897280" lon="4.7540090">
    <ele>477.2</ele>
   </trkpt>
   <trkpt lat="47.2896630" lon="4.7540520">
    <ele>475.6</ele>
   </trkpt>
   <trkpt lat="47.2896250" lon="4.7540720">
    <ele>475.2</ele>
   </trkpt>
   <trkpt lat="47.2895380" lon="4.7540970">
    <ele>474.2</ele>
   </trkpt>
   <trkpt lat="47.2894720" lon="4.7541460">
    <ele>472.8</ele>
   </trkpt>
   <trkpt lat="47.2894060" lon="4.7541910">
    <ele>471.6</ele>
   </trkpt>
   <trkpt lat="47.2893220" lon="4.7542530">
    <ele>470.2</ele>
   </trkpt>
   <trkpt lat="47.2892580" lon="4.7543100">
    <ele>468.8</ele>
   </trkpt>
   <trkpt lat="47.2891940" lon="4.7543610">
    <ele>467.8</ele>
   </trkpt>
   <trkpt lat="47.2891620" lon="4.7543790">
    <ele>467.4</ele>
   </trkpt>
   <trkpt lat="47.2890900" lon="4.7544130">
    <ele>466.4</ele>
   </trkpt>
   <trkpt lat="47.2890170" lon="4.7544460">
    <ele>464.8</ele>
   </trkpt>
   <trkpt lat="47.2889500" lon="4.7544940">
    <ele>463.6</ele>
   </trkpt>
   <trkpt lat="47.2888710" lon="4.7545500">
    <ele>462.6</ele>
   </trkpt>
   <trkpt lat="47.2888280" lon="4.7545730">
    <ele>461.6</ele>
   </trkpt>
   <trkpt lat="47.2887450" lon="4.7546200">
    <ele>460.4</ele>
   </trkpt>
   <trkpt lat="47.2886860" lon="4.7546710">
    <ele>459.4</ele>
   </trkpt>
   <trkpt lat="47.2886610" lon="4.7547010">
    <ele>458.8</ele>
   </trkpt>
   <trkpt lat="47.2886320" lon="4.7547170">
    <ele>457.8</ele>
   </trkpt>
   <trkpt lat="47.2885360" lon="4.7547130">
    <ele>456.2</ele>
   </trkpt>
   <trkpt lat="47.2884350" lon="4.7547440">
    <ele>454.4</ele>
   </trkpt>
   <trkpt lat="47.2883840" lon="4.7547680">
    <ele>453.2</ele>
   </trkpt>
   <trkpt lat="47.2883010" lon="4.7548100">
    <ele>451.2</ele>
   </trkpt>
   <trkpt lat="47.2882350" lon="4.7548680">
    <ele>449.8</ele>
   </trkpt>
   <trkpt lat="47.2882070" lon="4.7548920">
    <ele>448.8</ele>
   </trkpt>
   <trkpt lat="47.2881370" lon="4.7549230">
    <ele>447.2</ele>
   </trkpt>
   <trkpt lat="47.2880730" lon="4.7549490">
    <ele>445.8</ele>
   </trkpt>
   <trkpt lat="47.2880280" lon="4.7549600">
    <ele>444.2</ele>
   </trkpt>
   <trkpt lat="47.2880090" lon="4.7549860">
    <ele>443.0</ele>
   </trkpt>
   <trkpt lat="47.2879470" lon="4.7550300">
    <ele>441.2</ele>
   </trkpt>
   <trkpt lat="47.2878810" lon="4.7550310">
    <ele>439.6</ele>
   </trkpt>
   <trkpt lat="47.2878480" lon="4.7550400">
    <ele>438.2</ele>
   </trkpt>
   <trkpt lat="47.2877880" lon="4.7550720">
    <ele>436.8</ele>
   </trkpt>
   <trkpt lat="47.2877540" lon="4.7551000">
    <ele>435.4</ele>
   </trkpt>
   <trkpt lat="47.2877120" lon="4.7551390">
    <ele>434.8</ele>
   </trkpt>
   <trkpt lat="47.2876730" lon="4.7551760">
    <ele>433.6</ele>
   </trkpt>
   <trkpt lat="47.2876100" lon="4.7552480">
    <ele>431.6</ele>
   </trkpt>
   <trkpt lat="47.2875590" lon="4.7553310">
    <ele>430.0</ele>
   </trkpt>
   <trkpt lat="47.2875430" lon="4.7553710">
    <ele>428.8</ele>
   </trkpt>
   <trkpt lat="47.2875270" lon="4.7554110">
    <ele>428.2</ele>
   </trkpt>
   <trkpt lat="47.2875040" lon="4.7554340">
    <ele>427.8</ele>
   </trkpt>
   <trkpt lat="47.2874530" lon="4.7554660">
    <ele>426.4</ele>
   </trkpt>
   <trkpt lat="47.2874560" lon="4.7554950">
    <ele>426.0</ele>
   </trkpt>
   <trkpt lat="47.2874530" lon="4.7555060">
    <ele>425.6</ele>
   </trkpt>
   <trkpt lat="47.2874530" lon="4.7555730">
    <ele>426.0</ele>
   </trkpt>
   <trkpt lat="47.2874680" lon="4.7556170">
    <ele>426.8</ele>
   </trkpt>
   <trkpt lat="47.2874990" lon="4.7556170">
    <ele>427.6</ele>
   </trkpt>
   <trkpt lat="47.2875140" lon="4.7556130">
    <ele>428.2</ele>
   </trkpt>
   <trkpt lat="47.2875230" lon="4.7556410">
    <ele>429.0</ele>
   </trkpt>
   <trkpt lat="47.2875390" lon="4.7556450">
    <ele>430.2</ele>
   </trkpt>
   <trkpt lat="47.2875480" lon="4.7556860">
    <ele>431.4</ele>
   </trkpt>
   <trkpt lat="47.2875410" lon="4.7556970">
    <ele>431.6</ele>
   </trkpt>
   <trkpt lat="47.2875500" lon="4.7557100">
    <ele>432.0</ele>
   </trkpt>
   <trkpt lat="47.2875550" lon="4.7557140">
    <ele>432.6</ele>
   </trkpt>
   <trkpt lat="47.2875590" lon="4.7557460">
    <ele>433.6</ele>
   </trkpt>
   <trkpt lat="47.2875700" lon="4.7557320">
    <ele>434.4</ele>
   </trkpt>
   <trkpt lat="47.2876010" lon="4.7557000">
    <ele>434.6</ele>
   </trkpt>
   <trkpt lat="47.2876100" lon="4.7557170">
    <ele>435.4</ele>
   </trkpt>
   <trkpt lat="47.2876140" lon="4.7557390">
    <ele>435.8</ele>
   </trkpt>
   <trkpt lat="47.2876180" lon="4.7557850">
    <ele>436.8</ele>
   </trkpt>
   <trkpt lat="47.2876340" lon="4.7558040">
    <ele>438.0</ele>
   </trkpt>
   <trkpt lat="47.2876310" lon="4.7558540">
    <ele>439.0</ele>
   </trkpt>
   <trkpt lat="47.2876250" lon="4.7558650">
    <ele>439.8</ele>
   </trkpt>
   <trkpt lat="47.2876370" lon="4.7558600">
    <ele>440.2</ele>
   </trkpt>
   <trkpt lat="47.2876440" lon="4.7558670">
    <ele>440.4</ele>
   </trkpt>
   <trkpt lat="47.2876560" lon="4.7558670">
    <ele>440.8</ele>
   </trkpt>
   <trkpt lat="47.2876660" lon="4.7558450">
    <ele>441.6</ele>
   </trkpt>
   <trkpt lat="47.2876890" lon="4.7558460">
    <ele>442.0</ele>
   </trkpt>
   <trkpt lat="47.2876800" lon="4.7558670">
    <ele>442.4</ele>
   </trkpt>
   <trkpt lat="47.2876760" lon="4.7558810">
    <ele>442.8</ele>
   </trkpt>
   <trkpt lat="47.2876760" lon="4.7559460">
    <ele>443.4</ele>
   </trkpt>
   <trkpt lat="47.2876830" lon="4.7559820">
    <ele>444.0</ele>
   </trkpt>
   <trkpt lat="47.2876790" lon="4.7559930">
    <ele>444.4</ele>
   </trkpt>
   <trkpt lat="47.2876880" lon="4.7560220">
    <ele>445.0</ele>
   </trkpt>
   <trkpt lat="47.2876960" lon="4.7560190">
    <ele>445.4</ele>
   </trkpt>
   <trkpt lat="47.2877060" lon="4.7560140">
    <ele>445.8</ele>
   </trkpt>
   <trkpt lat="47.2877210" lon="4.7560210">
    <ele>446.2</ele>
   </trkpt>
   <trkpt lat="47.2877600" lon="4.7560340">
    <ele>447.2</ele>
   </trkpt>
   <trkpt lat="47.2877750" lon="4.7560300">
    <ele>447.8</ele>
   </trkpt>
   <trkpt lat="47.2877950" lon="4.7560410">
    <ele>448.6</ele>
   </trkpt>
   <trkpt lat="47.2878080" lon="4.7560990">
    <ele>449.8</ele>
   </trkpt>
   <trkpt lat="47.2878060" lon="4.7560990">
    <ele>451.0</ele>
   </trkpt>
   <trkpt lat="47.2878210" lon="4.7560880">
    <ele>451.6</ele>
   </trkpt>
   <trkpt lat="47.2878480" lon="4.7560720">
    <ele>452.2</ele>
   </trkpt>
   <trkpt lat="47.2878500" lon="4.7560300">
    <ele>452.8</ele>
   </trkpt>
   <trkpt lat="47.2878600" lon="4.7560160">
    <ele>453.0</ele>
   </trkpt>
   <trkpt lat="47.2878630" lon="4.7560100">
    <ele>453.2</ele>
   </trkpt>
   <trkpt lat="47.2878700" lon="4.7560020">
    <ele>454.0</ele>
   </trkpt>
   <trkpt lat="47.2878790" lon="4.7559960">
    <ele>454.6</ele>
   </trkpt>
   <trkpt lat="47.2878850" lon="4.7559930">
    <ele>455.0</ele>
   </trkpt>
   <trkpt lat="47.2879050" lon="4.7559800">
    <ele>455.8</ele>
   </trkpt>
   <trkpt lat="47.2879370" lon="4.7559440">
    <ele>457.0</ele>
   </trkpt>
   <trkpt lat="47.2880230" lon="4.7558590">
    <ele>458.0</ele>
   </trkpt>
   <trkpt lat="47.2880670" lon="4.7558370">
    <ele>459.2</ele>
   </trkpt>
   <trkpt lat="47.2880890" lon="4.7558290">
    <ele>459.8</ele>
   </trkpt>
   <trkpt lat="47.2881080" lon="4.7558120">
    <ele>460.4</ele>
   </trkpt>
   <trkpt lat="47.2881550" lon="4.7557660">
    <ele>461.4</ele>
   </trkpt>
   <trkpt lat="47.2882270" lon="4.7557500">
    <ele>462.6</ele>
   </trkpt>
   <trkpt lat="47.2882390" lon="4.7557340">
    <ele>462.8</ele>
   </trkpt>
   <trkpt lat="47.2882250" lon="4.7556880">
    <ele>463.6</ele>
   </trkpt>
   <trkpt lat="47.2882660" lon="4.7556820">
    <ele>464.2</ele>
   </trkpt>
   <trkpt lat="47.2882970" lon="4.7556740">
    <ele>464.8</ele>
   </trkpt>
   <trkpt lat="47.2883730" lon="4.7556350">
    <ele>466.0</ele>
   </trkpt>
   <trkpt lat="47.2883860" lon="4.7556190">
    <ele>466.8</ele>
   </trkpt>
   <trkpt lat="47.2884000" lon="4.7556150">
    <ele>467.0</ele>
   </trkpt>
   <trkpt lat="47.2884750" lon="4.7555900">
    <ele>468.2</ele>
   </trkpt>
   <trkpt lat="47.2884830" lon="4.7555790">
    <ele>468.4</ele>
   </trkpt>
   <trkpt lat="47.2884840" lon="4.7555730">
    <ele>468.6</ele>
   </trkpt>
   <trkpt lat="47.2884990" lon="4.7555440">
    <ele>469.2</ele>
   </trkpt>
   <trkpt lat="47.2885440" lon="4.7555080">
    <ele>470.0</ele>
   </trkpt>
   <trkpt lat="47.2885420" lon="4.7555100">
    <ele>470.4</ele>
   </trkpt>
   <trkpt lat="47.2885880" lon="4.7554830">
    <ele>471.6</ele>
   </trkpt>
   <trkpt lat="47.2886130" lon="4.7554500">
    <ele>472.0</ele>
   </trkpt>
   <trkpt lat="47.2886330" lon="4.7554250">
    <ele>472.6</ele>
   </trkpt>
   <trkpt lat="47.2886720" lon="4.7553740">
    <ele>473.2</ele>
   </trkpt>
   <trkpt lat="47.2886700" lon="4.7553650">
    <ele>473.4</ele>
   </trkpt>
   <trkpt lat="47.2886740" lon="4.7553590">
    <ele>473.8</ele>
   </trkpt>
   <trkpt lat="47.2887230" lon="4.7553280">
    <ele>475.0</ele>
   </trkpt>
   <trkpt lat="47.2887230" lon="4.7553150">
    <ele>476.0</ele>
   </trkpt>
   <trkpt lat="47.2887300" lon="4.7553110">
    <ele>476.4</ele>
   </trkpt>
   <trkpt lat="47.2887660" lon="4.7552750">
    <ele>477.6</ele>
   </trkpt>
   <trkpt lat="47.2887710" lon="4.7552610">
    <ele>477.8</ele>
   </trkpt>
   <trkpt lat="47.2888130" lon="4.7552360">
    <ele>478.6</ele>
   </trkpt>
   <trkpt lat="47.2888740" lon="4.7552270">
    <ele>479.8</ele>
   </trkpt>
   <trkpt lat="47.2889150" lon="4.7551940">
    <ele>481.0</ele>
   </trkpt>
   <trkpt lat="47.2889620" lon="4.7551750">
    <ele>482.0</ele>
   </trkpt>
   <trkpt lat="47.2889800" lon="4.7551620">
    <ele>482.4</ele>
   </trkpt>
   <trkpt lat="47.2890230" lon="4.7551500">
    <ele>483.2</ele>
   </trkpt>
   <trkpt lat="47.2890330" lon="4.7551440">
    <ele>483.4</ele>
   </trkpt>
   <trkpt lat="47.2891330" lon="4.7551440">
    <ele>484.2</ele>
   </trkpt>
   <trkpt lat="47.2891400" lon="4.7551390">
    <ele>484.4</ele>
   </trkpt>
   <trkpt lat="47.2891880" lon="4.7551220">
    <ele>485.4</ele>
   </trkpt>
   <trkpt lat="47.2892150" lon="4.7551020">
    <ele>486.0</ele>
   </trkpt>
   <trkpt lat="47.2892300" lon="4.7550910">
    <ele>486.6</ele>
   </trkpt>
   <trkpt lat="47.2892690" lon="4.7550610">
    <ele>487.2</ele>
   </trkpt>
   <trkpt lat="47.2892950" lon="4.7550700">
    <ele>487.6</ele>
   </trkpt>
   <trkpt lat="47.2892970" lon="4.7550550">
    <ele>488.0</ele>
   </trkpt>
   <trkpt lat="47.2893180" lon="4.7550170">
    <ele>488.8</ele>
   </trkpt>
   <trkpt lat="47.2893460" lon="4.7549920">
    <ele>489.4</ele>
   </trkpt>
   <trkpt lat="47.2893590" lon="4.7549760">
    <ele>490.0</ele>
   </trkpt>
   <trkpt lat="47.2893690" lon="4.7549710">
    <ele>490.2</ele>
   </trkpt>
   <trkpt lat="47.2893960" lon="4.7549660">
    <ele>490.8</ele>
   </trkpt>
   <trkpt lat="47.2894120" lon="4.7549570">
    <ele>491.0</ele>
   </trkpt>
   <trkpt lat="47.2894300" lon="4.7549320">
    <ele>491.4</ele>
   </trkpt>
   <trkpt lat="47.2894410" lon="4.7549190">
    <ele>491.6</ele>
   </trkpt>
   <trkpt lat="47.2894650" lon="4.7549040">
    <ele>492.2</ele>
   </trkpt>
   <trkpt lat="47.2895260" lon="4.7548550">
    <ele>493.2</ele>
   </trkpt>
   <trkpt lat="47.2895550" lon="4.7548390">
    <ele>493.8</ele>
   </trkpt>
   <trkpt lat="47.2895810" lon="4.7548310">
    <ele>494.4</ele>
   </trkpt>
   <trkpt lat="47.2896240" lon="4.7548060">
    <ele>494.8</ele>
   </trkpt>
   <trkpt lat="47.2896530" lon="4.7547910">
    <ele>495.2</ele>
   </trkpt>
   <trkpt lat="47.2896760" lon="4.7547840">
    <ele>495.6</ele>
   </trkpt>
   <trkpt lat="47.2897360" lon="4.7547640">
    <ele>496.8</ele>
   </trkpt>
   <trkpt lat="47.2898050" lon="4.7547290">
    <ele>498.2</ele>
   </trkpt>
   <trkpt lat="47.2898190" lon="4.7547180">
    <ele>498.6</ele>
   </trkpt>
   <trkpt lat="47.2898280" lon="4.7547110">
    <ele>499.0</ele>
   </trkpt>
   <trkpt lat="47.2898440" lon="4.7546960">
    <ele>499.6</ele>
   </trkpt>
   <trkpt lat="47.2899230" lon="4.7547140">
    <ele>500.6</ele>
   </trkpt>
   <trkpt lat="47.2899470" lon="4.7547000">
    <ele>501.0</ele>
   </trkpt>
   <trkpt lat="47.2899630" lon="4.7546900">
    <ele>501.0</ele>
   </trkpt>
   <trkpt lat="47.2899790" lon="4.7546810">
    <ele>501.4</ele>
   </trkpt>
   <trkpt lat="47.2900000" lon="4.7546590">
    <ele>501.8</ele>
   </trkpt>
   <trkpt lat="47.2900490" lon="4.7546360">
    <ele>502.6</ele>
   </trkpt>
   <trkpt lat="47.2900570" lon="4.7546280">
    <ele>502.8</ele>
   </trkpt>
   <trkpt lat="47.2900970" lon="4.7546070">
    <ele>503.4</ele>
   </trkpt>
   <trkpt lat="47.2901450" lon="4.7546090">
    <ele>503.8</ele>
   </trkpt>
   <trkpt lat="47.2902140" lon="4.7545450">
    <ele>504.6</ele>
   </trkpt>
   <trkpt lat="47.2902570" lon="4.7545010">
    <ele>504.8</ele>
   </trkpt>
   <trkpt lat="47.2902770" lon="4.7545000">
    <ele>505.0</ele>
   </trkpt>
   <trkpt lat="47.2903130" lon="4.7544990">
    <ele>506.0</ele>
   </trkpt>
   <trkpt lat="47.2903640" lon="4.7544550">
    <ele>507.2</ele>
   </trkpt>
   <trkpt lat="47.2904190" lon="4.7544260">
    <ele>508.2</ele>
   </trkpt>
   <trkpt lat="47.2904370" lon="4.7544210">
    <ele>508.6</ele>
   </trkpt>
   <trkpt lat="47.2904650" lon="4.7544050">
    <ele>509.4</ele>
   </trkpt>
   <trkpt lat="47.2904650" lon="4.7544210">
    <ele>509.8</ele>
   </trkpt>
   <trkpt lat="47.2904740" lon="4.7544370">
    <ele>510.2</ele>
   </trkpt>
   <trkpt lat="47.2904790" lon="4.7544440">
    <ele>510.4</ele>
   </trkpt>
   <trkpt lat="47.2904750" lon="4.7544850">
    <ele>511.6</ele>
   </trkpt>
   <trkpt lat="47.2904720" lon="4.7545150">
    <ele>512.2</ele>
   </trkpt>
   <trkpt lat="47.2904700" lon="4.7545440">
    <ele>512.8</ele>
   </trkpt>
   <trkpt lat="47.2904700" lon="4.7545580">
    <ele>513.2</ele>
   </trkpt>
   <trkpt lat="47.2904910" lon="4.7545790">
    <ele>514.2</ele>
   </trkpt>
   <trkpt lat="47.2905180" lon="4.7545960">
    <ele>515.2</ele>
   </trkpt>
   <trkpt lat="47.2905260" lon="4.7545990">
    <ele>515.4</ele>
   </trkpt>
   <trkpt lat="47.2905610" lon="4.7546160">
    <ele>516.4</ele>
   </trkpt>
   <trkpt lat="47.2906540" lon="4.7546660">
    <ele>517.6</ele>
   </trkpt>
   <trkpt lat="47.2906670" lon="4.7546750">
    <ele>517.8</ele>
   </trkpt>
   <trkpt lat="47.2906860" lon="4.7546920">
    <ele>517.8</ele>
   </trkpt>
   <trkpt lat="47.2907360" lon="4.7547580">
    <ele>518.6</ele>
   </trkpt>
   <trkpt lat="47.2907870" lon="4.7548010">
    <ele>519.2</ele>
   </trkpt>
   <trkpt lat="47.2908090" lon="4.7548180">
    <ele>519.8</ele>
   </trkpt>
   <trkpt lat="47.2908580" lon="4.7548550">
    <ele>520.6</ele>
   </trkpt>
   <trkpt lat="47.2908700" lon="4.7548730">
    <ele>520.8</ele>
   </trkpt>
   <trkpt lat="47.2909380" lon="4.7549100">
    <ele>522.0</ele>
   </trkpt>
   <trkpt lat="47.2909460" lon="4.7549270">
    <ele>522.4</ele>
   </trkpt>
   <trkpt lat="47.2909690" lon="4.7549410">
    <ele>523.0</ele>
   </trkpt>
   <trkpt lat="47.2909850" lon="4.7549540">
    <ele>523.4</ele>
   </trkpt>
   <trkpt lat="47.2910230" lon="4.7550130">
    <ele>524.6</ele>
   </trkpt>
   <trkpt lat="47.2910530" lon="4.7550170">
    <ele>524.8</ele>
   </trkpt>
   <trkpt lat="47.2910880" lon="4.7550310">
    <ele>525.4</ele>
   </trkpt>
   <trkpt lat="47.2911190" lon="4.7550360">
    <ele>525.8</ele>
   </trkpt>
   <trkpt lat="47.2911260" lon="4.7550380">
    <ele>525.8</ele>
   </trkpt>
   <trkpt lat="47.2911260" lon="4.7550450">
    <ele>526.0</ele>
   </trkpt>
   <trkpt lat="47.2911020" lon="4.7550570">
    <ele>526.2</ele>
   </trkpt>
   <trkpt lat="47.2909940" lon="4.7549860">
    <ele>525.4</ele>
   </trkpt>
   <trkpt lat="47.2909300" lon="4.7549200">
    <ele>524.4</ele>
   </trkpt>
   <trkpt lat="47.2908730" lon="4.7548720">
    <ele>523.6</ele>
   </trkpt>
   <trkpt lat="47.2908500" lon="4.7548480">
    <ele>523.2</ele>
   </trkpt>
   <trkpt lat="47.2908180" lon="4.7548440">
    <ele>522.2</ele>
   </trkpt>
   <trkpt lat="47.2908060" lon="4.7548870">
    <ele>521.8</ele>
   </trkpt>
   <trkpt lat="47.2907710" lon="4.7549430">
    <ele>521.8</ele>
   </trkpt>
   <trkpt lat="47.2906920" lon="4.7550040">
    <ele>521.2</ele>
   </trkpt>
   <trkpt lat="47.2906610" lon="4.7550220">
    <ele>521.0</ele>
   </trkpt>
   <trkpt lat="47.2906530" lon="4.7550580">
    <ele>521.0</ele>
   </trkpt>
   <trkpt lat="47.2906230" lon="4.7550780">
    <ele>520.6</ele>
   </trkpt>
   <trkpt lat="47.2906290" lon="4.7550840">
    <ele>520.6</ele>
   </trkpt>
   <trkpt lat="47.2906500" lon="4.7551210">
    <ele>521.0</ele>
   </trkpt>
   <trkpt lat="47.2906620" lon="4.7552200">
    <ele>521.8</ele>
   </trkpt>
   <trkpt lat="47.2906090" lon="4.7553190">
    <ele>522.0</ele>
   </trkpt>
   <trkpt lat="47.2904660" lon="4.7553540">
    <ele>520.8</ele>
   </trkpt>
   <trkpt lat="47.2903950" lon="4.7553710">
    <ele>520.0</ele>
   </trkpt>
   <trkpt lat="47.2903190" lon="4.7554210">
    <ele>518.6</ele>
   </trkpt>
   <trkpt lat="47.2902340" lon="4.7554290">
    <ele>517.0</ele>
   </trkpt>
   <trkpt lat="47.2902190" lon="4.7554390">
    <ele>516.6</ele>
   </trkpt>
   <trkpt lat="47.2902110" lon="4.7554540">
    <ele>516.0</ele>
   </trkpt>
   <trkpt lat="47.2902090" lon="4.7554720">
    <ele>515.6</ele>
   </trkpt>
   <trkpt lat="47.2902110" lon="4.7554800">
    <ele>515.0</ele>
   </trkpt>
   <trkpt lat="47.2901920" lon="4.7556340">
    <ele>514.4</ele>
   </trkpt>
   <trkpt lat="47.2901890" lon="4.7556830">
    <ele>513.8</ele>
   </trkpt>
   <trkpt lat="47.2901850" lon="4.7557270">
    <ele>513.4</ele>
   </trkpt>
   <trkpt lat="47.2901730" lon="4.7558890">
    <ele>512.2</ele>
   </trkpt>
   <trkpt lat="47.2901670" lon="4.7559250">
    <ele>511.8</ele>
   </trkpt>
   <trkpt lat="47.2901670" lon="4.7559660">
    <ele>511.2</ele>
   </trkpt>
   <trkpt lat="47.2901650" lon="4.7560500">
    <ele>509.8</ele>
   </trkpt>
   <trkpt lat="47.2901750" lon="4.7561290">
    <ele>508.0</ele>
   </trkpt>
   <trkpt lat="47.2901790" lon="4.7562120">
    <ele>506.6</ele>
   </trkpt>
   <trkpt lat="47.2901620" lon="4.7563110">
    <ele>505.2</ele>
   </trkpt>
   <trkpt lat="47.2901450" lon="4.7564460">
    <ele>503.4</ele>
   </trkpt>
   <trkpt lat="47.2901410" lon="4.7565300">
    <ele>501.8</ele>
   </trkpt>
   <trkpt lat="47.2901420" lon="4.7565760">
    <ele>500.4</ele>
   </trkpt>
   <trkpt lat="47.2901420" lon="4.7566710">
    <ele>498.6</ele>
   </trkpt>
   <trkpt lat="47.2901350" lon="4.7567440">
    <ele>497.2</ele>
   </trkpt>
   <trkpt lat="47.2901030" lon="4.7567960">
    <ele>496.0</ele>
   </trkpt>
   <trkpt lat="47.2900670" lon="4.7568640">
    <ele>494.4</ele>
   </trkpt>
   <trkpt lat="47.2900590" lon="4.7569110">
    <ele>493.6</ele>
   </trkpt>
   <trkpt lat="47.2900490" lon="4.7569510">
    <ele>492.8</ele>
   </trkpt>
   <trkpt lat="47.2900440" lon="4.7569920">
    <ele>491.8</ele>
   </trkpt>
   <trkpt lat="47.2900390" lon="4.7570350">
    <ele>491.2</ele>
   </trkpt>
   <trkpt lat="47.2900270" lon="4.7571140">
    <ele>489.6</ele>
   </trkpt>
   <trkpt lat="47.2900100" lon="4.7571920">
    <ele>488.4</ele>
   </trkpt>
   <trkpt lat="47.2900070" lon="4.7572380">
    <ele>487.0</ele>
   </trkpt>
   <trkpt lat="47.2900160" lon="4.7572560">
    <ele>486.2</ele>
   </trkpt>
   <trkpt lat="47.2900310" lon="4.7572740">
    <ele>485.6</ele>
   </trkpt>
   <trkpt lat="47.2900990" lon="4.7573270">
    <ele>484.2</ele>
   </trkpt>
   <trkpt lat="47.2901200" lon="4.7573430">
    <ele>484.0</ele>
   </trkpt>
   <trkpt lat="47.2902560" lon="4.7574640">
    <ele>482.8</ele>
   </trkpt>
   <trkpt lat="47.2902910" lon="4.7574870">
    <ele>482.4</ele>
   </trkpt>
   <trkpt lat="47.2903750" lon="4.7575470">
    <ele>481.8</ele>
   </trkpt>
   <trkpt lat="47.2904400" lon="4.7575850">
    <ele>481.2</ele>
   </trkpt>
   <trkpt lat="47.2904960" lon="4.7576020">
    <ele>480.6</ele>
   </trkpt>
   <trkpt lat="47.2906480" lon="4.7576050">
    <ele>480.6</ele>
   </trkpt>
   <trkpt lat="47.2907810" lon="4.7575960">
    <ele>480.0</ele>
   </trkpt>
   <trkpt lat="47.2908520" lon="4.7575720">
    <ele>479.8</ele>
   </trkpt>
   <trkpt lat="47.2908800" lon="4.7575880">
    <ele>479.6</ele>
   </trkpt>
   <trkpt lat="47.2909180" lon="4.7576030">
    <ele>479.4</ele>
   </trkpt>
   <trkpt lat="47.2910010" lon="4.7576240">
    <ele>478.4</ele>
   </trkpt>
   <trkpt lat="47.2910790" lon="4.7576470">
    <ele>477.8</ele>
   </trkpt>
   <trkpt lat="47.2911120" lon="4.7576590">
    <ele>477.4</ele>
   </trkpt>
   <trkpt lat="47.2912800" lon="4.7576070">
    <ele>476.6</ele>
   </trkpt>
   <trkpt lat="47.2914140" lon="4.7574890">
    <ele>477.6</ele>
   </trkpt>
   <trkpt lat="47.2914470" lon="4.7574640">
    <ele>478.4</ele>
   </trkpt>
   <trkpt lat="47.2914590" lon="4.7574120">
    <ele>479.4</ele>
   </trkpt>
   <trkpt lat="47.2914640" lon="4.7573880">
    <ele>479.8</ele>
   </trkpt>
   <trkpt lat="47.2915280" lon="4.7573650">
    <ele>481.0</ele>
   </trkpt>
   <trkpt lat="47.2915650" lon="4.7573260">
    <ele>481.8</ele>
   </trkpt>
   <trkpt lat="47.2915890" lon="4.7572980">
    <ele>482.2</ele>
   </trkpt>
   <trkpt lat="47.2916430" lon="4.7572500">
    <ele>483.4</ele>
   </trkpt>
   <trkpt lat="47.2916680" lon="4.7572410">
    <ele>484.0</ele>
   </trkpt>
   <trkpt lat="47.2917150" lon="4.7571890">
    <ele>484.6</ele>
   </trkpt>
   <trkpt lat="47.2917360" lon="4.7571530">
    <ele>485.0</ele>
   </trkpt>
   <trkpt lat="47.2917850" lon="4.7571270">
    <ele>485.8</ele>
   </trkpt>
   <trkpt lat="47.2918510" lon="4.7570640">
    <ele>486.2</ele>
   </trkpt>
   <trkpt lat="47.2918990" lon="4.7570400">
    <ele>487.0</ele>
   </trkpt>
   <trkpt lat="47.2919510" lon="4.7569870">
    <ele>488.0</ele>
   </trkpt>
   <trkpt lat="47.2920170" lon="4.7569460">
    <ele>489.2</ele>
   </trkpt>
   <trkpt lat="47.2920900" lon="4.7569070">
    <ele>490.0</ele>
   </trkpt>
   <trkpt lat="47.2921050" lon="4.7569020">
    <ele>490.2</ele>
   </trkpt>
   <trkpt lat="47.2921930" lon="4.7568650">
    <ele>491.4</ele>
   </trkpt>
   <trkpt lat="47.2921660" lon="4.7568870">
    <ele>492.0</ele>
   </trkpt>
   <trkpt lat="47.2920240" lon="4.7568920">
    <ele>492.4</ele>
   </trkpt>
   <trkpt lat="47.2919880" lon="4.7569070">
    <ele>492.6</ele>
   </trkpt>
   <trkpt lat="47.2919220" lon="4.7568860">
    <ele>493.6</ele>
   </trkpt>
   <trkpt lat="47.2918950" lon="4.7568830">
    <ele>494.0</ele>
   </trkpt>
   <trkpt lat="47.2918750" lon="4.7568910">
    <ele>494.2</ele>
   </trkpt>
   <trkpt lat="47.2918300" lon="4.7568850">
    <ele>495.0</ele>
   </trkpt>
   <trkpt lat="47.2917720" lon="4.7568620">
    <ele>496.0</ele>
   </trkpt>
   <trkpt lat="47.2917850" lon="4.7567960">
    <ele>497.0</ele>
   </trkpt>
   <trkpt lat="47.2917940" lon="4.7567730">
    <ele>497.4</ele>
   </trkpt>
   <trkpt lat="47.2918040" lon="4.7567520">
    <ele>497.6</ele>
   </trkpt>
   <trkpt lat="47.2918230" lon="4.7567280">
    <ele>498.2</ele>
   </trkpt>
   <trkpt lat="47.2919000" lon="4.7567100">
    <ele>499.4</ele>
   </trkpt>
   <trkpt lat="47.2919400" lon="4.7566660">
    <ele>500.4</ele>
   </trkpt>
   <trkpt lat="47.2919620" lon="4.7566650">
    <ele>501.2</ele>
   </trkpt>
   <trkpt lat="47.2919670" lon="4.7566540">
    <ele>501.4</ele>
   </trkpt>
   <trkpt lat="47.2919680" lon="4.7566440">
    <ele>501.8</ele>
   </trkpt>
   <trkpt lat="47.2919770" lon="4.7566230">
    <ele>502.2</ele>
   </trkpt>
   <trkpt lat="47.2919880" lon="4.7566130">
    <ele>502.4</ele>
   </trkpt>
   <trkpt lat="47.2920010" lon="4.7566020">
    <ele>502.6</ele>
   </trkpt>
   <trkpt lat="47.2920550" lon="4.7565500">
    <ele>503.6</ele>
   </trkpt>
   <trkpt lat="47.2920570" lon="4.7565490">
    <ele>503.8</ele>
   </trkpt>
   <trkpt lat="47.2920920" lon="4.7565250">
    <ele>504.8</ele>
   </trkpt>
   <trkpt lat="47.2921050" lon="4.7565220">
    <ele>505.0</ele>
   </trkpt>
   <trkpt lat="47.2921190" lon="4.7565160">
    <ele>505.6</ele>
   </trkpt>
   <trkpt lat="47.2921120" lon="4.7565240">
    <ele>506.0</ele>
   </trkpt>
   <trkpt lat="47.2921060" lon="4.7565320">
    <ele>506.0</ele>
   </trkpt>
   <trkpt lat="47.2920840" lon="4.7565030">
    <ele>507.0</ele>
   </trkpt>
   <trkpt lat="47.2920770" lon="4.7564940">
    <ele>507.4</ele>
   </trkpt>
   <trkpt lat="47.2920500" lon="4.7564640">
    <ele>508.2</ele>
   </trkpt>
   <trkpt lat="47.2920200" lon="4.7564350">
    <ele>509.0</ele>
   </trkpt>
   <trkpt lat="47.2920050" lon="4.7564300">
    <ele>509.2</ele>
   </trkpt>
   <trkpt lat="47.2919810" lon="4.7564250">
    <ele>509.6</ele>
   </trkpt>
   <trkpt lat="47.2919300" lon="4.7564150">
    <ele>510.2</ele>
   </trkpt>
   <trkpt lat="47.2918450" lon="4.7563640">
    <ele>511.0</ele>
   </trkpt>
   <trkpt lat="47.2918130" lon="4.7563420">
    <ele>511.4</ele>
   </trkpt>
   <trkpt lat="47.2917460" lon="4.7563150">
    <ele>512.2</ele>
   </trkpt>
   <trkpt lat="47.2917370" lon="4.7563030">
    <ele>512.4</ele>
   </trkpt>
   <trkpt lat="47.2917280" lon="4.7562890">
    <ele>512.6</ele>
   </trkpt>
   <trkpt lat="47.2917030" lon="4.7562320">
    <ele>513.2</ele>
   </trkpt>
   <trkpt lat="47.2917080" lon="4.7562120">
    <ele>513.6</ele>
   </trkpt>
   <trkpt lat="47.2917190" lon="4.7562030">
    <ele>513.8</ele>
   </trkpt>
   <trkpt lat="47.2918000" lon="4.7561500">
    <ele>514.6</ele>
   </trkpt>
   <trkpt lat="47.2918720" lon="4.7560970">
    <ele>515.6</ele>
   </trkpt>
   <trkpt lat="47.2919000" lon="4.7560720">
    <ele>516.0</ele>
   </trkpt>
   <trkpt lat="47.2919310" lon="4.7560470">
    <ele>516.6</ele>
   </trkpt>
   <trkpt lat="47.2919400" lon="4.7560390">
    <ele>516.8</ele>
   </trkpt>
   <trkpt lat="47.2919550" lon="4.7560040">
    <ele>517.6</ele>
   </trkpt>
   <trkpt lat="47.2919580" lon="4.7559890">
    <ele>518.0</ele>
   </trkpt>
   <trkpt lat="47.2920060" lon="4.7559470">
    <ele>519.0</ele>
   </trkpt>
   <trkpt lat="47.2920150" lon="4.7559350">
    <ele>519.4</ele>
   </trkpt>
   <trkpt lat="47.2920530" lon="4.7558860">
    <ele>520.2</ele>
   </trkpt>
   <trkpt lat="47.2920810" lon="4.7558590">
    <ele>521.0</ele>
   </trkpt>
   <trkpt lat="47.2921010" lon="4.7558530">
    <ele>521.2</ele>
   </trkpt>
   <trkpt lat="47.2921310" lon="4.7558440">
    <ele>521.6</ele>
   </trkpt>
   <trkpt lat="47.2921510" lon="4.7558210">
    <ele>522.2</ele>
   </trkpt>
   <trkpt lat="47.2922100" lon="4.7557760">
    <ele>523.2</ele>
   </trkpt>
   <trkpt lat="47.2922140" lon="4.7557600">
    <ele>523.4</ele>
   </trkpt>
   <trkpt lat="47.2922340" lon="4.7557020">
    <ele>524.6</ele>
   </trkpt>
   <trkpt lat="47.2922340" lon="4.7556380">
    <ele>525.8</ele>
   </trkpt>
   <trkpt lat="47.2922180" lon="4.7556390">
    <ele>526.2</ele>
   </trkpt>
   <trkpt lat="47.2921870" lon="4.7556210">
    <ele>527.0</ele>
   </trkpt>
   <trkpt lat="47.2921650" lon="4.7555960">
    <ele>527.4</ele>
   </trkpt>
   <trkpt lat="47.2921420" lon="4.7555300">
    <ele>528.0</ele>
   </trkpt>
   <trkpt lat="47.2921300" lon="4.7554530">
    <ele>529.0</ele>
   </trkpt>
   <trkpt lat="47.2921180" lon="4.7554410">
    <ele>529.4</ele>
   </trkpt>
   <trkpt lat="47.2921020" lon="4.7554250">
    <ele>530.0</ele>
   </trkpt>
   <trkpt lat="47.2920900" lon="4.7553910">
    <ele>530.6</ele>
   </trkpt>
   <trkpt lat="47.2920700" lon="4.7553540">
    <ele>531.2</ele>
   </trkpt>
   <trkpt lat="47.2920370" lon="4.7552960">
    <ele>532.0</ele>
   </trkpt>
   <trkpt lat="47.2920260" lon="4.7552730">
    <ele>532.4</ele>
   </trkpt>
   <trkpt lat="47.2920140" lon="4.7552430">
    <ele>533.0</ele>
   </trkpt>
   <trkpt lat="47.2919990" lon="4.7551880">
    <ele>533.6</ele>
   </trkpt>
   <trkpt lat="47.2919970" lon="4.7551710">
    <ele>534.0</ele>
   </trkpt>
   <trkpt lat="47.2919640" lon="4.7551050">
    <ele>534.8</ele>
   </trkpt>
   <trkpt lat="47.2919520" lon="4.7550800">
    <ele>535.2</ele>
   </trkpt>
   <trkpt lat="47.2919510" lon="4.7550590">
    <ele>535.4</ele>
   </trkpt>
   <trkpt lat="47.2919600" lon="4.7550460">
    <ele>535.6</ele>
   </trkpt>
   <trkpt lat="47.2919840" lon="4.7550320">
    <ele>535.8</ele>
   </trkpt>
   <trkpt lat="47.2919990" lon="4.7550270">
    <ele>535.8</ele>
   </trkpt>
   <trkpt lat="47.2920410" lon="4.7549840">
    <ele>535.6</ele>
   </trkpt>
   <trkpt lat="47.2920590" lon="4.7549630">
    <ele>535.4</ele>
   </trkpt>
   <trkpt lat="47.2920700" lon="4.7549550">
    <ele>535.4</ele>
   </trkpt>
   <trkpt lat="47.2921220" lon="4.7549420">
    <ele>534.6</ele>
   </trkpt>
   <trkpt lat="47.2921380" lon="4.7549400">
    <ele>534.4</ele>
   </trkpt>
   <trkpt lat="47.2921840" lon="4.7549540">
    <ele>534.0</ele>
   </trkpt>
   <trkpt lat="47.2922640" lon="4.7549740">
    <ele>533.4</ele>
   </trkpt>
   <trkpt lat="47.2923580" lon="4.7549570">
    <ele>533.2</ele>
   </trkpt>
   <trkpt lat="47.2924330" lon="4.7549690">
    <ele>533.0</ele>
   </trkpt>
   <trkpt lat="47.2924510" lon="4.7549920">
    <ele>532.8</ele>
   </trkpt>
   <trkpt lat="47.2925780" lon="4.7550150">
    <ele>532.4</ele>
   </trkpt>
   <trkpt lat="47.2926220" lon="4.7549680">
    <ele>532.4</ele>
   </trkpt>
   <trkpt lat="47.2926300" lon="4.7549370">
    <ele>532.6</ele>
   </trkpt>
   <trkpt lat="47.2927060" lon="4.7547620">
    <ele>533.2</ele>
   </trkpt>
   <trkpt lat="47.2927260" lon="4.7547320">
    <ele>533.2</ele>
   </trkpt>
   <trkpt lat="47.2928200" lon="4.7545750">
    <ele>533.0</ele>
   </trkpt>
   <trkpt lat="47.2928250" lon="4.7545380">
    <ele>532.8</ele>
   </trkpt>
   <trkpt lat="47.2928410" lon="4.7544730">
    <ele>532.2</ele>
   </trkpt>
   <trkpt lat="47.2928530" lon="4.7543800">
    <ele>531.2</ele>
   </trkpt>
   <trkpt lat="47.2928510" lon="4.7543320">
    <ele>530.8</ele>
   </trkpt>
   <trkpt lat="47.2928600" lon="4.7543070">
    <ele>530.0</ele>
   </trkpt>
   <trkpt lat="47.2928780" lon="4.7543050">
    <ele>529.4</ele>
   </trkpt>
   <trkpt lat="47.2929000" lon="4.7543070">
    <ele>528.8</ele>
   </trkpt>
   <trkpt lat="47.2929190" lon="4.7543140">
    <ele>528.2</ele>
   </trkpt>
   <trkpt lat="47.2929330" lon="4.7543180">
    <ele>527.2</ele>
   </trkpt>
   <trkpt lat="47.2929510" lon="4.7543240">
    <ele>526.0</ele>
   </trkpt>
   <trkpt lat="47.2929690" lon="4.7543120">
    <ele>525.2</ele>
   </trkpt>
   <trkpt lat="47.2929930" lon="4.7543190">
    <ele>524.8</ele>
   </trkpt>
   <trkpt lat="47.2930430" lon="4.7543460">
    <ele>523.8</ele>
   </trkpt>
   <trkpt lat="47.2930820" lon="4.7543640">
    <ele>522.6</ele>
   </trkpt>
   <trkpt lat="47.2931600" lon="4.7544060">
    <ele>521.6</ele>
   </trkpt>
   <trkpt lat="47.2931900" lon="4.7544100">
    <ele>520.6</ele>
   </trkpt>
   <trkpt lat="47.2932080" lon="4.7544180">
    <ele>519.8</ele>
   </trkpt>
   <trkpt lat="47.2932680" lon="4.7544380">
    <ele>518.4</ele>
   </trkpt>
   <trkpt lat="47.2932860" lon="4.7544560">
    <ele>517.2</ele>
   </trkpt>
   <trkpt lat="47.2933120" lon="4.7544720">
    <ele>516.4</ele>
   </trkpt>
   <trkpt lat="47.2933270" lon="4.7544600">
    <ele>515.8</ele>
   </trkpt>
   <trkpt lat="47.2933780" lon="4.7544370">
    <ele>514.4</ele>
   </trkpt>
   <trkpt lat="47.2934030" lon="4.7544150">
    <ele>513.8</ele>
   </trkpt>
   <trkpt lat="47.2934360" lon="4.7543880">
    <ele>513.2</ele>
   </trkpt>
   <trkpt lat="47.2935120" lon="4.7543320">
    <ele>512.0</ele>
   </trkpt>
   <trkpt lat="47.2936200" lon="4.7542980">
    <ele>511.2</ele>
   </trkpt>
   <trkpt lat="47.2936830" lon="4.7542550">
    <ele>510.8</ele>
   </trkpt>
   <trkpt lat="47.2937600" lon="4.7541480">
    <ele>510.2</ele>
   </trkpt>
   <trkpt lat="47.2937910" lon="4.7540910">
    <ele>509.8</ele>
   </trkpt>
   <trkpt lat="47.2938830" lon="4.7538840">
    <ele>509.6</ele>
   </trkpt>
   <trkpt lat="47.2938860" lon="4.7537690">
    <ele>509.6</ele>
   </trkpt>
   <trkpt lat="47.2938700" lon="4.7537320">
    <ele>509.8</ele>
   </trkpt>
   <trkpt lat="47.2938460" lon="4.7536130">
    <ele>510.0</ele>
   </trkpt>
   <trkpt lat="47.2938800" lon="4.7534850">
    <ele>510.4</ele>
   </trkpt>
   <trkpt lat="47.2940050" lon="4.7533310">
    <ele>509.8</ele>
   </trkpt>
   <trkpt lat="47.2940250" lon="4.7533380">
    <ele>509.6</ele>
   </trkpt>
   <trkpt lat="47.2940640" lon="4.7533530">
    <ele>509.0</ele>
   </trkpt>
   <trkpt lat="47.2940900" lon="4.7533630">
    <ele>508.6</ele>
   </trkpt>
   <trkpt lat="47.2942090" lon="4.7533980">
    <ele>507.4</ele>
   </trkpt>
   <trkpt lat="47.2942420" lon="4.7534340">
    <ele>507.2</ele>
   </trkpt>
   <trkpt lat="47.2943430" lon="4.7534680">
    <ele>506.2</ele>
   </trkpt>
   <trkpt lat="47.2944110" lon="4.7534550">
    <ele>505.6</ele>
   </trkpt>
   <trkpt lat="47.2944690" lon="4.7534080">
    <ele>505.0</ele>
   </trkpt>
   <trkpt lat="47.2945200" lon="4.7533140">
    <ele>504.6</ele>
   </trkpt>
   <trkpt lat="47.2945090" lon="4.7532810">
    <ele>504.4</ele>
   </trkpt>
   <trkpt lat="47.2945010" lon="4.7531520">
    <ele>504.8</ele>
   </trkpt>
   <trkpt lat="47.2945180" lon="4.7531060">
    <ele>505.0</ele>
   </trkpt>
   <trkpt lat="47.2945230" lon="4.7529870">
    <ele>505.0</ele>
   </trkpt>
   <trkpt lat="47.2945410" lon="4.7527380">
    <ele>505.0</ele>
   </trkpt>
   <trkpt lat="47.2945780" lon="4.7526790">
    <ele>504.6</ele>
   </trkpt>
   <trkpt lat="47.2946470" lon="4.7526420">
    <ele>504.2</ele>
   </trkpt>
   <trkpt lat="47.2946750" lon="4.7526330">
    <ele>504.0</ele>
   </trkpt>
   <trkpt lat="47.2947070" lon="4.7526360">
    <ele>503.8</ele>
   </trkpt>
   <trkpt lat="47.2947850" lon="4.7526510">
    <ele>503.0</ele>
   </trkpt>
   <trkpt lat="47.2948400" lon="4.7526070">
    <ele>502.6</ele>
   </trkpt>
   <trkpt lat="47.2948550" lon="4.7525760">
    <ele>502.4</ele>
   </trkpt>
   <trkpt lat="47.2949410" lon="4.7525130">
    <ele>502.6</ele>
   </trkpt>
   <trkpt lat="47.2950010" lon="4.7525720">
    <ele>502.4</ele>
   </trkpt>
   <trkpt lat="47.2950310" lon="4.7526570">
    <ele>501.8</ele>
   </trkpt>
   <trkpt lat="47.2950750" lon="4.7527960">
    <ele>500.6</ele>
   </trkpt>
   <trkpt lat="47.2951320" lon="4.7529220">
    <ele>499.0</ele>
   </trkpt>
   <trkpt lat="47.2951500" lon="4.7529830">
    <ele>498.2</ele>
   </trkpt>
   <trkpt lat="47.2951650" lon="4.7530000">
    <ele>497.8</ele>
   </trkpt>
   <trkpt lat="47.2952410" lon="4.7530060">
    <ele>497.2</ele>
   </trkpt>
   <trkpt lat="47.2953400" lon="4.7529940">
    <ele>497.6</ele>
   </trkpt>
   <trkpt lat="47.2954050" lon="4.7530230">
    <ele>498.4</ele>
   </trkpt>
   <trkpt lat="47.2954230" lon="4.7530390">
    <ele>498.4</ele>
   </trkpt>
   <trkpt lat="47.2955560" lon="4.7531480">
    <ele>499.0</ele>
   </trkpt>
   <trkpt lat="47.2956020" lon="4.7531600">
    <ele>499.0</ele>
   </trkpt>
   <trkpt lat="47.2956710" lon="4.7532090">
    <ele>499.0</ele>
   </trkpt>
   <trkpt lat="47.2956790" lon="4.7532370">
    <ele>499.0</ele>
   </trkpt>
   <trkpt lat="47.2957710" lon="4.7534080">
    <ele>498.2</ele>
   </trkpt>
   <trkpt lat="47.2958460" lon="4.7535140">
    <ele>498.0</ele>
   </trkpt>
   <trkpt lat="47.2958910" lon="4.7535320">
    <ele>497.8</ele>
   </trkpt>
   <trkpt lat="47.2958950" lon="4.7535120">
    <ele>497.8</ele>
   </trkpt>
   <trkpt lat="47.2959370" lon="4.7533820">
    <ele>498.6</ele>
   </trkpt>
   <trkpt lat="47.2959630" lon="4.7533730">
    <ele>499.0</ele>
   </trkpt>
   <trkpt lat="47.2960010" lon="4.7532890">
    <ele>500.0</ele>
   </trkpt>
   <trkpt lat="47.2960130" lon="4.7532670">
    <ele>500.2</ele>
   </trkpt>
   <trkpt lat="47.2960460" lon="4.7532180">
    <ele>501.0</ele>
   </trkpt>
   <trkpt lat="47.2960640" lon="4.7531690">
    <ele>502.2</ele>
   </trkpt>
   <trkpt lat="47.2960760" lon="4.7531500">
    <ele>502.4</ele>
   </trkpt>
   <trkpt lat="47.2960960" lon="4.7531110">
    <ele>503.4</ele>
   </trkpt>
   <trkpt lat="47.2961490" lon="4.7530380">
    <ele>504.4</ele>
   </trkpt>
   <trkpt lat="47.2961880" lon="4.7529910">
    <ele>505.8</ele>
   </trkpt>
   <trkpt lat="47.2962000" lon="4.7529960">
    <ele>506.0</ele>
   </trkpt>
   <trkpt lat="47.2962240" lon="4.7530090">
    <ele>506.6</ele>
   </trkpt>
   <trkpt lat="47.2962460" lon="4.7530170">
    <ele>506.8</ele>
   </trkpt>
   <trkpt lat="47.2963080" lon="4.7530600">
    <ele>507.0</ele>
   </trkpt>
   <trkpt lat="47.2963260" lon="4.7530700">
    <ele>507.0</ele>
   </trkpt>
   <trkpt lat="47.2963440" lon="4.7530810">
    <ele>507.0</ele>
   </trkpt>
   <trkpt lat="47.2963870" lon="4.7530810">
    <ele>507.4</ele>
   </trkpt>
   <trkpt lat="47.2964030" lon="4.7530770">
    <ele>507.6</ele>
   </trkpt>
   <trkpt lat="47.2964360" lon="4.7530760">
    <ele>508.0</ele>
   </trkpt>
   <trkpt lat="47.2964850" lon="4.7530880">
    <ele>509.2</ele>
   </trkpt>
   <trkpt lat="47.2965140" lon="4.7530650">
    <ele>509.6</ele>
   </trkpt>
   <trkpt lat="47.2965330" lon="4.7530510">
    <ele>510.4</ele>
   </trkpt>
   <trkpt lat="47.2965460" lon="4.7530240">
    <ele>510.6</ele>
   </trkpt>
   <trkpt lat="47.2965630" lon="4.7529830">
    <ele>511.6</ele>
   </trkpt>
   <trkpt lat="47.2965690" lon="4.7529730">
    <ele>512.0</ele>
   </trkpt>
   <trkpt lat="47.2965780" lon="4.7529540">
    <ele>512.8</ele>
   </trkpt>
   <trkpt lat="47.2965910" lon="4.7529290">
    <ele>513.6</ele>
   </trkpt>
   <trkpt lat="47.2966080" lon="4.7529110">
    <ele>514.0</ele>
   </trkpt>
   <trkpt lat="47.2966460" lon="4.7528860">
    <ele>515.2</ele>
   </trkpt>
   <trkpt lat="47.2966860" lon="4.7528870">
    <ele>515.8</ele>
   </trkpt>
   <trkpt lat="47.2967030" lon="4.7528920">
    <ele>516.0</ele>
   </trkpt>
   <trkpt lat="47.2967240" lon="4.7529000">
    <ele>516.2</ele>
   </trkpt>
   <trkpt lat="47.2967340" lon="4.7529180">
    <ele>516.6</ele>
   </trkpt>
   <trkpt lat="47.2967630" lon="4.7529450">
    <ele>516.8</ele>
   </trkpt>
   <trkpt lat="47.2967860" lon="4.7529540">
    <ele>516.8</ele>
   </trkpt>
   <trkpt lat="47.2968360" lon="4.7529920">
    <ele>516.8</ele>
   </trkpt>
   <trkpt lat="47.2968590" lon="4.7530030">
    <ele>516.8</ele>
   </trkpt>
   <trkpt lat="47.2969320" lon="4.7530290">
    <ele>517.2</ele>
   </trkpt>
   <trkpt lat="47.2969810" lon="4.7530370">
    <ele>517.4</ele>
   </trkpt>
   <trkpt lat="47.2970710" lon="4.7530740">
    <ele>518.4</ele>
   </trkpt>
   <trkpt lat="47.2970910" lon="4.7530940">
    <ele>518.4</ele>
   </trkpt>
   <trkpt lat="47.2970980" lon="4.7531140">
    <ele>518.6</ele>
   </trkpt>
   <trkpt lat="47.2971530" lon="4.7531740">
    <ele>518.8</ele>
   </trkpt>
   <trkpt lat="47.2973060" lon="4.7532870">
    <ele>519.2</ele>
   </trkpt>
   <trkpt lat="47.2973160" lon="4.7533080">
    <ele>519.4</ele>
   </trkpt>
   <trkpt lat="47.2973360" lon="4.7533080">
    <ele>519.6</ele>
   </trkpt>
   <trkpt lat="47.2973520" lon="4.7533030">
    <ele>519.6</ele>
   </trkpt>
   <trkpt lat="47.2973770" lon="4.7533020">
    <ele>519.8</ele>
   </trkpt>
   <trkpt lat="47.2973910" lon="4.7533150">
    <ele>520.2</ele>
   </trkpt>
   <trkpt lat="47.2974440" lon="4.7533360">
    <ele>520.6</ele>
   </trkpt>
   <trkpt lat="47.2974750" lon="4.7533430">
    <ele>520.6</ele>
   </trkpt>
   <trkpt lat="47.2976190" lon="4.7534240">
    <ele>521.2</ele>
   </trkpt>
   <trkpt lat="47.2977200" lon="4.7535260">
    <ele>521.4</ele>
   </trkpt>
   <trkpt lat="47.2977420" lon="4.7535750">
    <ele>521.6</ele>
   </trkpt>
   <trkpt lat="47.2977790" lon="4.7536110">
    <ele>521.6</ele>
   </trkpt>
   <trkpt lat="47.2979260" lon="4.7537290">
    <ele>521.6</ele>
   </trkpt>
   <trkpt lat="47.2979550" lon="4.7537710">
    <ele>521.6</ele>
   </trkpt>
   <trkpt lat="47.2980360" lon="4.7537960">
    <ele>521.8</ele>
   </trkpt>
   <trkpt lat="47.2980510" lon="4.7537860">
    <ele>522.0</ele>
   </trkpt>
   <trkpt lat="47.2980980" lon="4.7537570">
    <ele>522.4</ele>
   </trkpt>
   <trkpt lat="47.2981430" lon="4.7537520">
    <ele>522.8</ele>
   </trkpt>
   <trkpt lat="47.2982340" lon="4.7537050">
    <ele>523.0</ele>
   </trkpt>
   <trkpt lat="47.2983890" lon="4.7535760">
    <ele>523.8</ele>
   </trkpt>
   <trkpt lat="47.2985260" lon="4.7534440">
    <ele>524.4</ele>
   </trkpt>
   <trkpt lat="47.2985610" lon="4.7533950">
    <ele>524.8</ele>
   </trkpt>
   <trkpt lat="47.2985710" lon="4.7533670">
    <ele>525.0</ele>
   </trkpt>
   <trkpt lat="47.2986610" lon="4.7532320">
    <ele>526.0</ele>
   </trkpt>
   <trkpt lat="47.2986880" lon="4.7531990">
    <ele>526.2</ele>
   </trkpt>
   <trkpt lat="47.2987920" lon="4.7530160">
    <ele>527.0</ele>
   </trkpt>
   <trkpt lat="47.2988030" lon="4.7529860">
    <ele>527.4</ele>
   </trkpt>
   <trkpt lat="47.2988010" lon="4.7529460">
    <ele>527.6</ele>
   </trkpt>
   <trkpt lat="47.2988130" lon="4.7528880">
    <ele>528.2</ele>
   </trkpt>
   <trkpt lat="47.2988210" lon="4.7528210">
    <ele>528.6</ele>
   </trkpt>
   <trkpt lat="47.2988260" lon="4.7527700">
    <ele>529.2</ele>
   </trkpt>
   <trkpt lat="47.2988610" lon="4.7526980">
    <ele>530.2</ele>
   </trkpt>
   <trkpt lat="47.2988690" lon="4.7526770">
    <ele>530.6</ele>
   </trkpt>
   <trkpt lat="47.2988840" lon="4.7525820">
    <ele>531.6</ele>
   </trkpt>
   <trkpt lat="47.2988790" lon="4.7525400">
    <ele>532.0</ele>
   </trkpt>
   <trkpt lat="47.2988600" lon="4.7524440">
    <ele>532.8</ele>
   </trkpt>
   <trkpt lat="47.2988560" lon="4.7523960">
    <ele>533.2</ele>
   </trkpt>
   <trkpt lat="47.2988540" lon="4.7523750">
    <ele>533.2</ele>
   </trkpt>
   <trkpt lat="47.2988470" lon="4.7523310">
    <ele>533.4</ele>
   </trkpt>
   <trkpt lat="47.2988070" lon="4.7522950">
    <ele>534.0</ele>
   </trkpt>
   <trkpt lat="47.2987660" lon="4.7522730">
    <ele>534.2</ele>
   </trkpt>
   <trkpt lat="47.2987220" lon="4.7522820">
    <ele>534.6</ele>
   </trkpt>
   <trkpt lat="47.2986870" lon="4.7522960">
    <ele>535.0</ele>
   </trkpt>
   <trkpt lat="47.2986510" lon="4.7522400">
    <ele>536.0</ele>
   </trkpt>
   <trkpt lat="47.2986350" lon="4.7522330">
    <ele>536.2</ele>
   </trkpt>
   <trkpt lat="47.2985760" lon="4.7522210">
    <ele>536.4</ele>
   </trkpt>
   <trkpt lat="47.2984280" lon="4.7521560">
    <ele>536.6</ele>
   </trkpt>
   <trkpt lat="47.2983860" lon="4.7521290">
    <ele>536.6</ele>
   </trkpt>
   <trkpt lat="47.2983620" lon="4.7521110">
    <ele>536.6</ele>
   </trkpt>
   <trkpt lat="47.2983090" lon="4.7520130">
    <ele>537.0</ele>
   </trkpt>
   <trkpt lat="47.2982950" lon="4.7519820">
    <ele>537.2</ele>
   </trkpt>
   <trkpt lat="47.2982620" lon="4.7519480">
    <ele>538.2</ele>
   </trkpt>
   <trkpt lat="47.2982720" lon="4.7519110">
    <ele>538.6</ele>
   </trkpt>
   <trkpt lat="47.2982780" lon="4.7519020">
    <ele>538.8</ele>
   </trkpt>
   <trkpt lat="47.2982390" lon="4.7518850">
    <ele>539.0</ele>
   </trkpt>
   <trkpt lat="47.2981740" lon="4.7518490">
    <ele>538.6</ele>
   </trkpt>
   <trkpt lat="47.2981640" lon="4.7518480">
    <ele>538.2</ele>
   </trkpt>
   <trkpt lat="47.2981480" lon="4.7518460">
    <ele>538.0</ele>
   </trkpt>
   <trkpt lat="47.2981240" lon="4.7518350">
    <ele>537.8</ele>
   </trkpt>
   <trkpt lat="47.2980820" lon="4.7517920">
    <ele>537.4</ele>
   </trkpt>
   <trkpt lat="47.2980640" lon="4.7517600">
    <ele>537.2</ele>
   </trkpt>
   <trkpt lat="47.2980010" lon="4.7516040">
    <ele>536.8</ele>
   </trkpt>
   <trkpt lat="47.2979410" lon="4.7514880">
    <ele>536.8</ele>
   </trkpt>
   <trkpt lat="47.2978820" lon="4.7513510">
    <ele>536.8</ele>
   </trkpt>
   <trkpt lat="47.2977720" lon="4.7511170">
    <ele>536.8</ele>
   </trkpt>
   <trkpt lat="47.2977690" lon="4.7510790">
    <ele>536.8</ele>
   </trkpt>
   <trkpt lat="47.2977680" lon="4.7510200">
    <ele>537.2</ele>
   </trkpt>
   <trkpt lat="47.2977680" lon="4.7509460">
    <ele>537.6</ele>
   </trkpt>
   <trkpt lat="47.2977890" lon="4.7508810">
    <ele>538.2</ele>
   </trkpt>
   <trkpt lat="47.2978030" lon="4.7508610">
    <ele>538.4</ele>
   </trkpt>
   <trkpt lat="47.2978200" lon="4.7508380">
    <ele>539.4</ele>
   </trkpt>
   <trkpt lat="47.2978440" lon="4.7507910">
    <ele>540.6</ele>
   </trkpt>
   <trkpt lat="47.2978680" lon="4.7507380">
    <ele>541.2</ele>
   </trkpt>
   <trkpt lat="47.2978800" lon="4.7506890">
    <ele>541.8</ele>
   </trkpt>
   <trkpt lat="47.2979160" lon="4.7506340">
    <ele>543.0</ele>
   </trkpt>
   <trkpt lat="47.2979270" lon="4.7506180">
    <ele>543.4</ele>
   </trkpt>
   <trkpt lat="47.2979400" lon="4.7505950">
    <ele>544.2</ele>
   </trkpt>
   <trkpt lat="47.2979810" lon="4.7505600">
    <ele>545.2</ele>
   </trkpt>
   <trkpt lat="47.2979960" lon="4.7505470">
    <ele>545.8</ele>
   </trkpt>
   <trkpt lat="47.2980200" lon="4.7505030">
    <ele>546.6</ele>
   </trkpt>
   <trkpt lat="47.2980320" lon="4.7504680">
    <ele>547.0</ele>
   </trkpt>
   <trkpt lat="47.2980670" lon="4.7503970">
    <ele>547.6</ele>
   </trkpt>
   <trkpt lat="47.2980950" lon="4.7503440">
    <ele>548.4</ele>
   </trkpt>
   <trkpt lat="47.2981080" lon="4.7503280">
    <ele>548.8</ele>
   </trkpt>
   <trkpt lat="47.2981460" lon="4.7502490">
    <ele>549.8</ele>
   </trkpt>
   <trkpt lat="47.2981580" lon="4.7502140">
    <ele>550.2</ele>
   </trkpt>
   <trkpt lat="47.2982110" lon="4.7501330">
    <ele>550.8</ele>
   </trkpt>
   <trkpt lat="47.2982200" lon="4.7501190">
    <ele>551.0</ele>
   </trkpt>
   <trkpt lat="47.2982390" lon="4.7500920">
    <ele>551.2</ele>
   </trkpt>
   <trkpt lat="47.2982930" lon="4.7500580">
    <ele>552.0</ele>
   </trkpt>
   <trkpt lat="47.2983310" lon="4.7500260">
    <ele>552.4</ele>
   </trkpt>
   <trkpt lat="47.2983910" lon="4.7499890">
    <ele>552.8</ele>
   </trkpt>
   <trkpt lat="47.2984270" lon="4.7499670">
    <ele>553.2</ele>
   </trkpt>
   <trkpt lat="47.2984580" lon="4.7499280">
    <ele>553.8</ele>
   </trkpt>
   <trkpt lat="47.2985110" lon="4.7497990">
    <ele>554.0</ele>
   </trkpt>
   <trkpt lat="47.2985530" lon="4.7497240">
    <ele>554.2</ele>
   </trkpt>
   <trkpt lat="47.2986020" lon="4.7496090">
    <ele>554.8</ele>
   </trkpt>
   <trkpt lat="47.2986280" lon="4.7495720">
    <ele>555.0</ele>
   </trkpt>
   <trkpt lat="47.2986760" lon="4.7495110">
    <ele>555.4</ele>
   </trkpt>
   <trkpt lat="47.2987550" lon="4.7494140">
    <ele>555.6</ele>
   </trkpt>
   <trkpt lat="47.2987710" lon="4.7493950">
    <ele>555.6</ele>
   </trkpt>
   <trkpt lat="47.2988690" lon="4.7493700">
    <ele>555.6</ele>
   </trkpt>
   <trkpt lat="47.2989030" lon="4.7493980">
    <ele>555.6</ele>
   </trkpt>
   <trkpt lat="47.2989390" lon="4.7494280">
    <ele>555.4</ele>
   </trkpt>
   <trkpt lat="47.2989720" lon="4.7494450">
    <ele>555.4</ele>
   </trkpt>
   <trkpt lat="47.2989910" lon="4.7494530">
    <ele>555.6</ele>
   </trkpt>
   <trkpt lat="47.2990280" lon="4.7494840">
    <ele>556.2</ele>
   </trkpt>
   <trkpt lat="47.2990470" lon="4.7494950">
    <ele>556.2</ele>
   </trkpt>
   <trkpt lat="47.2991260" lon="4.7495230">
    <ele>556.2</ele>
   </trkpt>
   <trkpt lat="47.2992020" lon="4.7495070">
    <ele>556.4</ele>
   </trkpt>
   <trkpt lat="47.2992570" lon="4.7494800">
    <ele>556.6</ele>
   </trkpt>
   <trkpt lat="47.2993110" lon="4.7494890">
    <ele>556.8</ele>
   </trkpt>
   <trkpt lat="47.2994720" lon="4.7495360">
    <ele>557.4</ele>
   </trkpt>
   <trkpt lat="47.2995210" lon="4.7495710">
    <ele>556.4</ele>
   </trkpt>
   <trkpt lat="47.2995480" lon="4.7495930">
    <ele>556.0</ele>
   </trkpt>
   <trkpt lat="47.2996340" lon="4.7496410">
    <ele>554.4</ele>
   </trkpt>
   <trkpt lat="47.2996480" lon="4.7496610">
    <ele>553.2</ele>
   </trkpt>
   <trkpt lat="47.2996570" lon="4.7496890">
    <ele>552.0</ele>
   </trkpt>
   <trkpt lat="47.2996760" lon="4.7496940">
    <ele>550.6</ele>
   </trkpt>
   <trkpt lat="47.2996930" lon="4.7496950">
    <ele>549.2</ele>
   </trkpt>
   <trkpt lat="47.2997140" lon="4.7496950">
    <ele>548.4</ele>
   </trkpt>
   <trkpt lat="47.2997280" lon="4.7496980">
    <ele>547.8</ele>
   </trkpt>
   <trkpt lat="47.2997440" lon="4.7497030">
    <ele>546.6</ele>
   </trkpt>
   <trkpt lat="47.2997620" lon="4.7497150">
    <ele>545.2</ele>
   </trkpt>
   <trkpt lat="47.2997710" lon="4.7497300">
    <ele>544.0</ele>
   </trkpt>
   <trkpt lat="47.2997890" lon="4.7497500">
    <ele>542.0</ele>
   </trkpt>
   <trkpt lat="47.2998100" lon="4.7497650">
    <ele>541.0</ele>
   </trkpt>
   <trkpt lat="47.2998370" lon="4.7497650">
    <ele>539.8</ele>
   </trkpt>
   <trkpt lat="47.2998620" lon="4.7497620">
    <ele>538.6</ele>
   </trkpt>
   <trkpt lat="47.2998910" lon="4.7497590">
    <ele>537.4</ele>
   </trkpt>
   <trkpt lat="47.2999240" lon="4.7497630">
    <ele>536.4</ele>
   </trkpt>
   <trkpt lat="47.2999590" lon="4.7497780">
    <ele>535.0</ele>
   </trkpt>
   <trkpt lat="47.3000010" lon="4.7497930">
    <ele>534.0</ele>
   </trkpt>
   <trkpt lat="47.3000770" lon="4.7498200">
    <ele>532.8</ele>
   </trkpt>
   <trkpt lat="47.3001020" lon="4.7498190">
    <ele>532.4</ele>
   </trkpt>
   <trkpt lat="47.3001280" lon="4.7498030">
    <ele>532.2</ele>
   </trkpt>
   <trkpt lat="47.3001590" lon="4.7497290">
    <ele>532.2</ele>
   </trkpt>
   <trkpt lat="47.3002350" lon="4.7495650">
    <ele>533.0</ele>
   </trkpt>
   <trkpt lat="47.3002630" lon="4.7494820">
    <ele>533.0</ele>
   </trkpt>
   <trkpt lat="47.3002860" lon="4.7494070">
    <ele>533.2</ele>
   </trkpt>
   <trkpt lat="47.3003100" lon="4.7493290">
    <ele>534.2</ele>
   </trkpt>
   <trkpt lat="47.3003870" lon="4.7491780">
    <ele>534.6</ele>
   </trkpt>
   <trkpt lat="47.3005080" lon="4.7490060">
    <ele>535.2</ele>
   </trkpt>
   <trkpt lat="47.3005630" lon="4.7489140">
    <ele>535.2</ele>
   </trkpt>
   <trkpt lat="47.3006070" lon="4.7488520">
    <ele>535.2</ele>
   </trkpt>
   <trkpt lat="47.3006270" lon="4.7486860">
    <ele>535.8</ele>
   </trkpt>
   <trkpt lat="47.3006300" lon="4.7485750">
    <ele>536.0</ele>
   </trkpt>
   <trkpt lat="47.3006570" lon="4.7482620">
    <ele>535.6</ele>
   </trkpt>
   <trkpt lat="47.3006570" lon="4.7482180">
    <ele>535.6</ele>
   </trkpt>
   <trkpt lat="47.3006720" lon="4.7481880">
    <ele>535.6</ele>
   </trkpt>
   <trkpt lat="47.3007130" lon="4.7480170">
    <ele>535.4</ele>
   </trkpt>
   <trkpt lat="47.3007320" lon="4.7479380">
    <ele>535.2</ele>
   </trkpt>
   <trkpt lat="47.3007610" lon="4.7478570">
    <ele>534.6</ele>
   </trkpt>
   <trkpt lat="47.3008270" lon="4.7476840">
    <ele>534.0</ele>
   </trkpt>
   <trkpt lat="47.3008350" lon="4.7476470">
    <ele>534.0</ele>
   </trkpt>
   <trkpt lat="47.3008970" lon="4.7474680">
    <ele>533.4</ele>
   </trkpt>
   <trkpt lat="47.3009370" lon="4.7473660">
    <ele>533.0</ele>
   </trkpt>
   <trkpt lat="47.3009830" lon="4.7472830">
    <ele>532.6</ele>
   </trkpt>
   <trkpt lat="47.3010410" lon="4.7472040">
    <ele>532.0</ele>
   </trkpt>
   <trkpt lat="47.3010550" lon="4.7471690">
    <ele>531.8</ele>
   </trkpt>
   <trkpt lat="47.3011330" lon="4.7469060">
    <ele>531.0</ele>
   </trkpt>
   <trkpt lat="47.3011960" lon="4.7467820">
    <ele>530.6</ele>
   </trkpt>
   <trkpt lat="47.3012520" lon="4.7466900">
    <ele>530.4</ele>
   </trkpt>
   <trkpt lat="47.3013210" lon="4.7465350">
    <ele>529.6</ele>
   </trkpt>
   <trkpt lat="47.3013560" lon="4.7465130">
    <ele>529.2</ele>
   </trkpt>
   <trkpt lat="47.3014060" lon="4.7465030">
    <ele>528.4</ele>
   </trkpt>
   <trkpt lat="47.3014240" lon="4.7465080">
    <ele>527.0</ele>
   </trkpt>
   <trkpt lat="47.3014390" lon="4.7465170">
    <ele>525.4</ele>
   </trkpt>
   <trkpt lat="47.3014630" lon="4.7465280">
    <ele>523.8</ele>
   </trkpt>
   <trkpt lat="47.3014870" lon="4.7465460">
    <ele>522.6</ele>
   </trkpt>
   <trkpt lat="47.3015110" lon="4.7465570">
    <ele>520.4</ele>
   </trkpt>
   <trkpt lat="47.3015160" lon="4.7465680">
    <ele>518.8</ele>
   </trkpt>
   <trkpt lat="47.3015260" lon="4.7465720">
    <ele>516.8</ele>
   </trkpt>
   <trkpt lat="47.3015340" lon="4.7465720">
    <ele>515.6</ele>
   </trkpt>
   <trkpt lat="47.3015490" lon="4.7465810">
    <ele>515.0</ele>
   </trkpt>
   <trkpt lat="47.3015810" lon="4.7466070">
    <ele>514.2</ele>
   </trkpt>
   <trkpt lat="47.3016310" lon="4.7466370">
    <ele>513.0</ele>
   </trkpt>
   <trkpt lat="47.3016830" lon="4.7466650">
    <ele>511.0</ele>
   </trkpt>
   <trkpt lat="47.3017380" lon="4.7466860">
    <ele>509.6</ele>
   </trkpt>
   <trkpt lat="47.3017860" lon="4.7467000">
    <ele>508.0</ele>
   </trkpt>
   <trkpt lat="47.3018270" lon="4.7467250">
    <ele>505.4</ele>
   </trkpt>
   <trkpt lat="47.3018680" lon="4.7467450">
    <ele>503.4</ele>
   </trkpt>
   <trkpt lat="47.3019130" lon="4.7467680">
    <ele>502.0</ele>
   </trkpt>
   <trkpt lat="47.3019460" lon="4.7467870">
    <ele>500.8</ele>
   </trkpt>
   <trkpt lat="47.3019730" lon="4.7468040">
    <ele>499.0</ele>
   </trkpt>
   <trkpt lat="47.3019960" lon="4.7468310">
    <ele>497.2</ele>
   </trkpt>
   <trkpt lat="47.3020140" lon="4.7468690">
    <ele>495.8</ele>
   </trkpt>
   <trkpt lat="47.3020580" lon="4.7469430">
    <ele>493.8</ele>
   </trkpt>
   <trkpt lat="47.3020820" lon="4.7469620">
    <ele>492.8</ele>
   </trkpt>
   <trkpt lat="47.3020970" lon="4.7469860">
    <ele>491.4</ele>
   </trkpt>
   <trkpt lat="47.3021230" lon="4.7470010">
    <ele>489.8</ele>
   </trkpt>
   <trkpt lat="47.3021340" lon="4.7470260">
    <ele>488.4</ele>
   </trkpt>
   <trkpt lat="47.3021580" lon="4.7470500">
    <ele>487.0</ele>
   </trkpt>
   <trkpt lat="47.3021900" lon="4.7470670">
    <ele>485.4</ele>
   </trkpt>
   <trkpt lat="47.3022250" lon="4.7470810">
    <ele>484.2</ele>
   </trkpt>
   <trkpt lat="47.3022590" lon="4.7471000">
    <ele>483.0</ele>
   </trkpt>
   <trkpt lat="47.3023460" lon="4.7471500">
    <ele>481.0</ele>
   </trkpt>
   <trkpt lat="47.3023820" lon="4.7471800">
    <ele>480.2</ele>
   </trkpt>
   <trkpt lat="47.3024120" lon="4.7472090">
    <ele>479.4</ele>
   </trkpt>
   <trkpt lat="47.3024440" lon="4.7472990">
    <ele>478.2</ele>
   </trkpt>
   <trkpt lat="47.3024140" lon="4.7474190">
    <ele>477.8</ele>
   </trkpt>
   <trkpt lat="47.3023550" lon="4.7475200">
    <ele>477.6</ele>
   </trkpt>
   <trkpt lat="47.3022470" lon="4.7476900">
    <ele>478.0</ele>
   </trkpt>
   <trkpt lat="47.3020760" lon="4.7478310">
    <ele>478.4</ele>
   </trkpt>
   <trkpt lat="47.3019620" lon="4.7480720">
    <ele>478.8</ele>
   </trkpt>
   <trkpt lat="47.3018720" lon="4.7483100">
    <ele>479.0</ele>
   </trkpt>
   <trkpt lat="47.3018380" lon="4.7483780">
    <ele>479.0</ele>
   </trkpt>
   <trkpt lat="47.3017830" lon="4.7485680">
    <ele>479.2</ele>
   </trkpt>
   <trkpt lat="47.3017730" lon="4.7485980">
    <ele>479.2</ele>
   </trkpt>
   <trkpt lat="47.3017260" lon="4.7488810">
    <ele>479.4</ele>
   </trkpt>
   <trkpt lat="47.3016350" lon="4.7490780">
    <ele>479.4</ele>
   </trkpt>
   <trkpt lat="47.3016220" lon="4.7491110">
    <ele>479.4</ele>
   </trkpt>
   <trkpt lat="47.3015460" lon="4.7493710">
    <ele>479.4</ele>
   </trkpt>
   <trkpt lat="47.3015120" lon="4.7494700">
    <ele>479.2</ele>
   </trkpt>
   <trkpt lat="47.3014370" lon="4.7496470">
    <ele>479.4</ele>
   </trkpt>
   <trkpt lat="47.3013880" lon="4.7497260">
    <ele>479.8</ele>
   </trkpt>
   <trkpt lat="47.3013500" lon="4.7499460">
    <ele>480.2</ele>
   </trkpt>
   <trkpt lat="47.3013370" lon="4.7499870">
    <ele>480.2</ele>
   </trkpt>
   <trkpt lat="47.3012620" lon="4.7502210">
    <ele>480.4</ele>
   </trkpt>
   <trkpt lat="47.3011350" lon="4.7504330">
    <ele>480.2</ele>
   </trkpt>
   <trkpt lat="47.3010320" lon="4.7506750">
    <ele>480.4</ele>
   </trkpt>
   <trkpt lat="47.3010200" lon="4.7507130">
    <ele>480.4</ele>
   </trkpt>
   <trkpt lat="47.3009630" lon="4.7509760">
    <ele>480.4</ele>
   </trkpt>
   <trkpt lat="47.3009520" lon="4.7510140">
    <ele>480.4</ele>
   </trkpt>
   <trkpt lat="47.3008600" lon="4.7512340">
    <ele>480.4</ele>
   </trkpt>
   <trkpt lat="47.3008390" lon="4.7512640">
    <ele>480.4</ele>
   </trkpt>
   <trkpt lat="47.3007100" lon="4.7514310">
    <ele>480.4</ele>
   </trkpt>
   <trkpt lat="47.3006290" lon="4.7516230">
    <ele>479.8</ele>
   </trkpt>
   <trkpt lat="47.3005920" lon="4.7516920">
    <ele>479.4</ele>
   </trkpt>
   <trkpt lat="47.3005700" lon="4.7517750">
    <ele>479.2</ele>
   </trkpt>
   <trkpt lat="47.3005070" lon="4.7519330">
    <ele>479.0</ele>
   </trkpt>
   <trkpt lat="47.3004090" lon="4.7521070">
    <ele>478.6</ele>
   </trkpt>
   <trkpt lat="47.3003500" lon="4.7522260">
    <ele>478.4</ele>
   </trkpt>
   <trkpt lat="47.3003420" lon="4.7522670">
    <ele>478.4</ele>
   </trkpt>
   <trkpt lat="47.3003140" lon="4.7523180">
    <ele>478.2</ele>
   </trkpt>
   <trkpt lat="47.3002580" lon="4.7524420">
    <ele>477.6</ele>
   </trkpt>
   <trkpt lat="47.3002550" lon="4.7525410">
    <ele>477.0</ele>
   </trkpt>
   <trkpt lat="47.3002240" lon="4.7526800">
    <ele>476.0</ele>
   </trkpt>
   <trkpt lat="47.3002090" lon="4.7527140">
    <ele>475.8</ele>
   </trkpt>
   <trkpt lat="47.3001480" lon="4.7529450">
    <ele>475.4</ele>
   </trkpt>
   <trkpt lat="47.3000640" lon="4.7531700">
    <ele>475.2</ele>
   </trkpt>
   <trkpt lat="47.3000400" lon="4.7532090">
    <ele>475.4</ele>
   </trkpt>
   <trkpt lat="47.2999590" lon="4.7533730">
    <ele>476.0</ele>
   </trkpt>
   <trkpt lat="47.2999160" lon="4.7534600">
    <ele>476.2</ele>
   </trkpt>
   <trkpt lat="47.2998770" lon="4.7534830">
    <ele>477.2</ele>
   </trkpt>
   <trkpt lat="47.2998740" lon="4.7535030">
    <ele>477.2</ele>
   </trkpt>
   <trkpt lat="47.2998650" lon="4.7535190">
    <ele>477.4</ele>
   </trkpt>
   <trkpt lat="47.2998230" lon="4.7535710">
    <ele>478.2</ele>
   </trkpt>
   <trkpt lat="47.2998010" lon="4.7536470">
    <ele>479.0</ele>
   </trkpt>
   <trkpt lat="47.2997980" lon="4.7536700">
    <ele>479.2</ele>
   </trkpt>
   <trkpt lat="47.2997790" lon="4.7537130">
    <ele>479.6</ele>
   </trkpt>
   <trkpt lat="47.2997420" lon="4.7537780">
    <ele>479.8</ele>
   </trkpt>
   <trkpt lat="47.2996850" lon="4.7540400">
    <ele>479.0</ele>
   </trkpt>
   <trkpt lat="47.2996110" lon="4.7541250">
    <ele>478.2</ele>
   </trkpt>
   <trkpt lat="47.2995610" lon="4.7541890">
    <ele>478.0</ele>
   </trkpt>
   <trkpt lat="47.2994300" lon="4.7543550">
    <ele>478.2</ele>
   </trkpt>
   <trkpt lat="47.2993520" lon="4.7544880">
    <ele>477.8</ele>
   </trkpt>
   <trkpt lat="47.2993430" lon="4.7545370">
    <ele>477.4</ele>
   </trkpt>
   <trkpt lat="47.2993030" lon="4.7546010">
    <ele>477.0</ele>
   </trkpt>
   <trkpt lat="47.2992110" lon="4.7546900">
    <ele>476.2</ele>
   </trkpt>
   <trkpt lat="47.2991880" lon="4.7547300">
    <ele>476.0</ele>
   </trkpt>
   <trkpt lat="47.2990350" lon="4.7549120">
    <ele>475.6</ele>
   </trkpt>
   <trkpt lat="47.2990120" lon="4.7549390">
    <ele>475.4</ele>
   </trkpt>
   <trkpt lat="47.2989340" lon="4.7550970">
    <ele>475.8</ele>
   </trkpt>
   <trkpt lat="47.2989170" lon="4.7551280">
    <ele>476.0</ele>
   </trkpt>
   <trkpt lat="47.2988170" lon="4.7552790">
    <ele>477.4</ele>
   </trkpt>
   <trkpt lat="47.2987600" lon="4.7553240">
    <ele>477.8</ele>
   </trkpt>
   <trkpt lat="47.2985920" lon="4.7554130">
    <ele>478.0</ele>
   </trkpt>
   <trkpt lat="47.2985770" lon="4.7554410">
    <ele>478.0</ele>
   </trkpt>
   <trkpt lat="47.2985380" lon="4.7554670">
    <ele>478.4</ele>
   </trkpt>
   <trkpt lat="47.2984530" lon="4.7555000">
    <ele>478.8</ele>
   </trkpt>
   <trkpt lat="47.2983700" lon="4.7555310">
    <ele>479.4</ele>
   </trkpt>
   <trkpt lat="47.2983230" lon="4.7555350">
    <ele>479.8</ele>
   </trkpt>
   <trkpt lat="47.2983080" lon="4.7555590">
    <ele>480.0</ele>
   </trkpt>
   <trkpt lat="47.2982970" lon="4.7555790">
    <ele>480.0</ele>
   </trkpt>
   <trkpt lat="47.2982810" lon="4.7555850">
    <ele>480.2</ele>
   </trkpt>
   <trkpt lat="47.2982500" lon="4.7555990">
    <ele>480.6</ele>
   </trkpt>
   <trkpt lat="47.2982430" lon="4.7556010">
    <ele>480.8</ele>
   </trkpt>
   <trkpt lat="47.2982120" lon="4.7556050">
    <ele>481.8</ele>
   </trkpt>
   <trkpt lat="47.2981940" lon="4.7556180">
    <ele>482.0</ele>
   </trkpt>
   <trkpt lat="47.2980660" lon="4.7556880">
    <ele>482.8</ele>
   </trkpt>
   <trkpt lat="47.2980430" lon="4.7557000">
    <ele>482.8</ele>
   </trkpt>
   <trkpt lat="47.2979150" lon="4.7557000">
    <ele>483.4</ele>
   </trkpt>
   <trkpt lat="47.2977180" lon="4.7556960">
    <ele>483.0</ele>
   </trkpt>
   <trkpt lat="47.2976260" lon="4.7556100">
    <ele>482.6</ele>
   </trkpt>
   <trkpt lat="47.2976140" lon="4.7555770">
    <ele>482.6</ele>
   </trkpt>
   <trkpt lat="47.2976000" lon="4.7554040">
    <ele>483.4</ele>
   </trkpt>
   <trkpt lat="47.2975870" lon="4.7553580">
    <ele>484.0</ele>
   </trkpt>
   <trkpt lat="47.2975870" lon="4.7553240">
    <ele>484.6</ele>
   </trkpt>
   <trkpt lat="47.2975850" lon="4.7553060">
    <ele>485.0</ele>
   </trkpt>
   <trkpt lat="47.2975880" lon="4.7552120">
    <ele>486.2</ele>
   </trkpt>
   <trkpt lat="47.2975700" lon="4.7552000">
    <ele>486.4</ele>
   </trkpt>
   <trkpt lat="47.2975500" lon="4.7551760">
    <ele>487.2</ele>
   </trkpt>
   <trkpt lat="47.2975470" lon="4.7551690">
    <ele>487.2</ele>
   </trkpt>
   <trkpt lat="47.2975400" lon="4.7551390">
    <ele>488.0</ele>
   </trkpt>
   <trkpt lat="47.2975320" lon="4.7550980">
    <ele>488.4</ele>
   </trkpt>
   <trkpt lat="47.2975210" lon="4.7550320">
    <ele>489.6</ele>
   </trkpt>
   <trkpt lat="47.2975160" lon="4.7550200">
    <ele>489.8</ele>
   </trkpt>
   <trkpt lat="47.2974800" lon="4.7549740">
    <ele>490.6</ele>
   </trkpt>
   <trkpt lat="47.2974660" lon="4.7549550">
    <ele>490.8</ele>
   </trkpt>
   <trkpt lat="47.2974520" lon="4.7549370">
    <ele>490.8</ele>
   </trkpt>
   <trkpt lat="47.2974240" lon="4.7549100">
    <ele>491.2</ele>
   </trkpt>
   <trkpt lat="47.2973730" lon="4.7549080">
    <ele>491.4</ele>
   </trkpt>
   <trkpt lat="47.2973450" lon="4.7549020">
    <ele>491.4</ele>
   </trkpt>
   <trkpt lat="47.2973030" lon="4.7548740">
    <ele>491.2</ele>
   </trkpt>
   <trkpt lat="47.2972590" lon="4.7548220">
    <ele>491.2</ele>
   </trkpt>
   <trkpt lat="47.2972280" lon="4.7547670">
    <ele>491.6</ele>
   </trkpt>
   <trkpt lat="47.2972080" lon="4.7547410">
    <ele>491.8</ele>
   </trkpt>
   <trkpt lat="47.2971290" lon="4.7546820">
    <ele>493.0</ele>
   </trkpt>
   <trkpt lat="47.2970770" lon="4.7546420">
    <ele>493.4</ele>
   </trkpt>
   <trkpt lat="47.2969790" lon="4.7545440">
    <ele>494.0</ele>
   </trkpt>
   <trkpt lat="47.2969490" lon="4.7545270">
    <ele>494.0</ele>
   </trkpt>
   <trkpt lat="47.2968440" lon="4.7544990">
    <ele>494.0</ele>
   </trkpt>
   <trkpt lat="47.2966900" lon="4.7545180">
    <ele>493.8</ele>
   </trkpt>
   <trkpt lat="47.2966680" lon="4.7545330">
    <ele>493.6</ele>
   </trkpt>
   <trkpt lat="47.2965920" lon="4.7545430">
    <ele>493.0</ele>
   </trkpt>
   <trkpt lat="47.2965740" lon="4.7545360">
    <ele>492.8</ele>
   </trkpt>
   <trkpt lat="47.2965160" lon="4.7545410">
    <ele>492.0</ele>
   </trkpt>
   <trkpt lat="47.2964310" lon="4.7545560">
    <ele>491.4</ele>
   </trkpt>
   <trkpt lat="47.2963340" lon="4.7545790">
    <ele>490.6</ele>
   </trkpt>
   <trkpt lat="47.2962960" lon="4.7545770">
    <ele>490.4</ele>
   </trkpt>
   <trkpt lat="47.2961580" lon="4.7545870">
    <ele>489.2</ele>
   </trkpt>
   <trkpt lat="47.2959690" lon="4.7544930">
    <ele>488.2</ele>
   </trkpt>
   <trkpt lat="47.2959180" lon="4.7543400">
    <ele>488.4</ele>
   </trkpt>
   <trkpt lat="47.2959160" lon="4.7543140">
    <ele>488.6</ele>
   </trkpt>
   <trkpt lat="47.2958600" lon="4.7542850">
    <ele>489.4</ele>
   </trkpt>
   <trkpt lat="47.2958230" lon="4.7542790">
    <ele>489.4</ele>
   </trkpt>
   <trkpt lat="47.2956910" lon="4.7542410">
    <ele>490.0</ele>
   </trkpt>
   <trkpt lat="47.2956600" lon="4.7542350">
    <ele>490.0</ele>
   </trkpt>
   <trkpt lat="47.2955080" lon="4.7541660">
    <ele>490.2</ele>
   </trkpt>
   <trkpt lat="47.2954790" lon="4.7541610">
    <ele>490.0</ele>
   </trkpt>
   <trkpt lat="47.2954690" lon="4.7541760">
    <ele>490.0</ele>
   </trkpt>
   <trkpt lat="47.2954620" lon="4.7542290">
    <ele>489.6</ele>
   </trkpt>
   <trkpt lat="47.2954650" lon="4.7542760">
    <ele>489.6</ele>
   </trkpt>
   <trkpt lat="47.2954840" lon="4.7544400">
    <ele>488.2</ele>
   </trkpt>
   <trkpt lat="47.2954680" lon="4.7545370">
    <ele>487.8</ele>
   </trkpt>
   <trkpt lat="47.2954270" lon="4.7546930">
    <ele>486.8</ele>
   </trkpt>
   <trkpt lat="47.2953950" lon="4.7548270">
    <ele>486.2</ele>
   </trkpt>
   <trkpt lat="47.2953720" lon="4.7549150">
    <ele>486.0</ele>
   </trkpt>
   <trkpt lat="47.2953590" lon="4.7549600">
    <ele>485.6</ele>
   </trkpt>
   <trkpt lat="47.2952750" lon="4.7552040">
    <ele>484.4</ele>
   </trkpt>
   <trkpt lat="47.2952620" lon="4.7552490">
    <ele>484.2</ele>
   </trkpt>
   <trkpt lat="47.2951900" lon="4.7554830">
    <ele>482.8</ele>
   </trkpt>
   <trkpt lat="47.2951620" lon="4.7556280">
    <ele>481.6</ele>
   </trkpt>
   <trkpt lat="47.2951320" lon="4.7557760">
    <ele>480.4</ele>
   </trkpt>
   <trkpt lat="47.2951190" lon="4.7558830">
    <ele>480.0</ele>
   </trkpt>
   <trkpt lat="47.2951050" lon="4.7559800">
    <ele>479.2</ele>
   </trkpt>
   <trkpt lat="47.2950830" lon="4.7561220">
    <ele>478.0</ele>
   </trkpt>
   <trkpt lat="47.2950730" lon="4.7562730">
    <ele>477.0</ele>
   </trkpt>
   <trkpt lat="47.2950860" lon="4.7564110">
    <ele>475.8</ele>
   </trkpt>
   <trkpt lat="47.2950800" lon="4.7565150">
    <ele>475.2</ele>
   </trkpt>
   <trkpt lat="47.2950690" lon="4.7566210">
    <ele>474.8</ele>
   </trkpt>
   <trkpt lat="47.2950570" lon="4.7567660">
    <ele>473.6</ele>
   </trkpt>
   <trkpt lat="47.2950390" lon="4.7568620">
    <ele>473.0</ele>
   </trkpt>
   <trkpt lat="47.2950400" lon="4.7570100">
    <ele>472.2</ele>
   </trkpt>
   <trkpt lat="47.2950700" lon="4.7570960">
    <ele>471.2</ele>
   </trkpt>
   <trkpt lat="47.2950850" lon="4.7571340">
    <ele>471.0</ele>
   </trkpt>
   <trkpt lat="47.2951240" lon="4.7572020">
    <ele>469.6</ele>
   </trkpt>
   <trkpt lat="47.2951800" lon="4.7572690">
    <ele>467.8</ele>
   </trkpt>
   <trkpt lat="47.2952050" lon="4.7573090">
    <ele>467.0</ele>
   </trkpt>
   <trkpt lat="47.2952260" lon="4.7573450">
    <ele>466.4</ele>
   </trkpt>
   <trkpt lat="47.2953120" lon="4.7575080">
    <ele>464.8</ele>
   </trkpt>
   <trkpt lat="47.2953220" lon="4.7576000">
    <ele>463.6</ele>
   </trkpt>
   <trkpt lat="47.2952830" lon="4.7577290">
    <ele>462.4</ele>
   </trkpt>
   <trkpt lat="47.2952700" lon="4.7577770">
    <ele>461.8</ele>
   </trkpt>
   <trkpt lat="47.2952580" lon="4.7578310">
    <ele>461.2</ele>
   </trkpt>
   <trkpt lat="47.2952480" lon="4.7578880">
    <ele>460.2</ele>
   </trkpt>
   <trkpt lat="47.2952450" lon="4.7580040">
    <ele>458.8</ele>
   </trkpt>
   <trkpt lat="47.2952660" lon="4.7581120">
    <ele>457.4</ele>
   </trkpt>
   <trkpt lat="47.2952950" lon="4.7582730">
    <ele>456.0</ele>
   </trkpt>
   <trkpt lat="47.2953270" lon="4.7583650">
    <ele>454.4</ele>
   </trkpt>
   <trkpt lat="47.2953660" lon="4.7584520">
    <ele>452.8</ele>
   </trkpt>
   <trkpt lat="47.2954540" lon="4.7585970">
    <ele>451.0</ele>
   </trkpt>
   <trkpt lat="47.2955170" lon="4.7586980">
    <ele>449.6</ele>
   </trkpt>
   <trkpt lat="47.2955700" lon="4.7587630">
    <ele>448.4</ele>
   </trkpt>
   <trkpt lat="47.2956320" lon="4.7588250">
    <ele>447.0</ele>
   </trkpt>
   <trkpt lat="47.2956840" lon="4.7589010">
    <ele>445.8</ele>
   </trkpt>
   <trkpt lat="47.2957190" lon="4.7589860">
    <ele>444.4</ele>
   </trkpt>
   <trkpt lat="47.2957480" lon="4.7590790">
    <ele>443.2</ele>
   </trkpt>
   <trkpt lat="47.2957840" lon="4.7592320">
    <ele>441.8</ele>
   </trkpt>
   <trkpt lat="47.2958090" lon="4.7593250">
    <ele>441.2</ele>
   </trkpt>
   <trkpt lat="47.2958240" lon="4.7593660">
    <ele>440.6</ele>
   </trkpt>
   <trkpt lat="47.2958430" lon="4.7594470">
    <ele>439.6</ele>
   </trkpt>
   <trkpt lat="47.2958610" lon="4.7595320">
    <ele>438.2</ele>
   </trkpt>
   <trkpt lat="47.2958970" lon="4.7596460">
    <ele>437.2</ele>
   </trkpt>
   <trkpt lat="47.2959180" lon="4.7597340">
    <ele>436.0</ele>
   </trkpt>
   <trkpt lat="47.2959260" lon="4.7598160">
    <ele>434.8</ele>
   </trkpt>
   <trkpt lat="47.2959300" lon="4.7599160">
    <ele>434.2</ele>
   </trkpt>
   <trkpt lat="47.2959330" lon="4.7600250">
    <ele>433.4</ele>
   </trkpt>
   <trkpt lat="47.2959310" lon="4.7600740">
    <ele>433.0</ele>
   </trkpt>
   <trkpt lat="47.2959290" lon="4.7601210">
    <ele>432.0</ele>
   </trkpt>
   <trkpt lat="47.2959180" lon="4.7602120">
    <ele>431.0</ele>
   </trkpt>
   <trkpt lat="47.2959080" lon="4.7603570">
    <ele>429.8</ele>
   </trkpt>
   <trkpt lat="47.2959000" lon="4.7604530">
    <ele>428.6</ele>
   </trkpt>
   <trkpt lat="47.2959040" lon="4.7605420">
    <ele>427.6</ele>
   </trkpt>
   <trkpt lat="47.2959130" lon="4.7605860">
    <ele>427.2</ele>
   </trkpt>
   <trkpt lat="47.2959300" lon="4.7606220">
    <ele>426.6</ele>
   </trkpt>
   <trkpt lat="47.2959460" lon="4.7606530">
    <ele>426.0</ele>
   </trkpt>
   <trkpt lat="47.2959730" lon="4.7606880">
    <ele>424.2</ele>
   </trkpt>
   <trkpt lat="47.2960110" lon="4.7607080">
    <ele>423.0</ele>
   </trkpt>
   <trkpt lat="47.2960270" lon="4.7607300">
    <ele>422.0</ele>
   </trkpt>
   <trkpt lat="47.2960310" lon="4.7607490">
    <ele>421.8</ele>
   </trkpt>
   <trkpt lat="47.2960400" lon="4.7608450">
    <ele>420.0</ele>
   </trkpt>
   <trkpt lat="47.2960310" lon="4.7609210">
    <ele>418.4</ele>
   </trkpt>
   <trkpt lat="47.2960160" lon="4.7610270">
    <ele>417.2</ele>
   </trkpt>
   <trkpt lat="47.2959980" lon="4.7610630">
    <ele>416.6</ele>
   </trkpt>
   <trkpt lat="47.2959600" lon="4.7611330">
    <ele>415.8</ele>
   </trkpt>
   <trkpt lat="47.2958830" lon="4.7612340">
    <ele>415.0</ele>
   </trkpt>
   <trkpt lat="47.2958580" lon="4.7612610">
    <ele>414.6</ele>
   </trkpt>
   <trkpt lat="47.2957380" lon="4.7613040">
    <ele>413.6</ele>
   </trkpt>
   <trkpt lat="47.2956880" lon="4.7613280">
    <ele>413.6</ele>
   </trkpt>
   <trkpt lat="47.2955330" lon="4.7614060">
    <ele>412.6</ele>
   </trkpt>
   <trkpt lat="47.2954830" lon="4.7613290">
    <ele>413.4</ele>
   </trkpt>
   <trkpt lat="47.2954790" lon="4.7612990">
    <ele>414.6</ele>
   </trkpt>
   <trkpt lat="47.2954740" lon="4.7612770">
    <ele>415.2</ele>
   </trkpt>
   <trkpt lat="47.2954720" lon="4.7612550">
    <ele>415.8</ele>
   </trkpt>
   <trkpt lat="47.2954390" lon="4.7611700">
    <ele>416.8</ele>
   </trkpt>
   <trkpt lat="47.2954450" lon="4.7611380">
    <ele>417.4</ele>
   </trkpt>
   <trkpt lat="47.2954660" lon="4.7611160">
    <ele>417.8</ele>
   </trkpt>
   <trkpt lat="47.2954640" lon="4.7611020">
    <ele>418.2</ele>
   </trkpt>
   <trkpt lat="47.2954540" lon="4.7610520">
    <ele>418.8</ele>
   </trkpt>
   <trkpt lat="47.2954520" lon="4.7610350">
    <ele>419.0</ele>
   </trkpt>
   <trkpt lat="47.2954450" lon="4.7609820">
    <ele>420.0</ele>
   </trkpt>
   <trkpt lat="47.2954380" lon="4.7609750">
    <ele>420.2</ele>
   </trkpt>
   <trkpt lat="47.2954320" lon="4.7609700">
    <ele>420.4</ele>
   </trkpt>
   <trkpt lat="47.2954140" lon="4.7609410">
    <ele>421.4</ele>
   </trkpt>
   <trkpt lat="47.2954050" lon="4.7608930">
    <ele>422.4</ele>
   </trkpt>
   <trkpt lat="47.2954090" lon="4.7608700">
    <ele>422.6</ele>
   </trkpt>
   <trkpt lat="47.2954080" lon="4.7608620">
    <ele>422.8</ele>
   </trkpt>
   <trkpt lat="47.2954140" lon="4.7608190">
    <ele>423.6</ele>
   </trkpt>
   <trkpt lat="47.2954170" lon="4.7608010">
    <ele>424.0</ele>
   </trkpt>
   <trkpt lat="47.2954210" lon="4.7607810">
    <ele>424.2</ele>
   </trkpt>
   <trkpt lat="47.2954270" lon="4.7607580">
    <ele>424.4</ele>
   </trkpt>
   <trkpt lat="47.2954290" lon="4.7607370">
    <ele>424.6</ele>
   </trkpt>
   <trkpt lat="47.2954310" lon="4.7607180">
    <ele>424.8</ele>
   </trkpt>
   <trkpt lat="47.2954480" lon="4.7606790">
    <ele>425.2</ele>
   </trkpt>
   <trkpt lat="47.2954390" lon="4.7606210">
    <ele>425.6</ele>
   </trkpt>
   <trkpt lat="47.2954480" lon="4.7605830">
    <ele>425.8</ele>
   </trkpt>
   <trkpt lat="47.2954800" lon="4.7605540">
    <ele>426.4</ele>
   </trkpt>
   <trkpt lat="47.2954990" lon="4.7605310">
    <ele>426.6</ele>
   </trkpt>
   <trkpt lat="47.2955080" lon="4.7605150">
    <ele>426.8</ele>
   </trkpt>
   <trkpt lat="47.2954950" lon="4.7604840">
    <ele>427.0</ele>
   </trkpt>
   <trkpt lat="47.2954740" lon="4.7603890">
    <ele>428.0</ele>
   </trkpt>
   <trkpt lat="47.2954830" lon="4.7603680">
    <ele>428.4</ele>
   </trkpt>
   <trkpt lat="47.2955730" lon="4.7602920">
    <ele>428.8</ele>
   </trkpt>
   <trkpt lat="47.2956040" lon="4.7601590">
    <ele>429.6</ele>
   </trkpt>
   <trkpt lat="47.2956050" lon="4.7601400">
    <ele>430.0</ele>
   </trkpt>
   <trkpt lat="47.2956200" lon="4.7600660">
    <ele>430.6</ele>
   </trkpt>
   <trkpt lat="47.2956030" lon="4.7600320">
    <ele>431.6</ele>
   </trkpt>
   <trkpt lat="47.2955940" lon="4.7600500">
    <ele>432.0</ele>
   </trkpt>
   <trkpt lat="47.2955670" lon="4.7600290">
    <ele>432.4</ele>
   </trkpt>
   <trkpt lat="47.2955810" lon="4.7599950">
    <ele>433.0</ele>
   </trkpt>
   <trkpt lat="47.2955750" lon="4.7599520">
    <ele>433.6</ele>
   </trkpt>
   <trkpt lat="47.2955500" lon="4.7599030">
    <ele>434.2</ele>
   </trkpt>
   <trkpt lat="47.2955240" lon="4.7598600">
    <ele>434.6</ele>
   </trkpt>
   <trkpt lat="47.2955070" lon="4.7598570">
    <ele>434.8</ele>
   </trkpt>
   <trkpt lat="47.2954710" lon="4.7598810">
    <ele>435.2</ele>
   </trkpt>
   <trkpt lat="47.2954420" lon="4.7599130">
    <ele>435.6</ele>
   </trkpt>
   <trkpt lat="47.2954260" lon="4.7599220">
    <ele>435.6</ele>
   </trkpt>
   <trkpt lat="47.2954070" lon="4.7599270">
    <ele>435.8</ele>
   </trkpt>
   <trkpt lat="47.2953350" lon="4.7599380">
    <ele>436.4</ele>
   </trkpt>
   <trkpt lat="47.2953220" lon="4.7599370">
    <ele>436.4</ele>
   </trkpt>
   <trkpt lat="47.2951910" lon="4.7600190">
    <ele>437.2</ele>
   </trkpt>
   <trkpt lat="47.2951650" lon="4.7600280">
    <ele>437.4</ele>
   </trkpt>
   <trkpt lat="47.2951230" lon="4.7600560">
    <ele>437.4</ele>
   </trkpt>
   <trkpt lat="47.2949710" lon="4.7601430">
    <ele>437.4</ele>
   </trkpt>
   <trkpt lat="47.2948830" lon="4.7601230">
    <ele>437.8</ele>
   </trkpt>
   <trkpt lat="47.2948320" lon="4.7601110">
    <ele>438.4</ele>
   </trkpt>
   <trkpt lat="47.2947820" lon="4.7601170">
    <ele>438.8</ele>
   </trkpt>
   <trkpt lat="47.2947600" lon="4.7601200">
    <ele>439.0</ele>
   </trkpt>
   <trkpt lat="47.2946680" lon="4.7601380">
    <ele>439.4</ele>
   </trkpt>
   <trkpt lat="47.2945590" lon="4.7601730">
    <ele>439.4</ele>
   </trkpt>
   <trkpt lat="47.2944670" lon="4.7602550">
    <ele>439.4</ele>
   </trkpt>
   <trkpt lat="47.2944490" lon="4.7602740">
    <ele>439.4</ele>
   </trkpt>
   <trkpt lat="47.2943560" lon="4.7602900">
    <ele>439.4</ele>
   </trkpt>
   <trkpt lat="47.2943190" lon="4.7602880">
    <ele>439.4</ele>
   </trkpt>
   <trkpt lat="47.2941800" lon="4.7602710">
    <ele>439.6</ele>
   </trkpt>
   <trkpt lat="47.2941450" lon="4.7602800">
    <ele>439.6</ele>
   </trkpt>
   <trkpt lat="47.2941360" lon="4.7602870">
    <ele>439.6</ele>
   </trkpt>
   <trkpt lat="47.2941250" lon="4.7603050">
    <ele>439.4</ele>
   </trkpt>
   <trkpt lat="47.2940890" lon="4.7603490">
    <ele>439.0</ele>
   </trkpt>
   <trkpt lat="47.2940680" lon="4.7603590">
    <ele>438.6</ele>
   </trkpt>
   <trkpt lat="47.2940410" lon="4.7603590">
    <ele>438.2</ele>
   </trkpt>
   <trkpt lat="47.2939800" lon="4.7603320">
    <ele>437.8</ele>
   </trkpt>
   <trkpt lat="47.2939230" lon="4.7603030">
    <ele>438.4</ele>
   </trkpt>
   <trkpt lat="47.2938880" lon="4.7602710">
    <ele>438.4</ele>
   </trkpt>
   <trkpt lat="47.2938790" lon="4.7602750">
    <ele>438.4</ele>
   </trkpt>
   <trkpt lat="47.2938220" lon="4.7603610">
    <ele>437.4</ele>
   </trkpt>
   <trkpt lat="47.2937970" lon="4.7603800">
    <ele>436.6</ele>
   </trkpt>
   <trkpt lat="47.2937360" lon="4.7604190">
    <ele>435.4</ele>
   </trkpt>
   <trkpt lat="47.2936990" lon="4.7604360">
    <ele>435.0</ele>
   </trkpt>
   <trkpt lat="47.2935850" lon="4.7604770">
    <ele>434.4</ele>
   </trkpt>
   <trkpt lat="47.2935680" lon="4.7605020">
    <ele>434.2</ele>
   </trkpt>
   <trkpt lat="47.2935130" lon="4.7605830">
    <ele>432.8</ele>
   </trkpt>
   <trkpt lat="47.2935060" lon="4.7606710">
    <ele>430.4</ele>
   </trkpt>
   <trkpt lat="47.2935130" lon="4.7607090">
    <ele>429.2</ele>
   </trkpt>
   <trkpt lat="47.2935040" lon="4.7607350">
    <ele>428.4</ele>
   </trkpt>
   <trkpt lat="47.2934800" lon="4.7607640">
    <ele>427.6</ele>
   </trkpt>
   <trkpt lat="47.2934630" lon="4.7607810">
    <ele>427.0</ele>
   </trkpt>
   <trkpt lat="47.2934320" lon="4.7607370">
    <ele>426.6</ele>
   </trkpt>
   <trkpt lat="47.2934030" lon="4.7607300">
    <ele>427.6</ele>
   </trkpt>
   <trkpt lat="47.2933990" lon="4.7607050">
    <ele>427.8</ele>
   </trkpt>
   <trkpt lat="47.2933970" lon="4.7606840">
    <ele>428.4</ele>
   </trkpt>
   <trkpt lat="47.2933930" lon="4.7606650">
    <ele>428.8</ele>
   </trkpt>
   <trkpt lat="47.2933670" lon="4.7606350">
    <ele>429.6</ele>
   </trkpt>
   <trkpt lat="47.2933650" lon="4.7606270">
    <ele>429.8</ele>
   </trkpt>
   <trkpt lat="47.2933610" lon="4.7605870">
    <ele>430.2</ele>
   </trkpt>
   <trkpt lat="47.2933490" lon="4.7605300">
    <ele>430.6</ele>
   </trkpt>
   <trkpt lat="47.2933330" lon="4.7605110">
    <ele>431.2</ele>
   </trkpt>
   <trkpt lat="47.2933040" lon="4.7605080">
    <ele>431.6</ele>
   </trkpt>
   <trkpt lat="47.2932560" lon="4.7605010">
    <ele>432.2</ele>
   </trkpt>
   <trkpt lat="47.2932470" lon="4.7604940">
    <ele>432.2</ele>
   </trkpt>
   <trkpt lat="47.2931710" lon="4.7604770">
    <ele>432.0</ele>
   </trkpt>
   <trkpt lat="47.2931610" lon="4.7604770">
    <ele>431.8</ele>
   </trkpt>
   <trkpt lat="47.2931520" lon="4.7604890">
    <ele>431.8</ele>
   </trkpt>
   <trkpt lat="47.2931210" lon="4.7605250">
    <ele>430.8</ele>
   </trkpt>
   <trkpt lat="47.2931050" lon="4.7605460">
    <ele>430.4</ele>
   </trkpt>
   <trkpt lat="47.2930870" lon="4.7605700">
    <ele>429.8</ele>
   </trkpt>
   <trkpt lat="47.2930490" lon="4.7606050">
    <ele>428.0</ele>
   </trkpt>
   <trkpt lat="47.2930250" lon="4.7606120">
    <ele>427.2</ele>
   </trkpt>
   <trkpt lat="47.2930040" lon="4.7606230">
    <ele>426.2</ele>
   </trkpt>
   <trkpt lat="47.2929770" lon="4.7606300">
    <ele>425.8</ele>
   </trkpt>
   <trkpt lat="47.2929470" lon="4.7606370">
    <ele>425.2</ele>
   </trkpt>
   <trkpt lat="47.2928620" lon="4.7606440">
    <ele>423.8</ele>
   </trkpt>
   <trkpt lat="47.2928040" lon="4.7606640">
    <ele>422.6</ele>
   </trkpt>
   <trkpt lat="47.2927720" lon="4.7606740">
    <ele>422.4</ele>
   </trkpt>
   <trkpt lat="47.2926870" lon="4.7607010">
    <ele>421.6</ele>
   </trkpt>
   <trkpt lat="47.2926450" lon="4.7607120">
    <ele>419.8</ele>
   </trkpt>
   <trkpt lat="47.2926250" lon="4.7607360">
    <ele>418.8</ele>
   </trkpt>
   <trkpt lat="47.2926060" lon="4.7607480">
    <ele>418.4</ele>
   </trkpt>
   <trkpt lat="47.2925780" lon="4.7607800">
    <ele>417.8</ele>
   </trkpt>
   <trkpt lat="47.2925420" lon="4.7608060">
    <ele>417.2</ele>
   </trkpt>
   <trkpt lat="47.2925060" lon="4.7608250">
    <ele>416.0</ele>
   </trkpt>
   <trkpt lat="47.2924820" lon="4.7608310">
    <ele>415.0</ele>
   </trkpt>
   <trkpt lat="47.2924390" lon="4.7608300">
    <ele>413.2</ele>
   </trkpt>
   <trkpt lat="47.2923960" lon="4.7608420">
    <ele>412.0</ele>
   </trkpt>
   <trkpt lat="47.2923250" lon="4.7608430">
    <ele>411.0</ele>
   </trkpt>
   <trkpt lat="47.2922940" lon="4.7608240">
    <ele>411.0</ele>
   </trkpt>
   <trkpt lat="47.2922830" lon="4.7608160">
    <ele>411.0</ele>
   </trkpt>
   <trkpt lat="47.2922680" lon="4.7608220">
    <ele>411.2</ele>
   </trkpt>
   <trkpt lat="47.2922500" lon="4.7608370">
    <ele>411.4</ele>
   </trkpt>
   <trkpt lat="47.2921590" lon="4.7608460">
    <ele>411.8</ele>
   </trkpt>
   <trkpt lat="47.2921030" lon="4.7608760">
    <ele>412.2</ele>
   </trkpt>
   <trkpt lat="47.2920880" lon="4.7608850">
    <ele>412.0</ele>
   </trkpt>
   <trkpt lat="47.2919910" lon="4.7609330">
    <ele>410.8</ele>
   </trkpt>
   <trkpt lat="47.2919470" lon="4.7609110">
    <ele>410.4</ele>
   </trkpt>
   <trkpt lat="47.2918490" lon="4.7608740">
    <ele>410.2</ele>
   </trkpt>
   <trkpt lat="47.2918160" lon="4.7608120">
    <ele>410.4</ele>
   </trkpt>
   <trkpt lat="47.2917930" lon="4.7607950">
    <ele>410.4</ele>
   </trkpt>
   <trkpt lat="47.2917230" lon="4.7607230">
    <ele>411.8</ele>
   </trkpt>
   <trkpt lat="47.2917120" lon="4.7607200">
    <ele>412.0</ele>
   </trkpt>
   <trkpt lat="47.2916670" lon="4.7606950">
    <ele>413.2</ele>
   </trkpt>
   <trkpt lat="47.2916410" lon="4.7606900">
    <ele>413.4</ele>
   </trkpt>
   <trkpt lat="47.2915980" lon="4.7607100">
    <ele>413.6</ele>
   </trkpt>
   <trkpt lat="47.2915580" lon="4.7607210">
    <ele>413.8</ele>
   </trkpt>
   <trkpt lat="47.2915350" lon="4.7607080">
    <ele>413.8</ele>
   </trkpt>
   <trkpt lat="47.2914150" lon="4.7606810">
    <ele>413.2</ele>
   </trkpt>
   <trkpt lat="47.2913380" lon="4.7606160">
    <ele>413.6</ele>
   </trkpt>
   <trkpt lat="47.2913340" lon="4.7605970">
    <ele>414.0</ele>
   </trkpt>
   <trkpt lat="47.2913240" lon="4.7605720">
    <ele>414.2</ele>
   </trkpt>
   <trkpt lat="47.2913180" lon="4.7605490">
    <ele>414.8</ele>
   </trkpt>
   <trkpt lat="47.2913060" lon="4.7605070">
    <ele>415.4</ele>
   </trkpt>
   <trkpt lat="47.2913250" lon="4.7604760">
    <ele>416.6</ele>
   </trkpt>
   <trkpt lat="47.2913100" lon="4.7604680">
    <ele>416.8</ele>
   </trkpt>
   <trkpt lat="47.2912320" lon="4.7604040">
    <ele>417.6</ele>
   </trkpt>
   <trkpt lat="47.2912180" lon="4.7603880">
    <ele>417.6</ele>
   </trkpt>
   <trkpt lat="47.2911260" lon="4.7603560">
    <ele>418.2</ele>
   </trkpt>
   <trkpt lat="47.2911070" lon="4.7603730">
    <ele>418.0</ele>
   </trkpt>
   <trkpt lat="47.2910160" lon="4.7604300">
    <ele>416.6</ele>
   </trkpt>
   <trkpt lat="47.2909930" lon="4.7604360">
    <ele>416.4</ele>
   </trkpt>
   <trkpt lat="47.2909760" lon="4.7604310">
    <ele>416.0</ele>
   </trkpt>
   <trkpt lat="47.2908930" lon="4.7603910">
    <ele>415.6</ele>
   </trkpt>
   <trkpt lat="47.2907850" lon="4.7602910">
    <ele>416.8</ele>
   </trkpt>
   <trkpt lat="47.2907680" lon="4.7602600">
    <ele>417.2</ele>
   </trkpt>
   <trkpt lat="47.2907570" lon="4.7602550">
    <ele>417.4</ele>
   </trkpt>
   <trkpt lat="47.2907210" lon="4.7602300">
    <ele>418.6</ele>
   </trkpt>
   <trkpt lat="47.2907020" lon="4.7602200">
    <ele>419.0</ele>
   </trkpt>
   <trkpt lat="47.2906940" lon="4.7602110">
    <ele>419.2</ele>
   </trkpt>
   <trkpt lat="47.2906830" lon="4.7601940">
    <ele>419.6</ele>
   </trkpt>
   <trkpt lat="47.2906440" lon="4.7601300">
    <ele>420.8</ele>
   </trkpt>
   <trkpt lat="47.2906070" lon="4.7601020">
    <ele>421.8</ele>
   </trkpt>
   <trkpt lat="47.2906050" lon="4.7600870">
    <ele>422.0</ele>
   </trkpt>
   <trkpt lat="47.2906160" lon="4.7600660">
    <ele>423.0</ele>
   </trkpt>
   <trkpt lat="47.2906170" lon="4.7600590">
    <ele>423.2</ele>
   </trkpt>
   <trkpt lat="47.2905700" lon="4.7600170">
    <ele>424.0</ele>
   </trkpt>
   <trkpt lat="47.2904940" lon="4.7600830">
    <ele>421.6</ele>
   </trkpt>
   <trkpt lat="47.2904790" lon="4.7600970">
    <ele>421.2</ele>
   </trkpt>
   <trkpt lat="47.2904420" lon="4.7601370">
    <ele>420.4</ele>
   </trkpt>
   <trkpt lat="47.2904220" lon="4.7601820">
    <ele>419.4</ele>
   </trkpt>
   <trkpt lat="47.2904130" lon="4.7602110">
    <ele>418.4</ele>
   </trkpt>
   <trkpt lat="47.2903910" lon="4.7602340">
    <ele>417.6</ele>
   </trkpt>
   <trkpt lat="47.2903670" lon="4.7602460">
    <ele>416.8</ele>
   </trkpt>
   <trkpt lat="47.2903100" lon="4.7602530">
    <ele>415.4</ele>
   </trkpt>
   <trkpt lat="47.2902810" lon="4.7602640">
    <ele>415.0</ele>
   </trkpt>
   <trkpt lat="47.2902520" lon="4.7602770">
    <ele>414.2</ele>
   </trkpt>
   <trkpt lat="47.2901650" lon="4.7603120">
    <ele>413.2</ele>
   </trkpt>
   <trkpt lat="47.2900940" lon="4.7603340">
    <ele>412.6</ele>
   </trkpt>
   <trkpt lat="47.2900670" lon="4.7603390">
    <ele>412.2</ele>
   </trkpt>
   <trkpt lat="47.2900180" lon="4.7603400">
    <ele>411.6</ele>
   </trkpt>
   <trkpt lat="47.2900090" lon="4.7603250">
    <ele>411.4</ele>
   </trkpt>
   <trkpt lat="47.2899560" lon="4.7602220">
    <ele>412.0</ele>
   </trkpt>
   <trkpt lat="47.2899450" lon="4.7602040">
    <ele>412.2</ele>
   </trkpt>
   <trkpt lat="47.2899650" lon="4.7602040">
    <ele>412.8</ele>
   </trkpt>
   <trkpt lat="47.2899360" lon="4.7601820">
    <ele>413.0</ele>
   </trkpt>
   <trkpt lat="47.2899180" lon="4.7601870">
    <ele>413.0</ele>
   </trkpt>
   <trkpt lat="47.2898320" lon="4.7602240">
    <ele>412.6</ele>
   </trkpt>
   <trkpt lat="47.2897880" lon="4.7602440">
    <ele>412.0</ele>
   </trkpt>
   <trkpt lat="47.2897360" lon="4.7602130">
    <ele>411.6</ele>
   </trkpt>
   <trkpt lat="47.2897200" lon="4.7602100">
    <ele>411.8</ele>
   </trkpt>
   <trkpt lat="47.2897090" lon="4.7602070">
    <ele>411.8</ele>
   </trkpt>
   <trkpt lat="47.2896190" lon="4.7602370">
    <ele>411.4</ele>
   </trkpt>
   <trkpt lat="47.2895980" lon="4.7602400">
    <ele>411.0</ele>
   </trkpt>
   <trkpt lat="47.2895780" lon="4.7602340">
    <ele>410.6</ele>
   </trkpt>
   <trkpt lat="47.2894480" lon="4.7601590">
    <ele>410.8</ele>
   </trkpt>
   <trkpt lat="47.2894060" lon="4.7601520">
    <ele>410.8</ele>
   </trkpt>
   <trkpt lat="47.2893790" lon="4.7601530">
    <ele>410.8</ele>
   </trkpt>
   <trkpt lat="47.2893030" lon="4.7601850">
    <ele>409.8</ele>
   </trkpt>
   <trkpt lat="47.2892860" lon="4.7601970">
    <ele>409.6</ele>
   </trkpt>
   <trkpt lat="47.2891660" lon="4.7602100">
    <ele>408.6</ele>
   </trkpt>
   <trkpt lat="47.2891460" lon="4.7602360">
    <ele>408.4</ele>
   </trkpt>
   <trkpt lat="47.2891490" lon="4.7602590">
    <ele>407.6</ele>
   </trkpt>
   <trkpt lat="47.2891280" lon="4.7602820">
    <ele>406.4</ele>
   </trkpt>
   <trkpt lat="47.2890920" lon="4.7602640">
    <ele>406.0</ele>
   </trkpt>
   <trkpt lat="47.2890200" lon="4.7602120">
    <ele>406.4</ele>
   </trkpt>
   <trkpt lat="47.2889900" lon="4.7601980">
    <ele>406.4</ele>
   </trkpt>
   <trkpt lat="47.2889500" lon="4.7601750">
    <ele>406.6</ele>
   </trkpt>
   <trkpt lat="47.2888220" lon="4.7601120">
    <ele>407.0</ele>
   </trkpt>
   <trkpt lat="47.2888060" lon="4.7600960">
    <ele>407.2</ele>
   </trkpt>
   <trkpt lat="47.2887810" lon="4.7600910">
    <ele>407.4</ele>
   </trkpt>
   <trkpt lat="47.2887560" lon="4.7600900">
    <ele>408.0</ele>
   </trkpt>
   <trkpt lat="47.2887340" lon="4.7600380">
    <ele>408.4</ele>
   </trkpt>
   <trkpt lat="47.2887000" lon="4.7599960">
    <ele>408.8</ele>
   </trkpt>
   <trkpt lat="47.2886500" lon="4.7599580">
    <ele>409.4</ele>
   </trkpt>
   <trkpt lat="47.2886140" lon="4.7599670">
    <ele>409.2</ele>
   </trkpt>
   <trkpt lat="47.2884930" lon="4.7599860">
    <ele>407.8</ele>
   </trkpt>
   <trkpt lat="47.2884670" lon="4.7599860">
    <ele>407.8</ele>
   </trkpt>
   <trkpt lat="47.2884520" lon="4.7599790">
    <ele>407.8</ele>
   </trkpt>
   <trkpt lat="47.2883730" lon="4.7599260">
    <ele>408.4</ele>
   </trkpt>
   <trkpt lat="47.2883400" lon="4.7599200">
    <ele>409.0</ele>
   </trkpt>
   <trkpt lat="47.2883220" lon="4.7599030">
    <ele>409.2</ele>
   </trkpt>
   <trkpt lat="47.2882690" lon="4.7598940">
    <ele>410.0</ele>
   </trkpt>
   <trkpt lat="47.2882540" lon="4.7598940">
    <ele>410.0</ele>
   </trkpt>
   <trkpt lat="47.2882290" lon="4.7598830">
    <ele>410.4</ele>
   </trkpt>
   <trkpt lat="47.2882170" lon="4.7598700">
    <ele>411.0</ele>
   </trkpt>
   <trkpt lat="47.2882120" lon="4.7598530">
    <ele>411.2</ele>
   </trkpt>
   <trkpt lat="47.2881860" lon="4.7597880">
    <ele>412.0</ele>
   </trkpt>
   <trkpt lat="47.2881770" lon="4.7597630">
    <ele>412.6</ele>
   </trkpt>
   <trkpt lat="47.2881750" lon="4.7597490">
    <ele>413.0</ele>
   </trkpt>
   <trkpt lat="47.2881360" lon="4.7597350">
    <ele>414.0</ele>
   </trkpt>
   <trkpt lat="47.2881140" lon="4.7597280">
    <ele>414.6</ele>
   </trkpt>
   <trkpt lat="47.2880450" lon="4.7596790">
    <ele>415.4</ele>
   </trkpt>
   <trkpt lat="47.2879970" lon="4.7596460">
    <ele>415.8</ele>
   </trkpt>
   <trkpt lat="47.2879620" lon="4.7596540">
    <ele>415.8</ele>
   </trkpt>
   <trkpt lat="47.2878160" lon="4.7596690">
    <ele>415.0</ele>
   </trkpt>
   <trkpt lat="47.2876890" lon="4.7596660">
    <ele>414.0</ele>
   </trkpt>
   <trkpt lat="47.2876490" lon="4.7596690">
    <ele>413.2</ele>
   </trkpt>
   <trkpt lat="47.2876200" lon="4.7596800">
    <ele>412.6</ele>
   </trkpt>
   <trkpt lat="47.2875610" lon="4.7597240">
    <ele>411.4</ele>
   </trkpt>
   <trkpt lat="47.2874920" lon="4.7597490">
    <ele>410.2</ele>
   </trkpt>
   <trkpt lat="47.2874220" lon="4.7597900">
    <ele>408.6</ele>
   </trkpt>
   <trkpt lat="47.2873730" lon="4.7598230">
    <ele>407.4</ele>
   </trkpt>
   <trkpt lat="47.2873210" lon="4.7598620">
    <ele>406.0</ele>
   </trkpt>
   <trkpt lat="47.2872700" lon="4.7599080">
    <ele>404.4</ele>
   </trkpt>
   <trkpt lat="47.2872230" lon="4.7599700">
    <ele>403.0</ele>
   </trkpt>
   <trkpt lat="47.2871950" lon="4.7600560">
    <ele>401.2</ele>
   </trkpt>
   <trkpt lat="47.2871830" lon="4.7600980">
    <ele>400.2</ele>
   </trkpt>
   <trkpt lat="47.2871370" lon="4.7601570">
    <ele>398.6</ele>
   </trkpt>
   <trkpt lat="47.2870860" lon="4.7601940">
    <ele>397.2</ele>
   </trkpt>
   <trkpt lat="47.2870620" lon="4.7602040">
    <ele>396.6</ele>
   </trkpt>
   <trkpt lat="47.2870350" lon="4.7602120">
    <ele>396.0</ele>
   </trkpt>
   <trkpt lat="47.2869720" lon="4.7602470">
    <ele>394.4</ele>
   </trkpt>
   <trkpt lat="47.2869110" lon="4.7602890">
    <ele>393.4</ele>
   </trkpt>
   <trkpt lat="47.2868790" lon="4.7603350">
    <ele>392.0</ele>
   </trkpt>
   <trkpt lat="47.2868420" lon="4.7603980">
    <ele>390.6</ele>
   </trkpt>
   <trkpt lat="47.2867850" lon="4.7604280">
    <ele>389.2</ele>
   </trkpt>
   <trkpt lat="47.2867230" lon="4.7604130">
    <ele>387.8</ele>
   </trkpt>
   <trkpt lat="47.2866340" lon="4.7603840">
    <ele>386.6</ele>
   </trkpt>
   <trkpt lat="47.2865890" lon="4.7604030">
    <ele>385.6</ele>
   </trkpt>
   <trkpt lat="47.2865680" lon="4.7604240">
    <ele>385.2</ele>
   </trkpt>
   <trkpt lat="47.2865490" lon="4.7604760">
    <ele>384.0</ele>
   </trkpt>
   <trkpt lat="47.2865370" lon="4.7605060">
    <ele>383.6</ele>
   </trkpt>
   <trkpt lat="47.2865240" lon="4.7605390">
    <ele>383.0</ele>
   </trkpt>
   <trkpt lat="47.2865010" lon="4.7605910">
    <ele>381.6</ele>
   </trkpt>
   <trkpt lat="47.2864910" lon="4.7606540">
    <ele>380.0</ele>
   </trkpt>
   <trkpt lat="47.2864860" lon="4.7606860">
    <ele>379.4</ele>
   </trkpt>
   <trkpt lat="47.2864790" lon="4.7607130">
    <ele>379.0</ele>
   </trkpt>
   <trkpt lat="47.2864600" lon="4.7607560">
    <ele>377.8</ele>
   </trkpt>
   <trkpt lat="47.2864470" lon="4.7608090">
    <ele>376.8</ele>
   </trkpt>
   <trkpt lat="47.2864310" lon="4.7608650">
    <ele>375.6</ele>
   </trkpt>
   <trkpt lat="47.2864070" lon="4.7609070">
    <ele>374.6</ele>
   </trkpt>
   <trkpt lat="47.2863680" lon="4.7609690">
    <ele>373.2</ele>
   </trkpt>
   <trkpt lat="47.2863250" lon="4.7610340">
    <ele>371.8</ele>
   </trkpt>
   <trkpt lat="47.2863040" lon="4.7610630">
    <ele>371.0</ele>
   </trkpt>
   <trkpt lat="47.2862780" lon="4.7610880">
    <ele>370.6</ele>
   </trkpt>
   <trkpt lat="47.2862270" lon="4.7611310">
    <ele>369.4</ele>
   </trkpt>
   <trkpt lat="47.2861750" lon="4.7611800">
    <ele>368.0</ele>
   </trkpt>
   <trkpt lat="47.2861450" lon="4.7612030">
    <ele>367.0</ele>
   </trkpt>
   <trkpt lat="47.2861150" lon="4.7612210">
    <ele>366.2</ele>
   </trkpt>
   <trkpt lat="47.2860520" lon="4.7612560">
    <ele>365.0</ele>
   </trkpt>
   <trkpt lat="47.2859680" lon="4.7613080">
    <ele>362.8</ele>
   </trkpt>
   <trkpt lat="47.2859410" lon="4.7613250">
    <ele>362.0</ele>
   </trkpt>
   <trkpt lat="47.2859100" lon="4.7613400">
    <ele>361.2</ele>
   </trkpt>
   <trkpt lat="47.2858470" lon="4.7613800">
    <ele>359.8</ele>
   </trkpt>
   <trkpt lat="47.2857860" lon="4.7614190">
    <ele>358.6</ele>
   </trkpt>
   <trkpt lat="47.2857220" lon="4.7614540">
    <ele>357.2</ele>
   </trkpt>
   <trkpt lat="47.2856660" lon="4.7614710">
    <ele>355.6</ele>
   </trkpt>
   <trkpt lat="47.2856190" lon="4.7615170">
    <ele>354.6</ele>
   </trkpt>
   <trkpt lat="47.2856000" lon="4.7615510">
    <ele>353.8</ele>
   </trkpt>
   <trkpt lat="47.2855880" lon="4.7615900">
    <ele>353.2</ele>
   </trkpt>
   <trkpt lat="47.2855880" lon="4.7617300">
    <ele>352.4</ele>
   </trkpt>
   <trkpt lat="47.2855910" lon="4.7617790">
    <ele>352.2</ele>
   </trkpt>
   <trkpt lat="47.2856050" lon="4.7618770">
    <ele>351.0</ele>
   </trkpt>
   <trkpt lat="47.2856090" lon="4.7621820">
    <ele>350.0</ele>
   </trkpt>
   <trkpt lat="47.2856080" lon="4.7622330">
    <ele>349.6</ele>
   </trkpt>
   <trkpt lat="47.2855900" lon="4.7623790">
    <ele>348.4</ele>
   </trkpt>
   <trkpt lat="47.2855720" lon="4.7625320">
    <ele>347.4</ele>
   </trkpt>
   <trkpt lat="47.2855690" lon="4.7625840">
    <ele>347.2</ele>
   </trkpt>
   <trkpt lat="47.2855430" lon="4.7627690">
    <ele>346.0</ele>
   </trkpt>
   <trkpt lat="47.2855240" lon="4.7628560">
    <ele>345.2</ele>
   </trkpt>
   <trkpt lat="47.2855060" lon="4.7628970">
    <ele>344.8</ele>
   </trkpt>
   <trkpt lat="47.2854690" lon="4.7630410">
    <ele>343.8</ele>
   </trkpt>
   <trkpt lat="47.2854560" lon="4.7630770">
    <ele>343.6</ele>
   </trkpt>
   <trkpt lat="47.2854140" lon="4.7631620">
    <ele>342.6</ele>
   </trkpt>
   <trkpt lat="47.2853630" lon="4.7631760">
    <ele>342.2</ele>
   </trkpt>
   <trkpt lat="47.2853350" lon="4.7631670">
    <ele>342.0</ele>
   </trkpt>
   <trkpt lat="47.2852550" lon="4.7631410">
    <ele>341.6</ele>
   </trkpt>
   <trkpt lat="47.2851770" lon="4.7631320">
    <ele>341.2</ele>
   </trkpt>
   <trkpt lat="47.2850900" lon="4.7631100">
    <ele>340.6</ele>
   </trkpt>
   <trkpt lat="47.2849390" lon="4.7630620">
    <ele>339.2</ele>
   </trkpt>
   <trkpt lat="47.2847670" lon="4.7630350">
    <ele>338.0</ele>
   </trkpt>
   <trkpt lat="47.2846590" lon="4.7629800">
    <ele>337.2</ele>
   </trkpt>
   <trkpt lat="47.2846460" lon="4.7629660">
    <ele>337.0</ele>
   </trkpt>
   <trkpt lat="47.2845190" lon="4.7629330">
    <ele>336.0</ele>
   </trkpt>
   <trkpt lat="47.2844720" lon="4.7630540">
    <ele>335.2</ele>
   </trkpt>
   <trkpt lat="47.2844570" lon="4.7630830">
    <ele>334.8</ele>
   </trkpt>
   <trkpt lat="47.2844610" lon="4.7632250">
    <ele>334.8</ele>
   </trkpt>
   <trkpt lat="47.2844580" lon="4.7632590">
    <ele>334.8</ele>
   </trkpt>
   <trkpt lat="47.2844660" lon="4.7633520">
    <ele>335.2</ele>
   </trkpt>
   <trkpt lat="47.2845020" lon="4.7634740">
    <ele>336.0</ele>
   </trkpt>
   <trkpt lat="47.2845570" lon="4.7636620">
    <ele>336.4</ele>
   </trkpt>
   <trkpt lat="47.2845720" lon="4.7638970">
    <ele>336.6</ele>
   </trkpt>
   <trkpt lat="47.2845840" lon="4.7641430">
    <ele>336.0</ele>
   </trkpt>
   <trkpt lat="47.2845520" lon="4.7642640">
    <ele>335.8</ele>
   </trkpt>
   <trkpt lat="47.2844670" lon="4.7644900">
    <ele>334.8</ele>
   </trkpt>
   <trkpt lat="47.2844320" lon="4.7645570">
    <ele>334.4</ele>
   </trkpt>
   <trkpt lat="47.2843580" lon="4.7646940">
    <ele>333.6</ele>
   </trkpt>
   <trkpt lat="47.2842930" lon="4.7648440">
    <ele>332.6</ele>
   </trkpt>
   <trkpt lat="47.2842400" lon="4.7649540">
    <ele>331.6</ele>
   </trkpt>
   <trkpt lat="47.2841630" lon="4.7651340">
    <ele>330.4</ele>
   </trkpt>
   <trkpt lat="47.2840930" lon="4.7652130">
    <ele>329.2</ele>
   </trkpt>
   <trkpt lat="47.2840640" lon="4.7652310">
    <ele>329.0</ele>
   </trkpt>
   <trkpt lat="47.2840400" lon="4.7652500">
    <ele>328.6</ele>
   </trkpt>
   <trkpt lat="47.2840070" lon="4.7653010">
    <ele>328.2</ele>
   </trkpt>
   <trkpt lat="47.2839960" lon="4.7653760">
    <ele>327.2</ele>
   </trkpt>
   <trkpt lat="47.2839850" lon="4.7654090">
    <ele>327.0</ele>
   </trkpt>
   <trkpt lat="47.2839130" lon="4.7655600">
    <ele>325.8</ele>
   </trkpt>
   <trkpt lat="47.2838820" lon="4.7656410">
    <ele>325.6</ele>
   </trkpt>
   <trkpt lat="47.2838240" lon="4.7657600">
    <ele>324.8</ele>
   </trkpt>
   <trkpt lat="47.2837790" lon="4.7659380">
    <ele>323.8</ele>
   </trkpt>
   <trkpt lat="47.2837800" lon="4.7659830">
    <ele>323.6</ele>
   </trkpt>
   <trkpt lat="47.2837790" lon="4.7661500">
    <ele>322.0</ele>
   </trkpt>
   <trkpt lat="47.2837970" lon="4.7661940">
    <ele>321.6</ele>
   </trkpt>
   <trkpt lat="47.2838230" lon="4.7662200">
    <ele>321.0</ele>
   </trkpt>
   <trkpt lat="47.2838640" lon="4.7662680">
    <ele>320.2</ele>
   </trkpt>
   <trkpt lat="47.2838870" lon="4.7663040">
    <ele>319.8</ele>
   </trkpt>
   <trkpt lat="47.2839580" lon="4.7664100">
    <ele>319.8</ele>
   </trkpt>
   <trkpt lat="47.2839760" lon="4.7664100">
    <ele>320.0</ele>
   </trkpt>
   <trkpt lat="47.2840110" lon="4.7664120">
    <ele>320.8</ele>
   </trkpt>
   <trkpt lat="47.2839980" lon="4.7664430">
    <ele>321.6</ele>
   </trkpt>
   <trkpt lat="47.2839890" lon="4.7664600">
    <ele>322.2</ele>
   </trkpt>
   <trkpt lat="47.2840200" lon="4.7664540">
    <ele>323.6</ele>
   </trkpt>
   <trkpt lat="47.2840330" lon="4.7664650">
    <ele>323.8</ele>
   </trkpt>
   <trkpt lat="47.2840630" lon="4.7665050">
    <ele>324.8</ele>
   </trkpt>
   <trkpt lat="47.2840720" lon="4.7665570">
    <ele>325.6</ele>
   </trkpt>
   <trkpt lat="47.2840560" lon="4.7665890">
    <ele>326.0</ele>
   </trkpt>
   <trkpt lat="47.2840560" lon="4.7666070">
    <ele>326.2</ele>
   </trkpt>
   <trkpt lat="47.2840530" lon="4.7667360">
    <ele>327.0</ele>
   </trkpt>
   <trkpt lat="47.2839760" lon="4.7669600">
    <ele>327.6</ele>
   </trkpt>
   <trkpt lat="47.2839540" lon="4.7669730">
    <ele>327.8</ele>
   </trkpt>
   <trkpt lat="47.2838840" lon="4.7669690">
    <ele>327.4</ele>
   </trkpt>
   <trkpt lat="47.2838630" lon="4.7669780">
    <ele>327.2</ele>
   </trkpt>
   <trkpt lat="47.2838280" lon="4.7670360">
    <ele>326.6</ele>
   </trkpt>
   <trkpt lat="47.2838260" lon="4.7670920">
    <ele>326.0</ele>
   </trkpt>
   <trkpt lat="47.2838350" lon="4.7671400">
    <ele>325.0</ele>
   </trkpt>
   <trkpt lat="47.2838300" lon="4.7671560">
    <ele>324.4</ele>
   </trkpt>
   <trkpt lat="47.2838280" lon="4.7672110">
    <ele>324.0</ele>
   </trkpt>
   <trkpt lat="47.2838310" lon="4.7672870">
    <ele>323.2</ele>
   </trkpt>
   <trkpt lat="47.2838120" lon="4.7673230">
    <ele>322.6</ele>
   </trkpt>
   <trkpt lat="47.2838050" lon="4.7673230">
    <ele>320.8</ele>
   </trkpt>
   <trkpt lat="47.2837940" lon="4.7672950">
    <ele>319.4</ele>
   </trkpt>
   <trkpt lat="47.2837490" lon="4.7672990">
    <ele>318.4</ele>
   </trkpt>
   <trkpt lat="47.2837340" lon="4.7672960">
    <ele>317.6</ele>
   </trkpt>
   <trkpt lat="47.2837190" lon="4.7672710">
    <ele>317.2</ele>
   </trkpt>
   <trkpt lat="47.2836740" lon="4.7671710">
    <ele>316.0</ele>
   </trkpt>
   <trkpt lat="47.2836480" lon="4.7671290">
    <ele>315.8</ele>
   </trkpt>
   <trkpt lat="47.2835610" lon="4.7669610">
    <ele>315.4</ele>
   </trkpt>
   <trkpt lat="47.2835220" lon="4.7668320">
    <ele>315.0</ele>
   </trkpt>
   <trkpt lat="47.2835060" lon="4.7667880">
    <ele>314.8</ele>
   </trkpt>
   <trkpt lat="47.2834350" lon="4.7665760">
    <ele>314.2</ele>
   </trkpt>
   <trkpt lat="47.2834250" lon="4.7665390">
    <ele>314.0</ele>
   </trkpt>
   <trkpt lat="47.2834060" lon="4.7665070">
    <ele>313.6</ele>
   </trkpt>
   <trkpt lat="47.2833210" lon="4.7664450">
    <ele>312.8</ele>
   </trkpt>
   <trkpt lat="47.2832270" lon="4.7663890">
    <ele>312.6</ele>
   </trkpt>
   <trkpt lat="47.2831350" lon="4.7663450">
    <ele>312.0</ele>
   </trkpt>
   <trkpt lat="47.2831060" lon="4.7663010">
    <ele>311.6</ele>
   </trkpt>
   <trkpt lat="47.2831060" lon="4.7662670">
    <ele>311.4</ele>
   </trkpt>
   <trkpt lat="47.2831540" lon="4.7660820">
    <ele>310.6</ele>
   </trkpt>
   <trkpt lat="47.2831680" lon="4.7660350">
    <ele>310.4</ele>
   </trkpt>
   <trkpt lat="47.2831830" lon="4.7659870">
    <ele>310.4</ele>
   </trkpt>
   <trkpt lat="47.2832690" lon="4.7657810">
    <ele>310.6</ele>
   </trkpt>
   <trkpt lat="47.2832840" lon="4.7657580">
    <ele>310.6</ele>
   </trkpt>
   <trkpt lat="47.2833060" lon="4.7657320">
    <ele>310.6</ele>
   </trkpt>
   <trkpt lat="47.2833260" lon="4.7657330">
    <ele>310.6</ele>
   </trkpt>
   <trkpt lat="47.2832990" lon="4.7656910">
    <ele>310.6</ele>
   </trkpt>
   <trkpt lat="47.2832960" lon="4.7656890">
    <ele>310.6</ele>
   </trkpt>
   <trkpt lat="47.2832920" lon="4.7656860">
    <ele>310.8</ele>
   </trkpt>
   <trkpt lat="47.2832920" lon="4.7656860">
    <ele>310.4</ele>
   </trkpt>
   <trkpt lat="47.2832920" lon="4.7656860">
    <ele>310.2</ele>
   </trkpt>
   <trkpt lat="47.2832920" lon="4.7656860">
    <ele>310.2</ele>
   </trkpt>
   <trkpt lat="47.2832920" lon="4.7656860">
    <ele>310.2</ele>
   </trkpt>
   <trkpt lat="47.2832940" lon="4.7656880">
    <ele>309.8</ele>
   </trkpt>
   <trkpt lat="47.2832940" lon="4.7656880">
    <ele>309.6</ele>
   </trkpt>
   <trkpt lat="47.2832700" lon="4.7656570">
    <ele>309.6</ele>
   </trkpt>
   <trkpt lat="47.2832690" lon="4.7656580">
    <ele>309.6</ele>
   </trkpt>
   <trkpt lat="47.2832680" lon="4.7656470">
    <ele>309.6</ele>
   </trkpt>
   <trkpt lat="47.2832720" lon="4.7656640">
    <ele>309.4</ele>
   </trkpt>
   <trkpt lat="47.2832720" lon="4.7656670">
    <ele>309.4</ele>
   </trkpt>
   <trkpt lat="47.2832680" lon="4.7656680">
    <ele>309.2</ele>
   </trkpt>
   <trkpt lat="47.2832610" lon="4.7656670">
    <ele>309.0</ele>
   </trkpt>
   <trkpt lat="47.2832590" lon="4.7656710">
    <ele>308.8</ele>
   </trkpt>
   <trkpt lat="47.2832300" lon="4.7656320">
    <ele>308.6</ele>
   </trkpt>
   <trkpt lat="47.2832300" lon="4.7656320">
    <ele>308.6</ele>
   </trkpt>
   <trkpt lat="47.2832120" lon="4.7656150">
    <ele>308.6</ele>
   </trkpt>
   <trkpt lat="47.2832230" lon="4.7656190">
    <ele>308.4</ele>
   </trkpt>
   <trkpt lat="47.2832230" lon="4.7656190">
    <ele>308.4</ele>
   </trkpt>
   <trkpt lat="47.2832050" lon="4.7656260">
    <ele>308.0</ele>
   </trkpt>
   <trkpt lat="47.2831910" lon="4.7656240">
    <ele>308.0</ele>
   </trkpt>
   <trkpt lat="47.2832040" lon="4.7655520">
    <ele>307.8</ele>
   </trkpt>
   <trkpt lat="47.2832100" lon="4.7654320">
    <ele>308.0</ele>
   </trkpt>
   <trkpt lat="47.2832400" lon="4.7653310">
    <ele>308.0</ele>
   </trkpt>
   <trkpt lat="47.2832700" lon="4.7651190">
    <ele>308.6</ele>
   </trkpt>
   <trkpt lat="47.2832860" lon="4.7649190">
    <ele>309.4</ele>
   </trkpt>
   <trkpt lat="47.2833020" lon="4.7647890">
    <ele>309.8</ele>
   </trkpt>
   <trkpt lat="47.2833110" lon="4.7645460">
    <ele>309.8</ele>
   </trkpt>
   <trkpt lat="47.2833430" lon="4.7643650">
    <ele>310.4</ele>
   </trkpt>
   <trkpt lat="47.2833460" lon="4.7642140">
    <ele>310.8</ele>
   </trkpt>
   <trkpt lat="47.2833690" lon="4.7640800">
    <ele>311.0</ele>
   </trkpt>
   <trkpt lat="47.2833940" lon="4.7640050">
    <ele>311.2</ele>
   </trkpt>
   <trkpt lat="47.2834120" lon="4.7639260">
    <ele>311.6</ele>
   </trkpt>
   <trkpt lat="47.2834680" lon="4.7637780">
    <ele>312.4</ele>
   </trkpt>
   <trkpt lat="47.2834760" lon="4.7637360">
    <ele>312.6</ele>
   </trkpt>
   <trkpt lat="47.2834660" lon="4.7634870">
    <ele>313.0</ele>
   </trkpt>
   <trkpt lat="47.2834960" lon="4.7632600">
    <ele>313.2</ele>
   </trkpt>
   <trkpt lat="47.2834930" lon="4.7631110">
    <ele>313.2</ele>
   </trkpt>
   <trkpt lat="47.2835080" lon="4.7628580">
    <ele>313.4</ele>
   </trkpt>
   <trkpt lat="47.2835030" lon="4.7627360">
    <ele>313.6</ele>
   </trkpt>
   <trkpt lat="47.2835130" lon="4.7626230">
    <ele>314.4</ele>
   </trkpt>
   <trkpt lat="47.2835160" lon="4.7625100">
    <ele>314.8</ele>
   </trkpt>
   <trkpt lat="47.2835210" lon="4.7624210">
    <ele>315.0</ele>
   </trkpt>
   <trkpt lat="47.2835200" lon="4.7624110">
    <ele>315.2</ele>
   </trkpt>
   <trkpt lat="47.2835120" lon="4.7624130">
    <ele>315.4</ele>
   </trkpt>
   <trkpt lat="47.2834930" lon="4.7624260">
    <ele>315.4</ele>
   </trkpt>
   <trkpt lat="47.2834550" lon="4.7624570">
    <ele>315.4</ele>
   </trkpt>
   <trkpt lat="47.2833540" lon="4.7625170">
    <ele>315.6</ele>
   </trkpt>
   <trkpt lat="47.2833250" lon="4.7625040">
    <ele>315.8</ele>
   </trkpt>
   <trkpt lat="47.2833070" lon="4.7624810">
    <ele>315.8</ele>
   </trkpt>
   <trkpt lat="47.2832870" lon="4.7624190">
    <ele>316.2</ele>
   </trkpt>
   <trkpt lat="47.2832750" lon="4.7623190">
    <ele>317.2</ele>
   </trkpt>
   <trkpt lat="47.2832660" lon="4.7622920">
    <ele>317.6</ele>
   </trkpt>
   <trkpt lat="47.2832190" lon="4.7622060">
    <ele>318.6</ele>
   </trkpt>
   <trkpt lat="47.2831850" lon="4.7621360">
    <ele>319.4</ele>
   </trkpt>
   <trkpt lat="47.2831850" lon="4.7621160">
    <ele>319.8</ele>
   </trkpt>
   <trkpt lat="47.2831730" lon="4.7620690">
    <ele>320.6</ele>
   </trkpt>
   <trkpt lat="47.2831710" lon="4.7620610">
    <ele>321.0</ele>
   </trkpt>
   <trkpt lat="47.2831210" lon="4.7620400">
    <ele>322.2</ele>
   </trkpt>
   <trkpt lat="47.2830410" lon="4.7620260">
    <ele>323.6</ele>
   </trkpt>
   <trkpt lat="47.2830260" lon="4.7620150">
    <ele>324.0</ele>
   </trkpt>
   <trkpt lat="47.2830010" lon="4.7619680">
    <ele>325.0</ele>
   </trkpt>
   <trkpt lat="47.2829650" lon="4.7619700">
    <ele>325.8</ele>
   </trkpt>
   <trkpt lat="47.2829360" lon="4.7619630">
    <ele>326.2</ele>
   </trkpt>
   <trkpt lat="47.2829250" lon="4.7619500">
    <ele>326.4</ele>
   </trkpt>
   <trkpt lat="47.2828990" lon="4.7618470">
    <ele>327.0</ele>
   </trkpt>
   <trkpt lat="47.2828660" lon="4.7616420">
    <ele>327.4</ele>
   </trkpt>
   <trkpt lat="47.2828580" lon="4.7615580">
    <ele>327.4</ele>
   </trkpt>
   <trkpt lat="47.2828220" lon="4.7612910">
    <ele>328.0</ele>
   </trkpt>
   <trkpt lat="47.2828150" lon="4.7612480">
    <ele>328.2</ele>
   </trkpt>
   <trkpt lat="47.2828130" lon="4.7611710">
    <ele>328.4</ele>
   </trkpt>
   <trkpt lat="47.2828100" lon="4.7610110">
    <ele>328.6</ele>
   </trkpt>
   <trkpt lat="47.2827900" lon="4.7607550">
    <ele>328.6</ele>
   </trkpt>
   <trkpt lat="47.2827890" lon="4.7607100">
    <ele>328.6</ele>
   </trkpt>
   <trkpt lat="47.2827970" lon="4.7604430">
    <ele>328.4</ele>
   </trkpt>
   <trkpt lat="47.2828100" lon="4.7601670">
    <ele>328.2</ele>
   </trkpt>
   <trkpt lat="47.2828050" lon="4.7599190">
    <ele>328.2</ele>
   </trkpt>
   <trkpt lat="47.2828190" lon="4.7596920">
    <ele>328.2</ele>
   </trkpt>
   <trkpt lat="47.2828070" lon="4.7596650">
    <ele>328.2</ele>
   </trkpt>
   <trkpt lat="47.2827720" lon="4.7596030">
    <ele>329.0</ele>
   </trkpt>
   <trkpt lat="47.2827510" lon="4.7595940">
    <ele>329.6</ele>
   </trkpt>
   <trkpt lat="47.2827150" lon="4.7596100">
    <ele>330.4</ele>
   </trkpt>
   <trkpt lat="47.2827070" lon="4.7596190">
    <ele>330.8</ele>
   </trkpt>
   <trkpt lat="47.2826780" lon="4.7596590">
    <ele>332.2</ele>
   </trkpt>
   <trkpt lat="47.2826580" lon="4.7596830">
    <ele>332.6</ele>
   </trkpt>
   <trkpt lat="47.2826410" lon="4.7596870">
    <ele>333.4</ele>
   </trkpt>
   <trkpt lat="47.2826190" lon="4.7596930">
    <ele>333.8</ele>
   </trkpt>
   <trkpt lat="47.2825780" lon="4.7597170">
    <ele>334.6</ele>
   </trkpt>
   <trkpt lat="47.2825050" lon="4.7597240">
    <ele>335.8</ele>
   </trkpt>
   <trkpt lat="47.2824800" lon="4.7597190">
    <ele>336.2</ele>
   </trkpt>
   <trkpt lat="47.2824280" lon="4.7597210">
    <ele>337.0</ele>
   </trkpt>
   <trkpt lat="47.2823820" lon="4.7596930">
    <ele>338.2</ele>
   </trkpt>
   <trkpt lat="47.2823700" lon="4.7596800">
    <ele>338.6</ele>
   </trkpt>
   <trkpt lat="47.2823620" lon="4.7596270">
    <ele>339.0</ele>
   </trkpt>
   <trkpt lat="47.2823430" lon="4.7595890">
    <ele>339.6</ele>
   </trkpt>
   <trkpt lat="47.2823340" lon="4.7595780">
    <ele>340.0</ele>
   </trkpt>
   <trkpt lat="47.2823240" lon="4.7595670">
    <ele>340.6</ele>
   </trkpt>
   <trkpt lat="47.2822990" lon="4.7595380">
    <ele>341.4</ele>
   </trkpt>
   <trkpt lat="47.2822790" lon="4.7595110">
    <ele>341.8</ele>
   </trkpt>
   <trkpt lat="47.2822610" lon="4.7594940">
    <ele>342.2</ele>
   </trkpt>
   <trkpt lat="47.2822080" lon="4.7594580">
    <ele>342.8</ele>
   </trkpt>
   <trkpt lat="47.2821950" lon="4.7594440">
    <ele>343.4</ele>
   </trkpt>
   <trkpt lat="47.2821840" lon="4.7594240">
    <ele>344.0</ele>
   </trkpt>
   <trkpt lat="47.2821240" lon="4.7593550">
    <ele>345.0</ele>
   </trkpt>
   <trkpt lat="47.2821150" lon="4.7593370">
    <ele>345.2</ele>
   </trkpt>
   <trkpt lat="47.2821050" lon="4.7593130">
    <ele>346.2</ele>
   </trkpt>
   <trkpt lat="47.2820870" lon="4.7592970">
    <ele>346.8</ele>
   </trkpt>
   <trkpt lat="47.2820690" lon="4.7592870">
    <ele>347.4</ele>
   </trkpt>
   <trkpt lat="47.2820280" lon="4.7592550">
    <ele>348.4</ele>
   </trkpt>
   <trkpt lat="47.2820030" lon="4.7592330">
    <ele>349.0</ele>
   </trkpt>
   <trkpt lat="47.2819800" lon="4.7592000">
    <ele>349.6</ele>
   </trkpt>
   <trkpt lat="47.2819880" lon="4.7591530">
    <ele>350.4</ele>
   </trkpt>
   <trkpt lat="47.2819560" lon="4.7591090">
    <ele>350.8</ele>
   </trkpt>
   <trkpt lat="47.2819100" lon="4.7590790">
    <ele>351.4</ele>
   </trkpt>
   <trkpt lat="47.2818990" lon="4.7590460">
    <ele>352.0</ele>
   </trkpt>
   <trkpt lat="47.2818700" lon="4.7589710">
    <ele>353.2</ele>
   </trkpt>
   <trkpt lat="47.2818650" lon="4.7589370">
    <ele>353.6</ele>
   </trkpt>
   <trkpt lat="47.2818440" lon="4.7588810">
    <ele>354.4</ele>
   </trkpt>
   <trkpt lat="47.2818090" lon="4.7588480">
    <ele>355.2</ele>
   </trkpt>
   <trkpt lat="47.2818130" lon="4.7588300">
    <ele>355.6</ele>
   </trkpt>
   <trkpt lat="47.2817740" lon="4.7588010">
    <ele>356.6</ele>
   </trkpt>
   <trkpt lat="47.2817520" lon="4.7587880">
    <ele>357.4</ele>
   </trkpt>
   <trkpt lat="47.2817240" lon="4.7587870">
    <ele>357.8</ele>
   </trkpt>
   <trkpt lat="47.2817060" lon="4.7587800">
    <ele>358.2</ele>
   </trkpt>
   <trkpt lat="47.2816750" lon="4.7587650">
    <ele>358.6</ele>
   </trkpt>
   <trkpt lat="47.2816610" lon="4.7587620">
    <ele>359.2</ele>
   </trkpt>
   <trkpt lat="47.2815800" lon="4.7587520">
    <ele>360.2</ele>
   </trkpt>
   <trkpt lat="47.2815390" lon="4.7587790">
    <ele>360.6</ele>
   </trkpt>
   <trkpt lat="47.2814750" lon="4.7589020">
    <ele>361.2</ele>
   </trkpt>
   <trkpt lat="47.2814290" lon="4.7589950">
    <ele>361.6</ele>
   </trkpt>
   <trkpt lat="47.2814360" lon="4.7590690">
    <ele>361.6</ele>
   </trkpt>
   <trkpt lat="47.2813950" lon="4.7591650">
    <ele>360.8</ele>
   </trkpt>
   <trkpt lat="47.2813770" lon="4.7591940">
    <ele>360.8</ele>
   </trkpt>
   <trkpt lat="47.2813120" lon="4.7594040">
    <ele>360.4</ele>
   </trkpt>
   <trkpt lat="47.2813080" lon="4.7594900">
    <ele>360.2</ele>
   </trkpt>
   <trkpt lat="47.2813020" lon="4.7596820">
    <ele>359.0</ele>
   </trkpt>
   <trkpt lat="47.2812940" lon="4.7598470">
    <ele>357.8</ele>
   </trkpt>
   <trkpt lat="47.2812810" lon="4.7598910">
    <ele>357.6</ele>
   </trkpt>
   <trkpt lat="47.2812090" lon="4.7600600">
    <ele>357.0</ele>
   </trkpt>
   <trkpt lat="47.2811940" lon="4.7601040">
    <ele>356.8</ele>
   </trkpt>
   <trkpt lat="47.2811700" lon="4.7601940">
    <ele>356.4</ele>
   </trkpt>
   <trkpt lat="47.2810410" lon="4.7604150">
    <ele>355.8</ele>
   </trkpt>
   <trkpt lat="47.2810160" lon="4.7604280">
    <ele>355.8</ele>
   </trkpt>
   <trkpt lat="47.2809220" lon="4.7604330">
    <ele>356.8</ele>
   </trkpt>
   <trkpt lat="47.2808620" lon="4.7604540">
    <ele>358.2</ele>
   </trkpt>
   <trkpt lat="47.2808390" lon="4.7604590">
    <ele>358.6</ele>
   </trkpt>
   <trkpt lat="47.2808250" lon="4.7604610">
    <ele>358.8</ele>
   </trkpt>
   <trkpt lat="47.2807870" lon="4.7604790">
    <ele>359.2</ele>
   </trkpt>
   <trkpt lat="47.2807290" lon="4.7605020">
    <ele>359.8</ele>
   </trkpt>
   <trkpt lat="47.2806500" lon="4.7605450">
    <ele>360.2</ele>
   </trkpt>
   <trkpt lat="47.2805470" lon="4.7605810">
    <ele>361.0</ele>
   </trkpt>
   <trkpt lat="47.2805100" lon="4.7606020">
    <ele>361.4</ele>
   </trkpt>
   <trkpt lat="47.2805200" lon="4.7606330">
    <ele>361.6</ele>
   </trkpt>
   <trkpt lat="47.2805510" lon="4.7606790">
    <ele>361.4</ele>
   </trkpt>
   <trkpt lat="47.2805580" lon="4.7607620">
    <ele>359.8</ele>
   </trkpt>
   <trkpt lat="47.2805170" lon="4.7609350">
    <ele>358.8</ele>
   </trkpt>
   <trkpt lat="47.2805020" lon="4.7609720">
    <ele>358.8</ele>
   </trkpt>
   <trkpt lat="47.2804410" lon="4.7611130">
    <ele>359.0</ele>
   </trkpt>
   <trkpt lat="47.2804180" lon="4.7611440">
    <ele>359.0</ele>
   </trkpt>
   <trkpt lat="47.2803880" lon="4.7611800">
    <ele>359.0</ele>
   </trkpt>
   <trkpt lat="47.2802530" lon="4.7613630">
    <ele>357.8</ele>
   </trkpt>
   <trkpt lat="47.2802180" lon="4.7613950">
    <ele>357.6</ele>
   </trkpt>
   <trkpt lat="47.2800300" lon="4.7614850">
    <ele>357.0</ele>
   </trkpt>
   <trkpt lat="47.2799380" lon="4.7615410">
    <ele>357.4</ele>
   </trkpt>
   <trkpt lat="47.2797920" lon="4.7616120">
    <ele>358.0</ele>
   </trkpt>
   <trkpt lat="47.2797930" lon="4.7616410">
    <ele>358.0</ele>
   </trkpt>
   <trkpt lat="47.2797950" lon="4.7616650">
    <ele>357.8</ele>
   </trkpt>
   <trkpt lat="47.2798220" lon="4.7617720">
    <ele>356.8</ele>
   </trkpt>
   <trkpt lat="47.2798080" lon="4.7618040">
    <ele>356.4</ele>
   </trkpt>
   <trkpt lat="47.2797470" lon="4.7619020">
    <ele>355.8</ele>
   </trkpt>
   <trkpt lat="47.2797300" lon="4.7619230">
    <ele>355.4</ele>
   </trkpt>
   <trkpt lat="47.2797220" lon="4.7620170">
    <ele>354.2</ele>
   </trkpt>
   <trkpt lat="47.2797070" lon="4.7620970">
    <ele>353.2</ele>
   </trkpt>
   <trkpt lat="47.2796950" lon="4.7621310">
    <ele>352.0</ele>
   </trkpt>
   <trkpt lat="47.2796720" lon="4.7621680">
    <ele>351.2</ele>
   </trkpt>
   <trkpt lat="47.2796550" lon="4.7622010">
    <ele>350.6</ele>
   </trkpt>
   <trkpt lat="47.2796420" lon="4.7622170">
    <ele>350.0</ele>
   </trkpt>
   <trkpt lat="47.2796430" lon="4.7622150">
    <ele>349.8</ele>
   </trkpt>
   <trkpt lat="47.2796290" lon="4.7621870">
    <ele>349.6</ele>
   </trkpt>
   <trkpt lat="47.2795940" lon="4.7621590">
    <ele>350.6</ele>
   </trkpt>
   <trkpt lat="47.2795780" lon="4.7621830">
    <ele>350.6</ele>
   </trkpt>
   <trkpt lat="47.2794870" lon="4.7622970">
    <ele>350.6</ele>
   </trkpt>
   <trkpt lat="47.2794540" lon="4.7623130">
    <ele>350.4</ele>
   </trkpt>
   <trkpt lat="47.2793720" lon="4.7623050">
    <ele>350.2</ele>
   </trkpt>
   <trkpt lat="47.2792360" lon="4.7623200">
    <ele>351.2</ele>
   </trkpt>
   <trkpt lat="47.2790430" lon="4.7624780">
    <ele>350.2</ele>
   </trkpt>
   <trkpt lat="47.2789600" lon="4.7625650">
    <ele>349.4</ele>
   </trkpt>
   <trkpt lat="47.2789030" lon="4.7626460">
    <ele>349.2</ele>
   </trkpt>
   <trkpt lat="47.2788600" lon="4.7627120">
    <ele>349.2</ele>
   </trkpt>
   <trkpt lat="47.2788480" lon="4.7627410">
    <ele>349.2</ele>
   </trkpt>
   <trkpt lat="47.2787750" lon="4.7627670">
    <ele>349.4</ele>
   </trkpt>
   <trkpt lat="47.2787690" lon="4.7627880">
    <ele>349.6</ele>
   </trkpt>
   <trkpt lat="47.2786970" lon="4.7628660">
    <ele>349.6</ele>
   </trkpt>
   <trkpt lat="47.2786330" lon="4.7628720">
    <ele>349.6</ele>
   </trkpt>
   <trkpt lat="47.2785560" lon="4.7628520">
    <ele>349.8</ele>
   </trkpt>
   <trkpt lat="47.2784980" lon="4.7628350">
    <ele>350.4</ele>
   </trkpt>
   <trkpt lat="47.2784700" lon="4.7628270">
    <ele>350.6</ele>
   </trkpt>
   <trkpt lat="47.2784100" lon="4.7627980">
    <ele>351.6</ele>
   </trkpt>
   <trkpt lat="47.2783930" lon="4.7627920">
    <ele>351.8</ele>
   </trkpt>
   <trkpt lat="47.2783230" lon="4.7627650">
    <ele>352.8</ele>
   </trkpt>
   <trkpt lat="47.2782690" lon="4.7627260">
    <ele>353.8</ele>
   </trkpt>
   <trkpt lat="47.2782150" lon="4.7627130">
    <ele>354.4</ele>
   </trkpt>
   <trkpt lat="47.2781750" lon="4.7627250">
    <ele>354.8</ele>
   </trkpt>
   <trkpt lat="47.2780750" lon="4.7627410">
    <ele>355.4</ele>
   </trkpt>
   <trkpt lat="47.2780350" lon="4.7627390">
    <ele>356.2</ele>
   </trkpt>
   <trkpt lat="47.2779990" lon="4.7627220">
    <ele>356.6</ele>
   </trkpt>
   <trkpt lat="47.2779560" lon="4.7627040">
    <ele>357.4</ele>
   </trkpt>
   <trkpt lat="47.2779030" lon="4.7626710">
    <ele>358.2</ele>
   </trkpt>
   <trkpt lat="47.2778800" lon="4.7626760">
    <ele>358.4</ele>
   </trkpt>
   <trkpt lat="47.2777980" lon="4.7626770">
    <ele>359.4</ele>
   </trkpt>
   <trkpt lat="47.2776910" lon="4.7626460">
    <ele>360.2</ele>
   </trkpt>
   <trkpt lat="47.2776740" lon="4.7626440">
    <ele>360.4</ele>
   </trkpt>
   <trkpt lat="47.2776610" lon="4.7626410">
    <ele>360.6</ele>
   </trkpt>
   <trkpt lat="47.2775710" lon="4.7626440">
    <ele>361.2</ele>
   </trkpt>
   <trkpt lat="47.2775590" lon="4.7626420">
    <ele>361.4</ele>
   </trkpt>
   <trkpt lat="47.2775480" lon="4.7626410">
    <ele>361.6</ele>
   </trkpt>
   <trkpt lat="47.2774560" lon="4.7626180">
    <ele>362.6</ele>
   </trkpt>
   <trkpt lat="47.2774440" lon="4.7626170">
    <ele>362.8</ele>
   </trkpt>
   <trkpt lat="47.2773960" lon="4.7625940">
    <ele>363.8</ele>
   </trkpt>
   <trkpt lat="47.2773820" lon="4.7625780">
    <ele>363.8</ele>
   </trkpt>
   <trkpt lat="47.2773560" lon="4.7625560">
    <ele>364.2</ele>
   </trkpt>
   <trkpt lat="47.2773040" lon="4.7625130">
    <ele>365.2</ele>
   </trkpt>
   <trkpt lat="47.2772730" lon="4.7624770">
    <ele>365.6</ele>
   </trkpt>
   <trkpt lat="47.2772330" lon="4.7624420">
    <ele>366.2</ele>
   </trkpt>
   <trkpt lat="47.2771710" lon="4.7624050">
    <ele>367.2</ele>
   </trkpt>
   <trkpt lat="47.2771550" lon="4.7624010">
    <ele>367.2</ele>
   </trkpt>
   <trkpt lat="47.2771200" lon="4.7623960">
    <ele>367.4</ele>
   </trkpt>
   <trkpt lat="47.2770710" lon="4.7624020">
    <ele>368.0</ele>
   </trkpt>
   <trkpt lat="47.2770470" lon="4.7624020">
    <ele>368.4</ele>
   </trkpt>
   <trkpt lat="47.2770190" lon="4.7623920">
    <ele>369.0</ele>
   </trkpt>
   <trkpt lat="47.2769840" lon="4.7623900">
    <ele>369.4</ele>
   </trkpt>
   <trkpt lat="47.2769770" lon="4.7623920">
    <ele>369.6</ele>
   </trkpt>
   <trkpt lat="47.2768980" lon="4.7623740">
    <ele>370.6</ele>
   </trkpt>
   <trkpt lat="47.2768790" lon="4.7623680">
    <ele>370.8</ele>
   </trkpt>
   <trkpt lat="47.2768240" lon="4.7623650">
    <ele>371.8</ele>
   </trkpt>
   <trkpt lat="47.2767760" lon="4.7623700">
    <ele>372.2</ele>
   </trkpt>
   <trkpt lat="47.2767050" lon="4.7623790">
    <ele>373.0</ele>
   </trkpt>
   <trkpt lat="47.2766440" lon="4.7623760">
    <ele>373.8</ele>
   </trkpt>
   <trkpt lat="47.2766050" lon="4.7623840">
    <ele>374.2</ele>
   </trkpt>
   <trkpt lat="47.2765440" lon="4.7624070">
    <ele>374.6</ele>
   </trkpt>
   <trkpt lat="47.2765010" lon="4.7624280">
    <ele>375.0</ele>
   </trkpt>
   <trkpt lat="47.2764810" lon="4.7624410">
    <ele>375.0</ele>
   </trkpt>
   <trkpt lat="47.2764620" lon="4.7624620">
    <ele>375.2</ele>
   </trkpt>
   <trkpt lat="47.2763900" lon="4.7624900">
    <ele>375.6</ele>
   </trkpt>
   <trkpt lat="47.2763680" lon="4.7624860">
    <ele>375.6</ele>
   </trkpt>
   <trkpt lat="47.2763210" lon="4.7624390">
    <ele>376.4</ele>
   </trkpt>
   <trkpt lat="47.2762760" lon="4.7623720">
    <ele>377.6</ele>
   </trkpt>
   <trkpt lat="47.2762510" lon="4.7623130">
    <ele>378.0</ele>
   </trkpt>
   <trkpt lat="47.2762180" lon="4.7622340">
    <ele>378.8</ele>
   </trkpt>
   <trkpt lat="47.2761700" lon="4.7621660">
    <ele>379.4</ele>
   </trkpt>
   <trkpt lat="47.2761450" lon="4.7621400">
    <ele>379.8</ele>
   </trkpt>
   <trkpt lat="47.2760880" lon="4.7620480">
    <ele>380.6</ele>
   </trkpt>
   <trkpt lat="47.2760770" lon="4.7620290">
    <ele>380.8</ele>
   </trkpt>
   <trkpt lat="47.2760500" lon="4.7619070">
    <ele>381.8</ele>
   </trkpt>
   <trkpt lat="47.2760490" lon="4.7618870">
    <ele>382.0</ele>
   </trkpt>
   <trkpt lat="47.2760240" lon="4.7618080">
    <ele>383.0</ele>
   </trkpt>
   <trkpt lat="47.2759910" lon="4.7617900">
    <ele>383.2</ele>
   </trkpt>
   <trkpt lat="47.2759640" lon="4.7617670">
    <ele>383.6</ele>
   </trkpt>
   <trkpt lat="47.2759130" lon="4.7617000">
    <ele>384.2</ele>
   </trkpt>
   <trkpt lat="47.2759040" lon="4.7616700">
    <ele>384.8</ele>
   </trkpt>
   <trkpt lat="47.2758910" lon="4.7616450">
    <ele>385.4</ele>
   </trkpt>
   <trkpt lat="47.2758300" lon="4.7615650">
    <ele>386.8</ele>
   </trkpt>
   <trkpt lat="47.2758210" lon="4.7615630">
    <ele>386.8</ele>
   </trkpt>
   <trkpt lat="47.2757390" lon="4.7616120">
    <ele>387.4</ele>
   </trkpt>
   <trkpt lat="47.2757230" lon="4.7616180">
    <ele>387.6</ele>
   </trkpt>
   <trkpt lat="47.2757040" lon="4.7616230">
    <ele>387.8</ele>
   </trkpt>
   <trkpt lat="47.2756610" lon="4.7616380">
    <ele>388.2</ele>
   </trkpt>
   <trkpt lat="47.2756230" lon="4.7616520">
    <ele>388.8</ele>
   </trkpt>
   <trkpt lat="47.2756120" lon="4.7616500">
    <ele>389.0</ele>
   </trkpt>
   <trkpt lat="47.2755450" lon="4.7616160">
    <ele>390.4</ele>
   </trkpt>
   <trkpt lat="47.2755190" lon="4.7616040">
    <ele>391.4</ele>
   </trkpt>
   <trkpt lat="47.2754490" lon="4.7615790">
    <ele>392.8</ele>
   </trkpt>
   <trkpt lat="47.2754100" lon="4.7615640">
    <ele>393.8</ele>
   </trkpt>
   <trkpt lat="47.2753970" lon="4.7615530">
    <ele>394.2</ele>
   </trkpt>
   <trkpt lat="47.2753860" lon="4.7615440">
    <ele>394.4</ele>
   </trkpt>
   <trkpt lat="47.2753730" lon="4.7615270">
    <ele>395.0</ele>
   </trkpt>
   <trkpt lat="47.2753650" lon="4.7615270">
    <ele>395.2</ele>
   </trkpt>
   <trkpt lat="47.2753530" lon="4.7615300">
    <ele>395.8</ele>
   </trkpt>
   <trkpt lat="47.2753350" lon="4.7615280">
    <ele>396.0</ele>
   </trkpt>
   <trkpt lat="47.2753160" lon="4.7615200">
    <ele>396.6</ele>
   </trkpt>
   <trkpt lat="47.2752920" lon="4.7615040">
    <ele>397.2</ele>
   </trkpt>
   <trkpt lat="47.2752770" lon="4.7614990">
    <ele>397.6</ele>
   </trkpt>
   <trkpt lat="47.2752540" lon="4.7615040">
    <ele>397.8</ele>
   </trkpt>
   <trkpt lat="47.2752510" lon="4.7615170">
    <ele>398.0</ele>
   </trkpt>
   <trkpt lat="47.2752400" lon="4.7615310">
    <ele>398.2</ele>
   </trkpt>
   <trkpt lat="47.2751720" lon="4.7616320">
    <ele>398.6</ele>
   </trkpt>
   <trkpt lat="47.2751410" lon="4.7616400">
    <ele>398.8</ele>
   </trkpt>
   <trkpt lat="47.2750610" lon="4.7616560">
    <ele>400.0</ele>
   </trkpt>
   <trkpt lat="47.2749960" lon="4.7616600">
    <ele>401.0</ele>
   </trkpt>
   <trkpt lat="47.2749160" lon="4.7617260">
    <ele>401.4</ele>
   </trkpt>
   <trkpt lat="47.2747630" lon="4.7618760">
    <ele>401.4</ele>
   </trkpt>
   <trkpt lat="47.2746550" lon="4.7620280">
    <ele>401.6</ele>
   </trkpt>
   <trkpt lat="47.2746250" lon="4.7620460">
    <ele>401.6</ele>
   </trkpt>
   <trkpt lat="47.2745050" lon="4.7621460">
    <ele>402.2</ele>
   </trkpt>
   <trkpt lat="47.2744610" lon="4.7621970">
    <ele>402.0</ele>
   </trkpt>
   <trkpt lat="47.2742970" lon="4.7623200">
    <ele>401.8</ele>
   </trkpt>
   <trkpt lat="47.2742730" lon="4.7623390">
    <ele>401.8</ele>
   </trkpt>
   <trkpt lat="47.2742300" lon="4.7623720">
    <ele>401.6</ele>
   </trkpt>
   <trkpt lat="47.2741940" lon="4.7624210">
    <ele>401.2</ele>
   </trkpt>
   <trkpt lat="47.2742000" lon="4.7624430">
    <ele>401.2</ele>
   </trkpt>
   <trkpt lat="47.2742130" lon="4.7624770">
    <ele>400.8</ele>
   </trkpt>
   <trkpt lat="47.2742500" lon="4.7625470">
    <ele>399.6</ele>
   </trkpt>
   <trkpt lat="47.2742680" lon="4.7625780">
    <ele>398.8</ele>
   </trkpt>
   <trkpt lat="47.2742840" lon="4.7626110">
    <ele>397.6</ele>
   </trkpt>
   <trkpt lat="47.2743310" lon="4.7626840">
    <ele>396.0</ele>
   </trkpt>
   <trkpt lat="47.2743790" lon="4.7627580">
    <ele>394.8</ele>
   </trkpt>
   <trkpt lat="47.2744080" lon="4.7628510">
    <ele>393.8</ele>
   </trkpt>
   <trkpt lat="47.2744460" lon="4.7629320">
    <ele>392.2</ele>
   </trkpt>
   <trkpt lat="47.2744920" lon="4.7629910">
    <ele>391.2</ele>
   </trkpt>
   <trkpt lat="47.2745170" lon="4.7631270">
    <ele>389.8</ele>
   </trkpt>
   <trkpt lat="47.2744310" lon="4.7631560">
    <ele>389.4</ele>
   </trkpt>
   <trkpt lat="47.2742990" lon="4.7631150">
    <ele>389.8</ele>
   </trkpt>
   <trkpt lat="47.2742200" lon="4.7631030">
    <ele>390.2</ele>
   </trkpt>
   <trkpt lat="47.2741620" lon="4.7630590">
    <ele>390.8</ele>
   </trkpt>
   <trkpt lat="47.2741360" lon="4.7630440">
    <ele>391.2</ele>
   </trkpt>
   <trkpt lat="47.2740680" lon="4.7630260">
    <ele>391.8</ele>
   </trkpt>
   <trkpt lat="47.2740220" lon="4.7630280">
    <ele>392.4</ele>
   </trkpt>
   <trkpt lat="47.2739240" lon="4.7630000">
    <ele>393.4</ele>
   </trkpt>
   <trkpt lat="47.2738950" lon="4.7629960">
    <ele>393.8</ele>
   </trkpt>
   <trkpt lat="47.2738380" lon="4.7629850">
    <ele>394.4</ele>
   </trkpt>
   <trkpt lat="47.2738130" lon="4.7629840">
    <ele>394.6</ele>
   </trkpt>
   <trkpt lat="47.2737510" lon="4.7629810">
    <ele>395.4</ele>
   </trkpt>
   <trkpt lat="47.2737290" lon="4.7629880">
    <ele>395.8</ele>
   </trkpt>
   <trkpt lat="47.2736600" lon="4.7629910">
    <ele>396.6</ele>
   </trkpt>
   <trkpt lat="47.2736410" lon="4.7629800">
    <ele>396.8</ele>
   </trkpt>
   <trkpt lat="47.2735610" lon="4.7629560">
    <ele>398.0</ele>
   </trkpt>
   <trkpt lat="47.2735340" lon="4.7629470">
    <ele>398.2</ele>
   </trkpt>
   <trkpt lat="47.2734320" lon="4.7629040">
    <ele>399.0</ele>
   </trkpt>
   <trkpt lat="47.2733780" lon="4.7628770">
    <ele>399.6</ele>
   </trkpt>
   <trkpt lat="47.2732910" lon="4.7628330">
    <ele>400.0</ele>
   </trkpt>
   <trkpt lat="47.2732250" lon="4.7627880">
    <ele>400.6</ele>
   </trkpt>
   <trkpt lat="47.2731420" lon="4.7627650">
    <ele>401.0</ele>
   </trkpt>
   <trkpt lat="47.2730020" lon="4.7627160">
    <ele>401.8</ele>
   </trkpt>
   <trkpt lat="47.2729630" lon="4.7627130">
    <ele>402.2</ele>
   </trkpt>
   <trkpt lat="47.2728580" lon="4.7626960">
    <ele>403.0</ele>
   </trkpt>
   <trkpt lat="47.2728380" lon="4.7626940">
    <ele>403.0</ele>
   </trkpt>
   <trkpt lat="47.2728190" lon="4.7626810">
    <ele>403.2</ele>
   </trkpt>
   <trkpt lat="47.2727130" lon="4.7626170">
    <ele>403.8</ele>
   </trkpt>
   <trkpt lat="47.2726720" lon="4.7625990">
    <ele>404.2</ele>
   </trkpt>
   <trkpt lat="47.2726120" lon="4.7624770">
    <ele>405.2</ele>
   </trkpt>
   <trkpt lat="47.2726050" lon="4.7624640">
    <ele>405.2</ele>
   </trkpt>
   <trkpt lat="47.2725010" lon="4.7622940">
    <ele>406.4</ele>
   </trkpt>
   <trkpt lat="47.2724990" lon="4.7622300">
    <ele>406.8</ele>
   </trkpt>
   <trkpt lat="47.2724900" lon="4.7621880">
    <ele>407.4</ele>
   </trkpt>
   <trkpt lat="47.2724760" lon="4.7621720">
    <ele>407.6</ele>
   </trkpt>
   <trkpt lat="47.2724580" lon="4.7621420">
    <ele>408.2</ele>
   </trkpt>
   <trkpt lat="47.2724390" lon="4.7620970">
    <ele>408.4</ele>
   </trkpt>
   <trkpt lat="47.2724250" lon="4.7620690">
    <ele>408.6</ele>
   </trkpt>
   <trkpt lat="47.2723930" lon="4.7620150">
    <ele>409.2</ele>
   </trkpt>
   <trkpt lat="47.2723660" lon="4.7619710">
    <ele>409.8</ele>
   </trkpt>
   <trkpt lat="47.2723180" lon="4.7618750">
    <ele>410.8</ele>
   </trkpt>
   <trkpt lat="47.2723020" lon="4.7618470">
    <ele>411.0</ele>
   </trkpt>
   <trkpt lat="47.2722060" lon="4.7617000">
    <ele>412.2</ele>
   </trkpt>
   <trkpt lat="47.2721630" lon="4.7615960">
    <ele>413.2</ele>
   </trkpt>
   <trkpt lat="47.2721300" lon="4.7616070">
    <ele>413.2</ele>
   </trkpt>
   <trkpt lat="47.2720660" lon="4.7617040">
    <ele>412.2</ele>
   </trkpt>
   <trkpt lat="47.2720680" lon="4.7617400">
    <ele>411.8</ele>
   </trkpt>
   <trkpt lat="47.2720890" lon="4.7618160">
    <ele>411.0</ele>
   </trkpt>
   <trkpt lat="47.2721100" lon="4.7619090">
    <ele>410.2</ele>
   </trkpt>
   <trkpt lat="47.2721190" lon="4.7619600">
    <ele>409.6</ele>
   </trkpt>
   <trkpt lat="47.2721320" lon="4.7621130">
    <ele>408.6</ele>
   </trkpt>
   <trkpt lat="47.2720950" lon="4.7622030">
    <ele>407.4</ele>
   </trkpt>
   <trkpt lat="47.2720380" lon="4.7622130">
    <ele>406.8</ele>
   </trkpt>
   <trkpt lat="47.2719570" lon="4.7622370">
    <ele>406.4</ele>
   </trkpt>
   <trkpt lat="47.2719250" lon="4.7622390">
    <ele>406.2</ele>
   </trkpt>
   <trkpt lat="47.2717710" lon="4.7621860">
    <ele>405.8</ele>
   </trkpt>
   <trkpt lat="47.2717420" lon="4.7621600">
    <ele>405.8</ele>
   </trkpt>
   <trkpt lat="47.2715640" lon="4.7621040">
    <ele>405.6</ele>
   </trkpt>
   <trkpt lat="47.2715180" lon="4.7621460">
    <ele>405.0</ele>
   </trkpt>
   <trkpt lat="47.2715060" lon="4.7622310">
    <ele>404.6</ele>
   </trkpt>
   <trkpt lat="47.2715040" lon="4.7622750">
    <ele>403.8</ele>
   </trkpt>
   <trkpt lat="47.2714800" lon="4.7623350">
    <ele>402.6</ele>
   </trkpt>
   <trkpt lat="47.2714440" lon="4.7623530">
    <ele>402.0</ele>
   </trkpt>
   <trkpt lat="47.2714190" lon="4.7623760">
    <ele>401.6</ele>
   </trkpt>
   <trkpt lat="47.2713950" lon="4.7624370">
    <ele>400.4</ele>
   </trkpt>
   <trkpt lat="47.2713870" lon="4.7624700">
    <ele>400.0</ele>
   </trkpt>
   <trkpt lat="47.2713790" lon="4.7625360">
    <ele>398.8</ele>
   </trkpt>
   <trkpt lat="47.2714170" lon="4.7625710">
    <ele>398.4</ele>
   </trkpt>
   <trkpt lat="47.2714560" lon="4.7626400">
    <ele>397.8</ele>
   </trkpt>
   <trkpt lat="47.2714510" lon="4.7627530">
    <ele>397.2</ele>
   </trkpt>
   <trkpt lat="47.2714370" lon="4.7627820">
    <ele>396.8</ele>
   </trkpt>
   <trkpt lat="47.2713640" lon="4.7628500">
    <ele>395.4</ele>
   </trkpt>
   <trkpt lat="47.2713110" lon="4.7628870">
    <ele>394.4</ele>
   </trkpt>
   <trkpt lat="47.2712930" lon="4.7629070">
    <ele>393.4</ele>
   </trkpt>
   <trkpt lat="47.2712760" lon="4.7629380">
    <ele>392.0</ele>
   </trkpt>
   <trkpt lat="47.2712450" lon="4.7630240">
    <ele>390.2</ele>
   </trkpt>
   <trkpt lat="47.2712210" lon="4.7630670">
    <ele>389.0</ele>
   </trkpt>
   <trkpt lat="47.2711680" lon="4.7631360">
    <ele>387.4</ele>
   </trkpt>
   <trkpt lat="47.2710790" lon="4.7631910">
    <ele>386.2</ele>
   </trkpt>
   <trkpt lat="47.2709770" lon="4.7631970">
    <ele>387.0</ele>
   </trkpt>
   <trkpt lat="47.2709630" lon="4.7631790">
    <ele>387.2</ele>
   </trkpt>
   <trkpt lat="47.2709520" lon="4.7631600">
    <ele>387.6</ele>
   </trkpt>
   <trkpt lat="47.2709480" lon="4.7630820">
    <ele>388.6</ele>
   </trkpt>
   <trkpt lat="47.2709250" lon="4.7630180">
    <ele>389.6</ele>
   </trkpt>
   <trkpt lat="47.2709060" lon="4.7630110">
    <ele>389.8</ele>
   </trkpt>
   <trkpt lat="47.2707690" lon="4.7628610">
    <ele>389.4</ele>
   </trkpt>
   <trkpt lat="47.2707130" lon="4.7628250">
    <ele>388.6</ele>
   </trkpt>
   <trkpt lat="47.2706650" lon="4.7628030">
    <ele>388.0</ele>
   </trkpt>
   <trkpt lat="47.2706470" lon="4.7628120">
    <ele>387.8</ele>
   </trkpt>
   <trkpt lat="47.2706300" lon="4.7628230">
    <ele>387.2</ele>
   </trkpt>
   <trkpt lat="47.2705570" lon="4.7628630">
    <ele>385.6</ele>
   </trkpt>
   <trkpt lat="47.2705180" lon="4.7629040">
    <ele>383.6</ele>
   </trkpt>
   <trkpt lat="47.2705070" lon="4.7629380">
    <ele>383.0</ele>
   </trkpt>
   <trkpt lat="47.2704980" lon="4.7629670">
    <ele>382.2</ele>
   </trkpt>
   <trkpt lat="47.2704830" lon="4.7630340">
    <ele>380.6</ele>
   </trkpt>
   <trkpt lat="47.2704460" lon="4.7631110">
    <ele>379.2</ele>
   </trkpt>
   <trkpt lat="47.2704150" lon="4.7631550">
    <ele>377.6</ele>
   </trkpt>
   <trkpt lat="47.2703970" lon="4.7631460">
    <ele>376.8</ele>
   </trkpt>
   <trkpt lat="47.2703800" lon="4.7631130">
    <ele>375.6</ele>
   </trkpt>
   <trkpt lat="47.2703330" lon="4.7630320">
    <ele>374.2</ele>
   </trkpt>
   <trkpt lat="47.2702750" lon="4.7628250">
    <ele>373.0</ele>
   </trkpt>
   <trkpt lat="47.2702680" lon="4.7627670">
    <ele>372.8</ele>
   </trkpt>
   <trkpt lat="47.2701980" lon="4.7625760">
    <ele>372.0</ele>
   </trkpt>
   <trkpt lat="47.2701500" lon="4.7624610">
    <ele>371.0</ele>
   </trkpt>
   <trkpt lat="47.2701220" lon="4.7624340">
    <ele>370.8</ele>
   </trkpt>
   <trkpt lat="47.2699880" lon="4.7622470">
    <ele>371.2</ele>
   </trkpt>
   <trkpt lat="47.2699440" lon="4.7621350">
    <ele>372.0</ele>
   </trkpt>
   <trkpt lat="47.2699310" lon="4.7621090">
    <ele>372.2</ele>
   </trkpt>
   <trkpt lat="47.2699380" lon="4.7620740">
    <ele>372.6</ele>
   </trkpt>
   <trkpt lat="47.2699080" lon="4.7620140">
    <ele>373.0</ele>
   </trkpt>
   <trkpt lat="47.2698980" lon="4.7619780">
    <ele>373.4</ele>
   </trkpt>
   <trkpt lat="47.2698830" lon="4.7619150">
    <ele>373.8</ele>
   </trkpt>
   <trkpt lat="47.2698830" lon="4.7618700">
    <ele>374.2</ele>
   </trkpt>
   <trkpt lat="47.2698530" lon="4.7617620">
    <ele>375.0</ele>
   </trkpt>
   <trkpt lat="47.2698540" lon="4.7617330">
    <ele>375.2</ele>
   </trkpt>
   <trkpt lat="47.2697450" lon="4.7615700">
    <ele>376.0</ele>
   </trkpt>
   <trkpt lat="47.2697360" lon="4.7615520">
    <ele>376.2</ele>
   </trkpt>
   <trkpt lat="47.2696980" lon="4.7614350">
    <ele>377.4</ele>
   </trkpt>
   <trkpt lat="47.2696710" lon="4.7613580">
    <ele>377.8</ele>
   </trkpt>
   <trkpt lat="47.2696160" lon="4.7612770">
    <ele>378.4</ele>
   </trkpt>
   <trkpt lat="47.2695590" lon="4.7611470">
    <ele>379.4</ele>
   </trkpt>
   <trkpt lat="47.2694620" lon="4.7610480">
    <ele>380.6</ele>
   </trkpt>
   <trkpt lat="47.2694390" lon="4.7609880">
    <ele>381.2</ele>
   </trkpt>
   <trkpt lat="47.2694360" lon="4.7609820">
    <ele>381.8</ele>
   </trkpt>
   <trkpt lat="47.2694270" lon="4.7609610">
    <ele>382.2</ele>
   </trkpt>
   <trkpt lat="47.2693810" lon="4.7608900">
    <ele>382.8</ele>
   </trkpt>
   <trkpt lat="47.2693340" lon="4.7608100">
    <ele>383.4</ele>
   </trkpt>
   <trkpt lat="47.2693160" lon="4.7607320">
    <ele>383.8</ele>
   </trkpt>
   <trkpt lat="47.2692960" lon="4.7606730">
    <ele>384.6</ele>
   </trkpt>
   <trkpt lat="47.2692910" lon="4.7606610">
    <ele>385.0</ele>
   </trkpt>
   <trkpt lat="47.2692530" lon="4.7605630">
    <ele>385.6</ele>
   </trkpt>
   <trkpt lat="47.2692130" lon="4.7605440">
    <ele>386.0</ele>
   </trkpt>
   <trkpt lat="47.2691860" lon="4.7604670">
    <ele>387.0</ele>
   </trkpt>
   <trkpt lat="47.2691670" lon="4.7603930">
    <ele>387.8</ele>
   </trkpt>
   <trkpt lat="47.2691380" lon="4.7603400">
    <ele>388.2</ele>
   </trkpt>
   <trkpt lat="47.2691080" lon="4.7602370">
    <ele>389.0</ele>
   </trkpt>
   <trkpt lat="47.2691040" lon="4.7602160">
    <ele>389.4</ele>
   </trkpt>
   <trkpt lat="47.2690900" lon="4.7601650">
    <ele>389.8</ele>
   </trkpt>
   <trkpt lat="47.2690700" lon="4.7601240">
    <ele>390.2</ele>
   </trkpt>
   <trkpt lat="47.2690580" lon="4.7601170">
    <ele>390.4</ele>
   </trkpt>
   <trkpt lat="47.2690470" lon="4.7600670">
    <ele>391.0</ele>
   </trkpt>
   <trkpt lat="47.2690470" lon="4.7600430">
    <ele>391.4</ele>
   </trkpt>
   <trkpt lat="47.2690270" lon="4.7599430">
    <ele>392.6</ele>
   </trkpt>
   <trkpt lat="47.2690270" lon="4.7598920">
    <ele>393.2</ele>
   </trkpt>
   <trkpt lat="47.2690420" lon="4.7598440">
    <ele>393.6</ele>
   </trkpt>
   <trkpt lat="47.2690530" lon="4.7598030">
    <ele>394.2</ele>
   </trkpt>
   <trkpt lat="47.2690420" lon="4.7597720">
    <ele>394.6</ele>
   </trkpt>
   <trkpt lat="47.2690680" lon="4.7596720">
    <ele>395.8</ele>
   </trkpt>
   <trkpt lat="47.2690910" lon="4.7595810">
    <ele>396.8</ele>
   </trkpt>
   <trkpt lat="47.2690980" lon="4.7595590">
    <ele>397.0</ele>
   </trkpt>
   <trkpt lat="47.2690950" lon="4.7595350">
    <ele>397.4</ele>
   </trkpt>
   <trkpt lat="47.2691050" lon="4.7594800">
    <ele>398.0</ele>
   </trkpt>
   <trkpt lat="47.2691100" lon="4.7594310">
    <ele>398.2</ele>
   </trkpt>
   <trkpt lat="47.2691230" lon="4.7594090">
    <ele>398.8</ele>
   </trkpt>
   <trkpt lat="47.2691310" lon="4.7593860">
    <ele>399.0</ele>
   </trkpt>
   <trkpt lat="47.2691920" lon="4.7593210">
    <ele>400.2</ele>
   </trkpt>
   <trkpt lat="47.2692060" lon="4.7593160">
    <ele>400.4</ele>
   </trkpt>
   <trkpt lat="47.2692800" lon="4.7592490">
    <ele>401.2</ele>
   </trkpt>
   <trkpt lat="47.2692900" lon="4.7592270">
    <ele>401.4</ele>
   </trkpt>
   <trkpt lat="47.2693050" lon="4.7591780">
    <ele>401.8</ele>
   </trkpt>
   <trkpt lat="47.2693270" lon="4.7591530">
    <ele>402.2</ele>
   </trkpt>
   <trkpt lat="47.2693670" lon="4.7590830">
    <ele>403.2</ele>
   </trkpt>
   <trkpt lat="47.2693740" lon="4.7590680">
    <ele>403.6</ele>
   </trkpt>
   <trkpt lat="47.2693780" lon="4.7590520">
    <ele>403.6</ele>
   </trkpt>
   <trkpt lat="47.2694280" lon="4.7589610">
    <ele>404.4</ele>
   </trkpt>
   <trkpt lat="47.2694440" lon="4.7589390">
    <ele>404.8</ele>
   </trkpt>
   <trkpt lat="47.2694830" lon="4.7588900">
    <ele>405.6</ele>
   </trkpt>
   <trkpt lat="47.2695130" lon="4.7588870">
    <ele>406.0</ele>
   </trkpt>
   <trkpt lat="47.2695520" lon="4.7588540">
    <ele>406.6</ele>
   </trkpt>
   <trkpt lat="47.2695680" lon="4.7588480">
    <ele>407.0</ele>
   </trkpt>
   <trkpt lat="47.2696180" lon="4.7588230">
    <ele>407.8</ele>
   </trkpt>
   <trkpt lat="47.2697010" lon="4.7587600">
    <ele>408.8</ele>
   </trkpt>
   <trkpt lat="47.2697130" lon="4.7587520">
    <ele>409.0</ele>
   </trkpt>
   <trkpt lat="47.2697860" lon="4.7586730">
    <ele>410.2</ele>
   </trkpt>
   <trkpt lat="47.2698180" lon="4.7586700">
    <ele>410.6</ele>
   </trkpt>
   <trkpt lat="47.2698640" lon="4.7586220">
    <ele>411.2</ele>
   </trkpt>
   <trkpt lat="47.2699160" lon="4.7585860">
    <ele>412.4</ele>
   </trkpt>
   <trkpt lat="47.2699290" lon="4.7585830">
    <ele>412.4</ele>
   </trkpt>
   <trkpt lat="47.2699800" lon="4.7585510">
    <ele>413.6</ele>
   </trkpt>
   <trkpt lat="47.2699950" lon="4.7585450">
    <ele>413.8</ele>
   </trkpt>
   <trkpt lat="47.2700080" lon="4.7585400">
    <ele>414.0</ele>
   </trkpt>
   <trkpt lat="47.2700190" lon="4.7585250">
    <ele>414.2</ele>
   </trkpt>
   <trkpt lat="47.2700290" lon="4.7585050">
    <ele>414.8</ele>
   </trkpt>
   <trkpt lat="47.2700320" lon="4.7584960">
    <ele>415.0</ele>
   </trkpt>
   <trkpt lat="47.2700620" lon="4.7584530">
    <ele>415.8</ele>
   </trkpt>
   <trkpt lat="47.2700940" lon="4.7584030">
    <ele>416.8</ele>
   </trkpt>
   <trkpt lat="47.2701050" lon="4.7583910">
    <ele>417.0</ele>
   </trkpt>
   <trkpt lat="47.2701340" lon="4.7583520">
    <ele>417.4</ele>
   </trkpt>
   <trkpt lat="47.2701820" lon="4.7583550">
    <ele>418.0</ele>
   </trkpt>
   <trkpt lat="47.2702220" lon="4.7583530">
    <ele>418.6</ele>
   </trkpt>
   <trkpt lat="47.2702440" lon="4.7583440">
    <ele>419.2</ele>
   </trkpt>
   <trkpt lat="47.2702930" lon="4.7583340">
    <ele>420.2</ele>
   </trkpt>
   <trkpt lat="47.2703270" lon="4.7583380">
    <ele>420.8</ele>
   </trkpt>
   <trkpt lat="47.2703250" lon="4.7583320">
    <ele>421.2</ele>
   </trkpt>
   <trkpt lat="47.2703620" lon="4.7583270">
    <ele>422.0</ele>
   </trkpt>
   <trkpt lat="47.2703680" lon="4.7583160">
    <ele>422.2</ele>
   </trkpt>
   <trkpt lat="47.2703730" lon="4.7583080">
    <ele>422.4</ele>
   </trkpt>
   <trkpt lat="47.2704420" lon="4.7582760">
    <ele>423.6</ele>
   </trkpt>
   <trkpt lat="47.2704690" lon="4.7582650">
    <ele>424.0</ele>
   </trkpt>
   <trkpt lat="47.2704960" lon="4.7582180">
    <ele>424.6</ele>
   </trkpt>
   <trkpt lat="47.2705350" lon="4.7582070">
    <ele>425.4</ele>
   </trkpt>
   <trkpt lat="47.2705460" lon="4.7582000">
    <ele>425.6</ele>
   </trkpt>
   <trkpt lat="47.2705710" lon="4.7581820">
    <ele>426.6</ele>
   </trkpt>
   <trkpt lat="47.2706030" lon="4.7581870">
    <ele>427.0</ele>
   </trkpt>
   <trkpt lat="47.2706310" lon="4.7581900">
    <ele>427.4</ele>
   </trkpt>
   <trkpt lat="47.2706500" lon="4.7581850">
    <ele>427.6</ele>
   </trkpt>
   <trkpt lat="47.2707010" lon="4.7581540">
    <ele>428.2</ele>
   </trkpt>
   <trkpt lat="47.2707350" lon="4.7581520">
    <ele>428.8</ele>
   </trkpt>
   <trkpt lat="47.2707980" lon="4.7581070">
    <ele>429.6</ele>
   </trkpt>
   <trkpt lat="47.2708040" lon="4.7581030">
    <ele>429.8</ele>
   </trkpt>
   <trkpt lat="47.2708200" lon="4.7581080">
    <ele>429.8</ele>
   </trkpt>
   <trkpt lat="47.2709300" lon="4.7580820">
    <ele>430.0</ele>
   </trkpt>
   <trkpt lat="47.2710060" lon="4.7581040">
    <ele>430.4</ele>
   </trkpt>
   <trkpt lat="47.2711300" lon="4.7581110">
    <ele>430.8</ele>
   </trkpt>
   <trkpt lat="47.2711830" lon="4.7581160">
    <ele>431.0</ele>
   </trkpt>
   <trkpt lat="47.2713050" lon="4.7581010">
    <ele>432.0</ele>
   </trkpt>
   <trkpt lat="47.2713510" lon="4.7581130">
    <ele>432.4</ele>
   </trkpt>
   <trkpt lat="47.2714740" lon="4.7581040">
    <ele>433.2</ele>
   </trkpt>
   <trkpt lat="47.2714940" lon="4.7581090">
    <ele>433.4</ele>
   </trkpt>
   <trkpt lat="47.2716210" lon="4.7581150">
    <ele>434.2</ele>
   </trkpt>
   <trkpt lat="47.2716430" lon="4.7581040">
    <ele>434.6</ele>
   </trkpt>
   <trkpt lat="47.2717270" lon="4.7580910">
    <ele>435.2</ele>
   </trkpt>
   <trkpt lat="47.2717670" lon="4.7580630">
    <ele>435.6</ele>
   </trkpt>
   <trkpt lat="47.2718670" lon="4.7580310">
    <ele>436.6</ele>
   </trkpt>
   <trkpt lat="47.2719090" lon="4.7580310">
    <ele>436.6</ele>
   </trkpt>
   <trkpt lat="47.2719930" lon="4.7580210">
    <ele>437.8</ele>
   </trkpt>
   <trkpt lat="47.2720150" lon="4.7580310">
    <ele>438.0</ele>
   </trkpt>
   <trkpt lat="47.2720920" lon="4.7580230">
    <ele>438.6</ele>
   </trkpt>
   <trkpt lat="47.2721240" lon="4.7580120">
    <ele>439.0</ele>
   </trkpt>
   <trkpt lat="47.2721700" lon="4.7579850">
    <ele>439.4</ele>
   </trkpt>
   <trkpt lat="47.2722150" lon="4.7579590">
    <ele>440.2</ele>
   </trkpt>
   <trkpt lat="47.2723000" lon="4.7579290">
    <ele>441.0</ele>
   </trkpt>
   <trkpt lat="47.2723330" lon="4.7579190">
    <ele>441.2</ele>
   </trkpt>
   <trkpt lat="47.2723960" lon="4.7578910">
    <ele>442.0</ele>
   </trkpt>
   <trkpt lat="47.2724170" lon="4.7578740">
    <ele>442.2</ele>
   </trkpt>
   <trkpt lat="47.2724260" lon="4.7578530">
    <ele>442.2</ele>
   </trkpt>
   <trkpt lat="47.2724630" lon="4.7577650">
    <ele>442.4</ele>
   </trkpt>
   <trkpt lat="47.2725020" lon="4.7575460">
    <ele>443.2</ele>
   </trkpt>
   <trkpt lat="47.2725380" lon="4.7575350">
    <ele>443.4</ele>
   </trkpt>
   <trkpt lat="47.2725820" lon="4.7575340">
    <ele>444.0</ele>
   </trkpt>
   <trkpt lat="47.2726410" lon="4.7575070">
    <ele>444.2</ele>
   </trkpt>
   <trkpt lat="47.2726790" lon="4.7575090">
    <ele>444.6</ele>
   </trkpt>
   <trkpt lat="47.2728650" lon="4.7575790">
    <ele>445.2</ele>
   </trkpt>
   <trkpt lat="47.2728840" lon="4.7576730">
    <ele>445.6</ele>
   </trkpt>
   <trkpt lat="47.2729240" lon="4.7577240">
    <ele>445.8</ele>
   </trkpt>
   <trkpt lat="47.2729770" lon="4.7577130">
    <ele>446.2</ele>
   </trkpt>
   <trkpt lat="47.2729870" lon="4.7576990">
    <ele>446.4</ele>
   </trkpt>
   <trkpt lat="47.2729970" lon="4.7576770">
    <ele>446.6</ele>
   </trkpt>
   <trkpt lat="47.2730000" lon="4.7576570">
    <ele>446.6</ele>
   </trkpt>
   <trkpt lat="47.2730180" lon="4.7574600">
    <ele>447.4</ele>
   </trkpt>
   <trkpt lat="47.2730440" lon="4.7574200">
    <ele>447.8</ele>
   </trkpt>
   <trkpt lat="47.2730240" lon="4.7573240">
    <ele>448.4</ele>
   </trkpt>
   <trkpt lat="47.2729990" lon="4.7572500">
    <ele>448.8</ele>
   </trkpt>
   <trkpt lat="47.2729310" lon="4.7570560">
    <ele>449.8</ele>
   </trkpt>
   <trkpt lat="47.2729160" lon="4.7570180">
    <ele>450.0</ele>
   </trkpt>
   <trkpt lat="47.2728620" lon="4.7568400">
    <ele>451.2</ele>
   </trkpt>
   <trkpt lat="47.2728160" lon="4.7566990">
    <ele>452.2</ele>
   </trkpt>
   <trkpt lat="47.2728020" lon="4.7566480">
    <ele>452.8</ele>
   </trkpt>
   <trkpt lat="47.2727960" lon="4.7566280">
    <ele>453.4</ele>
   </trkpt>
   <trkpt lat="47.2727770" lon="4.7565240">
    <ele>454.0</ele>
   </trkpt>
   <trkpt lat="47.2727640" lon="4.7564780">
    <ele>454.4</ele>
   </trkpt>
   <trkpt lat="47.2727330" lon="4.7563500">
    <ele>455.4</ele>
   </trkpt>
   <trkpt lat="47.2727380" lon="4.7563240">
    <ele>455.6</ele>
   </trkpt>
   <trkpt lat="47.2727300" lon="4.7562250">
    <ele>456.8</ele>
   </trkpt>
   <trkpt lat="47.2727090" lon="4.7561520">
    <ele>457.6</ele>
   </trkpt>
   <trkpt lat="47.2727000" lon="4.7561360">
    <ele>457.8</ele>
   </trkpt>
   <trkpt lat="47.2726700" lon="4.7560100">
    <ele>458.8</ele>
   </trkpt>
   <trkpt lat="47.2726770" lon="4.7559570">
    <ele>459.2</ele>
   </trkpt>
   <trkpt lat="47.2726810" lon="4.7558420">
    <ele>460.0</ele>
   </trkpt>
   <trkpt lat="47.2726680" lon="4.7557950">
    <ele>460.6</ele>
   </trkpt>
   <trkpt lat="47.2726500" lon="4.7557130">
    <ele>461.2</ele>
   </trkpt>
   <trkpt lat="47.2726390" lon="4.7556470">
    <ele>462.2</ele>
   </trkpt>
   <trkpt lat="47.2726330" lon="4.7556040">
    <ele>463.2</ele>
   </trkpt>
   <trkpt lat="47.2726290" lon="4.7555920">
    <ele>463.4</ele>
   </trkpt>
   <trkpt lat="47.2725860" lon="4.7555270">
    <ele>463.8</ele>
   </trkpt>
   <trkpt lat="47.2725740" lon="4.7555080">
    <ele>464.2</ele>
   </trkpt>
   <trkpt lat="47.2725520" lon="4.7554720">
    <ele>464.4</ele>
   </trkpt>
   <trkpt lat="47.2725260" lon="4.7554330">
    <ele>464.4</ele>
   </trkpt>
   <trkpt lat="47.2724950" lon="4.7553730">
    <ele>465.4</ele>
   </trkpt>
   <trkpt lat="47.2724900" lon="4.7553360">
    <ele>465.8</ele>
   </trkpt>
   <trkpt lat="47.2724830" lon="4.7552890">
    <ele>466.2</ele>
   </trkpt>
   <trkpt lat="47.2724940" lon="4.7552560">
    <ele>466.6</ele>
   </trkpt>
   <trkpt lat="47.2724960" lon="4.7552160">
    <ele>467.8</ele>
   </trkpt>
   <trkpt lat="47.2724930" lon="4.7551970">
    <ele>468.4</ele>
   </trkpt>
   <trkpt lat="47.2724870" lon="4.7551810">
    <ele>469.0</ele>
   </trkpt>
   <trkpt lat="47.2724540" lon="4.7551400">
    <ele>470.0</ele>
   </trkpt>
   <trkpt lat="47.2724200" lon="4.7551120">
    <ele>471.0</ele>
   </trkpt>
   <trkpt lat="47.2724080" lon="4.7550720">
    <ele>472.2</ele>
   </trkpt>
   <trkpt lat="47.2724100" lon="4.7550310">
    <ele>473.4</ele>
   </trkpt>
   <trkpt lat="47.2724100" lon="4.7549980">
    <ele>474.0</ele>
   </trkpt>
   <trkpt lat="47.2724150" lon="4.7549810">
    <ele>474.4</ele>
   </trkpt>
   <trkpt lat="47.2724170" lon="4.7549240">
    <ele>475.6</ele>
   </trkpt>
   <trkpt lat="47.2724160" lon="4.7549190">
    <ele>475.8</ele>
   </trkpt>
   <trkpt lat="47.2724120" lon="4.7548890">
    <ele>476.6</ele>
   </trkpt>
   <trkpt lat="47.2723900" lon="4.7548800">
    <ele>477.4</ele>
   </trkpt>
   <trkpt lat="47.2723900" lon="4.7548660">
    <ele>477.6</ele>
   </trkpt>
   <trkpt lat="47.2723920" lon="4.7548440">
    <ele>478.8</ele>
   </trkpt>
   <trkpt lat="47.2723900" lon="4.7548400">
    <ele>479.0</ele>
   </trkpt>
   <trkpt lat="47.2723970" lon="4.7548130">
    <ele>479.8</ele>
   </trkpt>
   <trkpt lat="47.2724040" lon="4.7548070">
    <ele>480.4</ele>
   </trkpt>
   <trkpt lat="47.2724080" lon="4.7547970">
    <ele>481.0</ele>
   </trkpt>
   <trkpt lat="47.2724030" lon="4.7547590">
    <ele>481.8</ele>
   </trkpt>
   <trkpt lat="47.2724080" lon="4.7547320">
    <ele>482.2</ele>
   </trkpt>
   <trkpt lat="47.2724060" lon="4.7546870">
    <ele>482.6</ele>
   </trkpt>
   <trkpt lat="47.2724060" lon="4.7546760">
    <ele>483.2</ele>
   </trkpt>
   <trkpt lat="47.2723890" lon="4.7546200">
    <ele>484.4</ele>
   </trkpt>
   <trkpt lat="47.2723730" lon="4.7545750">
    <ele>485.6</ele>
   </trkpt>
   <trkpt lat="47.2723700" lon="4.7545310">
    <ele>486.6</ele>
   </trkpt>
   <trkpt lat="47.2723590" lon="4.7544850">
    <ele>487.6</ele>
   </trkpt>
   <trkpt lat="47.2723560" lon="4.7544740">
    <ele>487.8</ele>
   </trkpt>
   <trkpt lat="47.2723210" lon="4.7544260">
    <ele>488.6</ele>
   </trkpt>
   <trkpt lat="47.2723290" lon="4.7543990">
    <ele>489.8</ele>
   </trkpt>
   <trkpt lat="47.2723240" lon="4.7543580">
    <ele>491.0</ele>
   </trkpt>
   <trkpt lat="47.2723200" lon="4.7543470">
    <ele>491.6</ele>
   </trkpt>
   <trkpt lat="47.2723170" lon="4.7543130">
    <ele>492.4</ele>
   </trkpt>
   <trkpt lat="47.2723120" lon="4.7542940">
    <ele>492.8</ele>
   </trkpt>
   <trkpt lat="47.2723120" lon="4.7542630">
    <ele>493.4</ele>
   </trkpt>
   <trkpt lat="47.2723060" lon="4.7542300">
    <ele>494.2</ele>
   </trkpt>
   <trkpt lat="47.2723040" lon="4.7542160">
    <ele>494.8</ele>
   </trkpt>
   <trkpt lat="47.2722900" lon="4.7541940">
    <ele>495.8</ele>
   </trkpt>
   <trkpt lat="47.2722800" lon="4.7541860">
    <ele>496.0</ele>
   </trkpt>
   <trkpt lat="47.2722460" lon="4.7541440">
    <ele>497.2</ele>
   </trkpt>
   <trkpt lat="47.2722320" lon="4.7540940">
    <ele>498.0</ele>
   </trkpt>
   <trkpt lat="47.2722210" lon="4.7540850">
    <ele>498.4</ele>
   </trkpt>
   <trkpt lat="47.2721730" lon="4.7540740">
    <ele>499.2</ele>
   </trkpt>
   <trkpt lat="47.2721380" lon="4.7540910">
    <ele>499.4</ele>
   </trkpt>
   <trkpt lat="47.2720890" lon="4.7540950">
    <ele>500.0</ele>
   </trkpt>
   <trkpt lat="47.2720340" lon="4.7540860">
    <ele>500.6</ele>
   </trkpt>
   <trkpt lat="47.2720030" lon="4.7540710">
    <ele>501.0</ele>
   </trkpt>
   <trkpt lat="47.2719670" lon="4.7540610">
    <ele>501.6</ele>
   </trkpt>
   <trkpt lat="47.2719180" lon="4.7540320">
    <ele>502.4</ele>
   </trkpt>
   <trkpt lat="47.2718870" lon="4.7540120">
    <ele>502.8</ele>
   </trkpt>
   <trkpt lat="47.2718180" lon="4.7539640">
    <ele>503.8</ele>
   </trkpt>
   <trkpt lat="47.2717560" lon="4.7538890">
    <ele>504.8</ele>
   </trkpt>
   <trkpt lat="47.2717170" lon="4.7538620">
    <ele>505.6</ele>
   </trkpt>
   <trkpt lat="47.2716880" lon="4.7538370">
    <ele>506.0</ele>
   </trkpt>
   <trkpt lat="47.2716710" lon="4.7537840">
    <ele>506.4</ele>
   </trkpt>
   <trkpt lat="47.2716400" lon="4.7537190">
    <ele>507.2</ele>
   </trkpt>
   <trkpt lat="47.2716340" lon="4.7536970">
    <ele>507.4</ele>
   </trkpt>
   <trkpt lat="47.2716200" lon="4.7536400">
    <ele>508.4</ele>
   </trkpt>
   <trkpt lat="47.2715990" lon="4.7536120">
    <ele>508.8</ele>
   </trkpt>
   <trkpt lat="47.2715940" lon="4.7536010">
    <ele>509.0</ele>
   </trkpt>
   <trkpt lat="47.2715740" lon="4.7535640">
    <ele>509.4</ele>
   </trkpt>
   <trkpt lat="47.2715240" lon="4.7534180">
    <ele>510.4</ele>
   </trkpt>
   <trkpt lat="47.2715000" lon="4.7533910">
    <ele>511.0</ele>
   </trkpt>
   <trkpt lat="47.2714860" lon="4.7533680">
    <ele>511.4</ele>
   </trkpt>
   <trkpt lat="47.2714420" lon="4.7533010">
    <ele>512.6</ele>
   </trkpt>
   <trkpt lat="47.2714300" lon="4.7532830">
    <ele>512.8</ele>
   </trkpt>
   <trkpt lat="47.2713920" lon="4.7531890">
    <ele>513.8</ele>
   </trkpt>
   <trkpt lat="47.2713700" lon="4.7531460">
    <ele>514.4</ele>
   </trkpt>
   <trkpt lat="47.2713490" lon="4.7531140">
    <ele>515.0</ele>
   </trkpt>
   <trkpt lat="47.2712920" lon="4.7530550">
    <ele>516.0</ele>
   </trkpt>
   <trkpt lat="47.2712740" lon="4.7530450">
    <ele>516.2</ele>
   </trkpt>
   <trkpt lat="47.2712290" lon="4.7529820">
    <ele>516.8</ele>
   </trkpt>
   <trkpt lat="47.2712070" lon="4.7529670">
    <ele>517.2</ele>
   </trkpt>
   <trkpt lat="47.2711800" lon="4.7529350">
    <ele>517.8</ele>
   </trkpt>
   <trkpt lat="47.2711560" lon="4.7529150">
    <ele>518.2</ele>
   </trkpt>
   <trkpt lat="47.2710830" lon="4.7528490">
    <ele>519.4</ele>
   </trkpt>
   <trkpt lat="47.2710730" lon="4.7528250">
    <ele>519.4</ele>
   </trkpt>
   <trkpt lat="47.2710110" lon="4.7527840">
    <ele>520.2</ele>
   </trkpt>
   <trkpt lat="47.2709940" lon="4.7527730">
    <ele>520.4</ele>
   </trkpt>
   <trkpt lat="47.2709070" lon="4.7527090">
    <ele>521.6</ele>
   </trkpt>
   <trkpt lat="47.2708650" lon="4.7526950">
    <ele>522.4</ele>
   </trkpt>
   <trkpt lat="47.2708670" lon="4.7526760">
    <ele>522.6</ele>
   </trkpt>
   <trkpt lat="47.2707830" lon="4.7525850">
    <ele>523.6</ele>
   </trkpt>
   <trkpt lat="47.2707590" lon="4.7525700">
    <ele>523.8</ele>
   </trkpt>
   <trkpt lat="47.2707090" lon="4.7525100">
    <ele>524.6</ele>
   </trkpt>
   <trkpt lat="47.2706250" lon="4.7524340">
    <ele>525.8</ele>
   </trkpt>
   <trkpt lat="47.2705610" lon="4.7523430">
    <ele>527.0</ele>
   </trkpt>
   <trkpt lat="47.2705360" lon="4.7523400">
    <ele>527.2</ele>
   </trkpt>
   <trkpt lat="47.2704850" lon="4.7523060">
    <ele>528.0</ele>
   </trkpt>
   <trkpt lat="47.2704340" lon="4.7522660">
    <ele>528.8</ele>
   </trkpt>
   <trkpt lat="47.2704060" lon="4.7522420">
    <ele>529.2</ele>
   </trkpt>
   <trkpt lat="47.2703310" lon="4.7521600">
    <ele>529.8</ele>
   </trkpt>
   <trkpt lat="47.2703060" lon="4.7521390">
    <ele>530.2</ele>
   </trkpt>
   <trkpt lat="47.2702200" lon="4.7520950">
    <ele>531.4</ele>
   </trkpt>
   <trkpt lat="47.2701900" lon="4.7520890">
    <ele>531.8</ele>
   </trkpt>
   <trkpt lat="47.2701150" lon="4.7520280">
    <ele>532.4</ele>
   </trkpt>
   <trkpt lat="47.2700580" lon="4.7520120">
    <ele>533.0</ele>
   </trkpt>
   <trkpt lat="47.2700460" lon="4.7520080">
    <ele>533.2</ele>
   </trkpt>
   <trkpt lat="47.2700070" lon="4.7519720">
    <ele>533.4</ele>
   </trkpt>
   <trkpt lat="47.2699800" lon="4.7519430">
    <ele>533.6</ele>
   </trkpt>
   <trkpt lat="47.2698540" lon="4.7518620">
    <ele>534.4</ele>
   </trkpt>
   <trkpt lat="47.2698240" lon="4.7518510">
    <ele>534.6</ele>
   </trkpt>
   <trkpt lat="47.2697770" lon="4.7518300">
    <ele>535.0</ele>
   </trkpt>
   <trkpt lat="47.2697230" lon="4.7517780">
    <ele>535.8</ele>
   </trkpt>
   <trkpt lat="47.2696490" lon="4.7517660">
    <ele>536.8</ele>
   </trkpt>
   <trkpt lat="47.2696130" lon="4.7517700">
    <ele>537.0</ele>
   </trkpt>
   <trkpt lat="47.2694940" lon="4.7517210">
    <ele>538.2</ele>
   </trkpt>
   <trkpt lat="47.2694550" lon="4.7516730">
    <ele>538.8</ele>
   </trkpt>
   <trkpt lat="47.2694080" lon="4.7516260">
    <ele>539.4</ele>
   </trkpt>
   <trkpt lat="47.2693410" lon="4.7515680">
    <ele>540.0</ele>
   </trkpt>
   <trkpt lat="47.2693080" lon="4.7515420">
    <ele>540.6</ele>
   </trkpt>
   <trkpt lat="47.2692880" lon="4.7515380">
    <ele>540.6</ele>
   </trkpt>
   <trkpt lat="47.2692130" lon="4.7514960">
    <ele>541.2</ele>
   </trkpt>
   <trkpt lat="47.2691750" lon="4.7514920">
    <ele>541.6</ele>
   </trkpt>
   <trkpt lat="47.2691230" lon="4.7514780">
    <ele>542.0</ele>
   </trkpt>
   <trkpt lat="47.2690070" lon="4.7514050">
    <ele>542.6</ele>
   </trkpt>
   <trkpt lat="47.2689550" lon="4.7513640">
    <ele>543.0</ele>
   </trkpt>
   <trkpt lat="47.2689190" lon="4.7513410">
    <ele>543.2</ele>
   </trkpt>
   <trkpt lat="47.2688710" lon="4.7513250">
    <ele>543.4</ele>
   </trkpt>
   <trkpt lat="47.2688220" lon="4.7513090">
    <ele>543.4</ele>
   </trkpt>
   <trkpt lat="47.2687540" lon="4.7512820">
    <ele>543.8</ele>
   </trkpt>
   <trkpt lat="47.2686270" lon="4.7512110">
    <ele>544.0</ele>
   </trkpt>
   <trkpt lat="47.2684890" lon="4.7511280">
    <ele>544.2</ele>
   </trkpt>
   <trkpt lat="47.2684640" lon="4.7511260">
    <ele>544.4</ele>
   </trkpt>
   <trkpt lat="47.2683400" lon="4.7510740">
    <ele>544.8</ele>
   </trkpt>
   <trkpt lat="47.2682080" lon="4.7509390">
    <ele>545.0</ele>
   </trkpt>
   <trkpt lat="47.2680670" lon="4.7508410">
    <ele>545.2</ele>
   </trkpt>
   <trkpt lat="47.2680280" lon="4.7508110">
    <ele>545.2</ele>
   </trkpt>
   <trkpt lat="47.2679120" lon="4.7506880">
    <ele>545.8</ele>
   </trkpt>
   <trkpt lat="47.2678890" lon="4.7506670">
    <ele>546.0</ele>
   </trkpt>
   <trkpt lat="47.2677450" lon="4.7505040">
    <ele>546.0</ele>
   </trkpt>
   <trkpt lat="47.2676920" lon="4.7504510">
    <ele>546.0</ele>
   </trkpt>
   <trkpt lat="47.2675380" lon="4.7503310">
    <ele>546.4</ele>
   </trkpt>
   <trkpt lat="47.2675170" lon="4.7502880">
    <ele>546.4</ele>
   </trkpt>
   <trkpt lat="47.2674330" lon="4.7501660">
    <ele>546.8</ele>
   </trkpt>
   <trkpt lat="47.2673500" lon="4.7500730">
    <ele>547.0</ele>
   </trkpt>
   <trkpt lat="47.2672140" lon="4.7499290">
    <ele>546.6</ele>
   </trkpt>
   <trkpt lat="47.2672000" lon="4.7498960">
    <ele>546.6</ele>
   </trkpt>
   <trkpt lat="47.2670840" lon="4.7497250">
    <ele>546.8</ele>
   </trkpt>
   <trkpt lat="47.2670670" lon="4.7497050">
    <ele>546.8</ele>
   </trkpt>
   <trkpt lat="47.2670460" lon="4.7496780">
    <ele>546.8</ele>
   </trkpt>
   <trkpt lat="47.2669660" lon="4.7495710">
    <ele>546.8</ele>
   </trkpt>
   <trkpt lat="47.2668550" lon="4.7494550">
    <ele>546.2</ele>
   </trkpt>
   <trkpt lat="47.2666900" lon="4.7494890">
    <ele>546.0</ele>
   </trkpt>
   <trkpt lat="47.2666640" lon="4.7495060">
    <ele>545.8</ele>
   </trkpt>
   <trkpt lat="47.2665180" lon="4.7497100">
    <ele>545.2</ele>
   </trkpt>
   <trkpt lat="47.2664590" lon="4.7497660">
    <ele>544.8</ele>
   </trkpt>
   <trkpt lat="47.2663160" lon="4.7498670">
    <ele>544.0</ele>
   </trkpt>
   <trkpt lat="47.2661870" lon="4.7499400">
    <ele>544.0</ele>
   </trkpt>
   <trkpt lat="47.2661490" lon="4.7499430">
    <ele>543.6</ele>
   </trkpt>
   <trkpt lat="47.2660160" lon="4.7500070">
    <ele>543.0</ele>
   </trkpt>
   <trkpt lat="47.2658890" lon="4.7500530">
    <ele>542.6</ele>
   </trkpt>
   <trkpt lat="47.2658470" lon="4.7500780">
    <ele>542.4</ele>
   </trkpt>
   <trkpt lat="47.2657160" lon="4.7501710">
    <ele>541.6</ele>
   </trkpt>
   <trkpt lat="47.2656530" lon="4.7501920">
    <ele>541.0</ele>
   </trkpt>
   <trkpt lat="47.2656200" lon="4.7502000">
    <ele>540.8</ele>
   </trkpt>
   <trkpt lat="47.2655590" lon="4.7502470">
    <ele>540.4</ele>
   </trkpt>
   <trkpt lat="47.2654760" lon="4.7503270">
    <ele>540.0</ele>
   </trkpt>
   <trkpt lat="47.2653620" lon="4.7503720">
    <ele>539.2</ele>
   </trkpt>
   <trkpt lat="47.2653370" lon="4.7503880">
    <ele>538.8</ele>
   </trkpt>
   <trkpt lat="47.2652520" lon="4.7504510">
    <ele>538.0</ele>
   </trkpt>
   <trkpt lat="47.2651300" lon="4.7505440">
    <ele>536.8</ele>
   </trkpt>
   <trkpt lat="47.2650460" lon="4.7505800">
    <ele>535.6</ele>
   </trkpt>
   <trkpt lat="47.2649690" lon="4.7506210">
    <ele>534.4</ele>
   </trkpt>
   <trkpt lat="47.2649380" lon="4.7506410">
    <ele>534.4</ele>
   </trkpt>
   <trkpt lat="47.2648480" lon="4.7507170">
    <ele>533.4</ele>
   </trkpt>
   <trkpt lat="47.2647780" lon="4.7508090">
    <ele>532.0</ele>
   </trkpt>
   <trkpt lat="47.2647210" lon="4.7508630">
    <ele>531.2</ele>
   </trkpt>
   <trkpt lat="47.2646910" lon="4.7508920">
    <ele>530.8</ele>
   </trkpt>
   <trkpt lat="47.2646440" lon="4.7509450">
    <ele>529.6</ele>
   </trkpt>
   <trkpt lat="47.2645700" lon="4.7510420">
    <ele>528.6</ele>
   </trkpt>
   <trkpt lat="47.2645280" lon="4.7511100">
    <ele>528.0</ele>
   </trkpt>
   <trkpt lat="47.2644720" lon="4.7511710">
    <ele>527.2</ele>
   </trkpt>
   <trkpt lat="47.2644140" lon="4.7512420">
    <ele>526.0</ele>
   </trkpt>
   <trkpt lat="47.2642880" lon="4.7513360">
    <ele>525.4</ele>
   </trkpt>
   <trkpt lat="47.2642090" lon="4.7513940">
    <ele>525.0</ele>
   </trkpt>
   <trkpt lat="47.2641570" lon="4.7514590">
    <ele>524.2</ele>
   </trkpt>
   <trkpt lat="47.2641380" lon="4.7514960">
    <ele>523.8</ele>
   </trkpt>
   <trkpt lat="47.2641240" lon="4.7515340">
    <ele>523.4</ele>
   </trkpt>
   <trkpt lat="47.2640970" lon="4.7516160">
    <ele>522.2</ele>
   </trkpt>
   <trkpt lat="47.2640750" lon="4.7516650">
    <ele>521.0</ele>
   </trkpt>
   <trkpt lat="47.2640350" lon="4.7517640">
    <ele>519.2</ele>
   </trkpt>
   <trkpt lat="47.2639950" lon="4.7518700">
    <ele>517.8</ele>
   </trkpt>
   <trkpt lat="47.2639640" lon="4.7519270">
    <ele>517.4</ele>
   </trkpt>
   <trkpt lat="47.2639110" lon="4.7520270">
    <ele>516.4</ele>
   </trkpt>
   <trkpt lat="47.2638670" lon="4.7521240">
    <ele>515.0</ele>
   </trkpt>
   <trkpt lat="47.2638170" lon="4.7522190">
    <ele>513.4</ele>
   </trkpt>
   <trkpt lat="47.2637780" lon="4.7523230">
    <ele>512.4</ele>
   </trkpt>
   <trkpt lat="47.2637630" lon="4.7524460">
    <ele>511.2</ele>
   </trkpt>
   <trkpt lat="47.2637470" lon="4.7525580">
    <ele>509.8</ele>
   </trkpt>
   <trkpt lat="47.2636970" lon="4.7527120">
    <ele>508.6</ele>
   </trkpt>
   <trkpt lat="47.2636550" lon="4.7528060">
    <ele>506.8</ele>
   </trkpt>
   <trkpt lat="47.2635870" lon="4.7529210">
    <ele>505.4</ele>
   </trkpt>
   <trkpt lat="47.2635430" lon="4.7529650">
    <ele>505.0</ele>
   </trkpt>
   <trkpt lat="47.2635070" lon="4.7530040">
    <ele>504.0</ele>
   </trkpt>
   <trkpt lat="47.2634540" lon="4.7530520">
    <ele>502.8</ele>
   </trkpt>
   <trkpt lat="47.2634250" lon="4.7530720">
    <ele>501.8</ele>
   </trkpt>
   <trkpt lat="47.2633920" lon="4.7530940">
    <ele>501.0</ele>
   </trkpt>
   <trkpt lat="47.2633700" lon="4.7531220">
    <ele>500.4</ele>
   </trkpt>
   <trkpt lat="47.2633420" lon="4.7531420">
    <ele>499.6</ele>
   </trkpt>
   <trkpt lat="47.2632680" lon="4.7531900">
    <ele>498.2</ele>
   </trkpt>
   <trkpt lat="47.2631810" lon="4.7533100">
    <ele>496.6</ele>
   </trkpt>
   <trkpt lat="47.2631520" lon="4.7533470">
    <ele>495.8</ele>
   </trkpt>
   <trkpt lat="47.2631220" lon="4.7533780">
    <ele>495.0</ele>
   </trkpt>
   <trkpt lat="47.2630660" lon="4.7534650">
    <ele>493.4</ele>
   </trkpt>
   <trkpt lat="47.2630410" lon="4.7534990">
    <ele>492.4</ele>
   </trkpt>
   <trkpt lat="47.2629890" lon="4.7535670">
    <ele>491.0</ele>
   </trkpt>
   <trkpt lat="47.2629350" lon="4.7536350">
    <ele>490.0</ele>
   </trkpt>
   <trkpt lat="47.2628860" lon="4.7537090">
    <ele>489.0</ele>
   </trkpt>
   <trkpt lat="47.2628570" lon="4.7537460">
    <ele>488.2</ele>
   </trkpt>
   <trkpt lat="47.2628310" lon="4.7537780">
    <ele>487.6</ele>
   </trkpt>
   <trkpt lat="47.2628110" lon="4.7538110">
    <ele>487.2</ele>
   </trkpt>
   <trkpt lat="47.2627730" lon="4.7538880">
    <ele>486.0</ele>
   </trkpt>
   <trkpt lat="47.2627250" lon="4.7539790">
    <ele>484.6</ele>
   </trkpt>
   <trkpt lat="47.2627030" lon="4.7540200">
    <ele>484.2</ele>
   </trkpt>
   <trkpt lat="47.2626820" lon="4.7540650">
    <ele>483.4</ele>
   </trkpt>
   <trkpt lat="47.2626410" lon="4.7541440">
    <ele>482.0</ele>
   </trkpt>
   <trkpt lat="47.2625940" lon="4.7542290">
    <ele>481.0</ele>
   </trkpt>
   <trkpt lat="47.2625740" lon="4.7542810">
    <ele>480.4</ele>
   </trkpt>
   <trkpt lat="47.2625590" lon="4.7543300">
    <ele>479.8</ele>
   </trkpt>
   <trkpt lat="47.2624900" lon="4.7544660">
    <ele>478.6</ele>
   </trkpt>
   <trkpt lat="47.2624510" lon="4.7545590">
    <ele>477.2</ele>
   </trkpt>
   <trkpt lat="47.2624070" lon="4.7546580">
    <ele>475.6</ele>
   </trkpt>
   <trkpt lat="47.2623630" lon="4.7547580">
    <ele>474.6</ele>
   </trkpt>
   <trkpt lat="47.2623110" lon="4.7549090">
    <ele>473.2</ele>
   </trkpt>
   <trkpt lat="47.2622780" lon="4.7550050">
    <ele>472.2</ele>
   </trkpt>
   <trkpt lat="47.2622410" lon="4.7550990">
    <ele>471.0</ele>
   </trkpt>
   <trkpt lat="47.2621840" lon="4.7552380">
    <ele>469.8</ele>
   </trkpt>
   <trkpt lat="47.2621040" lon="4.7553400">
    <ele>468.8</ele>
   </trkpt>
   <trkpt lat="47.2620760" lon="4.7553740">
    <ele>468.6</ele>
   </trkpt>
   <trkpt lat="47.2620150" lon="4.7554360">
    <ele>467.6</ele>
   </trkpt>
   <trkpt lat="47.2619210" lon="4.7555350">
    <ele>466.4</ele>
   </trkpt>
   <trkpt lat="47.2618160" lon="4.7556680">
    <ele>465.4</ele>
   </trkpt>
   <trkpt lat="47.2617910" lon="4.7557000">
    <ele>464.8</ele>
   </trkpt>
   <trkpt lat="47.2617060" lon="4.7557920">
    <ele>464.2</ele>
   </trkpt>
   <trkpt lat="47.2616150" lon="4.7558870">
    <ele>463.0</ele>
   </trkpt>
   <trkpt lat="47.2615270" lon="4.7559750">
    <ele>461.8</ele>
   </trkpt>
   <trkpt lat="47.2614210" lon="4.7560210">
    <ele>460.6</ele>
   </trkpt>
   <trkpt lat="47.2613850" lon="4.7560140">
    <ele>460.2</ele>
   </trkpt>
   <trkpt lat="47.2613000" lon="4.7559880">
    <ele>459.6</ele>
   </trkpt>
   <trkpt lat="47.2611470" lon="4.7559510">
    <ele>458.6</ele>
   </trkpt>
   <trkpt lat="47.2611150" lon="4.7559400">
    <ele>458.6</ele>
   </trkpt>
   <trkpt lat="47.2609310" lon="4.7558660">
    <ele>457.6</ele>
   </trkpt>
   <trkpt lat="47.2609020" lon="4.7558640">
    <ele>457.4</ele>
   </trkpt>
   <trkpt lat="47.2607960" lon="4.7558810">
    <ele>456.4</ele>
   </trkpt>
   <trkpt lat="47.2607360" lon="4.7559110">
    <ele>455.6</ele>
   </trkpt>
   <trkpt lat="47.2607100" lon="4.7559220">
    <ele>454.8</ele>
   </trkpt>
   <trkpt lat="47.2606780" lon="4.7559370">
    <ele>454.4</ele>
   </trkpt>
   <trkpt lat="47.2606190" lon="4.7559640">
    <ele>453.6</ele>
   </trkpt>
   <trkpt lat="47.2605460" lon="4.7559630">
    <ele>452.4</ele>
   </trkpt>
   <trkpt lat="47.2604770" lon="4.7559570">
    <ele>451.6</ele>
   </trkpt>
   <trkpt lat="47.2604380" lon="4.7559410">
    <ele>451.4</ele>
   </trkpt>
   <trkpt lat="47.2604040" lon="4.7559260">
    <ele>451.0</ele>
   </trkpt>
   <trkpt lat="47.2603080" lon="4.7558920">
    <ele>449.6</ele>
   </trkpt>
   <trkpt lat="47.2602740" lon="4.7558800">
    <ele>449.4</ele>
   </trkpt>
   <trkpt lat="47.2602000" lon="4.7558620">
    <ele>448.6</ele>
   </trkpt>
   <trkpt lat="47.2600720" lon="4.7558580">
    <ele>447.4</ele>
   </trkpt>
   <trkpt lat="47.2600360" lon="4.7558640">
    <ele>447.2</ele>
   </trkpt>
   <trkpt lat="47.2600010" lon="4.7558710">
    <ele>446.4</ele>
   </trkpt>
   <trkpt lat="47.2599590" lon="4.7558780">
    <ele>446.0</ele>
   </trkpt>
   <trkpt lat="47.2598850" lon="4.7558870">
    <ele>445.0</ele>
   </trkpt>
   <trkpt lat="47.2598260" lon="4.7558900">
    <ele>443.8</ele>
   </trkpt>
   <trkpt lat="47.2597190" lon="4.7559120">
    <ele>442.4</ele>
   </trkpt>
   <trkpt lat="47.2596580" lon="4.7559450">
    <ele>441.2</ele>
   </trkpt>
   <trkpt lat="47.2596030" lon="4.7559940">
    <ele>440.2</ele>
   </trkpt>
   <trkpt lat="47.2595430" lon="4.7560370">
    <ele>439.2</ele>
   </trkpt>
   <trkpt lat="47.2595150" lon="4.7560600">
    <ele>438.8</ele>
   </trkpt>
   <trkpt lat="47.2594460" lon="4.7560810">
    <ele>437.8</ele>
   </trkpt>
   <trkpt lat="47.2594180" lon="4.7560990">
    <ele>436.8</ele>
   </trkpt>
   <trkpt lat="47.2593470" lon="4.7561290">
    <ele>435.4</ele>
   </trkpt>
   <trkpt lat="47.2592880" lon="4.7561590">
    <ele>434.2</ele>
   </trkpt>
   <trkpt lat="47.2592180" lon="4.7561960">
    <ele>432.8</ele>
   </trkpt>
   <trkpt lat="47.2591380" lon="4.7562340">
    <ele>431.2</ele>
   </trkpt>
   <trkpt lat="47.2590620" lon="4.7562530">
    <ele>429.8</ele>
   </trkpt>
   <trkpt lat="47.2590110" lon="4.7562480">
    <ele>429.0</ele>
   </trkpt>
   <trkpt lat="47.2589610" lon="4.7562470">
    <ele>428.4</ele>
   </trkpt>
   <trkpt lat="47.2588540" lon="4.7562330">
    <ele>427.0</ele>
   </trkpt>
   <trkpt lat="47.2587390" lon="4.7562220">
    <ele>425.8</ele>
   </trkpt>
   <trkpt lat="47.2586740" lon="4.7562030">
    <ele>424.6</ele>
   </trkpt>
   <trkpt lat="47.2585510" lon="4.7561720">
    <ele>423.4</ele>
   </trkpt>
   <trkpt lat="47.2584770" lon="4.7561630">
    <ele>422.0</ele>
   </trkpt>
   <trkpt lat="47.2583750" lon="4.7561420">
    <ele>421.0</ele>
   </trkpt>
   <trkpt lat="47.2582810" lon="4.7560930">
    <ele>419.8</ele>
   </trkpt>
   <trkpt lat="47.2582160" lon="4.7560790">
    <ele>419.4</ele>
   </trkpt>
   <trkpt lat="47.2581160" lon="4.7560380">
    <ele>418.4</ele>
   </trkpt>
   <trkpt lat="47.2580130" lon="4.7559950">
    <ele>417.2</ele>
   </trkpt>
   <trkpt lat="47.2579450" lon="4.7559780">
    <ele>415.8</ele>
   </trkpt>
   <trkpt lat="47.2579040" lon="4.7559760">
    <ele>415.4</ele>
   </trkpt>
   <trkpt lat="47.2578640" lon="4.7559650">
    <ele>414.8</ele>
   </trkpt>
   <trkpt lat="47.2577930" lon="4.7559470">
    <ele>413.6</ele>
   </trkpt>
   <trkpt lat="47.2576850" lon="4.7559410">
    <ele>412.4</ele>
   </trkpt>
   <trkpt lat="47.2576200" lon="4.7559350">
    <ele>411.2</ele>
   </trkpt>
   <trkpt lat="47.2575550" lon="4.7559220">
    <ele>410.2</ele>
   </trkpt>
   <trkpt lat="47.2574510" lon="4.7559070">
    <ele>409.2</ele>
   </trkpt>
   <trkpt lat="47.2573680" lon="4.7558900">
    <ele>407.4</ele>
   </trkpt>
   <trkpt lat="47.2573340" lon="4.7558820">
    <ele>407.0</ele>
   </trkpt>
   <trkpt lat="47.2572710" lon="4.7558680">
    <ele>405.8</ele>
   </trkpt>
   <trkpt lat="47.2572020" lon="4.7558650">
    <ele>404.6</ele>
   </trkpt>
   <trkpt lat="47.2571390" lon="4.7558500">
    <ele>403.8</ele>
   </trkpt>
   <trkpt lat="47.2571060" lon="4.7558450">
    <ele>403.4</ele>
   </trkpt>
   <trkpt lat="47.2570420" lon="4.7558170">
    <ele>402.2</ele>
   </trkpt>
   <trkpt lat="47.2569390" lon="4.7557820">
    <ele>401.0</ele>
   </trkpt>
   <trkpt lat="47.2569090" lon="4.7557760">
    <ele>400.0</ele>
   </trkpt>
   <trkpt lat="47.2568780" lon="4.7557640">
    <ele>399.6</ele>
   </trkpt>
   <trkpt lat="47.2567650" lon="4.7557340">
    <ele>398.0</ele>
   </trkpt>
   <trkpt lat="47.2566770" lon="4.7556950">
    <ele>396.6</ele>
   </trkpt>
   <trkpt lat="47.2566110" lon="4.7556960">
    <ele>395.2</ele>
   </trkpt>
   <trkpt lat="47.2565430" lon="4.7557030">
    <ele>393.6</ele>
   </trkpt>
   <trkpt lat="47.2564590" lon="4.7557120">
    <ele>392.2</ele>
   </trkpt>
   <trkpt lat="47.2564050" lon="4.7557150">
    <ele>391.6</ele>
   </trkpt>
   <trkpt lat="47.2563570" lon="4.7557050">
    <ele>391.0</ele>
   </trkpt>
   <trkpt lat="47.2562740" lon="4.7556670">
    <ele>389.6</ele>
   </trkpt>
   <trkpt lat="47.2561940" lon="4.7556190">
    <ele>388.2</ele>
   </trkpt>
   <trkpt lat="47.2561590" lon="4.7555950">
    <ele>387.6</ele>
   </trkpt>
   <trkpt lat="47.2561250" lon="4.7555690">
    <ele>387.2</ele>
   </trkpt>
   <trkpt lat="47.2560200" lon="4.7555220">
    <ele>385.8</ele>
   </trkpt>
   <trkpt lat="47.2559520" lon="4.7554760">
    <ele>385.0</ele>
   </trkpt>
   <trkpt lat="47.2559160" lon="4.7554500">
    <ele>384.4</ele>
   </trkpt>
   <trkpt lat="47.2558030" lon="4.7553880">
    <ele>382.8</ele>
   </trkpt>
   <trkpt lat="47.2556940" lon="4.7553460">
    <ele>381.4</ele>
   </trkpt>
   <trkpt lat="47.2555950" lon="4.7553050">
    <ele>380.4</ele>
   </trkpt>
   <trkpt lat="47.2555310" lon="4.7552900">
    <ele>379.0</ele>
   </trkpt>
   <trkpt lat="47.2554500" lon="4.7552670">
    <ele>378.0</ele>
   </trkpt>
   <trkpt lat="47.2553960" lon="4.7552440">
    <ele>377.0</ele>
   </trkpt>
   <trkpt lat="47.2553730" lon="4.7552340">
    <ele>376.8</ele>
   </trkpt>
   <trkpt lat="47.2552920" lon="4.7551820">
    <ele>375.6</ele>
   </trkpt>
   <trkpt lat="47.2552630" lon="4.7551610">
    <ele>375.2</ele>
   </trkpt>
   <trkpt lat="47.2551970" lon="4.7551080">
    <ele>374.4</ele>
   </trkpt>
   <trkpt lat="47.2551020" lon="4.7550720">
    <ele>373.2</ele>
   </trkpt>
   <trkpt lat="47.2550290" lon="4.7550960">
    <ele>372.6</ele>
   </trkpt>
   <trkpt lat="47.2549680" lon="4.7551220">
    <ele>371.6</ele>
   </trkpt>
   <trkpt lat="47.2548840" lon="4.7551870">
    <ele>370.2</ele>
   </trkpt>
   <trkpt lat="47.2548560" lon="4.7552060">
    <ele>369.6</ele>
   </trkpt>
   <trkpt lat="47.2547930" lon="4.7552400">
    <ele>368.8</ele>
   </trkpt>
   <trkpt lat="47.2547240" lon="4.7552810">
    <ele>367.8</ele>
   </trkpt>
   <trkpt lat="47.2546540" lon="4.7553160">
    <ele>366.6</ele>
   </trkpt>
   <trkpt lat="47.2546210" lon="4.7553180">
    <ele>366.0</ele>
   </trkpt>
   <trkpt lat="47.2545920" lon="4.7553150">
    <ele>365.2</ele>
   </trkpt>
   <trkpt lat="47.2545230" lon="4.7553370">
    <ele>364.0</ele>
   </trkpt>
   <trkpt lat="47.2544940" lon="4.7553460">
    <ele>363.0</ele>
   </trkpt>
   <trkpt lat="47.2544650" lon="4.7553500">
    <ele>362.2</ele>
   </trkpt>
   <trkpt lat="47.2544420" lon="4.7553650">
    <ele>361.8</ele>
   </trkpt>
   <trkpt lat="47.2543910" lon="4.7554080">
    <ele>360.6</ele>
   </trkpt>
   <trkpt lat="47.2543540" lon="4.7554290">
    <ele>359.4</ele>
   </trkpt>
   <trkpt lat="47.2543340" lon="4.7554350">
    <ele>359.0</ele>
   </trkpt>
   <trkpt lat="47.2543030" lon="4.7554470">
    <ele>357.8</ele>
   </trkpt>
   <trkpt lat="47.2542720" lon="4.7554440">
    <ele>356.6</ele>
   </trkpt>
   <trkpt lat="47.2542670" lon="4.7554460">
    <ele>356.2</ele>
   </trkpt>
   <trkpt lat="47.2542570" lon="4.7554410">
    <ele>355.4</ele>
   </trkpt>
   <trkpt lat="47.2542620" lon="4.7554470">
    <ele>355.2</ele>
   </trkpt>
   <trkpt lat="47.2542610" lon="4.7554540">
    <ele>354.8</ele>
   </trkpt>
   <trkpt lat="47.2542600" lon="4.7554470">
    <ele>354.8</ele>
   </trkpt>
   <trkpt lat="47.2542590" lon="4.7554430">
    <ele>354.8</ele>
   </trkpt>
   <trkpt lat="47.2542590" lon="4.7554430">
    <ele>354.2</ele>
   </trkpt>
   <trkpt lat="47.2542590" lon="4.7554430">
    <ele>353.6</ele>
   </trkpt>
   <trkpt lat="47.2542590" lon="4.7554430">
    <ele>353.6</ele>
   </trkpt>
   <trkpt lat="47.2542190" lon="4.7553760">
    <ele>353.2</ele>
   </trkpt>
   <trkpt lat="47.2541990" lon="4.7553450">
    <ele>353.2</ele>
   </trkpt>
   <trkpt lat="47.2540640" lon="4.7551180">
    <ele>352.8</ele>
   </trkpt>
   <trkpt lat="47.2540460" lon="4.7550830">
    <ele>352.8</ele>
   </trkpt>
   <trkpt lat="47.2539370" lon="4.7548560">
    <ele>353.2</ele>
   </trkpt>
   <trkpt lat="47.2538320" lon="4.7546220">
    <ele>353.4</ele>
   </trkpt>
   <trkpt lat="47.2537950" lon="4.7545440">
    <ele>353.2</ele>
   </trkpt>
   <trkpt lat="47.2536870" lon="4.7543270">
    <ele>353.8</ele>
   </trkpt>
   <trkpt lat="47.2536740" lon="4.7542890">
    <ele>353.8</ele>
   </trkpt>
   <trkpt lat="47.2535910" lon="4.7540400">
    <ele>353.8</ele>
   </trkpt>
   <trkpt lat="47.2535680" lon="4.7539160">
    <ele>353.8</ele>
   </trkpt>
   <trkpt lat="47.2535250" lon="4.7536830">
    <ele>354.2</ele>
   </trkpt>
   <trkpt lat="47.2534960" lon="4.7535720">
    <ele>354.2</ele>
   </trkpt>
   <trkpt lat="47.2534710" lon="4.7534580">
    <ele>354.8</ele>
   </trkpt>
   <trkpt lat="47.2534570" lon="4.7533470">
    <ele>355.0</ele>
   </trkpt>
   <trkpt lat="47.2534420" lon="4.7532330">
    <ele>355.2</ele>
   </trkpt>
   <trkpt lat="47.2534480" lon="4.7531220">
    <ele>355.4</ele>
   </trkpt>
   <trkpt lat="47.2534690" lon="4.7530070">
    <ele>355.8</ele>
   </trkpt>
   <trkpt lat="47.2534840" lon="4.7529140">
    <ele>356.4</ele>
   </trkpt>
   <trkpt lat="47.2535100" lon="4.7528490">
    <ele>357.2</ele>
   </trkpt>
   <trkpt lat="47.2535230" lon="4.7527880">
    <ele>357.8</ele>
   </trkpt>
   <trkpt lat="47.2535370" lon="4.7526620">
    <ele>358.8</ele>
   </trkpt>
   <trkpt lat="47.2535820" lon="4.7525800">
    <ele>359.4</ele>
   </trkpt>
   <trkpt lat="47.2536030" lon="4.7525100">
    <ele>360.0</ele>
   </trkpt>
   <trkpt lat="47.2536390" lon="4.7523980">
    <ele>360.8</ele>
   </trkpt>
   <trkpt lat="47.2536500" lon="4.7523670">
    <ele>361.0</ele>
   </trkpt>
   <trkpt lat="47.2537090" lon="4.7521960">
    <ele>361.8</ele>
   </trkpt>
   <trkpt lat="47.2537180" lon="4.7521670">
    <ele>362.0</ele>
   </trkpt>
   <trkpt lat="47.2537300" lon="4.7521410">
    <ele>362.2</ele>
   </trkpt>
   <trkpt lat="47.2538000" lon="4.7519860">
    <ele>363.0</ele>
   </trkpt>
   <trkpt lat="47.2538140" lon="4.7519650">
    <ele>363.2</ele>
   </trkpt>
   <trkpt lat="47.2538440" lon="4.7519250">
    <ele>363.8</ele>
   </trkpt>
   <trkpt lat="47.2538890" lon="4.7518870">
    <ele>364.2</ele>
   </trkpt>
   <trkpt lat="47.2539360" lon="4.7518690">
    <ele>364.8</ele>
   </trkpt>
   <trkpt lat="47.2539640" lon="4.7518570">
    <ele>365.4</ele>
   </trkpt>
   <trkpt lat="47.2540330" lon="4.7517950">
    <ele>366.2</ele>
   </trkpt>
   <trkpt lat="47.2540420" lon="4.7517790">
    <ele>366.4</ele>
   </trkpt>
   <trkpt lat="47.2540550" lon="4.7517690">
    <ele>366.6</ele>
   </trkpt>
   <trkpt lat="47.2540790" lon="4.7517520">
    <ele>366.8</ele>
   </trkpt>
   <trkpt lat="47.2541280" lon="4.7517240">
    <ele>367.4</ele>
   </trkpt>
   <trkpt lat="47.2541520" lon="4.7517030">
    <ele>367.6</ele>
   </trkpt>
   <trkpt lat="47.2542320" lon="4.7516410">
    <ele>368.4</ele>
   </trkpt>
   <trkpt lat="47.2542560" lon="4.7516150">
    <ele>368.6</ele>
   </trkpt>
   <trkpt lat="47.2543380" lon="4.7515580">
    <ele>369.6</ele>
   </trkpt>
   <trkpt lat="47.2543620" lon="4.7515300">
    <ele>369.8</ele>
   </trkpt>
   <trkpt lat="47.2543760" lon="4.7515170">
    <ele>369.8</ele>
   </trkpt>
   <trkpt lat="47.2544130" lon="4.7514820">
    <ele>370.2</ele>
   </trkpt>
   <trkpt lat="47.2544660" lon="4.7514260">
    <ele>370.6</ele>
   </trkpt>
   <trkpt lat="47.2544920" lon="4.7513990">
    <ele>370.8</ele>
   </trkpt>
   <trkpt lat="47.2545620" lon="4.7513100">
    <ele>371.6</ele>
   </trkpt>
   <trkpt lat="47.2545760" lon="4.7512980">
    <ele>371.8</ele>
   </trkpt>
   <trkpt lat="47.2545930" lon="4.7512830">
    <ele>372.0</ele>
   </trkpt>
   <trkpt lat="47.2546670" lon="4.7511890">
    <ele>373.0</ele>
   </trkpt>
   <trkpt lat="47.2546770" lon="4.7511760">
    <ele>373.0</ele>
   </trkpt>
   <trkpt lat="47.2546870" lon="4.7511580">
    <ele>373.2</ele>
   </trkpt>
   <trkpt lat="47.2546990" lon="4.7511420">
    <ele>373.2</ele>
   </trkpt>
   <trkpt lat="47.2547610" lon="4.7510440">
    <ele>373.8</ele>
   </trkpt>
   <trkpt lat="47.2547920" lon="4.7509980">
    <ele>374.2</ele>
   </trkpt>
   <trkpt lat="47.2548620" lon="4.7509130">
    <ele>375.0</ele>
   </trkpt>
   <trkpt lat="47.2548910" lon="4.7508890">
    <ele>375.2</ele>
   </trkpt>
   <trkpt lat="47.2549170" lon="4.7508720">
    <ele>375.6</ele>
   </trkpt>
   <trkpt lat="47.2549810" lon="4.7508360">
    <ele>376.2</ele>
   </trkpt>
   <trkpt lat="47.2550250" lon="4.7508180">
    <ele>377.0</ele>
   </trkpt>
   <trkpt lat="47.2550510" lon="4.7507990">
    <ele>377.4</ele>
   </trkpt>
   <trkpt lat="47.2551260" lon="4.7507310">
    <ele>378.2</ele>
   </trkpt>
   <trkpt lat="47.2551420" lon="4.7507220">
    <ele>378.4</ele>
   </trkpt>
   <trkpt lat="47.2551560" lon="4.7507180">
    <ele>378.6</ele>
   </trkpt>
   <trkpt lat="47.2552380" lon="4.7506680">
    <ele>379.6</ele>
   </trkpt>
   <trkpt lat="47.2552950" lon="4.7506460">
    <ele>380.6</ele>
   </trkpt>
   <trkpt lat="47.2553610" lon="4.7506060">
    <ele>381.8</ele>
   </trkpt>
   <trkpt lat="47.2554470" lon="4.7505520">
    <ele>382.2</ele>
   </trkpt>
   <trkpt lat="47.2555150" lon="4.7505050">
    <ele>382.4</ele>
   </trkpt>
   <trkpt lat="47.2555290" lon="4.7505000">
    <ele>382.6</ele>
   </trkpt>
   <trkpt lat="47.2555600" lon="4.7504960">
    <ele>382.8</ele>
   </trkpt>
   <trkpt lat="47.2555840" lon="4.7504820">
    <ele>383.2</ele>
   </trkpt>
   <trkpt lat="47.2556360" lon="4.7504380">
    <ele>383.4</ele>
   </trkpt>
   <trkpt lat="47.2557040" lon="4.7504440">
    <ele>384.0</ele>
   </trkpt>
   <trkpt lat="47.2557590" lon="4.7504010">
    <ele>384.2</ele>
   </trkpt>
   <trkpt lat="47.2558530" lon="4.7503520">
    <ele>385.2</ele>
   </trkpt>
   <trkpt lat="47.2558980" lon="4.7503390">
    <ele>385.8</ele>
   </trkpt>
   <trkpt lat="47.2559460" lon="4.7503280">
    <ele>386.2</ele>
   </trkpt>
   <trkpt lat="47.2559670" lon="4.7503180">
    <ele>386.8</ele>
   </trkpt>
   <trkpt lat="47.2560110" lon="4.7502920">
    <ele>387.4</ele>
   </trkpt>
   <trkpt lat="47.2560540" lon="4.7502620">
    <ele>387.8</ele>
   </trkpt>
   <trkpt lat="47.2561620" lon="4.7502170">
    <ele>388.2</ele>
   </trkpt>
   <trkpt lat="47.2562330" lon="4.7501920">
    <ele>388.4</ele>
   </trkpt>
   <trkpt lat="47.2563660" lon="4.7501030">
    <ele>388.4</ele>
   </trkpt>
   <trkpt lat="47.2563870" lon="4.7500970">
    <ele>388.4</ele>
   </trkpt>
   <trkpt lat="47.2564080" lon="4.7500920">
    <ele>388.6</ele>
   </trkpt>
   <trkpt lat="47.2564900" lon="4.7500260">
    <ele>389.0</ele>
   </trkpt>
   <trkpt lat="47.2565290" lon="4.7500000">
    <ele>389.6</ele>
   </trkpt>
   <trkpt lat="47.2566330" lon="4.7499300">
    <ele>390.8</ele>
   </trkpt>
   <trkpt lat="47.2566660" lon="4.7499060">
    <ele>391.4</ele>
   </trkpt>
   <trkpt lat="47.2567080" lon="4.7498680">
    <ele>392.0</ele>
   </trkpt>
   <trkpt lat="47.2567800" lon="4.7498260">
    <ele>392.6</ele>
   </trkpt>
   <trkpt lat="47.2568420" lon="4.7497950">
    <ele>393.0</ele>
   </trkpt>
   <trkpt lat="47.2569240" lon="4.7497560">
    <ele>393.6</ele>
   </trkpt>
   <trkpt lat="47.2569730" lon="4.7497170">
    <ele>394.0</ele>
   </trkpt>
   <trkpt lat="47.2570370" lon="4.7496600">
    <ele>394.8</ele>
   </trkpt>
   <trkpt lat="47.2570630" lon="4.7496480">
    <ele>395.0</ele>
   </trkpt>
   <trkpt lat="47.2571200" lon="4.7495710">
    <ele>396.0</ele>
   </trkpt>
   <trkpt lat="47.2571320" lon="4.7495560">
    <ele>396.2</ele>
   </trkpt>
   <trkpt lat="47.2572060" lon="4.7494690">
    <ele>397.0</ele>
   </trkpt>
   <trkpt lat="47.2572270" lon="4.7494410">
    <ele>397.2</ele>
   </trkpt>
   <trkpt lat="47.2572390" lon="4.7494270">
    <ele>397.4</ele>
   </trkpt>
   <trkpt lat="47.2573070" lon="4.7493300">
    <ele>398.4</ele>
   </trkpt>
   <trkpt lat="47.2573760" lon="4.7492610">
    <ele>399.2</ele>
   </trkpt>
   <trkpt lat="47.2574000" lon="4.7492420">
    <ele>399.6</ele>
   </trkpt>
   <trkpt lat="47.2574100" lon="4.7492310">
    <ele>399.8</ele>
   </trkpt>
   <trkpt lat="47.2574460" lon="4.7491860">
    <ele>400.4</ele>
   </trkpt>
   <trkpt lat="47.2574550" lon="4.7491760">
    <ele>400.6</ele>
   </trkpt>
   <trkpt lat="47.2574810" lon="4.7491560">
    <ele>400.8</ele>
   </trkpt>
   <trkpt lat="47.2575670" lon="4.7490850">
    <ele>401.8</ele>
   </trkpt>
   <trkpt lat="47.2576130" lon="4.7490240">
    <ele>402.6</ele>
   </trkpt>
   <trkpt lat="47.2576410" lon="4.7489910">
    <ele>403.0</ele>
   </trkpt>
   <trkpt lat="47.2576550" lon="4.7489790">
    <ele>403.2</ele>
   </trkpt>
   <trkpt lat="47.2576740" lon="4.7489580">
    <ele>403.6</ele>
   </trkpt>
   <trkpt lat="47.2576900" lon="4.7489270">
    <ele>404.0</ele>
   </trkpt>
   <trkpt lat="47.2577010" lon="4.7488940">
    <ele>404.4</ele>
   </trkpt>
   <trkpt lat="47.2577230" lon="4.7488700">
    <ele>404.6</ele>
   </trkpt>
   <trkpt lat="47.2577470" lon="4.7488110">
    <ele>405.2</ele>
   </trkpt>
   <trkpt lat="47.2577950" lon="4.7487200">
    <ele>406.2</ele>
   </trkpt>
   <trkpt lat="47.2577980" lon="4.7486900">
    <ele>406.6</ele>
   </trkpt>
   <trkpt lat="47.2578080" lon="4.7486780">
    <ele>406.8</ele>
   </trkpt>
   <trkpt lat="47.2578100" lon="4.7486640">
    <ele>407.0</ele>
   </trkpt>
   <trkpt lat="47.2578110" lon="4.7486490">
    <ele>407.2</ele>
   </trkpt>
   <trkpt lat="47.2578330" lon="4.7485700">
    <ele>407.6</ele>
   </trkpt>
   <trkpt lat="47.2578430" lon="4.7485070">
    <ele>408.0</ele>
   </trkpt>
   <trkpt lat="47.2578470" lon="4.7484810">
    <ele>408.2</ele>
   </trkpt>
   <trkpt lat="47.2578450" lon="4.7484510">
    <ele>408.4</ele>
   </trkpt>
   <trkpt lat="47.2578440" lon="4.7483410">
    <ele>409.0</ele>
   </trkpt>
   <trkpt lat="47.2578580" lon="4.7482960">
    <ele>409.4</ele>
   </trkpt>
   <trkpt lat="47.2579230" lon="4.7481570">
    <ele>410.6</ele>
   </trkpt>
   <trkpt lat="47.2579580" lon="4.7481050">
    <ele>411.2</ele>
   </trkpt>
   <trkpt lat="47.2579930" lon="4.7480590">
    <ele>411.8</ele>
   </trkpt>
   <trkpt lat="47.2580540" lon="4.7479460">
    <ele>412.8</ele>
   </trkpt>
   <trkpt lat="47.2580560" lon="4.7479200">
    <ele>412.8</ele>
   </trkpt>
   <trkpt lat="47.2581240" lon="4.7478470">
    <ele>413.8</ele>
   </trkpt>
   <trkpt lat="47.2581470" lon="4.7478200">
    <ele>414.2</ele>
   </trkpt>
   <trkpt lat="47.2582030" lon="4.7477910">
    <ele>414.4</ele>
   </trkpt>
   <trkpt lat="47.2582260" lon="4.7477990">
    <ele>414.6</ele>
   </trkpt>
   <trkpt lat="47.2582450" lon="4.7478050">
    <ele>414.8</ele>
   </trkpt>
   <trkpt lat="47.2582570" lon="4.7478050">
    <ele>415.4</ele>
   </trkpt>
   <trkpt lat="47.2582840" lon="4.7478370">
    <ele>416.4</ele>
   </trkpt>
   <trkpt lat="47.2582860" lon="4.7478430">
    <ele>416.8</ele>
   </trkpt>
   <trkpt lat="47.2583140" lon="4.7478660">
    <ele>417.6</ele>
   </trkpt>
   <trkpt lat="47.2583370" lon="4.7478850">
    <ele>418.2</ele>
   </trkpt>
   <trkpt lat="47.2583640" lon="4.7478950">
    <ele>418.6</ele>
   </trkpt>
   <trkpt lat="47.2583760" lon="4.7479050">
    <ele>419.0</ele>
   </trkpt>
   <trkpt lat="47.2584060" lon="4.7479310">
    <ele>419.6</ele>
   </trkpt>
   <trkpt lat="47.2584430" lon="4.7479410">
    <ele>420.8</ele>
   </trkpt>
   <trkpt lat="47.2584370" lon="4.7479630">
    <ele>421.6</ele>
   </trkpt>
   <trkpt lat="47.2584340" lon="4.7479740">
    <ele>422.0</ele>
   </trkpt>
   <trkpt lat="47.2584460" lon="4.7480180">
    <ele>423.2</ele>
   </trkpt>
   <trkpt lat="47.2584400" lon="4.7480940">
    <ele>424.4</ele>
   </trkpt>
   <trkpt lat="47.2584320" lon="4.7481310">
    <ele>424.8</ele>
   </trkpt>
   <trkpt lat="47.2584240" lon="4.7481350">
    <ele>425.4</ele>
   </trkpt>
   <trkpt lat="47.2584270" lon="4.7481650">
    <ele>426.8</ele>
   </trkpt>
   <trkpt lat="47.2584270" lon="4.7481680">
    <ele>427.0</ele>
   </trkpt>
   <trkpt lat="47.2584680" lon="4.7482150">
    <ele>427.4</ele>
   </trkpt>
   <trkpt lat="47.2584980" lon="4.7481920">
    <ele>427.4</ele>
   </trkpt>
   <trkpt lat="47.2585110" lon="4.7481890">
    <ele>427.4</ele>
   </trkpt>
   <trkpt lat="47.2585230" lon="4.7481780">
    <ele>427.6</ele>
   </trkpt>
   <trkpt lat="47.2585210" lon="4.7481760">
    <ele>428.0</ele>
   </trkpt>
   <trkpt lat="47.2585170" lon="4.7481650">
    <ele>429.0</ele>
   </trkpt>
   <trkpt lat="47.2585190" lon="4.7481450">
    <ele>429.2</ele>
   </trkpt>
   <trkpt lat="47.2585710" lon="4.7480630">
    <ele>429.6</ele>
   </trkpt>
   <trkpt lat="47.2585810" lon="4.7480480">
    <ele>429.6</ele>
   </trkpt>
   <trkpt lat="47.2586300" lon="4.7479810">
    <ele>430.0</ele>
   </trkpt>
   <trkpt lat="47.2586420" lon="4.7479700">
    <ele>430.2</ele>
   </trkpt>
   <trkpt lat="47.2586460" lon="4.7479570">
    <ele>430.2</ele>
   </trkpt>
   <trkpt lat="47.2586510" lon="4.7479390">
    <ele>430.2</ele>
   </trkpt>
   <trkpt lat="47.2586810" lon="4.7479310">
    <ele>430.0</ele>
   </trkpt>
   <trkpt lat="47.2587040" lon="4.7479240">
    <ele>430.0</ele>
   </trkpt>
   <trkpt lat="47.2587870" lon="4.7479200">
    <ele>430.6</ele>
   </trkpt>
   <trkpt lat="47.2588000" lon="4.7479170">
    <ele>430.8</ele>
   </trkpt>
   <trkpt lat="47.2588190" lon="4.7478990">
    <ele>431.4</ele>
   </trkpt>
   <trkpt lat="47.2588610" lon="4.7479290">
    <ele>432.0</ele>
   </trkpt>
   <trkpt lat="47.2588660" lon="4.7479330">
    <ele>432.4</ele>
   </trkpt>
   <trkpt lat="47.2588740" lon="4.7479380">
    <ele>432.6</ele>
   </trkpt>
   <trkpt lat="47.2588820" lon="4.7479560">
    <ele>433.6</ele>
   </trkpt>
   <trkpt lat="47.2588850" lon="4.7480010">
    <ele>434.8</ele>
   </trkpt>
   <trkpt lat="47.2588970" lon="4.7480460">
    <ele>434.8</ele>
   </trkpt>
   <trkpt lat="47.2589670" lon="4.7481130">
    <ele>435.4</ele>
   </trkpt>
   <trkpt lat="47.2589930" lon="4.7481150">
    <ele>435.8</ele>
   </trkpt>
   <trkpt lat="47.2589880" lon="4.7481030">
    <ele>436.4</ele>
   </trkpt>
   <trkpt lat="47.2589910" lon="4.7480960">
    <ele>437.0</ele>
   </trkpt>
   <trkpt lat="47.2590090" lon="4.7480810">
    <ele>438.0</ele>
   </trkpt>
   <trkpt lat="47.2590230" lon="4.7480510">
    <ele>439.2</ele>
   </trkpt>
   <trkpt lat="47.2590460" lon="4.7479990">
    <ele>439.6</ele>
   </trkpt>
   <trkpt lat="47.2590510" lon="4.7479840">
    <ele>439.4</ele>
   </trkpt>
   <trkpt lat="47.2590600" lon="4.7479250">
    <ele>438.4</ele>
   </trkpt>
   <trkpt lat="47.2591340" lon="4.7478790">
    <ele>438.4</ele>
   </trkpt>
   <trkpt lat="47.2591500" lon="4.7478770">
    <ele>438.2</ele>
   </trkpt>
   <trkpt lat="47.2592280" lon="4.7478930">
    <ele>438.8</ele>
   </trkpt>
   <trkpt lat="47.2592380" lon="4.7479100">
    <ele>439.4</ele>
   </trkpt>
   <trkpt lat="47.2592820" lon="4.7479460">
    <ele>440.6</ele>
   </trkpt>
   <trkpt lat="47.2593010" lon="4.7479450">
    <ele>440.8</ele>
   </trkpt>
   <trkpt lat="47.2593700" lon="4.7479660">
    <ele>441.8</ele>
   </trkpt>
   <trkpt lat="47.2594120" lon="4.7479850">
    <ele>442.8</ele>
   </trkpt>
   <trkpt lat="47.2594150" lon="4.7479860">
    <ele>443.0</ele>
   </trkpt>
   <trkpt lat="47.2594560" lon="4.7480000">
    <ele>444.2</ele>
   </trkpt>
   <trkpt lat="47.2594650" lon="4.7480060">
    <ele>444.4</ele>
   </trkpt>
   <trkpt lat="47.2594800" lon="4.7480020">
    <ele>445.2</ele>
   </trkpt>
   <trkpt lat="47.2594890" lon="4.7480010">
    <ele>445.4</ele>
   </trkpt>
   <trkpt lat="47.2595390" lon="4.7479360">
    <ele>446.4</ele>
   </trkpt>
   <trkpt lat="47.2595450" lon="4.7479230">
    <ele>446.6</ele>
   </trkpt>
   <trkpt lat="47.2596080" lon="4.7478270">
    <ele>447.4</ele>
   </trkpt>
   <trkpt lat="47.2596280" lon="4.7478050">
    <ele>447.4</ele>
   </trkpt>
   <trkpt lat="47.2596450" lon="4.7477820">
    <ele>447.6</ele>
   </trkpt>
   <trkpt lat="47.2596870" lon="4.7477260">
    <ele>447.8</ele>
   </trkpt>
   <trkpt lat="47.2597060" lon="4.7476810">
    <ele>448.6</ele>
   </trkpt>
   <trkpt lat="47.2597170" lon="4.7476660">
    <ele>448.8</ele>
   </trkpt>
   <trkpt lat="47.2597480" lon="4.7476230">
    <ele>449.8</ele>
   </trkpt>
   <trkpt lat="47.2597880" lon="4.7475590">
    <ele>450.8</ele>
   </trkpt>
   <trkpt lat="47.2598090" lon="4.7475260">
    <ele>450.8</ele>
   </trkpt>
   <trkpt lat="47.2598730" lon="4.7474850">
    <ele>452.0</ele>
   </trkpt>
   <trkpt lat="47.2598740" lon="4.7474750">
    <ele>452.6</ele>
   </trkpt>
   <trkpt lat="47.2598890" lon="4.7474680">
    <ele>453.2</ele>
   </trkpt>
   <trkpt lat="47.2599420" lon="4.7474590">
    <ele>453.8</ele>
   </trkpt>
   <trkpt lat="47.2599840" lon="4.7474750">
    <ele>454.0</ele>
   </trkpt>
   <trkpt lat="47.2600470" lon="4.7474370">
    <ele>454.2</ele>
   </trkpt>
   <trkpt lat="47.2600640" lon="4.7474130">
    <ele>454.4</ele>
   </trkpt>
   <trkpt lat="47.2600880" lon="4.7473820">
    <ele>454.6</ele>
   </trkpt>
   <trkpt lat="47.2601320" lon="4.7472790">
    <ele>455.6</ele>
   </trkpt>
   <trkpt lat="47.2601350" lon="4.7472510">
    <ele>455.8</ele>
   </trkpt>
   <trkpt lat="47.2601300" lon="4.7472170">
    <ele>456.0</ele>
   </trkpt>
   <trkpt lat="47.2600370" lon="4.7472660">
    <ele>453.8</ele>
   </trkpt>
   <trkpt lat="47.2600050" lon="4.7472690">
    <ele>453.2</ele>
   </trkpt>
   <trkpt lat="47.2599760" lon="4.7472700">
    <ele>452.6</ele>
   </trkpt>
   <trkpt lat="47.2599240" lon="4.7472390">
    <ele>451.4</ele>
   </trkpt>
   <trkpt lat="47.2598810" lon="4.7471650">
    <ele>450.8</ele>
   </trkpt>
   <trkpt lat="47.2598690" lon="4.7471270">
    <ele>449.6</ele>
   </trkpt>
   <trkpt lat="47.2598690" lon="4.7470460">
    <ele>448.6</ele>
   </trkpt>
   <trkpt lat="47.2598890" lon="4.7470090">
    <ele>448.4</ele>
   </trkpt>
   <trkpt lat="47.2599060" lon="4.7469920">
    <ele>448.4</ele>
   </trkpt>
   <trkpt lat="47.2599610" lon="4.7469470">
    <ele>449.6</ele>
   </trkpt>
   <trkpt lat="47.2599730" lon="4.7469390">
    <ele>450.0</ele>
   </trkpt>
   <trkpt lat="47.2599940" lon="4.7469360">
    <ele>450.8</ele>
   </trkpt>
   <trkpt lat="47.2600210" lon="4.7469050">
    <ele>452.0</ele>
   </trkpt>
   <trkpt lat="47.2600410" lon="4.7468940">
    <ele>452.8</ele>
   </trkpt>
   <trkpt lat="47.2600530" lon="4.7468940">
    <ele>453.2</ele>
   </trkpt>
   <trkpt lat="47.2600790" lon="4.7468740">
    <ele>454.2</ele>
   </trkpt>
   <trkpt lat="47.2600930" lon="4.7468510">
    <ele>454.8</ele>
   </trkpt>
   <trkpt lat="47.2601020" lon="4.7468430">
    <ele>455.2</ele>
   </trkpt>
   <trkpt lat="47.2601250" lon="4.7468400">
    <ele>456.4</ele>
   </trkpt>
   <trkpt lat="47.2601530" lon="4.7468570">
    <ele>456.8</ele>
   </trkpt>
   <trkpt lat="47.2601620" lon="4.7468680">
    <ele>457.4</ele>
   </trkpt>
   <trkpt lat="47.2601740" lon="4.7468860">
    <ele>457.6</ele>
   </trkpt>
   <trkpt lat="47.2602170" lon="4.7469430">
    <ele>458.4</ele>
   </trkpt>
   <trkpt lat="47.2602400" lon="4.7469630">
    <ele>459.0</ele>
   </trkpt>
   <trkpt lat="47.2602940" lon="4.7470050">
    <ele>459.4</ele>
   </trkpt>
   <trkpt lat="47.2603490" lon="4.7468750">
    <ele>460.0</ele>
   </trkpt>
   <trkpt lat="47.2603470" lon="4.7468420">
    <ele>460.0</ele>
   </trkpt>
   <trkpt lat="47.2603070" lon="4.7466720">
    <ele>459.4</ele>
   </trkpt>
   <trkpt lat="47.2603090" lon="4.7466460">
    <ele>459.2</ele>
   </trkpt>
   <trkpt lat="47.2602970" lon="4.7466050">
    <ele>459.0</ele>
   </trkpt>
   <trkpt lat="47.2602820" lon="4.7466030">
    <ele>459.0</ele>
   </trkpt>
   <trkpt lat="47.2602650" lon="4.7466060">
    <ele>459.0</ele>
   </trkpt>
   <trkpt lat="47.2602530" lon="4.7466130">
    <ele>459.0</ele>
   </trkpt>
   <trkpt lat="47.2601650" lon="4.7466420">
    <ele>458.6</ele>
   </trkpt>
   <trkpt lat="47.2601380" lon="4.7466190">
    <ele>458.4</ele>
   </trkpt>
   <trkpt lat="47.2601210" lon="4.7465820">
    <ele>458.0</ele>
   </trkpt>
   <trkpt lat="47.2601100" lon="4.7465320">
    <ele>457.8</ele>
   </trkpt>
   <trkpt lat="47.2601150" lon="4.7463910">
    <ele>457.6</ele>
   </trkpt>
   <trkpt lat="47.2601340" lon="4.7462850">
    <ele>457.6</ele>
   </trkpt>
   <trkpt lat="47.2601790" lon="4.7462590">
    <ele>459.2</ele>
   </trkpt>
   <trkpt lat="47.2601860" lon="4.7462550">
    <ele>459.6</ele>
   </trkpt>
   <trkpt lat="47.2602030" lon="4.7462320">
    <ele>460.8</ele>
   </trkpt>
   <trkpt lat="47.2602220" lon="4.7462020">
    <ele>461.6</ele>
   </trkpt>
   <trkpt lat="47.2602460" lon="4.7461670">
    <ele>462.0</ele>
   </trkpt>
   <trkpt lat="47.2602510" lon="4.7461420">
    <ele>462.2</ele>
   </trkpt>
   <trkpt lat="47.2602660" lon="4.7461010">
    <ele>463.0</ele>
   </trkpt>
   <trkpt lat="47.2602740" lon="4.7460800">
    <ele>463.0</ele>
   </trkpt>
   <trkpt lat="47.2602990" lon="4.7458790">
    <ele>463.2</ele>
   </trkpt>
   <trkpt lat="47.2602900" lon="4.7457730">
    <ele>462.8</ele>
   </trkpt>
   <trkpt lat="47.2603200" lon="4.7457450">
    <ele>462.8</ele>
   </trkpt>
   <trkpt lat="47.2604110" lon="4.7457170">
    <ele>463.8</ele>
   </trkpt>
   <trkpt lat="47.2604260" lon="4.7457140">
    <ele>464.4</ele>
   </trkpt>
   <trkpt lat="47.2604370" lon="4.7457050">
    <ele>464.6</ele>
   </trkpt>
   <trkpt lat="47.2604650" lon="4.7456690">
    <ele>465.4</ele>
   </trkpt>
   <trkpt lat="47.2604740" lon="4.7456570">
    <ele>465.8</ele>
   </trkpt>
   <trkpt lat="47.2604930" lon="4.7456440">
    <ele>466.6</ele>
   </trkpt>
   <trkpt lat="47.2605120" lon="4.7456150">
    <ele>467.8</ele>
   </trkpt>
   <trkpt lat="47.2605220" lon="4.7455960">
    <ele>468.0</ele>
   </trkpt>
   <trkpt lat="47.2605540" lon="4.7455910">
    <ele>469.2</ele>
   </trkpt>
   <trkpt lat="47.2605620" lon="4.7455870">
    <ele>469.4</ele>
   </trkpt>
   <trkpt lat="47.2605670" lon="4.7455810">
    <ele>470.0</ele>
   </trkpt>
   <trkpt lat="47.2605750" lon="4.7455760">
    <ele>470.2</ele>
   </trkpt>
   <trkpt lat="47.2606110" lon="4.7455770">
    <ele>471.4</ele>
   </trkpt>
   <trkpt lat="47.2606360" lon="4.7455810">
    <ele>472.2</ele>
   </trkpt>
   <trkpt lat="47.2606410" lon="4.7455790">
    <ele>472.6</ele>
   </trkpt>
   <trkpt lat="47.2606830" lon="4.7455600">
    <ele>473.8</ele>
   </trkpt>
   <trkpt lat="47.2606930" lon="4.7455670">
    <ele>474.2</ele>
   </trkpt>
   <trkpt lat="47.2607140" lon="4.7455600">
    <ele>474.8</ele>
   </trkpt>
   <trkpt lat="47.2607480" lon="4.7455360">
    <ele>476.0</ele>
   </trkpt>
   <trkpt lat="47.2607940" lon="4.7455600">
    <ele>477.0</ele>
   </trkpt>
   <trkpt lat="47.2608100" lon="4.7455680">
    <ele>477.2</ele>
   </trkpt>
   <trkpt lat="47.2608500" lon="4.7455650">
    <ele>478.2</ele>
   </trkpt>
   <trkpt lat="47.2608820" lon="4.7455770">
    <ele>478.8</ele>
   </trkpt>
   <trkpt lat="47.2608950" lon="4.7455930">
    <ele>479.2</ele>
   </trkpt>
   <trkpt lat="47.2609210" lon="4.7456350">
    <ele>480.2</ele>
   </trkpt>
   <trkpt lat="47.2609290" lon="4.7456500">
    <ele>480.4</ele>
   </trkpt>
   <trkpt lat="47.2609820" lon="4.7456620">
    <ele>481.6</ele>
   </trkpt>
   <trkpt lat="47.2610070" lon="4.7456390">
    <ele>481.8</ele>
   </trkpt>
   <trkpt lat="47.2610450" lon="4.7456210">
    <ele>482.6</ele>
   </trkpt>
   <trkpt lat="47.2610730" lon="4.7456180">
    <ele>483.8</ele>
   </trkpt>
   <trkpt lat="47.2611020" lon="4.7455580">
    <ele>484.8</ele>
   </trkpt>
   <trkpt lat="47.2611230" lon="4.7455720">
    <ele>485.4</ele>
   </trkpt>
   <trkpt lat="47.2611930" lon="4.7456530">
    <ele>486.0</ele>
   </trkpt>
   <trkpt lat="47.2611940" lon="4.7457090">
    <ele>486.2</ele>
   </trkpt>
   <trkpt lat="47.2612070" lon="4.7457520">
    <ele>486.4</ele>
   </trkpt>
   <trkpt lat="47.2612430" lon="4.7458590">
    <ele>487.0</ele>
   </trkpt>
   <trkpt lat="47.2612590" lon="4.7458770">
    <ele>487.8</ele>
   </trkpt>
   <trkpt lat="47.2612670" lon="4.7458800">
    <ele>488.2</ele>
   </trkpt>
   <trkpt lat="47.2612940" lon="4.7459040">
    <ele>489.0</ele>
   </trkpt>
   <trkpt lat="47.2613060" lon="4.7458940">
    <ele>489.4</ele>
   </trkpt>
   <trkpt lat="47.2613190" lon="4.7458950">
    <ele>490.0</ele>
   </trkpt>
   <trkpt lat="47.2613290" lon="4.7458980">
    <ele>490.8</ele>
   </trkpt>
   <trkpt lat="47.2613480" lon="4.7458840">
    <ele>491.8</ele>
   </trkpt>
   <trkpt lat="47.2613660" lon="4.7458500">
    <ele>492.6</ele>
   </trkpt>
   <trkpt lat="47.2613740" lon="4.7458350">
    <ele>493.0</ele>
   </trkpt>
   <trkpt lat="47.2614040" lon="4.7457860">
    <ele>494.2</ele>
   </trkpt>
   <trkpt lat="47.2614240" lon="4.7457730">
    <ele>494.8</ele>
   </trkpt>
   <trkpt lat="47.2614500" lon="4.7457680">
    <ele>495.4</ele>
   </trkpt>
   <trkpt lat="47.2614640" lon="4.7457670">
    <ele>495.8</ele>
   </trkpt>
   <trkpt lat="47.2614990" lon="4.7457900">
    <ele>496.8</ele>
   </trkpt>
   <trkpt lat="47.2615480" lon="4.7457980">
    <ele>497.8</ele>
   </trkpt>
   <trkpt lat="47.2616040" lon="4.7457300">
    <ele>498.8</ele>
   </trkpt>
   <trkpt lat="47.2616120" lon="4.7457170">
    <ele>499.0</ele>
   </trkpt>
   <trkpt lat="47.2616570" lon="4.7456420">
    <ele>500.0</ele>
   </trkpt>
   <trkpt lat="47.2616770" lon="4.7455700">
    <ele>500.6</ele>
   </trkpt>
   <trkpt lat="47.2616830" lon="4.7453800">
    <ele>500.8</ele>
   </trkpt>
   <trkpt lat="47.2617250" lon="4.7450900">
    <ele>500.8</ele>
   </trkpt>
   <trkpt lat="47.2617290" lon="4.7450430">
    <ele>500.8</ele>
   </trkpt>
   <trkpt lat="47.2617040" lon="4.7447980">
    <ele>501.0</ele>
   </trkpt>
   <trkpt lat="47.2616890" lon="4.7447380">
    <ele>501.4</ele>
   </trkpt>
   <trkpt lat="47.2616300" lon="4.7446800">
    <ele>502.0</ele>
   </trkpt>
   <trkpt lat="47.2615880" lon="4.7446580">
    <ele>502.6</ele>
   </trkpt>
   <trkpt lat="47.2615650" lon="4.7446600">
    <ele>502.8</ele>
   </trkpt>
   <trkpt lat="47.2615140" lon="4.7446710">
    <ele>503.2</ele>
   </trkpt>
   <trkpt lat="47.2614440" lon="4.7446790">
    <ele>504.0</ele>
   </trkpt>
   <trkpt lat="47.2614220" lon="4.7446830">
    <ele>504.4</ele>
   </trkpt>
   <trkpt lat="47.2614080" lon="4.7446800">
    <ele>504.6</ele>
   </trkpt>
   <trkpt lat="47.2613640" lon="4.7446720">
    <ele>505.6</ele>
   </trkpt>
   <trkpt lat="47.2612890" lon="4.7447110">
    <ele>506.8</ele>
   </trkpt>
   <trkpt lat="47.2612760" lon="4.7447050">
    <ele>507.0</ele>
   </trkpt>
   <trkpt lat="47.2612390" lon="4.7446960">
    <ele>508.0</ele>
   </trkpt>
   <trkpt lat="47.2612220" lon="4.7447030">
    <ele>508.4</ele>
   </trkpt>
   <trkpt lat="47.2611920" lon="4.7446980">
    <ele>509.0</ele>
   </trkpt>
   <trkpt lat="47.2611410" lon="4.7446930">
    <ele>510.0</ele>
   </trkpt>
   <trkpt lat="47.2611300" lon="4.7446900">
    <ele>510.2</ele>
   </trkpt>
   <trkpt lat="47.2610690" lon="4.7446660">
    <ele>511.0</ele>
   </trkpt>
   <trkpt lat="47.2610560" lon="4.7446550">
    <ele>511.4</ele>
   </trkpt>
   <trkpt lat="47.2610270" lon="4.7446350">
    <ele>512.4</ele>
   </trkpt>
   <trkpt lat="47.2609920" lon="4.7446180">
    <ele>512.6</ele>
   </trkpt>
   <trkpt lat="47.2609500" lon="4.7446020">
    <ele>513.6</ele>
   </trkpt>
   <trkpt lat="47.2609180" lon="4.7445390">
    <ele>514.2</ele>
   </trkpt>
   <trkpt lat="47.2609050" lon="4.7445210">
    <ele>514.6</ele>
   </trkpt>
   <trkpt lat="47.2608590" lon="4.7444920">
    <ele>515.8</ele>
   </trkpt>
   <trkpt lat="47.2608360" lon="4.7444860">
    <ele>516.0</ele>
   </trkpt>
   <trkpt lat="47.2608230" lon="4.7444820">
    <ele>516.2</ele>
   </trkpt>
   <trkpt lat="47.2607890" lon="4.7444570">
    <ele>516.2</ele>
   </trkpt>
   <trkpt lat="47.2607870" lon="4.7444710">
    <ele>516.2</ele>
   </trkpt>
   <trkpt lat="47.2607960" lon="4.7444950">
    <ele>516.0</ele>
   </trkpt>
   <trkpt lat="47.2607660" lon="4.7445800">
    <ele>514.8</ele>
   </trkpt>
   <trkpt lat="47.2607400" lon="4.7446270">
    <ele>513.8</ele>
   </trkpt>
   <trkpt lat="47.2607250" lon="4.7446520">
    <ele>513.0</ele>
   </trkpt>
   <trkpt lat="47.2606920" lon="4.7447070">
    <ele>511.6</ele>
   </trkpt>
   <trkpt lat="47.2606900" lon="4.7447490">
    <ele>510.2</ele>
   </trkpt>
   <trkpt lat="47.2606780" lon="4.7447630">
    <ele>509.6</ele>
   </trkpt>
   <trkpt lat="47.2606670" lon="4.7447790">
    <ele>509.0</ele>
   </trkpt>
   <trkpt lat="47.2606540" lon="4.7447930">
    <ele>508.0</ele>
   </trkpt>
   <trkpt lat="47.2606150" lon="4.7448160">
    <ele>506.6</ele>
   </trkpt>
   <trkpt lat="47.2606010" lon="4.7448270">
    <ele>505.6</ele>
   </trkpt>
   <trkpt lat="47.2605630" lon="4.7448490">
    <ele>503.8</ele>
   </trkpt>
   <trkpt lat="47.2605170" lon="4.7448650">
    <ele>502.4</ele>
   </trkpt>
   <trkpt lat="47.2604950" lon="4.7448650">
    <ele>501.4</ele>
   </trkpt>
   <trkpt lat="47.2604610" lon="4.7448670">
    <ele>500.2</ele>
   </trkpt>
   <trkpt lat="47.2604040" lon="4.7448800">
    <ele>498.2</ele>
   </trkpt>
   <trkpt lat="47.2603650" lon="4.7448900">
    <ele>496.6</ele>
   </trkpt>
   <trkpt lat="47.2603090" lon="4.7448980">
    <ele>494.8</ele>
   </trkpt>
   <trkpt lat="47.2602580" lon="4.7449190">
    <ele>493.0</ele>
   </trkpt>
   <trkpt lat="47.2602380" lon="4.7449210">
    <ele>492.4</ele>
   </trkpt>
   <trkpt lat="47.2602190" lon="4.7449130">
    <ele>491.4</ele>
   </trkpt>
   <trkpt lat="47.2602000" lon="4.7449120">
    <ele>490.4</ele>
   </trkpt>
   <trkpt lat="47.2601770" lon="4.7449210">
    <ele>489.0</ele>
   </trkpt>
   <trkpt lat="47.2601750" lon="4.7449380">
    <ele>488.2</ele>
   </trkpt>
   <trkpt lat="47.2601730" lon="4.7449560">
    <ele>487.6</ele>
   </trkpt>
   <trkpt lat="47.2601620" lon="4.7450150">
    <ele>485.8</ele>
   </trkpt>
   <trkpt lat="47.2601490" lon="4.7450360">
    <ele>484.4</ele>
   </trkpt>
   <trkpt lat="47.2601270" lon="4.7450540">
    <ele>482.8</ele>
   </trkpt>
   <trkpt lat="47.2601020" lon="4.7450700">
    <ele>481.6</ele>
   </trkpt>
   <trkpt lat="47.2600800" lon="4.7450760">
    <ele>480.2</ele>
   </trkpt>
   <trkpt lat="47.2600580" lon="4.7450740">
    <ele>479.0</ele>
   </trkpt>
   <trkpt lat="47.2600370" lon="4.7450800">
    <ele>478.0</ele>
   </trkpt>
   <trkpt lat="47.2600090" lon="4.7450910">
    <ele>476.8</ele>
   </trkpt>
   <trkpt lat="47.2599800" lon="4.7450950">
    <ele>475.4</ele>
   </trkpt>
   <trkpt lat="47.2599550" lon="4.7450900">
    <ele>474.0</ele>
   </trkpt>
   <trkpt lat="47.2599400" lon="4.7450780">
    <ele>472.8</ele>
   </trkpt>
   <trkpt lat="47.2599260" lon="4.7450800">
    <ele>470.8</ele>
   </trkpt>
   <trkpt lat="47.2598750" lon="4.7451190">
    <ele>468.2</ele>
   </trkpt>
   <trkpt lat="47.2598510" lon="4.7451300">
    <ele>467.2</ele>
   </trkpt>
   <trkpt lat="47.2598250" lon="4.7451410">
    <ele>465.6</ele>
   </trkpt>
   <trkpt lat="47.2598030" lon="4.7451450">
    <ele>464.2</ele>
   </trkpt>
   <trkpt lat="47.2597880" lon="4.7451330">
    <ele>462.6</ele>
   </trkpt>
   <trkpt lat="47.2597620" lon="4.7451390">
    <ele>461.2</ele>
   </trkpt>
   <trkpt lat="47.2597160" lon="4.7451620">
    <ele>458.6</ele>
   </trkpt>
   <trkpt lat="47.2597010" lon="4.7451900">
    <ele>457.0</ele>
   </trkpt>
   <trkpt lat="47.2596880" lon="4.7452170">
    <ele>455.4</ele>
   </trkpt>
   <trkpt lat="47.2596890" lon="4.7452480">
    <ele>454.0</ele>
   </trkpt>
   <trkpt lat="47.2596810" lon="4.7452970">
    <ele>452.4</ele>
   </trkpt>
   <trkpt lat="47.2596580" lon="4.7453020">
    <ele>451.0</ele>
   </trkpt>
   <trkpt lat="47.2596260" lon="4.7452970">
    <ele>450.0</ele>
   </trkpt>
   <trkpt lat="47.2595790" lon="4.7452440">
    <ele>448.6</ele>
   </trkpt>
   <trkpt lat="47.2595470" lon="4.7452200">
    <ele>448.2</ele>
   </trkpt>
   <trkpt lat="47.2595100" lon="4.7452170">
    <ele>447.0</ele>
   </trkpt>
   <trkpt lat="47.2594580" lon="4.7451970">
    <ele>446.0</ele>
   </trkpt>
   <trkpt lat="47.2594150" lon="4.7451760">
    <ele>444.8</ele>
   </trkpt>
   <trkpt lat="47.2593920" lon="4.7451770">
    <ele>444.2</ele>
   </trkpt>
   <trkpt lat="47.2593640" lon="4.7451940">
    <ele>443.6</ele>
   </trkpt>
   <trkpt lat="47.2592890" lon="4.7451990">
    <ele>442.4</ele>
   </trkpt>
   <trkpt lat="47.2592080" lon="4.7452010">
    <ele>441.0</ele>
   </trkpt>
   <trkpt lat="47.2591750" lon="4.7452090">
    <ele>440.2</ele>
   </trkpt>
   <trkpt lat="47.2591450" lon="4.7452220">
    <ele>439.6</ele>
   </trkpt>
   <trkpt lat="47.2590510" lon="4.7453010">
    <ele>438.6</ele>
   </trkpt>
   <trkpt lat="47.2590190" lon="4.7453180">
    <ele>438.4</ele>
   </trkpt>
   <trkpt lat="47.2588800" lon="4.7453430">
    <ele>437.4</ele>
   </trkpt>
   <trkpt lat="47.2588470" lon="4.7453330">
    <ele>437.2</ele>
   </trkpt>
   <trkpt lat="47.2588140" lon="4.7453150">
    <ele>436.8</ele>
   </trkpt>
   <trkpt lat="47.2587510" lon="4.7452860">
    <ele>436.2</ele>
   </trkpt>
   <trkpt lat="47.2586870" lon="4.7452630">
    <ele>435.0</ele>
   </trkpt>
   <trkpt lat="47.2586630" lon="4.7452630">
    <ele>434.4</ele>
   </trkpt>
   <trkpt lat="47.2586310" lon="4.7452630">
    <ele>433.8</ele>
   </trkpt>
   <trkpt lat="47.2585540" lon="4.7451880">
    <ele>432.8</ele>
   </trkpt>
   <trkpt lat="47.2585240" lon="4.7451590">
    <ele>432.6</ele>
   </trkpt>
   <trkpt lat="47.2583610" lon="4.7449830">
    <ele>432.6</ele>
   </trkpt>
   <trkpt lat="47.2583320" lon="4.7449660">
    <ele>432.8</ele>
   </trkpt>
   <trkpt lat="47.2581690" lon="4.7448600">
    <ele>433.2</ele>
   </trkpt>
   <trkpt lat="47.2581450" lon="4.7448500">
    <ele>433.2</ele>
   </trkpt>
   <trkpt lat="47.2580850" lon="4.7448540">
    <ele>433.0</ele>
   </trkpt>
   <trkpt lat="47.2580220" lon="4.7448920">
    <ele>432.6</ele>
   </trkpt>
   <trkpt lat="47.2579380" lon="4.7449350">
    <ele>431.0</ele>
   </trkpt>
   <trkpt lat="47.2578840" lon="4.7449480">
    <ele>430.2</ele>
   </trkpt>
   <trkpt lat="47.2578170" lon="4.7449610">
    <ele>429.8</ele>
   </trkpt>
   <trkpt lat="47.2577310" lon="4.7449750">
    <ele>428.4</ele>
   </trkpt>
   <trkpt lat="47.2576460" lon="4.7450010">
    <ele>426.8</ele>
   </trkpt>
   <trkpt lat="47.2575520" lon="4.7449960">
    <ele>425.6</ele>
   </trkpt>
   <trkpt lat="47.2573520" lon="4.7450240">
    <ele>424.6</ele>
   </trkpt>
   <trkpt lat="47.2573360" lon="4.7449970">
    <ele>424.4</ele>
   </trkpt>
   <trkpt lat="47.2572770" lon="4.7449560">
    <ele>424.0</ele>
   </trkpt>
   <trkpt lat="47.2572340" lon="4.7450190">
    <ele>423.4</ele>
   </trkpt>
   <trkpt lat="47.2572000" lon="4.7450670">
    <ele>422.8</ele>
   </trkpt>
   <trkpt lat="47.2571810" lon="4.7450920">
    <ele>422.2</ele>
   </trkpt>
   <trkpt lat="47.2571330" lon="4.7451580">
    <ele>420.8</ele>
   </trkpt>
   <trkpt lat="47.2570820" lon="4.7452270">
    <ele>418.8</ele>
   </trkpt>
   <trkpt lat="47.2570550" lon="4.7452800">
    <ele>417.2</ele>
   </trkpt>
   <trkpt lat="47.2570150" lon="4.7453070">
    <ele>416.2</ele>
   </trkpt>
   <trkpt lat="47.2569860" lon="4.7453190">
    <ele>414.6</ele>
   </trkpt>
   <trkpt lat="47.2569380" lon="4.7453340">
    <ele>413.0</ele>
   </trkpt>
   <trkpt lat="47.2569130" lon="4.7453450">
    <ele>412.0</ele>
   </trkpt>
   <trkpt lat="47.2568640" lon="4.7453620">
    <ele>410.4</ele>
   </trkpt>
   <trkpt lat="47.2568020" lon="4.7453720">
    <ele>409.2</ele>
   </trkpt>
   <trkpt lat="47.2567700" lon="4.7453740">
    <ele>408.8</ele>
   </trkpt>
   <trkpt lat="47.2567010" lon="4.7453640">
    <ele>408.0</ele>
   </trkpt>
   <trkpt lat="47.2566300" lon="4.7453440">
    <ele>406.6</ele>
   </trkpt>
   <trkpt lat="47.2566130" lon="4.7453400">
    <ele>406.2</ele>
   </trkpt>
   <trkpt lat="47.2565770" lon="4.7453220">
    <ele>405.2</ele>
   </trkpt>
   <trkpt lat="47.2565350" lon="4.7453060">
    <ele>403.4</ele>
   </trkpt>
   <trkpt lat="47.2565210" lon="4.7453010">
    <ele>402.4</ele>
   </trkpt>
   <trkpt lat="47.2565090" lon="4.7452980">
    <ele>402.0</ele>
   </trkpt>
   <trkpt lat="47.2565000" lon="4.7452990">
    <ele>401.2</ele>
   </trkpt>
   <trkpt lat="47.2564850" lon="4.7453100">
    <ele>400.2</ele>
   </trkpt>
   <trkpt lat="47.2564630" lon="4.7453110">
    <ele>398.8</ele>
   </trkpt>
   <trkpt lat="47.2564040" lon="4.7453110">
    <ele>397.0</ele>
   </trkpt>
   <trkpt lat="47.2563730" lon="4.7453100">
    <ele>396.0</ele>
   </trkpt>
   <trkpt lat="47.2563360" lon="4.7453030">
    <ele>395.0</ele>
   </trkpt>
   <trkpt lat="47.2562700" lon="4.7452730">
    <ele>393.6</ele>
   </trkpt>
   <trkpt lat="47.2561930" lon="4.7452820">
    <ele>392.4</ele>
   </trkpt>
   <trkpt lat="47.2561570" lon="4.7452380">
    <ele>391.0</ele>
   </trkpt>
   <trkpt lat="47.2560980" lon="4.7451550">
    <ele>389.0</ele>
   </trkpt>
   <trkpt lat="47.2560630" lon="4.7451200">
    <ele>388.4</ele>
   </trkpt>
   <trkpt lat="47.2560470" lon="4.7450900">
    <ele>388.0</ele>
   </trkpt>
   <trkpt lat="47.2560450" lon="4.7450800">
    <ele>387.8</ele>
   </trkpt>
   <trkpt lat="47.2560360" lon="4.7450330">
    <ele>388.0</ele>
   </trkpt>
   <trkpt lat="47.2560100" lon="4.7447710">
    <ele>388.0</ele>
   </trkpt>
   <trkpt lat="47.2560080" lon="4.7447120">
    <ele>387.8</ele>
   </trkpt>
   <trkpt lat="47.2559750" lon="4.7444190">
    <ele>387.0</ele>
   </trkpt>
   <trkpt lat="47.2559710" lon="4.7443590">
    <ele>386.6</ele>
   </trkpt>
   <trkpt lat="47.2559480" lon="4.7442480">
    <ele>385.4</ele>
   </trkpt>
   <trkpt lat="47.2559120" lon="4.7442070">
    <ele>385.0</ele>
   </trkpt>
   <trkpt lat="47.2558850" lon="4.7441410">
    <ele>384.0</ele>
   </trkpt>
   <trkpt lat="47.2558520" lon="4.7440290">
    <ele>382.8</ele>
   </trkpt>
   <trkpt lat="47.2558490" lon="4.7439400">
    <ele>381.8</ele>
   </trkpt>
   <trkpt lat="47.2558400" lon="4.7438560">
    <ele>380.2</ele>
   </trkpt>
   <trkpt lat="47.2558180" lon="4.7438240">
    <ele>379.2</ele>
   </trkpt>
   <trkpt lat="47.2557860" lon="4.7437980">
    <ele>378.6</ele>
   </trkpt>
   <trkpt lat="47.2557650" lon="4.7437750">
    <ele>377.6</ele>
   </trkpt>
   <trkpt lat="47.2557130" lon="4.7437420">
    <ele>375.8</ele>
   </trkpt>
   <trkpt lat="47.2556900" lon="4.7437420">
    <ele>375.4</ele>
   </trkpt>
   <trkpt lat="47.2556750" lon="4.7437620">
    <ele>374.2</ele>
   </trkpt>
   <trkpt lat="47.2556600" lon="4.7437950">
    <ele>373.4</ele>
   </trkpt>
   <trkpt lat="47.2556440" lon="4.7438330">
    <ele>373.0</ele>
   </trkpt>
   <trkpt lat="47.2555850" lon="4.7439630">
    <ele>371.6</ele>
   </trkpt>
   <trkpt lat="47.2555100" lon="4.7440900">
    <ele>370.6</ele>
   </trkpt>
   <trkpt lat="47.2554890" lon="4.7441240">
    <ele>370.4</ele>
   </trkpt>
   <trkpt lat="47.2553780" lon="4.7442640">
    <ele>369.6</ele>
   </trkpt>
   <trkpt lat="47.2553270" lon="4.7443480">
    <ele>369.2</ele>
   </trkpt>
   <trkpt lat="47.2553040" lon="4.7443780">
    <ele>369.0</ele>
   </trkpt>
   <trkpt lat="47.2552520" lon="4.7444560">
    <ele>368.0</ele>
   </trkpt>
   <trkpt lat="47.2551850" lon="4.7445290">
    <ele>367.0</ele>
   </trkpt>
   <trkpt lat="47.2551550" lon="4.7445600">
    <ele>366.6</ele>
   </trkpt>
   <trkpt lat="47.2550950" lon="4.7446400">
    <ele>365.4</ele>
   </trkpt>
   <trkpt lat="47.2550490" lon="4.7447080">
    <ele>364.4</ele>
   </trkpt>
   <trkpt lat="47.2550270" lon="4.7447320">
    <ele>363.6</ele>
   </trkpt>
   <trkpt lat="47.2550010" lon="4.7447660">
    <ele>363.2</ele>
   </trkpt>
   <trkpt lat="47.2549060" lon="4.7449130">
    <ele>362.0</ele>
   </trkpt>
   <trkpt lat="47.2548640" lon="4.7449990">
    <ele>360.4</ele>
   </trkpt>
   <trkpt lat="47.2548060" lon="4.7451260">
    <ele>359.4</ele>
   </trkpt>
   <trkpt lat="47.2547540" lon="4.7452440">
    <ele>358.0</ele>
   </trkpt>
   <trkpt lat="47.2547040" lon="4.7453590">
    <ele>356.6</ele>
   </trkpt>
   <trkpt lat="47.2546910" lon="4.7454010">
    <ele>355.4</ele>
   </trkpt>
   <trkpt lat="47.2546560" lon="4.7454890">
    <ele>354.2</ele>
   </trkpt>
   <trkpt lat="47.2546130" lon="4.7455770">
    <ele>352.8</ele>
   </trkpt>
   <trkpt lat="47.2545740" lon="4.7456450">
    <ele>351.6</ele>
   </trkpt>
   <trkpt lat="47.2545330" lon="4.7457100">
    <ele>350.4</ele>
   </trkpt>
   <trkpt lat="47.2544660" lon="4.7458140">
    <ele>348.6</ele>
   </trkpt>
   <trkpt lat="47.2544170" lon="4.7458670">
    <ele>347.0</ele>
   </trkpt>
   <trkpt lat="47.2543860" lon="4.7458940">
    <ele>346.2</ele>
   </trkpt>
   <trkpt lat="47.2543600" lon="4.7459150">
    <ele>345.4</ele>
   </trkpt>
   <trkpt lat="47.2543060" lon="4.7459660">
    <ele>344.2</ele>
   </trkpt>
   <trkpt lat="47.2542500" lon="4.7460120">
    <ele>343.0</ele>
   </trkpt>
   <trkpt lat="47.2541980" lon="4.7460530">
    <ele>341.4</ele>
   </trkpt>
   <trkpt lat="47.2541710" lon="4.7460770">
    <ele>340.8</ele>
   </trkpt>
   <trkpt lat="47.2541450" lon="4.7460930">
    <ele>340.0</ele>
   </trkpt>
   <trkpt lat="47.2540830" lon="4.7461130">
    <ele>338.4</ele>
   </trkpt>
   <trkpt lat="47.2540190" lon="4.7461480">
    <ele>337.2</ele>
   </trkpt>
   <trkpt lat="47.2539350" lon="4.7462410">
    <ele>336.0</ele>
   </trkpt>
   <trkpt lat="47.2538210" lon="4.7463830">
    <ele>334.8</ele>
   </trkpt>
   <trkpt lat="47.2536860" lon="4.7465930">
    <ele>333.6</ele>
   </trkpt>
   <trkpt lat="47.2536010" lon="4.7467190">
    <ele>332.6</ele>
   </trkpt>
   <trkpt lat="47.2535190" lon="4.7468430">
    <ele>331.4</ele>
   </trkpt>
   <trkpt lat="47.2534150" lon="4.7470130">
    <ele>330.4</ele>
   </trkpt>
   <trkpt lat="47.2533940" lon="4.7470540">
    <ele>330.2</ele>
   </trkpt>
   <trkpt lat="47.2533250" lon="4.7472320">
    <ele>329.4</ele>
   </trkpt>
   <trkpt lat="47.2532260" lon="4.7473670">
    <ele>328.2</ele>
   </trkpt>
   <trkpt lat="47.2530960" lon="4.7475070">
    <ele>327.2</ele>
   </trkpt>
   <trkpt lat="47.2530450" lon="4.7475670">
    <ele>326.0</ele>
   </trkpt>
   <trkpt lat="47.2529280" lon="4.7477190">
    <ele>325.0</ele>
   </trkpt>
   <trkpt lat="47.2528240" lon="4.7478040">
    <ele>324.4</ele>
   </trkpt>
   <trkpt lat="47.2526880" lon="4.7477740">
    <ele>324.4</ele>
   </trkpt>
   <trkpt lat="47.2526550" lon="4.7477570">
    <ele>324.4</ele>
   </trkpt>
   <trkpt lat="47.2524900" lon="4.7476600">
    <ele>324.4</ele>
   </trkpt>
   <trkpt lat="47.2524400" lon="4.7476230">
    <ele>324.4</ele>
   </trkpt>
   <trkpt lat="47.2523850" lon="4.7476050">
    <ele>324.0</ele>
   </trkpt>
   <trkpt lat="47.2523570" lon="4.7475880">
    <ele>324.0</ele>
   </trkpt>
   <trkpt lat="47.2522910" lon="4.7475250">
    <ele>324.4</ele>
   </trkpt>
   <trkpt lat="47.2522710" lon="4.7474520">
    <ele>325.2</ele>
   </trkpt>
   <trkpt lat="47.2522550" lon="4.7473920">
    <ele>326.0</ele>
   </trkpt>
   <trkpt lat="47.2522520" lon="4.7473500">
    <ele>326.2</ele>
   </trkpt>
   <trkpt lat="47.2522350" lon="4.7472140">
    <ele>327.4</ele>
   </trkpt>
   <trkpt lat="47.2522250" lon="4.7470140">
    <ele>328.4</ele>
   </trkpt>
   <trkpt lat="47.2522280" lon="4.7469810">
    <ele>328.6</ele>
   </trkpt>
   <trkpt lat="47.2522400" lon="4.7469210">
    <ele>329.0</ele>
   </trkpt>
   <trkpt lat="47.2522210" lon="4.7468290">
    <ele>329.6</ele>
   </trkpt>
   <trkpt lat="47.2521920" lon="4.7468160">
    <ele>330.0</ele>
   </trkpt>
   <trkpt lat="47.2521790" lon="4.7468260">
    <ele>330.2</ele>
   </trkpt>
   <trkpt lat="47.2521780" lon="4.7468350">
    <ele>330.4</ele>
   </trkpt>
   <trkpt lat="47.2521590" lon="4.7468620">
    <ele>330.8</ele>
   </trkpt>
   <trkpt lat="47.2521530" lon="4.7468800">
    <ele>331.0</ele>
   </trkpt>
   <trkpt lat="47.2521570" lon="4.7469100">
    <ele>331.2</ele>
   </trkpt>
   <trkpt lat="47.2521560" lon="4.7469330">
    <ele>331.4</ele>
   </trkpt>
   <trkpt lat="47.2521500" lon="4.7469730">
    <ele>331.8</ele>
   </trkpt>
   <trkpt lat="47.2521430" lon="4.7469870">
    <ele>332.0</ele>
   </trkpt>
   <trkpt lat="47.2521450" lon="4.7470040">
    <ele>332.0</ele>
   </trkpt>
   <trkpt lat="47.2521460" lon="4.7470250">
    <ele>332.2</ele>
   </trkpt>
   <trkpt lat="47.2521510" lon="4.7470440">
    <ele>332.4</ele>
   </trkpt>
   <trkpt lat="47.2521690" lon="4.7470760">
    <ele>333.0</ele>
   </trkpt>
   <trkpt lat="47.2521760" lon="4.7470930">
    <ele>333.0</ele>
   </trkpt>
   <trkpt lat="47.2521630" lon="4.7471370">
    <ele>333.6</ele>
   </trkpt>
   <trkpt lat="47.2521590" lon="4.7471640">
    <ele>334.0</ele>
   </trkpt>
   <trkpt lat="47.2521510" lon="4.7472080">
    <ele>334.8</ele>
   </trkpt>
   <trkpt lat="47.2521460" lon="4.7472230">
    <ele>335.0</ele>
   </trkpt>
   <trkpt lat="47.2521430" lon="4.7472410">
    <ele>335.0</ele>
   </trkpt>
   <trkpt lat="47.2521360" lon="4.7472950">
    <ele>335.8</ele>
   </trkpt>
   <trkpt lat="47.2521260" lon="4.7473390">
    <ele>336.2</ele>
   </trkpt>
   <trkpt lat="47.2521250" lon="4.7473570">
    <ele>336.4</ele>
   </trkpt>
   <trkpt lat="47.2521210" lon="4.7474200">
    <ele>337.2</ele>
   </trkpt>
   <trkpt lat="47.2521190" lon="4.7474390">
    <ele>337.6</ele>
   </trkpt>
   <trkpt lat="47.2521090" lon="4.7474700">
    <ele>337.8</ele>
   </trkpt>
   <trkpt lat="47.2520630" lon="4.7475330">
    <ele>338.6</ele>
   </trkpt>
   <trkpt lat="47.2520310" lon="4.7475720">
    <ele>339.2</ele>
   </trkpt>
   <trkpt lat="47.2520290" lon="4.7475910">
    <ele>339.4</ele>
   </trkpt>
   <trkpt lat="47.2520230" lon="4.7476080">
    <ele>339.8</ele>
   </trkpt>
   <trkpt lat="47.2520140" lon="4.7476360">
    <ele>340.0</ele>
   </trkpt>
   <trkpt lat="47.2520030" lon="4.7476690">
    <ele>340.6</ele>
   </trkpt>
   <trkpt lat="47.2519940" lon="4.7476820">
    <ele>341.0</ele>
   </trkpt>
   <trkpt lat="47.2519380" lon="4.7477770">
    <ele>342.0</ele>
   </trkpt>
   <trkpt lat="47.2519230" lon="4.7477930">
    <ele>342.2</ele>
   </trkpt>
   <trkpt lat="47.2519200" lon="4.7478330">
    <ele>342.8</ele>
   </trkpt>
   <trkpt lat="47.2519060" lon="4.7478710">
    <ele>343.0</ele>
   </trkpt>
   <trkpt lat="47.2518960" lon="4.7478820">
    <ele>343.4</ele>
   </trkpt>
   <trkpt lat="47.2518200" lon="4.7479740">
    <ele>344.4</ele>
   </trkpt>
   <trkpt lat="47.2518020" lon="4.7479830">
    <ele>344.6</ele>
   </trkpt>
   <trkpt lat="47.2517090" lon="4.7480410">
    <ele>345.8</ele>
   </trkpt>
   <trkpt lat="47.2516060" lon="4.7480490">
    <ele>346.8</ele>
   </trkpt>
   <trkpt lat="47.2515610" lon="4.7480320">
    <ele>348.2</ele>
   </trkpt>
   <trkpt lat="47.2515090" lon="4.7480230">
    <ele>349.2</ele>
   </trkpt>
   <trkpt lat="47.2514600" lon="4.7479900">
    <ele>350.2</ele>
   </trkpt>
   <trkpt lat="47.2514380" lon="4.7479560">
    <ele>350.8</ele>
   </trkpt>
   <trkpt lat="47.2514260" lon="4.7479120">
    <ele>351.4</ele>
   </trkpt>
   <trkpt lat="47.2514330" lon="4.7478030">
    <ele>352.4</ele>
   </trkpt>
   <trkpt lat="47.2514410" lon="4.7477360">
    <ele>353.0</ele>
   </trkpt>
   <trkpt lat="47.2514570" lon="4.7476560">
    <ele>353.4</ele>
   </trkpt>
   <trkpt lat="47.2514590" lon="4.7475160">
    <ele>354.6</ele>
   </trkpt>
   <trkpt lat="47.2514580" lon="4.7474110">
    <ele>355.2</ele>
   </trkpt>
   <trkpt lat="47.2514620" lon="4.7473670">
    <ele>355.6</ele>
   </trkpt>
   <trkpt lat="47.2514580" lon="4.7473320">
    <ele>355.8</ele>
   </trkpt>
   <trkpt lat="47.2514530" lon="4.7472550">
    <ele>356.0</ele>
   </trkpt>
   <trkpt lat="47.2514670" lon="4.7471690">
    <ele>356.6</ele>
   </trkpt>
   <trkpt lat="47.2514730" lon="4.7471330">
    <ele>357.0</ele>
   </trkpt>
   <trkpt lat="47.2515010" lon="4.7470540">
    <ele>357.4</ele>
   </trkpt>
   <trkpt lat="47.2514900" lon="4.7469750">
    <ele>357.8</ele>
   </trkpt>
   <trkpt lat="47.2514950" lon="4.7468900">
    <ele>358.8</ele>
   </trkpt>
   <trkpt lat="47.2514860" lon="4.7468650">
    <ele>358.8</ele>
   </trkpt>
   <trkpt lat="47.2514870" lon="4.7467270">
    <ele>359.4</ele>
   </trkpt>
   <trkpt lat="47.2514850" lon="4.7467070">
    <ele>359.6</ele>
   </trkpt>
   <trkpt lat="47.2514850" lon="4.7466730">
    <ele>360.0</ele>
   </trkpt>
   <trkpt lat="47.2514710" lon="4.7465530">
    <ele>360.6</ele>
   </trkpt>
   <trkpt lat="47.2514690" lon="4.7465300">
    <ele>360.8</ele>
   </trkpt>
   <trkpt lat="47.2514650" lon="4.7465000">
    <ele>361.0</ele>
   </trkpt>
   <trkpt lat="47.2514570" lon="4.7463800">
    <ele>361.6</ele>
   </trkpt>
   <trkpt lat="47.2514550" lon="4.7463570">
    <ele>361.6</ele>
   </trkpt>
   <trkpt lat="47.2514570" lon="4.7463150">
    <ele>361.8</ele>
   </trkpt>
   <trkpt lat="47.2514620" lon="4.7462390">
    <ele>362.0</ele>
   </trkpt>
   <trkpt lat="47.2514460" lon="4.7461460">
    <ele>362.8</ele>
   </trkpt>
   <trkpt lat="47.2514460" lon="4.7460670">
    <ele>363.0</ele>
   </trkpt>
   <trkpt lat="47.2514490" lon="4.7460330">
    <ele>363.0</ele>
   </trkpt>
   <trkpt lat="47.2514290" lon="4.7458660">
    <ele>363.6</ele>
   </trkpt>
   <trkpt lat="47.2514290" lon="4.7457860">
    <ele>364.0</ele>
   </trkpt>
   <trkpt lat="47.2514110" lon="4.7456140">
    <ele>364.6</ele>
   </trkpt>
   <trkpt lat="47.2514140" lon="4.7455170">
    <ele>364.6</ele>
   </trkpt>
   <trkpt lat="47.2514210" lon="4.7452930">
    <ele>363.2</ele>
   </trkpt>
   <trkpt lat="47.2514340" lon="4.7452520">
    <ele>363.0</ele>
   </trkpt>
   <trkpt lat="47.2514100" lon="4.7451280">
    <ele>361.8</ele>
   </trkpt>
   <trkpt lat="47.2513750" lon="4.7450840">
    <ele>361.4</ele>
   </trkpt>
   <trkpt lat="47.2513390" lon="4.7447810">
    <ele>360.8</ele>
   </trkpt>
   <trkpt lat="47.2513310" lon="4.7447140">
    <ele>360.4</ele>
   </trkpt>
   <trkpt lat="47.2513080" lon="4.7445590">
    <ele>359.6</ele>
   </trkpt>
   <trkpt lat="47.2512870" lon="4.7444750">
    <ele>359.4</ele>
   </trkpt>
   <trkpt lat="47.2512360" lon="4.7443530">
    <ele>359.2</ele>
   </trkpt>
   <trkpt lat="47.2512120" lon="4.7441470">
    <ele>359.2</ele>
   </trkpt>
   <trkpt lat="47.2511560" lon="4.7440390">
    <ele>359.4</ele>
   </trkpt>
   <trkpt lat="47.2511260" lon="4.7439410">
    <ele>360.8</ele>
   </trkpt>
   <trkpt lat="47.2510770" lon="4.7438230">
    <ele>361.6</ele>
   </trkpt>
   <trkpt lat="47.2510340" lon="4.7436880">
    <ele>362.0</ele>
   </trkpt>
   <trkpt lat="47.2510190" lon="4.7435950">
    <ele>362.4</ele>
   </trkpt>
   <trkpt lat="47.2510040" lon="4.7435370">
    <ele>362.8</ele>
   </trkpt>
   <trkpt lat="47.2509850" lon="4.7434640">
    <ele>362.8</ele>
   </trkpt>
   <trkpt lat="47.2509570" lon="4.7433920">
    <ele>363.0</ele>
   </trkpt>
   <trkpt lat="47.2508930" lon="4.7432290">
    <ele>363.8</ele>
   </trkpt>
   <trkpt lat="47.2508350" lon="4.7430190">
    <ele>363.4</ele>
   </trkpt>
   <trkpt lat="47.2508240" lon="4.7429510">
    <ele>363.2</ele>
   </trkpt>
   <trkpt lat="47.2507910" lon="4.7428440">
    <ele>363.2</ele>
   </trkpt>
   <trkpt lat="47.2507280" lon="4.7427180">
    <ele>363.4</ele>
   </trkpt>
   <trkpt lat="47.2506420" lon="4.7425970">
    <ele>363.8</ele>
   </trkpt>
   <trkpt lat="47.2506280" lon="4.7425950">
    <ele>364.0</ele>
   </trkpt>
   <trkpt lat="47.2506180" lon="4.7425900">
    <ele>364.2</ele>
   </trkpt>
   <trkpt lat="47.2505970" lon="4.7425910">
    <ele>365.2</ele>
   </trkpt>
   <trkpt lat="47.2505880" lon="4.7425720">
    <ele>366.0</ele>
   </trkpt>
   <trkpt lat="47.2505780" lon="4.7425300">
    <ele>366.4</ele>
   </trkpt>
   <trkpt lat="47.2505270" lon="4.7423740">
    <ele>366.2</ele>
   </trkpt>
   <trkpt lat="47.2504380" lon="4.7422720">
    <ele>366.0</ele>
   </trkpt>
   <trkpt lat="47.2504110" lon="4.7422160">
    <ele>366.0</ele>
   </trkpt>
   <trkpt lat="47.2503140" lon="4.7421000">
    <ele>366.8</ele>
   </trkpt>
   <trkpt lat="47.2502550" lon="4.7419300">
    <ele>367.2</ele>
   </trkpt>
   <trkpt lat="47.2502150" lon="4.7417610">
    <ele>367.0</ele>
   </trkpt>
   <trkpt lat="47.2501930" lon="4.7415760">
    <ele>366.4</ele>
   </trkpt>
   <trkpt lat="47.2502010" lon="4.7415480">
    <ele>366.0</ele>
   </trkpt>
   <trkpt lat="47.2502060" lon="4.7414060">
    <ele>365.6</ele>
   </trkpt>
   <trkpt lat="47.2501930" lon="4.7413670">
    <ele>365.4</ele>
   </trkpt>
   <trkpt lat="47.2501440" lon="4.7413410">
    <ele>365.8</ele>
   </trkpt>
   <trkpt lat="47.2500740" lon="4.7412980">
    <ele>367.2</ele>
   </trkpt>
   <trkpt lat="47.2500580" lon="4.7412970">
    <ele>367.4</ele>
   </trkpt>
   <trkpt lat="47.2500180" lon="4.7412990">
    <ele>367.8</ele>
   </trkpt>
   <trkpt lat="47.2499620" lon="4.7412600">
    <ele>368.4</ele>
   </trkpt>
   <trkpt lat="47.2499290" lon="4.7412440">
    <ele>369.2</ele>
   </trkpt>
   <trkpt lat="47.2499010" lon="4.7412270">
    <ele>369.8</ele>
   </trkpt>
   <trkpt lat="47.2498930" lon="4.7412200">
    <ele>370.0</ele>
   </trkpt>
   <trkpt lat="47.2498450" lon="4.7411910">
    <ele>370.6</ele>
   </trkpt>
   <trkpt lat="47.2498330" lon="4.7411860">
    <ele>370.8</ele>
   </trkpt>
   <trkpt lat="47.2498220" lon="4.7411890">
    <ele>371.0</ele>
   </trkpt>
   <trkpt lat="47.2497780" lon="4.7411870">
    <ele>371.8</ele>
   </trkpt>
   <trkpt lat="47.2497600" lon="4.7411790">
    <ele>372.2</ele>
   </trkpt>
   <trkpt lat="47.2497530" lon="4.7411910">
    <ele>372.4</ele>
   </trkpt>
   <trkpt lat="47.2497250" lon="4.7411910">
    <ele>373.2</ele>
   </trkpt>
   <trkpt lat="47.2496970" lon="4.7412040">
    <ele>373.8</ele>
   </trkpt>
   <trkpt lat="47.2496830" lon="4.7411910">
    <ele>374.4</ele>
   </trkpt>
   <trkpt lat="47.2496560" lon="4.7412180">
    <ele>375.4</ele>
   </trkpt>
   <trkpt lat="47.2496480" lon="4.7412260">
    <ele>375.8</ele>
   </trkpt>
   <trkpt lat="47.2496290" lon="4.7412370">
    <ele>376.2</ele>
   </trkpt>
   <trkpt lat="47.2496180" lon="4.7412460">
    <ele>376.6</ele>
   </trkpt>
   <trkpt lat="47.2496080" lon="4.7412540">
    <ele>377.2</ele>
   </trkpt>
   <trkpt lat="47.2495780" lon="4.7412500">
    <ele>377.8</ele>
   </trkpt>
   <trkpt lat="47.2495270" lon="4.7412460">
    <ele>379.2</ele>
   </trkpt>
   <trkpt lat="47.2495170" lon="4.7412370">
    <ele>379.4</ele>
   </trkpt>
   <trkpt lat="47.2494680" lon="4.7412280">
    <ele>380.2</ele>
   </trkpt>
   <trkpt lat="47.2494540" lon="4.7412250">
    <ele>380.4</ele>
   </trkpt>
   <trkpt lat="47.2494340" lon="4.7412310">
    <ele>381.2</ele>
   </trkpt>
   <trkpt lat="47.2494240" lon="4.7412330">
    <ele>381.6</ele>
   </trkpt>
   <trkpt lat="47.2493970" lon="4.7412480">
    <ele>382.6</ele>
   </trkpt>
   <trkpt lat="47.2493710" lon="4.7412540">
    <ele>383.4</ele>
   </trkpt>
   <trkpt lat="47.2493600" lon="4.7412510">
    <ele>383.8</ele>
   </trkpt>
   <trkpt lat="47.2493180" lon="4.7412490">
    <ele>384.8</ele>
   </trkpt>
   <trkpt lat="47.2492830" lon="4.7412520">
    <ele>386.0</ele>
   </trkpt>
   <trkpt lat="47.2492750" lon="4.7412390">
    <ele>386.2</ele>
   </trkpt>
   <trkpt lat="47.2492550" lon="4.7412380">
    <ele>386.6</ele>
   </trkpt>
   <trkpt lat="47.2492300" lon="4.7412480">
    <ele>387.0</ele>
   </trkpt>
   <trkpt lat="47.2492220" lon="4.7412570">
    <ele>387.2</ele>
   </trkpt>
   <trkpt lat="47.2491750" lon="4.7412470">
    <ele>388.2</ele>
   </trkpt>
   <trkpt lat="47.2491250" lon="4.7412230">
    <ele>389.4</ele>
   </trkpt>
   <trkpt lat="47.2491120" lon="4.7412190">
    <ele>389.6</ele>
   </trkpt>
   <trkpt lat="47.2490850" lon="4.7412100">
    <ele>390.6</ele>
   </trkpt>
   <trkpt lat="47.2490770" lon="4.7412170">
    <ele>391.0</ele>
   </trkpt>
   <trkpt lat="47.2490750" lon="4.7412600">
    <ele>391.6</ele>
   </trkpt>
   <trkpt lat="47.2490870" lon="4.7412810">
    <ele>391.8</ele>
   </trkpt>
   <trkpt lat="47.2491120" lon="4.7413500">
    <ele>392.2</ele>
   </trkpt>
   <trkpt lat="47.2491380" lon="4.7413970">
    <ele>392.4</ele>
   </trkpt>
   <trkpt lat="47.2491610" lon="4.7414310">
    <ele>392.8</ele>
   </trkpt>
   <trkpt lat="47.2491680" lon="4.7414480">
    <ele>393.8</ele>
   </trkpt>
   <trkpt lat="47.2491900" lon="4.7415080">
    <ele>394.8</ele>
   </trkpt>
   <trkpt lat="47.2492010" lon="4.7415360">
    <ele>395.4</ele>
   </trkpt>
   <trkpt lat="47.2492010" lon="4.7415540">
    <ele>395.6</ele>
   </trkpt>
   <trkpt lat="47.2492110" lon="4.7415890">
    <ele>396.0</ele>
   </trkpt>
   <trkpt lat="47.2492190" lon="4.7416190">
    <ele>396.6</ele>
   </trkpt>
   <trkpt lat="47.2492350" lon="4.7416950">
    <ele>397.2</ele>
   </trkpt>
   <trkpt lat="47.2492410" lon="4.7417040">
    <ele>397.2</ele>
   </trkpt>
   <trkpt lat="47.2492480" lon="4.7417330">
    <ele>397.4</ele>
   </trkpt>
   <trkpt lat="47.2492720" lon="4.7417990">
    <ele>398.2</ele>
   </trkpt>
   <trkpt lat="47.2493180" lon="4.7418890">
    <ele>399.2</ele>
   </trkpt>
   <trkpt lat="47.2493250" lon="4.7419220">
    <ele>399.4</ele>
   </trkpt>
   <trkpt lat="47.2493430" lon="4.7419790">
    <ele>400.4</ele>
   </trkpt>
   <trkpt lat="47.2493490" lon="4.7419930">
    <ele>401.0</ele>
   </trkpt>
   <trkpt lat="47.2494040" lon="4.7420240">
    <ele>400.8</ele>
   </trkpt>
   <trkpt lat="47.2494070" lon="4.7420350">
    <ele>400.6</ele>
   </trkpt>
   <trkpt lat="47.2494560" lon="4.7420730">
    <ele>401.4</ele>
   </trkpt>
   <trkpt lat="47.2494570" lon="4.7420780">
    <ele>401.8</ele>
   </trkpt>
   <trkpt lat="47.2495190" lon="4.7421950">
    <ele>402.4</ele>
   </trkpt>
   <trkpt lat="47.2495270" lon="4.7422180">
    <ele>402.2</ele>
   </trkpt>
   <trkpt lat="47.2495620" lon="4.7422810">
    <ele>401.8</ele>
   </trkpt>
   <trkpt lat="47.2495860" lon="4.7423380">
    <ele>402.8</ele>
   </trkpt>
   <trkpt lat="47.2495900" lon="4.7423460">
    <ele>403.0</ele>
   </trkpt>
   <trkpt lat="47.2495980" lon="4.7424110">
    <ele>403.8</ele>
   </trkpt>
   <trkpt lat="47.2495970" lon="4.7424480">
    <ele>404.0</ele>
   </trkpt>
   <trkpt lat="47.2495980" lon="4.7424490">
    <ele>405.0</ele>
   </trkpt>
   <trkpt lat="47.2496070" lon="4.7424570">
    <ele>405.6</ele>
   </trkpt>
   <trkpt lat="47.2496040" lon="4.7424580">
    <ele>406.2</ele>
   </trkpt>
   <trkpt lat="47.2496260" lon="4.7424860">
    <ele>407.2</ele>
   </trkpt>
   <trkpt lat="47.2496160" lon="4.7424880">
    <ele>407.2</ele>
   </trkpt>
   <trkpt lat="47.2496090" lon="4.7425010">
    <ele>408.4</ele>
   </trkpt>
   <trkpt lat="47.2495800" lon="4.7424980">
    <ele>409.2</ele>
   </trkpt>
   <trkpt lat="47.2495800" lon="4.7425010">
    <ele>409.4</ele>
   </trkpt>
   <trkpt lat="47.2495950" lon="4.7425420">
    <ele>410.4</ele>
   </trkpt>
   <trkpt lat="47.2495850" lon="4.7425600">
    <ele>410.8</ele>
   </trkpt>
   <trkpt lat="47.2495890" lon="4.7425690">
    <ele>411.4</ele>
   </trkpt>
   <trkpt lat="47.2495810" lon="4.7425660">
    <ele>411.2</ele>
   </trkpt>
   <trkpt lat="47.2495720" lon="4.7425980">
    <ele>411.6</ele>
   </trkpt>
   <trkpt lat="47.2495690" lon="4.7426040">
    <ele>411.8</ele>
   </trkpt>
   <trkpt lat="47.2495500" lon="4.7425980">
    <ele>412.8</ele>
   </trkpt>
   <trkpt lat="47.2495470" lon="4.7425980">
    <ele>413.0</ele>
   </trkpt>
   <trkpt lat="47.2495380" lon="4.7425950">
    <ele>413.8</ele>
   </trkpt>
   <trkpt lat="47.2495380" lon="4.7425950">
    <ele>415.0</ele>
   </trkpt>
   <trkpt lat="47.2495380" lon="4.7425950">
    <ele>415.2</ele>
   </trkpt>
   <trkpt lat="47.2495380" lon="4.7425980">
    <ele>415.8</ele>
   </trkpt>
   <trkpt lat="47.2495390" lon="4.7425980">
    <ele>416.0</ele>
   </trkpt>
   <trkpt lat="47.2495410" lon="4.7426000">
    <ele>417.2</ele>
   </trkpt>
   <trkpt lat="47.2495420" lon="4.7426180">
    <ele>418.2</ele>
   </trkpt>
   <trkpt lat="47.2495420" lon="4.7426220">
    <ele>418.4</ele>
   </trkpt>
   <trkpt lat="47.2495420" lon="4.7426570">
    <ele>419.2</ele>
   </trkpt>
   <trkpt lat="47.2495420" lon="4.7426620">
    <ele>419.4</ele>
   </trkpt>
   <trkpt lat="47.2495420" lon="4.7426800">
    <ele>420.8</ele>
   </trkpt>
   <trkpt lat="47.2495410" lon="4.7427080">
    <ele>421.8</ele>
   </trkpt>
   <trkpt lat="47.2495400" lon="4.7427180">
    <ele>422.0</ele>
   </trkpt>
   <trkpt lat="47.2495280" lon="4.7427540">
    <ele>423.2</ele>
   </trkpt>
   <trkpt lat="47.2495160" lon="4.7427600">
    <ele>424.0</ele>
   </trkpt>
   <trkpt lat="47.2495160" lon="4.7427610">
    <ele>424.2</ele>
   </trkpt>
   <trkpt lat="47.2495150" lon="4.7427890">
    <ele>425.4</ele>
   </trkpt>
   <trkpt lat="47.2495150" lon="4.7427990">
    <ele>426.4</ele>
   </trkpt>
   <trkpt lat="47.2495090" lon="4.7428430">
    <ele>427.6</ele>
   </trkpt>
   <trkpt lat="47.2495090" lon="4.7428900">
    <ele>428.8</ele>
   </trkpt>
   <trkpt lat="47.2494650" lon="4.7429030">
    <ele>429.8</ele>
   </trkpt>
   <trkpt lat="47.2494310" lon="4.7429100">
    <ele>430.4</ele>
   </trkpt>
   <trkpt lat="47.2494000" lon="4.7429110">
    <ele>431.0</ele>
   </trkpt>
   <trkpt lat="47.2493780" lon="4.7429080">
    <ele>431.4</ele>
   </trkpt>
   <trkpt lat="47.2493500" lon="4.7429220">
    <ele>432.2</ele>
   </trkpt>
   <trkpt lat="47.2493280" lon="4.7429440">
    <ele>432.8</ele>
   </trkpt>
   <trkpt lat="47.2493180" lon="4.7429440">
    <ele>433.2</ele>
   </trkpt>
   <trkpt lat="47.2492860" lon="4.7429580">
    <ele>434.2</ele>
   </trkpt>
   <trkpt lat="47.2492740" lon="4.7429620">
    <ele>434.4</ele>
   </trkpt>
   <trkpt lat="47.2492370" lon="4.7429650">
    <ele>435.6</ele>
   </trkpt>
   <trkpt lat="47.2492040" lon="4.7429770">
    <ele>436.2</ele>
   </trkpt>
   <trkpt lat="47.2492020" lon="4.7429810">
    <ele>436.8</ele>
   </trkpt>
   <trkpt lat="47.2492090" lon="4.7429920">
    <ele>437.4</ele>
   </trkpt>
   <trkpt lat="47.2492050" lon="4.7430020">
    <ele>438.0</ele>
   </trkpt>
   <trkpt lat="47.2491890" lon="4.7430030">
    <ele>438.8</ele>
   </trkpt>
   <trkpt lat="47.2491820" lon="4.7430000">
    <ele>439.0</ele>
   </trkpt>
   <trkpt lat="47.2491530" lon="4.7430120">
    <ele>440.0</ele>
   </trkpt>
   <trkpt lat="47.2491370" lon="4.7430080">
    <ele>440.6</ele>
   </trkpt>
   <trkpt lat="47.2491100" lon="4.7430110">
    <ele>441.2</ele>
   </trkpt>
   <trkpt lat="47.2490790" lon="4.7430270">
    <ele>442.4</ele>
   </trkpt>
   <trkpt lat="47.2490700" lon="4.7430260">
    <ele>442.8</ele>
   </trkpt>
   <trkpt lat="47.2490450" lon="4.7430190">
    <ele>443.6</ele>
   </trkpt>
   <trkpt lat="47.2490330" lon="4.7430200">
    <ele>444.2</ele>
   </trkpt>
   <trkpt lat="47.2490310" lon="4.7430160">
    <ele>444.8</ele>
   </trkpt>
   <trkpt lat="47.2490220" lon="4.7430120">
    <ele>446.0</ele>
   </trkpt>
   <trkpt lat="47.2489940" lon="4.7430130">
    <ele>447.2</ele>
   </trkpt>
   <trkpt lat="47.2489730" lon="4.7430260">
    <ele>448.0</ele>
   </trkpt>
   <trkpt lat="47.2489470" lon="4.7430450">
    <ele>448.6</ele>
   </trkpt>
   <trkpt lat="47.2489310" lon="4.7430490">
    <ele>449.4</ele>
   </trkpt>
   <trkpt lat="47.2489350" lon="4.7430610">
    <ele>449.8</ele>
   </trkpt>
   <trkpt lat="47.2489310" lon="4.7430820">
    <ele>450.6</ele>
   </trkpt>
   <trkpt lat="47.2489290" lon="4.7430840">
    <ele>451.0</ele>
   </trkpt>
   <trkpt lat="47.2489310" lon="4.7431150">
    <ele>452.0</ele>
   </trkpt>
   <trkpt lat="47.2489510" lon="4.7431400">
    <ele>453.2</ele>
   </trkpt>
   <trkpt lat="47.2489670" lon="4.7431550">
    <ele>453.4</ele>
   </trkpt>
   <trkpt lat="47.2490410" lon="4.7431790">
    <ele>453.8</ele>
   </trkpt>
   <trkpt lat="47.2490510" lon="4.7431870">
    <ele>453.8</ele>
   </trkpt>
   <trkpt lat="47.2490630" lon="4.7432040">
    <ele>454.0</ele>
   </trkpt>
   <trkpt lat="47.2490810" lon="4.7432130">
    <ele>454.2</ele>
   </trkpt>
   <trkpt lat="47.2491050" lon="4.7432260">
    <ele>454.6</ele>
   </trkpt>
   <trkpt lat="47.2491860" lon="4.7433200">
    <ele>455.2</ele>
   </trkpt>
   <trkpt lat="47.2491980" lon="4.7433420">
    <ele>455.2</ele>
   </trkpt>
   <trkpt lat="47.2492110" lon="4.7433620">
    <ele>455.4</ele>
   </trkpt>
   <trkpt lat="47.2492400" lon="4.7433950">
    <ele>455.4</ele>
   </trkpt>
   <trkpt lat="47.2493100" lon="4.7434630">
    <ele>455.6</ele>
   </trkpt>
   <trkpt lat="47.2493330" lon="4.7434890">
    <ele>455.6</ele>
   </trkpt>
   <trkpt lat="47.2493830" lon="4.7435830">
    <ele>456.0</ele>
   </trkpt>
   <trkpt lat="47.2493990" lon="4.7436070">
    <ele>456.0</ele>
   </trkpt>
   <trkpt lat="47.2494140" lon="4.7436320">
    <ele>456.0</ele>
   </trkpt>
   <trkpt lat="47.2494310" lon="4.7436650">
    <ele>456.0</ele>
   </trkpt>
   <trkpt lat="47.2494500" lon="4.7438550">
    <ele>456.4</ele>
   </trkpt>
   <trkpt lat="47.2494110" lon="4.7440120">
    <ele>456.0</ele>
   </trkpt>
   <trkpt lat="47.2494290" lon="4.7440650">
    <ele>455.8</ele>
   </trkpt>
   <trkpt lat="47.2494890" lon="4.7441200">
    <ele>455.6</ele>
   </trkpt>
   <trkpt lat="47.2495110" lon="4.7441420">
    <ele>455.2</ele>
   </trkpt>
   <trkpt lat="47.2495510" lon="4.7442090">
    <ele>454.2</ele>
   </trkpt>
   <trkpt lat="47.2495680" lon="4.7442220">
    <ele>454.0</ele>
   </trkpt>
   <trkpt lat="47.2495930" lon="4.7442510">
    <ele>453.8</ele>
   </trkpt>
   <trkpt lat="47.2496290" lon="4.7443220">
    <ele>453.2</ele>
   </trkpt>
   <trkpt lat="47.2496910" lon="4.7444240">
    <ele>453.0</ele>
   </trkpt>
   <trkpt lat="47.2497830" lon="4.7445760">
    <ele>452.2</ele>
   </trkpt>
   <trkpt lat="47.2497940" lon="4.7446190">
    <ele>451.8</ele>
   </trkpt>
   <trkpt lat="47.2497970" lon="4.7447350">
    <ele>450.8</ele>
   </trkpt>
   <trkpt lat="47.2498060" lon="4.7448270">
    <ele>449.8</ele>
   </trkpt>
   <trkpt lat="47.2497930" lon="4.7448550">
    <ele>449.2</ele>
   </trkpt>
   <trkpt lat="47.2497550" lon="4.7449340">
    <ele>448.2</ele>
   </trkpt>
   <trkpt lat="47.2497330" lon="4.7449790">
    <ele>447.6</ele>
   </trkpt>
   <trkpt lat="47.2497240" lon="4.7450780">
    <ele>446.8</ele>
   </trkpt>
   <trkpt lat="47.2497230" lon="4.7451620">
    <ele>446.6</ele>
   </trkpt>
   <trkpt lat="47.2496990" lon="4.7453250">
    <ele>446.0</ele>
   </trkpt>
   <trkpt lat="47.2496990" lon="4.7453640">
    <ele>445.4</ele>
   </trkpt>
   <trkpt lat="47.2496670" lon="4.7455050">
    <ele>444.0</ele>
   </trkpt>
   <trkpt lat="47.2496570" lon="4.7455550">
    <ele>443.2</ele>
   </trkpt>
   <trkpt lat="47.2496430" lon="4.7456060">
    <ele>442.4</ele>
   </trkpt>
   <trkpt lat="47.2496330" lon="4.7456610">
    <ele>442.0</ele>
   </trkpt>
   <trkpt lat="47.2495960" lon="4.7457640">
    <ele>441.4</ele>
   </trkpt>
   <trkpt lat="47.2495760" lon="4.7457970">
    <ele>441.0</ele>
   </trkpt>
   <trkpt lat="47.2495450" lon="4.7458510">
    <ele>440.4</ele>
   </trkpt>
   <trkpt lat="47.2495350" lon="4.7458850">
    <ele>440.2</ele>
   </trkpt>
   <trkpt lat="47.2494810" lon="4.7460420">
    <ele>439.0</ele>
   </trkpt>
   <trkpt lat="47.2494480" lon="4.7461550">
    <ele>438.2</ele>
   </trkpt>
   <trkpt lat="47.2494290" lon="4.7462120">
    <ele>437.8</ele>
   </trkpt>
   <trkpt lat="47.2493950" lon="4.7463630">
    <ele>436.4</ele>
   </trkpt>
   <trkpt lat="47.2493700" lon="4.7464520">
    <ele>434.8</ele>
   </trkpt>
   <trkpt lat="47.2493560" lon="4.7464870">
    <ele>434.4</ele>
   </trkpt>
   <trkpt lat="47.2493220" lon="4.7465260">
    <ele>434.2</ele>
   </trkpt>
   <trkpt lat="47.2492880" lon="4.7465270">
    <ele>434.4</ele>
   </trkpt>
   <trkpt lat="47.2492750" lon="4.7465240">
    <ele>434.4</ele>
   </trkpt>
   <trkpt lat="47.2492430" lon="4.7464870">
    <ele>435.6</ele>
   </trkpt>
   <trkpt lat="47.2492240" lon="4.7464840">
    <ele>436.0</ele>
   </trkpt>
   <trkpt lat="47.2492070" lon="4.7464820">
    <ele>436.4</ele>
   </trkpt>
   <trkpt lat="47.2491840" lon="4.7464940">
    <ele>436.8</ele>
   </trkpt>
   <trkpt lat="47.2491460" lon="4.7465090">
    <ele>437.2</ele>
   </trkpt>
   <trkpt lat="47.2490910" lon="4.7464970">
    <ele>438.4</ele>
   </trkpt>
   <trkpt lat="47.2490360" lon="4.7465000">
    <ele>439.4</ele>
   </trkpt>
   <trkpt lat="47.2489050" lon="4.7464740">
    <ele>440.4</ele>
   </trkpt>
   <trkpt lat="47.2488790" lon="4.7464750">
    <ele>440.4</ele>
   </trkpt>
   <trkpt lat="47.2487700" lon="4.7464570">
    <ele>441.4</ele>
   </trkpt>
   <trkpt lat="47.2487530" lon="4.7464490">
    <ele>441.6</ele>
   </trkpt>
   <trkpt lat="47.2487340" lon="4.7464380">
    <ele>441.6</ele>
   </trkpt>
   <trkpt lat="47.2486650" lon="4.7464180">
    <ele>442.4</ele>
   </trkpt>
   <trkpt lat="47.2486460" lon="4.7464160">
    <ele>442.6</ele>
   </trkpt>
   <trkpt lat="47.2485700" lon="4.7464260">
    <ele>443.2</ele>
   </trkpt>
   <trkpt lat="47.2485510" lon="4.7464200">
    <ele>443.4</ele>
   </trkpt>
   <trkpt lat="47.2485010" lon="4.7463640">
    <ele>443.6</ele>
   </trkpt>
   <trkpt lat="47.2483680" lon="4.7463140">
    <ele>444.2</ele>
   </trkpt>
   <trkpt lat="47.2482920" lon="4.7462700">
    <ele>444.8</ele>
   </trkpt>
   <trkpt lat="47.2481990" lon="4.7462180">
    <ele>445.4</ele>
   </trkpt>
   <trkpt lat="47.2480860" lon="4.7461840">
    <ele>445.4</ele>
   </trkpt>
   <trkpt lat="47.2480670" lon="4.7461750">
    <ele>445.4</ele>
   </trkpt>
   <trkpt lat="47.2480020" lon="4.7461500">
    <ele>445.4</ele>
   </trkpt>
   <trkpt lat="47.2479340" lon="4.7461220">
    <ele>445.4</ele>
   </trkpt>
   <trkpt lat="47.2479000" lon="4.7460870">
    <ele>445.4</ele>
   </trkpt>
   <trkpt lat="47.2478700" lon="4.7460820">
    <ele>445.4</ele>
   </trkpt>
   <trkpt lat="47.2478170" lon="4.7461390">
    <ele>445.6</ele>
   </trkpt>
   <trkpt lat="47.2478020" lon="4.7463720">
    <ele>445.2</ele>
   </trkpt>
   <trkpt lat="47.2478070" lon="4.7466750">
    <ele>444.6</ele>
   </trkpt>
   <trkpt lat="47.2478100" lon="4.7467240">
    <ele>444.4</ele>
   </trkpt>
   <trkpt lat="47.2478070" lon="4.7468360">
    <ele>444.0</ele>
   </trkpt>
   <trkpt lat="47.2478090" lon="4.7468880">
    <ele>443.6</ele>
   </trkpt>
   <trkpt lat="47.2478030" lon="4.7471220">
    <ele>443.0</ele>
   </trkpt>
   <trkpt lat="47.2477530" lon="4.7472510">
    <ele>442.6</ele>
   </trkpt>
   <trkpt lat="47.2476890" lon="4.7474080">
    <ele>442.2</ele>
   </trkpt>
   <trkpt lat="47.2475770" lon="4.7476360">
    <ele>441.4</ele>
   </trkpt>
   <trkpt lat="47.2475370" lon="4.7477290">
    <ele>441.0</ele>
   </trkpt>
   <trkpt lat="47.2474760" lon="4.7479150">
    <ele>440.4</ele>
   </trkpt>
   <trkpt lat="47.2474210" lon="4.7481530">
    <ele>439.4</ele>
   </trkpt>
   <trkpt lat="47.2474070" lon="4.7482040">
    <ele>439.2</ele>
   </trkpt>
   <trkpt lat="47.2473680" lon="4.7484160">
    <ele>438.2</ele>
   </trkpt>
   <trkpt lat="47.2473600" lon="4.7484750">
    <ele>437.8</ele>
   </trkpt>
   <trkpt lat="47.2473230" lon="4.7486440">
    <ele>437.2</ele>
   </trkpt>
   <trkpt lat="47.2473130" lon="4.7488210">
    <ele>436.0</ele>
   </trkpt>
   <trkpt lat="47.2472990" lon="4.7488870">
    <ele>435.6</ele>
   </trkpt>
   <trkpt lat="47.2473000" lon="4.7490790">
    <ele>434.6</ele>
   </trkpt>
   <trkpt lat="47.2473270" lon="4.7492030">
    <ele>434.4</ele>
   </trkpt>
   <trkpt lat="47.2473790" lon="4.7494570">
    <ele>433.4</ele>
   </trkpt>
   <trkpt lat="47.2474150" lon="4.7495630">
    <ele>432.8</ele>
   </trkpt>
   <trkpt lat="47.2474360" lon="4.7496090">
    <ele>432.4</ele>
   </trkpt>
   <trkpt lat="47.2474780" lon="4.7497800">
    <ele>431.2</ele>
   </trkpt>
   <trkpt lat="47.2474940" lon="4.7498360">
    <ele>430.8</ele>
   </trkpt>
   <trkpt lat="47.2475130" lon="4.7498890">
    <ele>430.2</ele>
   </trkpt>
   <trkpt lat="47.2475270" lon="4.7499390">
    <ele>429.6</ele>
   </trkpt>
   <trkpt lat="47.2475600" lon="4.7500510">
    <ele>428.4</ele>
   </trkpt>
   <trkpt lat="47.2475960" lon="4.7501570">
    <ele>427.6</ele>
   </trkpt>
   <trkpt lat="47.2476170" lon="4.7502080">
    <ele>426.6</ele>
   </trkpt>
   <trkpt lat="47.2476620" lon="4.7503030">
    <ele>425.2</ele>
   </trkpt>
   <trkpt lat="47.2477010" lon="4.7503890">
    <ele>424.0</ele>
   </trkpt>
   <trkpt lat="47.2477160" lon="4.7504390">
    <ele>422.8</ele>
   </trkpt>
   <trkpt lat="47.2477570" lon="4.7505350">
    <ele>421.6</ele>
   </trkpt>
   <trkpt lat="47.2478060" lon="4.7506090">
    <ele>420.0</ele>
   </trkpt>
   <trkpt lat="47.2478360" lon="4.7506240">
    <ele>419.4</ele>
   </trkpt>
   <trkpt lat="47.2478620" lon="4.7506330">
    <ele>418.4</ele>
   </trkpt>
   <trkpt lat="47.2479600" lon="4.7506460">
    <ele>416.4</ele>
   </trkpt>
   <trkpt lat="47.2480440" lon="4.7506710">
    <ele>415.0</ele>
   </trkpt>
   <trkpt lat="47.2480870" lon="4.7506960">
    <ele>414.0</ele>
   </trkpt>
   <trkpt lat="47.2481610" lon="4.7507480">
    <ele>411.8</ele>
   </trkpt>
   <trkpt lat="47.2481970" lon="4.7507740">
    <ele>410.6</ele>
   </trkpt>
   <trkpt lat="47.2482370" lon="4.7507760">
    <ele>409.8</ele>
   </trkpt>
   <trkpt lat="47.2482840" lon="4.7507760">
    <ele>409.0</ele>
   </trkpt>
   <trkpt lat="47.2483230" lon="4.7507780">
    <ele>408.0</ele>
   </trkpt>
   <trkpt lat="47.2484070" lon="4.7507870">
    <ele>406.0</ele>
   </trkpt>
   <trkpt lat="47.2484890" lon="4.7508340">
    <ele>404.2</ele>
   </trkpt>
   <trkpt lat="47.2485540" lon="4.7508910">
    <ele>402.4</ele>
   </trkpt>
   <trkpt lat="47.2485830" lon="4.7509750">
    <ele>400.6</ele>
   </trkpt>
   <trkpt lat="47.2485880" lon="4.7510200">
    <ele>399.4</ele>
   </trkpt>
   <trkpt lat="47.2485750" lon="4.7511350">
    <ele>397.6</ele>
   </trkpt>
   <trkpt lat="47.2485660" lon="4.7512000">
    <ele>396.4</ele>
   </trkpt>
   <trkpt lat="47.2485530" lon="4.7512710">
    <ele>395.6</ele>
   </trkpt>
   <trkpt lat="47.2485430" lon="4.7513250">
    <ele>394.6</ele>
   </trkpt>
   <trkpt lat="47.2485210" lon="4.7514100">
    <ele>393.0</ele>
   </trkpt>
   <trkpt lat="47.2484600" lon="4.7514970">
    <ele>391.0</ele>
   </trkpt>
   <trkpt lat="47.2484280" lon="4.7515480">
    <ele>390.2</ele>
   </trkpt>
   <trkpt lat="47.2483940" lon="4.7515840">
    <ele>389.4</ele>
   </trkpt>
   <trkpt lat="47.2483520" lon="4.7516060">
    <ele>388.8</ele>
   </trkpt>
   <trkpt lat="47.2483090" lon="4.7516290">
    <ele>387.4</ele>
   </trkpt>
   <trkpt lat="47.2482630" lon="4.7516670">
    <ele>386.6</ele>
   </trkpt>
   <trkpt lat="47.2482250" lon="4.7516940">
    <ele>385.2</ele>
   </trkpt>
   <trkpt lat="47.2481370" lon="4.7517520">
    <ele>383.6</ele>
   </trkpt>
   <trkpt lat="47.2480430" lon="4.7518010">
    <ele>381.6</ele>
   </trkpt>
   <trkpt lat="47.2479990" lon="4.7518180">
    <ele>380.4</ele>
   </trkpt>
   <trkpt lat="47.2479280" lon="4.7518500">
    <ele>378.8</ele>
   </trkpt>
   <trkpt lat="47.2478840" lon="4.7518690">
    <ele>377.2</ele>
   </trkpt>
   <trkpt lat="47.2477880" lon="4.7519130">
    <ele>374.8</ele>
   </trkpt>
   <trkpt lat="47.2477500" lon="4.7519240">
    <ele>374.0</ele>
   </trkpt>
   <trkpt lat="47.2477140" lon="4.7519340">
    <ele>372.6</ele>
   </trkpt>
   <trkpt lat="47.2476430" lon="4.7519630">
    <ele>371.0</ele>
   </trkpt>
   <trkpt lat="47.2475740" lon="4.7520100">
    <ele>368.8</ele>
   </trkpt>
   <trkpt lat="47.2475370" lon="4.7520420">
    <ele>367.4</ele>
   </trkpt>
   <trkpt lat="47.2475000" lon="4.7520650">
    <ele>366.2</ele>
   </trkpt>
   <trkpt lat="47.2474640" lon="4.7520900">
    <ele>365.2</ele>
   </trkpt>
   <trkpt lat="47.2473790" lon="4.7521710">
    <ele>363.2</ele>
   </trkpt>
   <trkpt lat="47.2473090" lon="4.7522450">
    <ele>361.2</ele>
   </trkpt>
   <trkpt lat="47.2472290" lon="4.7522890">
    <ele>359.2</ele>
   </trkpt>
   <trkpt lat="47.2471930" lon="4.7523160">
    <ele>358.4</ele>
   </trkpt>
   <trkpt lat="47.2471600" lon="4.7523530">
    <ele>357.8</ele>
   </trkpt>
   <trkpt lat="47.2470910" lon="4.7524100">
    <ele>356.6</ele>
   </trkpt>
   <trkpt lat="47.2470430" lon="4.7524600">
    <ele>355.0</ele>
   </trkpt>
   <trkpt lat="47.2470240" lon="4.7524850">
    <ele>354.0</ele>
   </trkpt>
   <trkpt lat="47.2469730" lon="4.7525170">
    <ele>352.4</ele>
   </trkpt>
   <trkpt lat="47.2469460" lon="4.7525020">
    <ele>351.8</ele>
   </trkpt>
   <trkpt lat="47.2468200" lon="4.7523570">
    <ele>351.6</ele>
   </trkpt>
   <trkpt lat="47.2466360" lon="4.7522350">
    <ele>352.4</ele>
   </trkpt>
   <trkpt lat="47.2465750" lon="4.7522070">
    <ele>352.6</ele>
   </trkpt>
   <trkpt lat="47.2464600" lon="4.7521810">
    <ele>353.2</ele>
   </trkpt>
   <trkpt lat="47.2464010" lon="4.7521490">
    <ele>353.4</ele>
   </trkpt>
   <trkpt lat="47.2462690" lon="4.7520500">
    <ele>354.4</ele>
   </trkpt>
   <trkpt lat="47.2462360" lon="4.7520300">
    <ele>354.6</ele>
   </trkpt>
   <trkpt lat="47.2460760" lon="4.7519420">
    <ele>355.6</ele>
   </trkpt>
   <trkpt lat="47.2460030" lon="4.7519070">
    <ele>355.8</ele>
   </trkpt>
   <trkpt lat="47.2459230" lon="4.7518820">
    <ele>356.0</ele>
   </trkpt>
   <trkpt lat="47.2458660" lon="4.7518430">
    <ele>356.6</ele>
   </trkpt>
   <trkpt lat="47.2458010" lon="4.7517970">
    <ele>357.0</ele>
   </trkpt>
   <trkpt lat="47.2457110" lon="4.7517470">
    <ele>357.8</ele>
   </trkpt>
   <trkpt lat="47.2456480" lon="4.7516820">
    <ele>358.2</ele>
   </trkpt>
   <trkpt lat="47.2456240" lon="4.7516630">
    <ele>358.4</ele>
   </trkpt>
   <trkpt lat="47.2455370" lon="4.7516300">
    <ele>358.8</ele>
   </trkpt>
   <trkpt lat="47.2455250" lon="4.7516210">
    <ele>358.8</ele>
   </trkpt>
   <trkpt lat="47.2454730" lon="4.7516210">
    <ele>359.0</ele>
   </trkpt>
   <trkpt lat="47.2453940" lon="4.7516120">
    <ele>359.2</ele>
   </trkpt>
   <trkpt lat="47.2452570" lon="4.7515500">
    <ele>360.0</ele>
   </trkpt>
   <trkpt lat="47.2452040" lon="4.7515450">
    <ele>360.4</ele>
   </trkpt>
   <trkpt lat="47.2450760" lon="4.7515400">
    <ele>361.4</ele>
   </trkpt>
   <trkpt lat="47.2449970" lon="4.7515270">
    <ele>361.6</ele>
   </trkpt>
   <trkpt lat="47.2448160" lon="4.7514530">
    <ele>362.0</ele>
   </trkpt>
   <trkpt lat="47.2447650" lon="4.7514380">
    <ele>362.4</ele>
   </trkpt>
   <trkpt lat="47.2447310" lon="4.7514280">
    <ele>362.4</ele>
   </trkpt>
   <trkpt lat="47.2446190" lon="4.7513200">
    <ele>362.6</ele>
   </trkpt>
   <trkpt lat="47.2444470" lon="4.7512670">
    <ele>363.4</ele>
   </trkpt>
   <trkpt lat="47.2444090" lon="4.7512570">
    <ele>363.4</ele>
   </trkpt>
   <trkpt lat="47.2442560" lon="4.7511430">
    <ele>363.6</ele>
   </trkpt>
   <trkpt lat="47.2442000" lon="4.7511200">
    <ele>363.6</ele>
   </trkpt>
   <trkpt lat="47.2440020" lon="4.7510810">
    <ele>362.6</ele>
   </trkpt>
   <trkpt lat="47.2439730" lon="4.7510600">
    <ele>362.4</ele>
   </trkpt>
   <trkpt lat="47.2437970" lon="4.7510720">
    <ele>361.6</ele>
   </trkpt>
   <trkpt lat="47.2437530" lon="4.7510760">
    <ele>361.4</ele>
   </trkpt>
   <trkpt lat="47.2435690" lon="4.7510650">
    <ele>361.0</ele>
   </trkpt>
   <trkpt lat="47.2435330" lon="4.7510440">
    <ele>361.2</ele>
   </trkpt>
   <trkpt lat="47.2434220" lon="4.7509670">
    <ele>361.4</ele>
   </trkpt>
   <trkpt lat="47.2432620" lon="4.7508350">
    <ele>362.0</ele>
   </trkpt>
   <trkpt lat="47.2432440" lon="4.7507720">
    <ele>362.6</ele>
   </trkpt>
   <trkpt lat="47.2432070" lon="4.7506730">
    <ele>363.4</ele>
   </trkpt>
   <trkpt lat="47.2431850" lon="4.7506200">
    <ele>363.8</ele>
   </trkpt>
   <trkpt lat="47.2431640" lon="4.7505620">
    <ele>365.0</ele>
   </trkpt>
   <trkpt lat="47.2431640" lon="4.7505400">
    <ele>365.2</ele>
   </trkpt>
   <trkpt lat="47.2431480" lon="4.7504680">
    <ele>366.2</ele>
   </trkpt>
   <trkpt lat="47.2431310" lon="4.7504640">
    <ele>366.8</ele>
   </trkpt>
   <trkpt lat="47.2430960" lon="4.7504380">
    <ele>367.2</ele>
   </trkpt>
   <trkpt lat="47.2430440" lon="4.7502710">
    <ele>368.2</ele>
   </trkpt>
   <trkpt lat="47.2430320" lon="4.7502800">
    <ele>368.4</ele>
   </trkpt>
   <trkpt lat="47.2430190" lon="4.7502920">
    <ele>368.6</ele>
   </trkpt>
   <trkpt lat="47.2429770" lon="4.7502750">
    <ele>369.2</ele>
   </trkpt>
   <trkpt lat="47.2429610" lon="4.7502710">
    <ele>369.8</ele>
   </trkpt>
   <trkpt lat="47.2429590" lon="4.7502240">
    <ele>370.4</ele>
   </trkpt>
   <trkpt lat="47.2429360" lon="4.7501400">
    <ele>371.4</ele>
   </trkpt>
   <trkpt lat="47.2429280" lon="4.7501240">
    <ele>371.6</ele>
   </trkpt>
   <trkpt lat="47.2428940" lon="4.7500890">
    <ele>372.4</ele>
   </trkpt>
   <trkpt lat="47.2428770" lon="4.7500230">
    <ele>373.2</ele>
   </trkpt>
   <trkpt lat="47.2428700" lon="4.7500020">
    <ele>373.6</ele>
   </trkpt>
   <trkpt lat="47.2428280" lon="4.7499670">
    <ele>374.6</ele>
   </trkpt>
   <trkpt lat="47.2428000" lon="4.7499490">
    <ele>375.2</ele>
   </trkpt>
   <trkpt lat="47.2427910" lon="4.7499410">
    <ele>375.8</ele>
   </trkpt>
   <trkpt lat="47.2427830" lon="4.7498890">
    <ele>376.8</ele>
   </trkpt>
   <trkpt lat="47.2427710" lon="4.7498820">
    <ele>377.6</ele>
   </trkpt>
   <trkpt lat="47.2427670" lon="4.7498730">
    <ele>377.8</ele>
   </trkpt>
   <trkpt lat="47.2427310" lon="4.7498220">
    <ele>379.0</ele>
   </trkpt>
   <trkpt lat="47.2427270" lon="4.7498120">
    <ele>379.2</ele>
   </trkpt>
   <trkpt lat="47.2427110" lon="4.7497980">
    <ele>380.0</ele>
   </trkpt>
   <trkpt lat="47.2426710" lon="4.7497750">
    <ele>381.4</ele>
   </trkpt>
   <trkpt lat="47.2426340" lon="4.7497530">
    <ele>382.4</ele>
   </trkpt>
   <trkpt lat="47.2426180" lon="4.7497250">
    <ele>383.0</ele>
   </trkpt>
   <trkpt lat="47.2425960" lon="4.7497140">
    <ele>383.4</ele>
   </trkpt>
   <trkpt lat="47.2425800" lon="4.7497040">
    <ele>383.6</ele>
   </trkpt>
   <trkpt lat="47.2425540" lon="4.7496500">
    <ele>383.8</ele>
   </trkpt>
   <trkpt lat="47.2425370" lon="4.7496250">
    <ele>384.6</ele>
   </trkpt>
   <trkpt lat="47.2425200" lon="4.7495770">
    <ele>384.8</ele>
   </trkpt>
   <trkpt lat="47.2424990" lon="4.7494910">
    <ele>385.4</ele>
   </trkpt>
   <trkpt lat="47.2424960" lon="4.7494700">
    <ele>385.8</ele>
   </trkpt>
   <trkpt lat="47.2424560" lon="4.7494310">
    <ele>387.0</ele>
   </trkpt>
   <trkpt lat="47.2424410" lon="4.7494080">
    <ele>387.8</ele>
   </trkpt>
   <trkpt lat="47.2424290" lon="4.7494050">
    <ele>388.0</ele>
   </trkpt>
   <trkpt lat="47.2423650" lon="4.7493780">
    <ele>389.2</ele>
   </trkpt>
   <trkpt lat="47.2423550" lon="4.7493580">
    <ele>389.4</ele>
   </trkpt>
   <trkpt lat="47.2423570" lon="4.7493350">
    <ele>389.6</ele>
   </trkpt>
   <trkpt lat="47.2423480" lon="4.7492910">
    <ele>390.4</ele>
   </trkpt>
   <trkpt lat="47.2423330" lon="4.7492800">
    <ele>390.6</ele>
   </trkpt>
   <trkpt lat="47.2423250" lon="4.7492370">
    <ele>391.4</ele>
   </trkpt>
   <trkpt lat="47.2423130" lon="4.7491820">
    <ele>392.6</ele>
   </trkpt>
   <trkpt lat="47.2422870" lon="4.7491520">
    <ele>393.2</ele>
   </trkpt>
   <trkpt lat="47.2422770" lon="4.7491230">
    <ele>393.8</ele>
   </trkpt>
   <trkpt lat="47.2422310" lon="4.7490620">
    <ele>395.0</ele>
   </trkpt>
   <trkpt lat="47.2422080" lon="4.7490530">
    <ele>395.4</ele>
   </trkpt>
   <trkpt lat="47.2421980" lon="4.7490320">
    <ele>396.0</ele>
   </trkpt>
   <trkpt lat="47.2421880" lon="4.7489950">
    <ele>396.6</ele>
   </trkpt>
   <trkpt lat="47.2421800" lon="4.7489480">
    <ele>397.2</ele>
   </trkpt>
   <trkpt lat="47.2421640" lon="4.7489370">
    <ele>397.8</ele>
   </trkpt>
   <trkpt lat="47.2421560" lon="4.7489300">
    <ele>398.0</ele>
   </trkpt>
   <trkpt lat="47.2421500" lon="4.7489210">
    <ele>398.2</ele>
   </trkpt>
   <trkpt lat="47.2421470" lon="4.7489060">
    <ele>398.6</ele>
   </trkpt>
   <trkpt lat="47.2421190" lon="4.7488670">
    <ele>399.4</ele>
   </trkpt>
   <trkpt lat="47.2420960" lon="4.7488330">
    <ele>400.4</ele>
   </trkpt>
   <trkpt lat="47.2420870" lon="4.7488110">
    <ele>400.8</ele>
   </trkpt>
   <trkpt lat="47.2420740" lon="4.7487760">
    <ele>401.6</ele>
   </trkpt>
   <trkpt lat="47.2420500" lon="4.7487350">
    <ele>402.6</ele>
   </trkpt>
   <trkpt lat="47.2420320" lon="4.7487380">
    <ele>403.2</ele>
   </trkpt>
   <trkpt lat="47.2420090" lon="4.7487070">
    <ele>403.8</ele>
   </trkpt>
   <trkpt lat="47.2419990" lon="4.7486960">
    <ele>404.0</ele>
   </trkpt>
   <trkpt lat="47.2419710" lon="4.7486550">
    <ele>404.4</ele>
   </trkpt>
   <trkpt lat="47.2419410" lon="4.7486230">
    <ele>404.8</ele>
   </trkpt>
   <trkpt lat="47.2419300" lon="4.7486190">
    <ele>404.8</ele>
   </trkpt>
   <trkpt lat="47.2419070" lon="4.7486150">
    <ele>405.2</ele>
   </trkpt>
   <trkpt lat="47.2418660" lon="4.7486050">
    <ele>406.0</ele>
   </trkpt>
   <trkpt lat="47.2418480" lon="4.7485830">
    <ele>406.6</ele>
   </trkpt>
   <trkpt lat="47.2418340" lon="4.7485600">
    <ele>407.2</ele>
   </trkpt>
   <trkpt lat="47.2417870" lon="4.7485160">
    <ele>408.2</ele>
   </trkpt>
   <trkpt lat="47.2417720" lon="4.7484890">
    <ele>408.8</ele>
   </trkpt>
   <trkpt lat="47.2417150" lon="4.7484410">
    <ele>409.6</ele>
   </trkpt>
   <trkpt lat="47.2416920" lon="4.7483970">
    <ele>410.8</ele>
   </trkpt>
   <trkpt lat="47.2416680" lon="4.7483710">
    <ele>411.4</ele>
   </trkpt>
   <trkpt lat="47.2416470" lon="4.7483250">
    <ele>411.8</ele>
   </trkpt>
   <trkpt lat="47.2416390" lon="4.7483380">
    <ele>412.0</ele>
   </trkpt>
   <trkpt lat="47.2415920" lon="4.7482670">
    <ele>412.8</ele>
   </trkpt>
   <trkpt lat="47.2415820" lon="4.7482480">
    <ele>413.0</ele>
   </trkpt>
   <trkpt lat="47.2415720" lon="4.7482270">
    <ele>413.2</ele>
   </trkpt>
   <trkpt lat="47.2415570" lon="4.7481580">
    <ele>413.6</ele>
   </trkpt>
   <trkpt lat="47.2415440" lon="4.7481000">
    <ele>414.2</ele>
   </trkpt>
   <trkpt lat="47.2415320" lon="4.7480660">
    <ele>414.4</ele>
   </trkpt>
   <trkpt lat="47.2415120" lon="4.7480520">
    <ele>414.6</ele>
   </trkpt>
   <trkpt lat="47.2414890" lon="4.7480240">
    <ele>414.8</ele>
   </trkpt>
   <trkpt lat="47.2414850" lon="4.7480080">
    <ele>415.0</ele>
   </trkpt>
   <trkpt lat="47.2414720" lon="4.7479790">
    <ele>415.2</ele>
   </trkpt>
   <trkpt lat="47.2414530" lon="4.7479420">
    <ele>416.2</ele>
   </trkpt>
   <trkpt lat="47.2414540" lon="4.7479160">
    <ele>416.2</ele>
   </trkpt>
   <trkpt lat="47.2414620" lon="4.7478730">
    <ele>416.4</ele>
   </trkpt>
   <trkpt lat="47.2414980" lon="4.7477030">
    <ele>416.4</ele>
   </trkpt>
   <trkpt lat="47.2415060" lon="4.7474980">
    <ele>416.4</ele>
   </trkpt>
   <trkpt lat="47.2414950" lon="4.7474590">
    <ele>416.4</ele>
   </trkpt>
   <trkpt lat="47.2414850" lon="4.7474180">
    <ele>416.2</ele>
   </trkpt>
   <trkpt lat="47.2414490" lon="4.7472840">
    <ele>415.8</ele>
   </trkpt>
   <trkpt lat="47.2414210" lon="4.7471750">
    <ele>415.2</ele>
   </trkpt>
   <trkpt lat="47.2414380" lon="4.7471340">
    <ele>414.8</ele>
   </trkpt>
   <trkpt lat="47.2414750" lon="4.7470700">
    <ele>414.0</ele>
   </trkpt>
   <trkpt lat="47.2415030" lon="4.7470400">
    <ele>413.8</ele>
   </trkpt>
   <trkpt lat="47.2416450" lon="4.7469400">
    <ele>412.6</ele>
   </trkpt>
   <trkpt lat="47.2416780" lon="4.7468960">
    <ele>411.8</ele>
   </trkpt>
   <trkpt lat="47.2416760" lon="4.7468630">
    <ele>411.4</ele>
   </trkpt>
   <trkpt lat="47.2416520" lon="4.7467100">
    <ele>410.0</ele>
   </trkpt>
   <trkpt lat="47.2416510" lon="4.7466040">
    <ele>408.8</ele>
   </trkpt>
   <trkpt lat="47.2416660" lon="4.7465540">
    <ele>408.4</ele>
   </trkpt>
   <trkpt lat="47.2417090" lon="4.7464480">
    <ele>407.8</ele>
   </trkpt>
   <trkpt lat="47.2417290" lon="4.7464020">
    <ele>407.8</ele>
   </trkpt>
   <trkpt lat="47.2417750" lon="4.7461340">
    <ele>407.0</ele>
   </trkpt>
   <trkpt lat="47.2418060" lon="4.7460510">
    <ele>407.0</ele>
   </trkpt>
   <trkpt lat="47.2418670" lon="4.7457740">
    <ele>407.0</ele>
   </trkpt>
   <trkpt lat="47.2418830" lon="4.7457020">
    <ele>406.6</ele>
   </trkpt>
   <trkpt lat="47.2419390" lon="4.7453950">
    <ele>406.0</ele>
   </trkpt>
   <trkpt lat="47.2419380" lon="4.7453490">
    <ele>405.8</ele>
   </trkpt>
   <trkpt lat="47.2419150" lon="4.7452810">
    <ele>405.6</ele>
   </trkpt>
   <trkpt lat="47.2418890" lon="4.7452550">
    <ele>405.4</ele>
   </trkpt>
   <trkpt lat="47.2418670" lon="4.7452460">
    <ele>405.4</ele>
   </trkpt>
   <trkpt lat="47.2417980" lon="4.7452100">
    <ele>403.8</ele>
   </trkpt>
   <trkpt lat="47.2417690" lon="4.7451560">
    <ele>402.6</ele>
   </trkpt>
   <trkpt lat="47.2417360" lon="4.7450970">
    <ele>402.0</ele>
   </trkpt>
   <trkpt lat="47.2417150" lon="4.7450350">
    <ele>401.6</ele>
   </trkpt>
   <trkpt lat="47.2416880" lon="4.7449120">
    <ele>400.2</ele>
   </trkpt>
   <trkpt lat="47.2416530" lon="4.7447790">
    <ele>399.2</ele>
   </trkpt>
   <trkpt lat="47.2416240" lon="4.7446310">
    <ele>398.0</ele>
   </trkpt>
   <trkpt lat="47.2416150" lon="4.7445740">
    <ele>397.6</ele>
   </trkpt>
   <trkpt lat="47.2416080" lon="4.7444670">
    <ele>397.0</ele>
   </trkpt>
   <trkpt lat="47.2416070" lon="4.7444100">
    <ele>396.8</ele>
   </trkpt>
   <trkpt lat="47.2415850" lon="4.7443300">
    <ele>396.2</ele>
   </trkpt>
   <trkpt lat="47.2415650" lon="4.7442940">
    <ele>395.8</ele>
   </trkpt>
   <trkpt lat="47.2415240" lon="4.7442420">
    <ele>394.6</ele>
   </trkpt>
   <trkpt lat="47.2414690" lon="4.7442180">
    <ele>393.4</ele>
   </trkpt>
   <trkpt lat="47.2413650" lon="4.7442450">
    <ele>391.8</ele>
   </trkpt>
   <trkpt lat="47.2413050" lon="4.7442770">
    <ele>390.2</ele>
   </trkpt>
   <trkpt lat="47.2412820" lon="4.7443050">
    <ele>388.6</ele>
   </trkpt>
   <trkpt lat="47.2412630" lon="4.7443310">
    <ele>387.2</ele>
   </trkpt>
   <trkpt lat="47.2412140" lon="4.7443840">
    <ele>385.8</ele>
   </trkpt>
   <trkpt lat="47.2411660" lon="4.7444390">
    <ele>383.8</ele>
   </trkpt>
   <trkpt lat="47.2410910" lon="4.7444660">
    <ele>382.4</ele>
   </trkpt>
   <trkpt lat="47.2410530" lon="4.7444660">
    <ele>381.2</ele>
   </trkpt>
   <trkpt lat="47.2409820" lon="4.7444770">
    <ele>379.4</ele>
   </trkpt>
   <trkpt lat="47.2409050" lon="4.7444710">
    <ele>378.4</ele>
   </trkpt>
   <trkpt lat="47.2408170" lon="4.7445030">
    <ele>377.2</ele>
   </trkpt>
   <trkpt lat="47.2407740" lon="4.7445230">
    <ele>376.2</ele>
   </trkpt>
   <trkpt lat="47.2406840" lon="4.7445410">
    <ele>374.8</ele>
   </trkpt>
   <trkpt lat="47.2406100" lon="4.7445490">
    <ele>373.2</ele>
   </trkpt>
   <trkpt lat="47.2405310" lon="4.7445340">
    <ele>371.8</ele>
   </trkpt>
   <trkpt lat="47.2404540" lon="4.7445700">
    <ele>370.4</ele>
   </trkpt>
   <trkpt lat="47.2403730" lon="4.7445600">
    <ele>369.2</ele>
   </trkpt>
   <trkpt lat="47.2402870" lon="4.7445790">
    <ele>367.8</ele>
   </trkpt>
   <trkpt lat="47.2401760" lon="4.7445260">
    <ele>366.4</ele>
   </trkpt>
   <trkpt lat="47.2401030" lon="4.7445020">
    <ele>365.4</ele>
   </trkpt>
   <trkpt lat="47.2400580" lon="4.7445040">
    <ele>365.2</ele>
   </trkpt>
   <trkpt lat="47.2399860" lon="4.7445340">
    <ele>364.2</ele>
   </trkpt>
   <trkpt lat="47.2399500" lon="4.7445710">
    <ele>363.8</ele>
   </trkpt>
   <trkpt lat="47.2399170" lon="4.7445890">
    <ele>363.4</ele>
   </trkpt>
   <trkpt lat="47.2398690" lon="4.7446220">
    <ele>362.6</ele>
   </trkpt>
   <trkpt lat="47.2398300" lon="4.7446780">
    <ele>361.2</ele>
   </trkpt>
   <trkpt lat="47.2398310" lon="4.7446970">
    <ele>360.4</ele>
   </trkpt>
   <trkpt lat="47.2398320" lon="4.7447310">
    <ele>359.8</ele>
   </trkpt>
   <trkpt lat="47.2398290" lon="4.7448300">
    <ele>358.6</ele>
   </trkpt>
   <trkpt lat="47.2398000" lon="4.7449390">
    <ele>357.6</ele>
   </trkpt>
   <trkpt lat="47.2397480" lon="4.7450240">
    <ele>356.4</ele>
   </trkpt>
   <trkpt lat="47.2396880" lon="4.7450560">
    <ele>355.4</ele>
   </trkpt>
   <trkpt lat="47.2396500" lon="4.7450540">
    <ele>354.8</ele>
   </trkpt>
   <trkpt lat="47.2396220" lon="4.7450380">
    <ele>353.8</ele>
   </trkpt>
   <trkpt lat="47.2395450" lon="4.7450440">
    <ele>352.2</ele>
   </trkpt>
   <trkpt lat="47.2394970" lon="4.7450510">
    <ele>351.4</ele>
   </trkpt>
   <trkpt lat="47.2394470" lon="4.7450490">
    <ele>351.0</ele>
   </trkpt>
   <trkpt lat="47.2393530" lon="4.7450480">
    <ele>349.4</ele>
   </trkpt>
   <trkpt lat="47.2392580" lon="4.7450520">
    <ele>348.2</ele>
   </trkpt>
   <trkpt lat="47.2391720" lon="4.7450720">
    <ele>346.2</ele>
   </trkpt>
   <trkpt lat="47.2391390" lon="4.7450860">
    <ele>345.4</ele>
   </trkpt>
   <trkpt lat="47.2390970" lon="4.7451160">
    <ele>345.0</ele>
   </trkpt>
   <trkpt lat="47.2390260" lon="4.7451550">
    <ele>343.8</ele>
   </trkpt>
   <trkpt lat="47.2389860" lon="4.7451830">
    <ele>342.8</ele>
   </trkpt>
   <trkpt lat="47.2389150" lon="4.7452070">
    <ele>341.0</ele>
   </trkpt>
   <trkpt lat="47.2388840" lon="4.7452110">
    <ele>340.0</ele>
   </trkpt>
   <trkpt lat="47.2388390" lon="4.7452310">
    <ele>339.6</ele>
   </trkpt>
   <trkpt lat="47.2387340" lon="4.7452690">
    <ele>338.0</ele>
   </trkpt>
   <trkpt lat="47.2386580" lon="4.7452900">
    <ele>336.4</ele>
   </trkpt>
   <trkpt lat="47.2385720" lon="4.7453040">
    <ele>335.2</ele>
   </trkpt>
   <trkpt lat="47.2385210" lon="4.7453250">
    <ele>334.6</ele>
   </trkpt>
   <trkpt lat="47.2384840" lon="4.7453390">
    <ele>333.6</ele>
   </trkpt>
   <trkpt lat="47.2384080" lon="4.7453230">
    <ele>332.0</ele>
   </trkpt>
   <trkpt lat="47.2383420" lon="4.7453340">
    <ele>331.2</ele>
   </trkpt>
   <trkpt lat="47.2383060" lon="4.7453440">
    <ele>330.4</ele>
   </trkpt>
   <trkpt lat="47.2382390" lon="4.7453860">
    <ele>329.2</ele>
   </trkpt>
   <trkpt lat="47.2382050" lon="4.7454030">
    <ele>328.6</ele>
   </trkpt>
   <trkpt lat="47.2381690" lon="4.7454080">
    <ele>328.0</ele>
   </trkpt>
   <trkpt lat="47.2381220" lon="4.7454160">
    <ele>327.6</ele>
   </trkpt>
   <trkpt lat="47.2380510" lon="4.7454390">
    <ele>326.6</ele>
   </trkpt>
   <trkpt lat="47.2379470" lon="4.7454610">
    <ele>325.4</ele>
   </trkpt>
   <trkpt lat="47.2378690" lon="4.7454870">
    <ele>324.0</ele>
   </trkpt>
   <trkpt lat="47.2378250" lon="4.7454930">
    <ele>323.2</ele>
   </trkpt>
   <trkpt lat="47.2377940" lon="4.7454960">
    <ele>322.8</ele>
   </trkpt>
   <trkpt lat="47.2376750" lon="4.7455310">
    <ele>321.6</ele>
   </trkpt>
   <trkpt lat="47.2375900" lon="4.7455530">
    <ele>320.4</ele>
   </trkpt>
   <trkpt lat="47.2375050" lon="4.7455950">
    <ele>319.4</ele>
   </trkpt>
   <trkpt lat="47.2373960" lon="4.7456700">
    <ele>318.2</ele>
   </trkpt>
   <trkpt lat="47.2373260" lon="4.7457070">
    <ele>316.8</ele>
   </trkpt>
   <trkpt lat="47.2372510" lon="4.7457170">
    <ele>315.4</ele>
   </trkpt>
   <trkpt lat="47.2371750" lon="4.7457100">
    <ele>314.2</ele>
   </trkpt>
   <trkpt lat="47.2370920" lon="4.7457150">
    <ele>313.6</ele>
   </trkpt>
   <trkpt lat="47.2370190" lon="4.7457240">
    <ele>313.2</ele>
   </trkpt>
   <trkpt lat="47.2368300" lon="4.7457290">
    <ele>312.0</ele>
   </trkpt>
  </trkseg>
 </trk>
</gpx>
