<?xml version="1.0" encoding="UTF-8" ?>
<gpx version="1.1" xmlns:xsi="http://www.w3.org/2001/XMLSchema-instance" 
    xmlns="http://www.topografix.com/GPX/1/1"
    xsi:schemaLocation="http://www.topografix.com/GPX/1/1 http://www.topografix.com/GPX/1/1/gpx.xsd" 
    creator="Openrunner - https://www.openrunner.com" >	<trk>
	                   <name>TVO_2026_42km_2000D-22029689</name>
						<trkseg>
					<trkpt lat="47.235630" lon="4.739950">
						<ele>323</ele>
						<time>2026-03-28T13:50:17Z</time>
					</trkpt>
					<trkpt lat="47.235590" lon="4.739780">
						<ele>323</ele>
						<time>2026-03-28T13:50:23Z</time>
					</trkpt>
					<trkpt lat="47.235550" lon="4.739530">
						<ele>323</ele>
						<time>2026-03-28T13:50:32Z</time>
					</trkpt>
					<trkpt lat="47.235550" lon="4.739310">
						<ele>324</ele>
						<time>2026-03-28T13:50:39Z</time>
					</trkpt>
					<trkpt lat="47.235570" lon="4.739230">
						<ele>325</ele>
						<time>2026-03-28T13:50:42Z</time>
					</trkpt>
					<trkpt lat="47.235780" lon="4.738700">
						<ele>329</ele>
						<time>2026-03-28T13:51:03Z</time>
					</trkpt>
					<trkpt lat="47.236190" lon="4.738020">
						<ele>337</ele>
						<time>2026-03-28T13:51:34Z</time>
					</trkpt>
					<trkpt lat="47.236440" lon="4.737380">
						<ele>342</ele>
						<time>2026-03-28T13:51:59Z</time>
					</trkpt>
					<trkpt lat="47.236950" lon="4.736440">
						<ele>349</ele>
						<time>2026-03-28T13:52:40Z</time>
					</trkpt>
					<trkpt lat="47.237110" lon="4.736090">
						<ele>352</ele>
						<time>2026-03-28T13:52:54Z</time>
					</trkpt>
					<trkpt lat="47.237210" lon="4.735810">
						<ele>355</ele>
						<time>2026-03-28T13:53:05Z</time>
					</trkpt>
					<trkpt lat="47.237340" lon="4.735410">
						<ele>358</ele>
						<time>2026-03-28T13:53:20Z</time>
					</trkpt>
					<trkpt lat="47.237530" lon="4.734720">
						<ele>364</ele>
						<time>2026-03-28T13:53:45Z</time>
					</trkpt>
					<trkpt lat="47.237600" lon="4.734500">
						<ele>368</ele>
						<time>2026-03-28T13:53:54Z</time>
					</trkpt>
					<trkpt lat="47.237760" lon="4.734100">
						<ele>374</ele>
						<time>2026-03-28T13:54:09Z</time>
					</trkpt>
					<trkpt lat="47.237800" lon="4.733950">
						<ele>377</ele>
						<time>2026-03-28T13:54:15Z</time>
					</trkpt>
					<trkpt lat="47.238040" lon="4.732890">
						<ele>394</ele>
						<time>2026-03-28T13:54:53Z</time>
					</trkpt>
					<trkpt lat="47.238230" lon="4.732180">
						<ele>403</ele>
						<time>2026-03-28T13:55:19Z</time>
					</trkpt>
					<trkpt lat="47.238210" lon="4.731890">
						<ele>409</ele>
						<time>2026-03-28T13:55:29Z</time>
					</trkpt>
					<trkpt lat="47.238150" lon="4.731650">
						<ele>416</ele>
						<time>2026-03-28T13:55:37Z</time>
					</trkpt>
					<trkpt lat="47.238130" lon="4.731300">
						<ele>422</ele>
						<time>2026-03-28T13:55:49Z</time>
					</trkpt>
					<trkpt lat="47.238120" lon="4.730790">
						<ele>432</ele>
						<time>2026-03-28T13:56:07Z</time>
					</trkpt>
					<trkpt lat="47.238190" lon="4.730420">
						<ele>436</ele>
						<time>2026-03-28T13:56:20Z</time>
					</trkpt>
					<trkpt lat="47.238250" lon="4.729980">
						<ele>442</ele>
						<time>2026-03-28T13:56:35Z</time>
					</trkpt>
					<trkpt lat="47.238390" lon="4.729440">
						<ele>450</ele>
						<time>2026-03-28T13:56:55Z</time>
					</trkpt>
					<trkpt lat="47.238570" lon="4.729010">
						<ele>462</ele>
						<time>2026-03-28T13:57:12Z</time>
					</trkpt>
					<trkpt lat="47.238680" lon="4.728560">
						<ele>471</ele>
						<time>2026-03-28T13:57:28Z</time>
					</trkpt>
					<trkpt lat="47.238780" lon="4.728350">
						<ele>475</ele>
						<time>2026-03-28T13:57:37Z</time>
					</trkpt>
					<trkpt lat="47.238830" lon="4.728100">
						<ele>479</ele>
						<time>2026-03-28T13:57:46Z</time>
					</trkpt>
					<trkpt lat="47.238960" lon="4.727840">
						<ele>481</ele>
						<time>2026-03-28T13:57:57Z</time>
					</trkpt>
					<trkpt lat="47.238960" lon="4.727780">
						<ele>481</ele>
						<time>2026-03-28T13:57:59Z</time>
					</trkpt>
					<trkpt lat="47.238970" lon="4.727560">
						<ele>484</ele>
						<time>2026-03-28T13:58:06Z</time>
					</trkpt>
					<trkpt lat="47.239050" lon="4.727240">
						<ele>485</ele>
						<time>2026-03-28T13:58:18Z</time>
					</trkpt>
					<trkpt lat="47.239090" lon="4.727030">
						<ele>487</ele>
						<time>2026-03-28T13:58:25Z</time>
					</trkpt>
					<trkpt lat="47.239130" lon="4.726720">
						<ele>489</ele>
						<time>2026-03-28T13:58:36Z</time>
					</trkpt>
					<trkpt lat="47.239220" lon="4.726440">
						<ele>492</ele>
						<time>2026-03-28T13:58:46Z</time>
					</trkpt>
					<trkpt lat="47.239280" lon="4.726170">
						<ele>496</ele>
						<time>2026-03-28T13:58:56Z</time>
					</trkpt>
					<trkpt lat="47.239350" lon="4.725720">
						<ele>501</ele>
						<time>2026-03-28T13:59:12Z</time>
					</trkpt>
					<trkpt lat="47.239330" lon="4.725390">
						<ele>502</ele>
						<time>2026-03-28T13:59:23Z</time>
					</trkpt>
					<trkpt lat="47.239280" lon="4.724800">
						<ele>504</ele>
						<time>2026-03-28T13:59:43Z</time>
					</trkpt>
					<trkpt lat="47.239290" lon="4.724240">
						<ele>507</ele>
						<time>2026-03-28T14:00:02Z</time>
					</trkpt>
					<trkpt lat="47.239150" lon="4.722990">
						<ele>510</ele>
						<time>2026-03-28T14:00:45Z</time>
					</trkpt>
					<trkpt lat="47.239290" lon="4.722580">
						<ele>511</ele>
						<time>2026-03-28T14:01:01Z</time>
					</trkpt>
					<trkpt lat="47.239540" lon="4.722350">
						<ele>513</ele>
						<time>2026-03-28T14:01:16Z</time>
					</trkpt>
					<trkpt lat="47.239860" lon="4.722230">
						<ele>514</ele>
						<time>2026-03-28T14:01:32Z</time>
					</trkpt>
					<trkpt lat="47.240070" lon="4.722280">
						<ele>515</ele>
						<time>2026-03-28T14:01:43Z</time>
					</trkpt>
					<trkpt lat="47.240340" lon="4.722400">
						<ele>515</ele>
						<time>2026-03-28T14:01:57Z</time>
					</trkpt>
					<trkpt lat="47.240810" lon="4.722890">
						<ele>518</ele>
						<time>2026-03-28T14:02:26Z</time>
					</trkpt>
					<trkpt lat="47.240910" lon="4.722960">
						<ele>519</ele>
						<time>2026-03-28T14:02:31Z</time>
					</trkpt>
					<trkpt lat="47.241570" lon="4.723400">
						<ele>523</ele>
						<time>2026-03-28T14:03:07Z</time>
					</trkpt>
					<trkpt lat="47.241960" lon="4.723460">
						<ele>526</ele>
						<time>2026-03-28T14:03:27Z</time>
					</trkpt>
					<trkpt lat="47.242130" lon="4.723600">
						<ele>527</ele>
						<time>2026-03-28T14:03:37Z</time>
					</trkpt>
					<trkpt lat="47.242600" lon="4.723790">
						<ele>530</ele>
						<time>2026-03-28T14:04:01Z</time>
					</trkpt>
					<trkpt lat="47.242840" lon="4.723880">
						<ele>532</ele>
						<time>2026-03-28T14:04:14Z</time>
					</trkpt>
					<trkpt lat="47.243620" lon="4.723950">
						<ele>539</ele>
						<time>2026-03-28T14:04:53Z</time>
					</trkpt>
					<trkpt lat="47.243910" lon="4.724050">
						<ele>541</ele>
						<time>2026-03-28T14:05:08Z</time>
					</trkpt>
					<trkpt lat="47.244630" lon="4.724030">
						<ele>545</ele>
						<time>2026-03-28T14:05:44Z</time>
					</trkpt>
					<trkpt lat="47.245180" lon="4.724130">
						<ele>547</ele>
						<time>2026-03-28T14:06:11Z</time>
					</trkpt>
					<trkpt lat="47.246000" lon="4.724270">
						<ele>550</ele>
						<time>2026-03-28T14:06:53Z</time>
					</trkpt>
					<trkpt lat="47.246310" lon="4.724270">
						<ele>550</ele>
						<time>2026-03-28T14:07:08Z</time>
					</trkpt>
					<trkpt lat="47.246840" lon="4.724050">
						<ele>551</ele>
						<time>2026-03-28T14:07:36Z</time>
					</trkpt>
					<trkpt lat="47.247380" lon="4.723760">
						<ele>552</ele>
						<time>2026-03-28T14:08:04Z</time>
					</trkpt>
					<trkpt lat="47.247610" lon="4.723700">
						<ele>551</ele>
						<time>2026-03-28T14:08:16Z</time>
					</trkpt>
					<trkpt lat="47.247720" lon="4.723740">
						<ele>551</ele>
						<time>2026-03-28T14:08:22Z</time>
					</trkpt>
					<trkpt lat="47.247920" lon="4.723910">
						<ele>550</ele>
						<time>2026-03-28T14:08:33Z</time>
					</trkpt>
					<trkpt lat="47.247980" lon="4.724040">
						<ele>550</ele>
						<time>2026-03-28T14:08:39Z</time>
					</trkpt>
					<trkpt lat="47.248090" lon="4.724180">
						<ele>549</ele>
						<time>2026-03-28T14:08:46Z</time>
					</trkpt>
					<trkpt lat="47.248330" lon="4.724280">
						<ele>548</ele>
						<time>2026-03-28T14:08:59Z</time>
					</trkpt>
					<trkpt lat="47.248340" lon="4.724400">
						<ele>548</ele>
						<time>2026-03-28T14:09:03Z</time>
					</trkpt>
					<trkpt lat="47.248380" lon="4.724530">
						<ele>547</ele>
						<time>2026-03-28T14:09:07Z</time>
					</trkpt>
					<trkpt lat="47.248460" lon="4.724670">
						<ele>545</ele>
						<time>2026-03-28T14:09:14Z</time>
					</trkpt>
					<trkpt lat="47.248500" lon="4.724780">
						<ele>544</ele>
						<time>2026-03-28T14:09:18Z</time>
					</trkpt>
					<trkpt lat="47.248540" lon="4.724960">
						<ele>542</ele>
						<time>2026-03-28T14:09:24Z</time>
					</trkpt>
					<trkpt lat="47.248610" lon="4.725060">
						<ele>539</ele>
						<time>2026-03-28T14:09:29Z</time>
					</trkpt>
					<trkpt lat="47.248740" lon="4.725160">
						<ele>533</ele>
						<time>2026-03-28T14:09:37Z</time>
					</trkpt>
					<trkpt lat="47.248740" lon="4.725160">
						<ele>533</ele>
						<time>2026-03-28T14:09:37Z</time>
					</trkpt>
					<trkpt lat="47.248850" lon="4.725150">
						<ele>530</ele>
						<time>2026-03-28T14:09:42Z</time>
					</trkpt>
					<trkpt lat="47.248870" lon="4.725110">
						<ele>530</ele>
						<time>2026-03-28T14:09:44Z</time>
					</trkpt>
					<trkpt lat="47.248860" lon="4.724970">
						<ele>532</ele>
						<time>2026-03-28T14:09:49Z</time>
					</trkpt>
					<trkpt lat="47.248910" lon="4.724780">
						<ele>533</ele>
						<time>2026-03-28T14:09:55Z</time>
					</trkpt>
					<trkpt lat="47.249000" lon="4.724340">
						<ele>535</ele>
						<time>2026-03-28T14:10:11Z</time>
					</trkpt>
					<trkpt lat="47.249090" lon="4.724290">
						<ele>534</ele>
						<time>2026-03-28T14:10:16Z</time>
					</trkpt>
					<trkpt lat="47.249130" lon="4.724280">
						<ele>533</ele>
						<time>2026-03-28T14:10:18Z</time>
					</trkpt>
					<trkpt lat="47.249160" lon="4.724300">
						<ele>532</ele>
						<time>2026-03-28T14:10:20Z</time>
					</trkpt>
					<trkpt lat="47.249180" lon="4.724370">
						<ele>531</ele>
						<time>2026-03-28T14:10:22Z</time>
					</trkpt>
					<trkpt lat="47.249180" lon="4.724580">
						<ele>528</ele>
						<time>2026-03-28T14:10:29Z</time>
					</trkpt>
					<trkpt lat="47.249210" lon="4.724570">
						<ele>526</ele>
						<time>2026-03-28T14:10:31Z</time>
					</trkpt>
					<trkpt lat="47.249280" lon="4.724450">
						<ele>524</ele>
						<time>2026-03-28T14:10:36Z</time>
					</trkpt>
					<trkpt lat="47.249330" lon="4.724440">
						<ele>522</ele>
						<time>2026-03-28T14:10:39Z</time>
					</trkpt>
					<trkpt lat="47.249400" lon="4.724510">
						<ele>517</ele>
						<time>2026-03-28T14:10:43Z</time>
					</trkpt>
					<trkpt lat="47.249470" lon="4.724520">
						<ele>513</ele>
						<time>2026-03-28T14:10:46Z</time>
					</trkpt>
					<trkpt lat="47.249510" lon="4.724510">
						<ele>511</ele>
						<time>2026-03-28T14:10:49Z</time>
					</trkpt>
					<trkpt lat="47.249560" lon="4.724450">
						<ele>510</ele>
						<time>2026-03-28T14:10:52Z</time>
					</trkpt>
					<trkpt lat="47.249690" lon="4.724180">
						<ele>507</ele>
						<time>2026-03-28T14:11:03Z</time>
					</trkpt>
					<trkpt lat="47.249840" lon="4.723910">
						<ele>503</ele>
						<time>2026-03-28T14:11:15Z</time>
					</trkpt>
					<trkpt lat="47.249880" lon="4.723760">
						<ele>503</ele>
						<time>2026-03-28T14:11:20Z</time>
					</trkpt>
					<trkpt lat="47.249920" lon="4.723740">
						<ele>501</ele>
						<time>2026-03-28T14:11:22Z</time>
					</trkpt>
					<trkpt lat="47.249990" lon="4.723780">
						<ele>498</ele>
						<time>2026-03-28T14:11:26Z</time>
					</trkpt>
					<trkpt lat="47.250070" lon="4.723870">
						<ele>492</ele>
						<time>2026-03-28T14:11:31Z</time>
					</trkpt>
					<trkpt lat="47.250220" lon="4.723850">
						<ele>484</ele>
						<time>2026-03-28T14:11:39Z</time>
					</trkpt>
					<trkpt lat="47.250250" lon="4.723780">
						<ele>483</ele>
						<time>2026-03-28T14:11:42Z</time>
					</trkpt>
					<trkpt lat="47.250310" lon="4.723570">
						<ele>484</ele>
						<time>2026-03-28T14:11:49Z</time>
					</trkpt>
					<trkpt lat="47.250450" lon="4.723330">
						<ele>480</ele>
						<time>2026-03-28T14:12:00Z</time>
					</trkpt>
					<trkpt lat="47.250490" lon="4.723360">
						<ele>478</ele>
						<time>2026-03-28T14:12:02Z</time>
					</trkpt>
					<trkpt lat="47.250500" lon="4.723420">
						<ele>476</ele>
						<time>2026-03-28T14:12:04Z</time>
					</trkpt>
					<trkpt lat="47.250510" lon="4.723720">
						<ele>470</ele>
						<time>2026-03-28T14:12:15Z</time>
					</trkpt>
					<trkpt lat="47.250790" lon="4.724270">
						<ele>444</ele>
						<time>2026-03-28T14:12:38Z</time>
					</trkpt>
					<trkpt lat="47.251000" lon="4.725070">
						<ele>426</ele>
						<time>2026-03-28T14:13:07Z</time>
					</trkpt>
					<trkpt lat="47.251100" lon="4.725580">
						<ele>418</ele>
						<time>2026-03-28T14:13:25Z</time>
					</trkpt>
					<trkpt lat="47.251160" lon="4.725870">
						<ele>413</ele>
						<time>2026-03-28T14:13:35Z</time>
					</trkpt>
					<trkpt lat="47.251250" lon="4.726150">
						<ele>408</ele>
						<time>2026-03-28T14:13:46Z</time>
					</trkpt>
					<trkpt lat="47.251700" lon="4.727170">
						<ele>391</ele>
						<time>2026-03-28T14:14:27Z</time>
					</trkpt>
					<trkpt lat="47.251790" lon="4.727260">
						<ele>389</ele>
						<time>2026-03-28T14:14:33Z</time>
					</trkpt>
					<trkpt lat="47.251940" lon="4.727260">
						<ele>386</ele>
						<time>2026-03-28T14:14:40Z</time>
					</trkpt>
					<trkpt lat="47.252020" lon="4.727390">
						<ele>384</ele>
						<time>2026-03-28T14:14:46Z</time>
					</trkpt>
					<trkpt lat="47.252140" lon="4.727650">
						<ele>381</ele>
						<time>2026-03-28T14:14:57Z</time>
					</trkpt>
					<trkpt lat="47.252230" lon="4.727900">
						<ele>378</ele>
						<time>2026-03-28T14:15:06Z</time>
					</trkpt>
					<trkpt lat="47.252300" lon="4.728030">
						<ele>377</ele>
						<time>2026-03-28T14:15:12Z</time>
					</trkpt>
					<trkpt lat="47.252400" lon="4.728130">
						<ele>375</ele>
						<time>2026-03-28T14:15:18Z</time>
					</trkpt>
					<trkpt lat="47.252470" lon="4.728140">
						<ele>374</ele>
						<time>2026-03-28T14:15:22Z</time>
					</trkpt>
					<trkpt lat="47.252750" lon="4.727880">
						<ele>370</ele>
						<time>2026-03-28T14:15:38Z</time>
					</trkpt>
					<trkpt lat="47.252900" lon="4.727860">
						<ele>368</ele>
						<time>2026-03-28T14:15:46Z</time>
					</trkpt>
					<trkpt lat="47.253020" lon="4.727790">
						<ele>366</ele>
						<time>2026-03-28T14:15:52Z</time>
					</trkpt>
					<trkpt lat="47.253190" lon="4.727470">
						<ele>363</ele>
						<time>2026-03-28T14:16:06Z</time>
					</trkpt>
					<trkpt lat="47.253250" lon="4.727360">
						<ele>363</ele>
						<time>2026-03-28T14:16:11Z</time>
					</trkpt>
					<trkpt lat="47.253290" lon="4.727330">
						<ele>362</ele>
						<time>2026-03-28T14:16:13Z</time>
					</trkpt>
					<trkpt lat="47.253500" lon="4.727270">
						<ele>360</ele>
						<time>2026-03-28T14:16:24Z</time>
					</trkpt>
					<trkpt lat="47.253570" lon="4.727230">
						<ele>359</ele>
						<time>2026-03-28T14:16:28Z</time>
					</trkpt>
					<trkpt lat="47.253720" lon="4.727100">
						<ele>358</ele>
						<time>2026-03-28T14:16:36Z</time>
					</trkpt>
					<trkpt lat="47.253780" lon="4.727110">
						<ele>357</ele>
						<time>2026-03-28T14:16:39Z</time>
					</trkpt>
					<trkpt lat="47.253860" lon="4.727190">
						<ele>356</ele>
						<time>2026-03-28T14:16:44Z</time>
					</trkpt>
					<trkpt lat="47.253880" lon="4.727260">
						<ele>356</ele>
						<time>2026-03-28T14:16:47Z</time>
					</trkpt>
					<trkpt lat="47.254090" lon="4.727550">
						<ele>354</ele>
						<time>2026-03-28T14:17:01Z</time>
					</trkpt>
					<trkpt lat="47.254150" lon="4.727630">
						<ele>353</ele>
						<time>2026-03-28T14:17:05Z</time>
					</trkpt>
					<trkpt lat="47.254220" lon="4.727710">
						<ele>354</ele>
						<time>2026-03-28T14:17:10Z</time>
					</trkpt>
					<trkpt lat="47.254300" lon="4.727900">
						<ele>355</ele>
						<time>2026-03-28T14:17:17Z</time>
					</trkpt>
					<trkpt lat="47.254380" lon="4.728340">
						<ele>356</ele>
						<time>2026-03-28T14:17:33Z</time>
					</trkpt>
					<trkpt lat="47.254460" lon="4.729060">
						<ele>356</ele>
						<time>2026-03-28T14:17:57Z</time>
					</trkpt>
					<trkpt lat="47.254600" lon="4.729510">
						<ele>360</ele>
						<time>2026-03-28T14:18:14Z</time>
					</trkpt>
					<trkpt lat="47.254790" lon="4.729950">
						<ele>364</ele>
						<time>2026-03-28T14:18:32Z</time>
					</trkpt>
					<trkpt lat="47.255050" lon="4.730800">
						<ele>371</ele>
						<time>2026-03-28T14:19:04Z</time>
					</trkpt>
					<trkpt lat="47.255090" lon="4.731080">
						<ele>372</ele>
						<time>2026-03-28T14:19:13Z</time>
					</trkpt>
					<trkpt lat="47.255090" lon="4.731250">
						<ele>372</ele>
						<time>2026-03-28T14:19:19Z</time>
					</trkpt>
					<trkpt lat="47.255040" lon="4.731540">
						<ele>371</ele>
						<time>2026-03-28T14:19:29Z</time>
					</trkpt>
					<trkpt lat="47.255050" lon="4.731640">
						<ele>371</ele>
						<time>2026-03-28T14:19:33Z</time>
					</trkpt>
					<trkpt lat="47.255070" lon="4.731740">
						<ele>373</ele>
						<time>2026-03-28T14:19:36Z</time>
					</trkpt>
					<trkpt lat="47.255260" lon="4.732160">
						<ele>381</ele>
						<time>2026-03-28T14:19:53Z</time>
					</trkpt>
					<trkpt lat="47.255280" lon="4.732240">
						<ele>382</ele>
						<time>2026-03-28T14:19:56Z</time>
					</trkpt>
					<trkpt lat="47.255280" lon="4.732320">
						<ele>382</ele>
						<time>2026-03-28T14:19:59Z</time>
					</trkpt>
					<trkpt lat="47.255260" lon="4.732420">
						<ele>382</ele>
						<time>2026-03-28T14:20:03Z</time>
					</trkpt>
					<trkpt lat="47.255070" lon="4.732860">
						<ele>382</ele>
						<time>2026-03-28T14:20:20Z</time>
					</trkpt>
					<trkpt lat="47.255030" lon="4.733060">
						<ele>384</ele>
						<time>2026-03-28T14:20:27Z</time>
					</trkpt>
					<trkpt lat="47.255020" lon="4.733230">
						<ele>386</ele>
						<time>2026-03-28T14:20:33Z</time>
					</trkpt>
					<trkpt lat="47.255020" lon="4.733380">
						<ele>387</ele>
						<time>2026-03-28T14:20:38Z</time>
					</trkpt>
					<trkpt lat="47.255080" lon="4.733750">
						<ele>389</ele>
						<time>2026-03-28T14:20:51Z</time>
					</trkpt>
					<trkpt lat="47.255640" lon="4.736360">
						<ele>404</ele>
						<time>2026-03-28T14:22:24Z</time>
					</trkpt>
					<trkpt lat="47.255690" lon="4.736440">
						<ele>406</ele>
						<time>2026-03-28T14:22:28Z</time>
					</trkpt>
					<trkpt lat="47.255740" lon="4.736410">
						<ele>408</ele>
						<time>2026-03-28T14:22:31Z</time>
					</trkpt>
					<trkpt lat="47.255770" lon="4.736290">
						<ele>408</ele>
						<time>2026-03-28T14:22:35Z</time>
					</trkpt>
					<trkpt lat="47.255820" lon="4.735820">
						<ele>409</ele>
						<time>2026-03-28T14:22:51Z</time>
					</trkpt>
					<trkpt lat="47.255880" lon="4.735430">
						<ele>409</ele>
						<time>2026-03-28T14:23:05Z</time>
					</trkpt>
					<trkpt lat="47.255940" lon="4.735160">
						<ele>410</ele>
						<time>2026-03-28T14:23:14Z</time>
					</trkpt>
					<trkpt lat="47.256010" lon="4.734830">
						<ele>412</ele>
						<time>2026-03-28T14:23:26Z</time>
					</trkpt>
					<trkpt lat="47.256070" lon="4.734280">
						<ele>414</ele>
						<time>2026-03-28T14:23:45Z</time>
					</trkpt>
					<trkpt lat="47.256100" lon="4.734040">
						<ele>414</ele>
						<time>2026-03-28T14:23:53Z</time>
					</trkpt>
					<trkpt lat="47.256130" lon="4.733880">
						<ele>414</ele>
						<time>2026-03-28T14:23:59Z</time>
					</trkpt>
					<trkpt lat="47.256170" lon="4.733710">
						<ele>415</ele>
						<time>2026-03-28T14:24:05Z</time>
					</trkpt>
					<trkpt lat="47.256410" lon="4.733140">
						<ele>419</ele>
						<time>2026-03-28T14:24:28Z</time>
					</trkpt>
					<trkpt lat="47.256490" lon="4.732980">
						<ele>420</ele>
						<time>2026-03-28T14:24:34Z</time>
					</trkpt>
					<trkpt lat="47.256740" lon="4.732470">
						<ele>424</ele>
						<time>2026-03-28T14:24:56Z</time>
					</trkpt>
					<trkpt lat="47.256910" lon="4.732080">
						<ele>428</ele>
						<time>2026-03-28T14:25:12Z</time>
					</trkpt>
					<trkpt lat="47.256940" lon="4.731980">
						<ele>429</ele>
						<time>2026-03-28T14:25:15Z</time>
					</trkpt>
					<trkpt lat="47.256970" lon="4.731850">
						<ele>430</ele>
						<time>2026-03-28T14:25:20Z</time>
					</trkpt>
					<trkpt lat="47.257040" lon="4.731320">
						<ele>432</ele>
						<time>2026-03-28T14:25:38Z</time>
					</trkpt>
					<trkpt lat="47.257110" lon="4.730850">
						<ele>436</ele>
						<time>2026-03-28T14:25:55Z</time>
					</trkpt>
					<trkpt lat="47.257150" lon="4.730710">
						<ele>438</ele>
						<time>2026-03-28T14:26:00Z</time>
					</trkpt>
					<trkpt lat="47.257220" lon="4.730600">
						<ele>440</ele>
						<time>2026-03-28T14:26:05Z</time>
					</trkpt>
					<trkpt lat="47.257300" lon="4.730410">
						<ele>444</ele>
						<time>2026-03-28T14:26:13Z</time>
					</trkpt>
					<trkpt lat="47.257360" lon="4.730190">
						<ele>447</ele>
						<time>2026-03-28T14:26:21Z</time>
					</trkpt>
					<trkpt lat="47.257450" lon="4.729750">
						<ele>451</ele>
						<time>2026-03-28T14:26:36Z</time>
					</trkpt>
					<trkpt lat="47.257470" lon="4.729590">
						<ele>451</ele>
						<time>2026-03-28T14:26:42Z</time>
					</trkpt>
					<trkpt lat="47.257490" lon="4.729070">
						<ele>451</ele>
						<time>2026-03-28T14:26:59Z</time>
					</trkpt>
					<trkpt lat="47.257520" lon="4.728780">
						<ele>452</ele>
						<time>2026-03-28T14:27:09Z</time>
					</trkpt>
					<trkpt lat="47.257570" lon="4.728520">
						<ele>453</ele>
						<time>2026-03-28T14:27:19Z</time>
					</trkpt>
					<trkpt lat="47.257660" lon="4.728180">
						<ele>454</ele>
						<time>2026-03-28T14:27:31Z</time>
					</trkpt>
					<trkpt lat="47.257730" lon="4.728040">
						<ele>455</ele>
						<time>2026-03-28T14:27:37Z</time>
					</trkpt>
					<trkpt lat="47.257810" lon="4.728080">
						<ele>458</ele>
						<time>2026-03-28T14:27:41Z</time>
					</trkpt>
					<trkpt lat="47.257950" lon="4.728080">
						<ele>463</ele>
						<time>2026-03-28T14:27:48Z</time>
					</trkpt>
					<trkpt lat="47.257990" lon="4.728140">
						<ele>465</ele>
						<time>2026-03-28T14:27:51Z</time>
					</trkpt>
					<trkpt lat="47.258020" lon="4.728170">
						<ele>466</ele>
						<time>2026-03-28T14:27:53Z</time>
					</trkpt>
					<trkpt lat="47.258040" lon="4.728160">
						<ele>467</ele>
						<time>2026-03-28T14:27:54Z</time>
					</trkpt>
					<trkpt lat="47.258080" lon="4.728150">
						<ele>468</ele>
						<time>2026-03-28T14:27:56Z</time>
					</trkpt>
					<trkpt lat="47.258110" lon="4.728200">
						<ele>470</ele>
						<time>2026-03-28T14:27:58Z</time>
					</trkpt>
					<trkpt lat="47.258110" lon="4.728340">
						<ele>472</ele>
						<time>2026-03-28T14:28:03Z</time>
					</trkpt>
					<trkpt lat="47.258080" lon="4.728540">
						<ele>473</ele>
						<time>2026-03-28T14:28:10Z</time>
					</trkpt>
					<trkpt lat="47.258110" lon="4.728710">
						<ele>475</ele>
						<time>2026-03-28T14:28:16Z</time>
					</trkpt>
					<trkpt lat="47.258170" lon="4.728850">
						<ele>479</ele>
						<time>2026-03-28T14:28:21Z</time>
					</trkpt>
					<trkpt lat="47.258190" lon="4.728940">
						<ele>481</ele>
						<time>2026-03-28T14:28:25Z</time>
					</trkpt>
					<trkpt lat="47.258190" lon="4.728960">
						<ele>481</ele>
						<time>2026-03-28T14:28:25Z</time>
					</trkpt>
					<trkpt lat="47.258180" lon="4.729030">
						<ele>481</ele>
						<time>2026-03-28T14:28:28Z</time>
					</trkpt>
					<trkpt lat="47.258100" lon="4.729200">
						<ele>479</ele>
						<time>2026-03-28T14:28:35Z</time>
					</trkpt>
					<trkpt lat="47.257980" lon="4.729320">
						<ele>474</ele>
						<time>2026-03-28T14:28:42Z</time>
					</trkpt>
					<trkpt lat="47.257900" lon="4.729580">
						<ele>472</ele>
						<time>2026-03-28T14:28:52Z</time>
					</trkpt>
					<trkpt lat="47.257850" lon="4.730240">
						<ele>471</ele>
						<time>2026-03-28T14:29:14Z</time>
					</trkpt>
					<trkpt lat="47.257840" lon="4.730290">
						<ele>470</ele>
						<time>2026-03-28T14:29:16Z</time>
					</trkpt>
					<trkpt lat="47.257840" lon="4.730300">
						<ele>470</ele>
						<time>2026-03-28T14:29:16Z</time>
					</trkpt>
					<trkpt lat="47.257820" lon="4.730520">
						<ele>468</ele>
						<time>2026-03-28T14:29:24Z</time>
					</trkpt>
					<trkpt lat="47.257830" lon="4.730590">
						<ele>468</ele>
						<time>2026-03-28T14:29:26Z</time>
					</trkpt>
					<trkpt lat="47.257880" lon="4.730640">
						<ele>470</ele>
						<time>2026-03-28T14:29:29Z</time>
					</trkpt>
					<trkpt lat="47.257900" lon="4.730670">
						<ele>471</ele>
						<time>2026-03-28T14:29:31Z</time>
					</trkpt>
					<trkpt lat="47.257890" lon="4.730690">
						<ele>471</ele>
						<time>2026-03-28T14:29:32Z</time>
					</trkpt>
					<trkpt lat="47.257950" lon="4.730890">
						<ele>473</ele>
						<time>2026-03-28T14:29:39Z</time>
					</trkpt>
					<trkpt lat="47.258020" lon="4.730970">
						<ele>476</ele>
						<time>2026-03-28T14:29:43Z</time>
					</trkpt>
					<trkpt lat="47.258160" lon="4.731050">
						<ele>483</ele>
						<time>2026-03-28T14:29:51Z</time>
					</trkpt>
					<trkpt lat="47.258200" lon="4.731140">
						<ele>484</ele>
						<time>2026-03-28T14:29:55Z</time>
					</trkpt>
					<trkpt lat="47.258230" lon="4.731260">
						<ele>484</ele>
						<time>2026-03-28T14:29:59Z</time>
					</trkpt>
					<trkpt lat="47.258220" lon="4.731470">
						<ele>481</ele>
						<time>2026-03-28T14:30:06Z</time>
					</trkpt>
					<trkpt lat="47.258260" lon="4.731620">
						<ele>481</ele>
						<time>2026-03-28T14:30:12Z</time>
					</trkpt>
					<trkpt lat="47.258400" lon="4.731750">
						<ele>488</ele>
						<time>2026-03-28T14:30:20Z</time>
					</trkpt>
					<trkpt lat="47.258470" lon="4.731860">
						<ele>491</ele>
						<time>2026-03-28T14:30:25Z</time>
					</trkpt>
					<trkpt lat="47.258500" lon="4.731930">
						<ele>493</ele>
						<time>2026-03-28T14:30:28Z</time>
					</trkpt>
					<trkpt lat="47.258520" lon="4.732080">
						<ele>494</ele>
						<time>2026-03-28T14:30:33Z</time>
					</trkpt>
					<trkpt lat="47.258510" lon="4.732220">
						<ele>494</ele>
						<time>2026-03-28T14:30:38Z</time>
					</trkpt>
					<trkpt lat="47.258490" lon="4.732340">
						<ele>493</ele>
						<time>2026-03-28T14:30:42Z</time>
					</trkpt>
					<trkpt lat="47.258400" lon="4.732760">
						<ele>489</ele>
						<time>2026-03-28T14:30:57Z</time>
					</trkpt>
					<trkpt lat="47.258400" lon="4.732860">
						<ele>490</ele>
						<time>2026-03-28T14:31:00Z</time>
					</trkpt>
					<trkpt lat="47.258380" lon="4.732950">
						<ele>489</ele>
						<time>2026-03-28T14:31:04Z</time>
					</trkpt>
					<trkpt lat="47.258350" lon="4.733010">
						<ele>487</ele>
						<time>2026-03-28T14:31:06Z</time>
					</trkpt>
					<trkpt lat="47.258300" lon="4.733020">
						<ele>485</ele>
						<time>2026-03-28T14:31:09Z</time>
					</trkpt>
					<trkpt lat="47.258230" lon="4.732990">
						<ele>482</ele>
						<time>2026-03-28T14:31:12Z</time>
					</trkpt>
					<trkpt lat="47.258170" lon="4.733040">
						<ele>480</ele>
						<time>2026-03-28T14:31:16Z</time>
					</trkpt>
					<trkpt lat="47.258150" lon="4.733130">
						<ele>479</ele>
						<time>2026-03-28T14:31:19Z</time>
					</trkpt>
					<trkpt lat="47.258190" lon="4.733290">
						<ele>482</ele>
						<time>2026-03-28T14:31:25Z</time>
					</trkpt>
					<trkpt lat="47.258250" lon="4.733740">
						<ele>485</ele>
						<time>2026-03-28T14:31:40Z</time>
					</trkpt>
					<trkpt lat="47.258250" lon="4.733890">
						<ele>486</ele>
						<time>2026-03-28T14:31:45Z</time>
					</trkpt>
					<trkpt lat="47.258250" lon="4.734000">
						<ele>486</ele>
						<time>2026-03-28T14:31:49Z</time>
					</trkpt>
					<trkpt lat="47.258210" lon="4.734280">
						<ele>485</ele>
						<time>2026-03-28T14:31:59Z</time>
					</trkpt>
					<trkpt lat="47.258190" lon="4.735350">
						<ele>484</ele>
						<time>2026-03-28T14:32:35Z</time>
					</trkpt>
					<trkpt lat="47.258160" lon="4.735780">
						<ele>483</ele>
						<time>2026-03-28T14:32:50Z</time>
					</trkpt>
					<trkpt lat="47.258170" lon="4.735900">
						<ele>483</ele>
						<time>2026-03-28T14:32:54Z</time>
					</trkpt>
					<trkpt lat="47.258150" lon="4.736120">
						<ele>481</ele>
						<time>2026-03-28T14:33:02Z</time>
					</trkpt>
					<trkpt lat="47.258190" lon="4.736290">
						<ele>482</ele>
						<time>2026-03-28T14:33:08Z</time>
					</trkpt>
					<trkpt lat="47.258200" lon="4.736470">
						<ele>482</ele>
						<time>2026-03-28T14:33:14Z</time>
					</trkpt>
					<trkpt lat="47.258250" lon="4.736690">
						<ele>483</ele>
						<time>2026-03-28T14:33:22Z</time>
					</trkpt>
					<trkpt lat="47.258270" lon="4.736950">
						<ele>481</ele>
						<time>2026-03-28T14:33:31Z</time>
					</trkpt>
					<trkpt lat="47.258290" lon="4.737120">
						<ele>480</ele>
						<time>2026-03-28T14:33:36Z</time>
					</trkpt>
					<trkpt lat="47.258390" lon="4.737700">
						<ele>479</ele>
						<time>2026-03-28T14:33:57Z</time>
					</trkpt>
					<trkpt lat="47.258430" lon="4.737790">
						<ele>479</ele>
						<time>2026-03-28T14:34:00Z</time>
					</trkpt>
					<trkpt lat="47.258500" lon="4.737890">
						<ele>482</ele>
						<time>2026-03-28T14:34:05Z</time>
					</trkpt>
					<trkpt lat="47.258540" lon="4.737910">
						<ele>483</ele>
						<time>2026-03-28T14:34:07Z</time>
					</trkpt>
					<trkpt lat="47.258610" lon="4.737990">
						<ele>486</ele>
						<time>2026-03-28T14:34:12Z</time>
					</trkpt>
					<trkpt lat="47.258660" lon="4.738160">
						<ele>486</ele>
						<time>2026-03-28T14:34:18Z</time>
					</trkpt>
					<trkpt lat="47.258970" lon="4.738550">
						<ele>495</ele>
						<time>2026-03-28T14:34:39Z</time>
					</trkpt>
					<trkpt lat="47.259250" lon="4.738740">
						<ele>504</ele>
						<time>2026-03-28T14:34:54Z</time>
					</trkpt>
					<trkpt lat="47.259280" lon="4.738750">
						<ele>505</ele>
						<time>2026-03-28T14:34:55Z</time>
					</trkpt>
					<trkpt lat="47.259330" lon="4.738730">
						<ele>508</ele>
						<time>2026-03-28T14:34:58Z</time>
					</trkpt>
					<trkpt lat="47.259370" lon="4.738640">
						<ele>511</ele>
						<time>2026-03-28T14:35:02Z</time>
					</trkpt>
					<trkpt lat="47.259350" lon="4.738560">
						<ele>511</ele>
						<time>2026-03-28T14:35:05Z</time>
					</trkpt>
					<trkpt lat="47.259330" lon="4.738330">
						<ele>514</ele>
						<time>2026-03-28T14:35:13Z</time>
					</trkpt>
					<trkpt lat="47.259770" lon="4.737480">
						<ele>545</ele>
						<time>2026-03-28T14:35:49Z</time>
					</trkpt>
					<trkpt lat="47.260560" lon="4.737030">
						<ele>565</ele>
						<time>2026-03-28T14:36:31Z</time>
					</trkpt>
					<trkpt lat="47.260490" lon="4.736940">
						<ele>565</ele>
						<time>2026-03-28T14:36:36Z</time>
					</trkpt>
					<trkpt lat="47.260370" lon="4.736570">
						<ele>566</ele>
						<time>2026-03-28T14:36:50Z</time>
					</trkpt>
					<trkpt lat="47.260140" lon="4.736030">
						<ele>569</ele>
						<time>2026-03-28T14:37:11Z</time>
					</trkpt>
					<trkpt lat="47.259780" lon="4.735350">
						<ele>564</ele>
						<time>2026-03-28T14:37:41Z</time>
					</trkpt>
					<trkpt lat="47.259690" lon="4.735150">
						<ele>561</ele>
						<time>2026-03-28T14:37:49Z</time>
					</trkpt>
					<trkpt lat="47.259660" lon="4.734870">
						<ele>561</ele>
						<time>2026-03-28T14:37:58Z</time>
					</trkpt>
					<trkpt lat="47.259580" lon="4.734370">
						<ele>559</ele>
						<time>2026-03-28T14:38:16Z</time>
					</trkpt>
					<trkpt lat="47.259600" lon="4.734140">
						<ele>560</ele>
						<time>2026-03-28T14:38:24Z</time>
					</trkpt>
					<trkpt lat="47.259690" lon="4.733920">
						<ele>561</ele>
						<time>2026-03-28T14:38:33Z</time>
					</trkpt>
					<trkpt lat="47.259720" lon="4.733810">
						<ele>562</ele>
						<time>2026-03-28T14:38:37Z</time>
					</trkpt>
					<trkpt lat="47.259810" lon="4.733680">
						<ele>564</ele>
						<time>2026-03-28T14:38:43Z</time>
					</trkpt>
					<trkpt lat="47.259790" lon="4.733580">
						<ele>562</ele>
						<time>2026-03-28T14:38:46Z</time>
					</trkpt>
					<trkpt lat="47.259730" lon="4.733520">
						<ele>560</ele>
						<time>2026-03-28T14:38:50Z</time>
					</trkpt>
					<trkpt lat="47.259670" lon="4.733420">
						<ele>557</ele>
						<time>2026-03-28T14:38:55Z</time>
					</trkpt>
					<trkpt lat="47.259610" lon="4.733330">
						<ele>554</ele>
						<time>2026-03-28T14:38:59Z</time>
					</trkpt>
					<trkpt lat="47.259500" lon="4.733330">
						<ele>550</ele>
						<time>2026-03-28T14:39:04Z</time>
					</trkpt>
					<trkpt lat="47.259410" lon="4.733360">
						<ele>547</ele>
						<time>2026-03-28T14:39:09Z</time>
					</trkpt>
					<trkpt lat="47.259410" lon="4.733260">
						<ele>546</ele>
						<time>2026-03-28T14:39:12Z</time>
					</trkpt>
					<trkpt lat="47.259490" lon="4.733080">
						<ele>547</ele>
						<time>2026-03-28T14:39:20Z</time>
					</trkpt>
					<trkpt lat="47.259460" lon="4.732700">
						<ele>542</ele>
						<time>2026-03-28T14:39:33Z</time>
					</trkpt>
					<trkpt lat="47.259520" lon="4.732540">
						<ele>543</ele>
						<time>2026-03-28T14:39:39Z</time>
					</trkpt>
					<trkpt lat="47.259510" lon="4.732350">
						<ele>542</ele>
						<time>2026-03-28T14:39:45Z</time>
					</trkpt>
					<trkpt lat="47.259540" lon="4.732240">
						<ele>542</ele>
						<time>2026-03-28T14:39:49Z</time>
					</trkpt>
					<trkpt lat="47.259500" lon="4.732100">
						<ele>541</ele>
						<time>2026-03-28T14:39:55Z</time>
					</trkpt>
					<trkpt lat="47.259510" lon="4.731960">
						<ele>541</ele>
						<time>2026-03-28T14:39:59Z</time>
					</trkpt>
					<trkpt lat="47.259500" lon="4.731690">
						<ele>540</ele>
						<time>2026-03-28T14:40:09Z</time>
					</trkpt>
					<trkpt lat="47.259510" lon="4.731020">
						<ele>547</ele>
						<time>2026-03-28T14:40:31Z</time>
					</trkpt>
					<trkpt lat="47.259540" lon="4.730340">
						<ele>556</ele>
						<time>2026-03-28T14:40:54Z</time>
					</trkpt>
					<trkpt lat="47.259550" lon="4.729940">
						<ele>560</ele>
						<time>2026-03-28T14:41:08Z</time>
					</trkpt>
					<trkpt lat="47.259530" lon="4.729670">
						<ele>559</ele>
						<time>2026-03-28T14:41:17Z</time>
					</trkpt>
					<trkpt lat="47.259520" lon="4.729540">
						<ele>558</ele>
						<time>2026-03-28T14:41:22Z</time>
					</trkpt>
					<trkpt lat="47.259470" lon="4.729450">
						<ele>557</ele>
						<time>2026-03-28T14:41:26Z</time>
					</trkpt>
					<trkpt lat="47.259420" lon="4.729400">
						<ele>555</ele>
						<time>2026-03-28T14:41:29Z</time>
					</trkpt>
					<trkpt lat="47.259400" lon="4.729330">
						<ele>554</ele>
						<time>2026-03-28T14:41:31Z</time>
					</trkpt>
					<trkpt lat="47.259410" lon="4.729230">
						<ele>554</ele>
						<time>2026-03-28T14:41:35Z</time>
					</trkpt>
					<trkpt lat="47.259480" lon="4.729040">
						<ele>553</ele>
						<time>2026-03-28T14:41:42Z</time>
					</trkpt>
					<trkpt lat="47.259510" lon="4.728860">
						<ele>551</ele>
						<time>2026-03-28T14:41:48Z</time>
					</trkpt>
					<trkpt lat="47.259730" lon="4.729150">
						<ele>562</ele>
						<time>2026-03-28T14:42:03Z</time>
					</trkpt>
					<trkpt lat="47.259830" lon="4.729340">
						<ele>565</ele>
						<time>2026-03-28T14:42:11Z</time>
					</trkpt>
					<trkpt lat="47.260020" lon="4.729640">
						<ele>570</ele>
						<time>2026-03-28T14:42:25Z</time>
					</trkpt>
					<trkpt lat="47.260130" lon="4.729800">
						<ele>570</ele>
						<time>2026-03-28T14:42:33Z</time>
					</trkpt>
					<trkpt lat="47.260280" lon="4.730140">
						<ele>570</ele>
						<time>2026-03-28T14:42:47Z</time>
					</trkpt>
					<trkpt lat="47.260350" lon="4.730250">
						<ele>570</ele>
						<time>2026-03-28T14:42:52Z</time>
					</trkpt>
					<trkpt lat="47.260520" lon="4.730300">
						<ele>571</ele>
						<time>2026-03-28T14:43:00Z</time>
					</trkpt>
					<trkpt lat="47.260550" lon="4.730310">
						<ele>571</ele>
						<time>2026-03-28T14:43:02Z</time>
					</trkpt>
					<trkpt lat="47.260770" lon="4.730650">
						<ele>573</ele>
						<time>2026-03-28T14:43:18Z</time>
					</trkpt>
					<trkpt lat="47.260940" lon="4.730850">
						<ele>573</ele>
						<time>2026-03-28T14:43:29Z</time>
					</trkpt>
					<trkpt lat="47.261150" lon="4.731050">
						<ele>574</ele>
						<time>2026-03-28T14:43:41Z</time>
					</trkpt>
					<trkpt lat="47.261350" lon="4.731140">
						<ele>575</ele>
						<time>2026-03-28T14:43:52Z</time>
					</trkpt>
					<trkpt lat="47.262000" lon="4.731240">
						<ele>577</ele>
						<time>2026-03-28T14:44:25Z</time>
					</trkpt>
					<trkpt lat="47.262310" lon="4.731400">
						<ele>577</ele>
						<time>2026-03-28T14:44:41Z</time>
					</trkpt>
					<trkpt lat="47.262700" lon="4.731650">
						<ele>577</ele>
						<time>2026-03-28T14:45:02Z</time>
					</trkpt>
					<trkpt lat="47.262880" lon="4.731900">
						<ele>578</ele>
						<time>2026-03-28T14:45:15Z</time>
					</trkpt>
					<trkpt lat="47.263000" lon="4.731990">
						<ele>578</ele>
						<time>2026-03-28T14:45:21Z</time>
					</trkpt>
					<trkpt lat="47.263180" lon="4.731940">
						<ele>578</ele>
						<time>2026-03-28T14:45:31Z</time>
					</trkpt>
					<trkpt lat="47.263730" lon="4.731930">
						<ele>578</ele>
						<time>2026-03-28T14:45:58Z</time>
					</trkpt>
					<trkpt lat="47.263740" lon="4.731930">
						<ele>578</ele>
						<time>2026-03-28T14:45:59Z</time>
					</trkpt>
					<trkpt lat="47.263840" lon="4.731950">
						<ele>578</ele>
						<time>2026-03-28T14:46:04Z</time>
					</trkpt>
					<trkpt lat="47.264540" lon="4.731980">
						<ele>579</ele>
						<time>2026-03-28T14:46:39Z</time>
					</trkpt>
					<trkpt lat="47.265040" lon="4.731920">
						<ele>580</ele>
						<time>2026-03-28T14:47:04Z</time>
					</trkpt>
					<trkpt lat="47.265360" lon="4.731800">
						<ele>579</ele>
						<time>2026-03-28T14:47:20Z</time>
					</trkpt>
					<trkpt lat="47.265880" lon="4.731610">
						<ele>580</ele>
						<time>2026-03-28T14:47:47Z</time>
					</trkpt>
					<trkpt lat="47.266090" lon="4.731420">
						<ele>579</ele>
						<time>2026-03-28T14:47:59Z</time>
					</trkpt>
					<trkpt lat="47.266360" lon="4.731230">
						<ele>578</ele>
						<time>2026-03-28T14:48:14Z</time>
					</trkpt>
					<trkpt lat="47.266500" lon="4.731190">
						<ele>578</ele>
						<time>2026-03-28T14:48:22Z</time>
					</trkpt>
					<trkpt lat="47.266590" lon="4.731200">
						<ele>578</ele>
						<time>2026-03-28T14:48:26Z</time>
					</trkpt>
					<trkpt lat="47.266670" lon="4.731230">
						<ele>577</ele>
						<time>2026-03-28T14:48:30Z</time>
					</trkpt>
					<trkpt lat="47.266730" lon="4.731290">
						<ele>577</ele>
						<time>2026-03-28T14:48:34Z</time>
					</trkpt>
					<trkpt lat="47.266780" lon="4.731380">
						<ele>577</ele>
						<time>2026-03-28T14:48:38Z</time>
					</trkpt>
					<trkpt lat="47.266920" lon="4.731580">
						<ele>578</ele>
						<time>2026-03-28T14:48:48Z</time>
					</trkpt>
					<trkpt lat="47.267010" lon="4.731750">
						<ele>578</ele>
						<time>2026-03-28T14:48:55Z</time>
					</trkpt>
					<trkpt lat="47.267160" lon="4.732030">
						<ele>577</ele>
						<time>2026-03-28T14:49:07Z</time>
					</trkpt>
					<trkpt lat="47.267180" lon="4.732130">
						<ele>577</ele>
						<time>2026-03-28T14:49:10Z</time>
					</trkpt>
					<trkpt lat="47.267260" lon="4.732250">
						<ele>577</ele>
						<time>2026-03-28T14:49:16Z</time>
					</trkpt>
					<trkpt lat="47.267330" lon="4.732330">
						<ele>577</ele>
						<time>2026-03-28T14:49:21Z</time>
					</trkpt>
					<trkpt lat="47.267410" lon="4.732350">
						<ele>577</ele>
						<time>2026-03-28T14:49:25Z</time>
					</trkpt>
					<trkpt lat="47.267700" lon="4.732320">
						<ele>576</ele>
						<time>2026-03-28T14:49:39Z</time>
					</trkpt>
					<trkpt lat="47.267750" lon="4.732340">
						<ele>576</ele>
						<time>2026-03-28T14:49:42Z</time>
					</trkpt>
					<trkpt lat="47.267750" lon="4.732360">
						<ele>576</ele>
						<time>2026-03-28T14:49:43Z</time>
					</trkpt>
					<trkpt lat="47.267920" lon="4.732750">
						<ele>576</ele>
						<time>2026-03-28T14:49:58Z</time>
					</trkpt>
					<trkpt lat="47.268310" lon="4.733910">
						<ele>574</ele>
						<time>2026-03-28T14:50:42Z</time>
					</trkpt>
					<trkpt lat="47.268340" lon="4.733960">
						<ele>574</ele>
						<time>2026-03-28T14:50:44Z</time>
					</trkpt>
					<trkpt lat="47.268900" lon="4.734160">
						<ele>574</ele>
						<time>2026-03-28T14:51:13Z</time>
					</trkpt>
					<trkpt lat="47.269270" lon="4.734270">
						<ele>574</ele>
						<time>2026-03-28T14:51:32Z</time>
					</trkpt>
					<trkpt lat="47.270560" lon="4.734730">
						<ele>570</ele>
						<time>2026-03-28T14:52:39Z</time>
					</trkpt>
					<trkpt lat="47.271110" lon="4.734880">
						<ele>567</ele>
						<time>2026-03-28T14:53:07Z</time>
					</trkpt>
					<trkpt lat="47.271150" lon="4.734880">
						<ele>567</ele>
						<time>2026-03-28T14:53:09Z</time>
					</trkpt>
					<trkpt lat="47.271430" lon="4.734880">
						<ele>566</ele>
						<time>2026-03-28T14:53:23Z</time>
					</trkpt>
					<trkpt lat="47.271820" lon="4.734930">
						<ele>564</ele>
						<time>2026-03-28T14:53:42Z</time>
					</trkpt>
					<trkpt lat="47.272570" lon="4.735050">
						<ele>559</ele>
						<time>2026-03-28T14:54:20Z</time>
					</trkpt>
					<trkpt lat="47.272990" lon="4.735070">
						<ele>555</ele>
						<time>2026-03-28T14:54:41Z</time>
					</trkpt>
					<trkpt lat="47.273040" lon="4.735270">
						<ele>554</ele>
						<time>2026-03-28T14:54:48Z</time>
					</trkpt>
					<trkpt lat="47.274830" lon="4.735580">
						<ele>539</ele>
						<time>2026-03-28T14:56:18Z</time>
					</trkpt>
					<trkpt lat="47.275120" lon="4.735560">
						<ele>537</ele>
						<time>2026-03-28T14:56:33Z</time>
					</trkpt>
					<trkpt lat="47.275250" lon="4.735590">
						<ele>536</ele>
						<time>2026-03-28T14:56:40Z</time>
					</trkpt>
					<trkpt lat="47.275440" lon="4.735630">
						<ele>535</ele>
						<time>2026-03-28T14:56:49Z</time>
					</trkpt>
					<trkpt lat="47.275790" lon="4.735650">
						<ele>532</ele>
						<time>2026-03-28T14:57:07Z</time>
					</trkpt>
					<trkpt lat="47.276080" lon="4.735610">
						<ele>528</ele>
						<time>2026-03-28T14:57:21Z</time>
					</trkpt>
					<trkpt lat="47.276370" lon="4.735420">
						<ele>524</ele>
						<time>2026-03-28T14:57:37Z</time>
					</trkpt>
					<trkpt lat="47.276690" lon="4.735210">
						<ele>522</ele>
						<time>2026-03-28T14:57:55Z</time>
					</trkpt>
					<trkpt lat="47.277180" lon="4.734820">
						<ele>519</ele>
						<time>2026-03-28T14:58:23Z</time>
					</trkpt>
					<trkpt lat="47.278210" lon="4.733930">
						<ele>513</ele>
						<time>2026-03-28T14:59:22Z</time>
					</trkpt>
					<trkpt lat="47.278250" lon="4.733850">
						<ele>512</ele>
						<time>2026-03-28T14:59:26Z</time>
					</trkpt>
					<trkpt lat="47.278540" lon="4.733900">
						<ele>509</ele>
						<time>2026-03-28T14:59:40Z</time>
					</trkpt>
					<trkpt lat="47.278910" lon="4.734000">
						<ele>506</ele>
						<time>2026-03-28T14:59:59Z</time>
					</trkpt>
					<trkpt lat="47.279050" lon="4.734010">
						<ele>505</ele>
						<time>2026-03-28T15:00:06Z</time>
					</trkpt>
					<trkpt lat="47.279090" lon="4.734010">
						<ele>504</ele>
						<time>2026-03-28T15:00:08Z</time>
					</trkpt>
					<trkpt lat="47.279240" lon="4.733990">
						<ele>504</ele>
						<time>2026-03-28T15:00:16Z</time>
					</trkpt>
					<trkpt lat="47.279830" lon="4.733790">
						<ele>503</ele>
						<time>2026-03-28T15:00:46Z</time>
					</trkpt>
					<trkpt lat="47.280320" lon="4.733580">
						<ele>498</ele>
						<time>2026-03-28T15:01:11Z</time>
					</trkpt>
					<trkpt lat="47.280770" lon="4.733440">
						<ele>494</ele>
						<time>2026-03-28T15:01:34Z</time>
					</trkpt>
					<trkpt lat="47.281100" lon="4.733360">
						<ele>490</ele>
						<time>2026-03-28T15:01:51Z</time>
					</trkpt>
					<trkpt lat="47.281580" lon="4.733330">
						<ele>485</ele>
						<time>2026-03-28T15:02:15Z</time>
					</trkpt>
					<trkpt lat="47.281990" lon="4.733280">
						<ele>482</ele>
						<time>2026-03-28T15:02:36Z</time>
					</trkpt>
					<trkpt lat="47.282540" lon="4.733180">
						<ele>479</ele>
						<time>2026-03-28T15:03:04Z</time>
					</trkpt>
					<trkpt lat="47.282790" lon="4.733180">
						<ele>478</ele>
						<time>2026-03-28T15:03:16Z</time>
					</trkpt>
					<trkpt lat="47.283240" lon="4.733220">
						<ele>476</ele>
						<time>2026-03-28T15:03:39Z</time>
					</trkpt>
					<trkpt lat="47.284060" lon="4.733420">
						<ele>475</ele>
						<time>2026-03-28T15:04:20Z</time>
					</trkpt>
					<trkpt lat="47.284370" lon="4.733640">
						<ele>477</ele>
						<time>2026-03-28T15:04:37Z</time>
					</trkpt>
					<trkpt lat="47.284660" lon="4.733560">
						<ele>473</ele>
						<time>2026-03-28T15:04:52Z</time>
					</trkpt>
					<trkpt lat="47.284690" lon="4.733570">
						<ele>473</ele>
						<time>2026-03-28T15:04:54Z</time>
					</trkpt>
					<trkpt lat="47.285600" lon="4.733420">
						<ele>462</ele>
						<time>2026-03-28T15:05:40Z</time>
					</trkpt>
					<trkpt lat="47.285860" lon="4.733430">
						<ele>459</ele>
						<time>2026-03-28T15:05:53Z</time>
					</trkpt>
					<trkpt lat="47.286000" lon="4.733310">
						<ele>457</ele>
						<time>2026-03-28T15:06:01Z</time>
					</trkpt>
					<trkpt lat="47.286170" lon="4.733010">
						<ele>454</ele>
						<time>2026-03-28T15:06:14Z</time>
					</trkpt>
					<trkpt lat="47.286240" lon="4.732910">
						<ele>453</ele>
						<time>2026-03-28T15:06:19Z</time>
					</trkpt>
					<trkpt lat="47.286360" lon="4.732870">
						<ele>452</ele>
						<time>2026-03-28T15:06:25Z</time>
					</trkpt>
					<trkpt lat="47.286490" lon="4.732850">
						<ele>450</ele>
						<time>2026-03-28T15:06:32Z</time>
					</trkpt>
					<trkpt lat="47.286540" lon="4.732820">
						<ele>450</ele>
						<time>2026-03-28T15:06:34Z</time>
					</trkpt>
					<trkpt lat="47.286580" lon="4.732740">
						<ele>449</ele>
						<time>2026-03-28T15:06:38Z</time>
					</trkpt>
					<trkpt lat="47.286680" lon="4.732750">
						<ele>448</ele>
						<time>2026-03-28T15:06:43Z</time>
					</trkpt>
					<trkpt lat="47.286940" lon="4.732630">
						<ele>444</ele>
						<time>2026-03-28T15:06:56Z</time>
					</trkpt>
					<trkpt lat="47.287010" lon="4.732620">
						<ele>443</ele>
						<time>2026-03-28T15:07:00Z</time>
					</trkpt>
					<trkpt lat="47.287270" lon="4.732670">
						<ele>439</ele>
						<time>2026-03-28T15:07:13Z</time>
					</trkpt>
					<trkpt lat="47.287380" lon="4.732650">
						<ele>438</ele>
						<time>2026-03-28T15:07:18Z</time>
					</trkpt>
					<trkpt lat="47.287460" lon="4.732570">
						<ele>437</ele>
						<time>2026-03-28T15:07:23Z</time>
					</trkpt>
					<trkpt lat="47.287540" lon="4.732450">
						<ele>435</ele>
						<time>2026-03-28T15:07:29Z</time>
					</trkpt>
					<trkpt lat="47.287670" lon="4.731980">
						<ele>430</ele>
						<time>2026-03-28T15:07:46Z</time>
					</trkpt>
					<trkpt lat="47.287720" lon="4.731880">
						<ele>428</ele>
						<time>2026-03-28T15:07:50Z</time>
					</trkpt>
					<trkpt lat="47.287770" lon="4.731840">
						<ele>427</ele>
						<time>2026-03-28T15:07:53Z</time>
					</trkpt>
					<trkpt lat="47.288460" lon="4.731930">
						<ele>417</ele>
						<time>2026-03-28T15:08:28Z</time>
					</trkpt>
					<trkpt lat="47.289120" lon="4.731970">
						<ele>408</ele>
						<time>2026-03-28T15:09:01Z</time>
					</trkpt>
					<trkpt lat="47.289480" lon="4.731960">
						<ele>403</ele>
						<time>2026-03-28T15:09:19Z</time>
					</trkpt>
					<trkpt lat="47.289800" lon="4.731920">
						<ele>398</ele>
						<time>2026-03-28T15:09:35Z</time>
					</trkpt>
					<trkpt lat="47.290070" lon="4.731860">
						<ele>395</ele>
						<time>2026-03-28T15:09:49Z</time>
					</trkpt>
					<trkpt lat="47.290560" lon="4.731720">
						<ele>389</ele>
						<time>2026-03-28T15:10:14Z</time>
					</trkpt>
					<trkpt lat="47.290790" lon="4.731640">
						<ele>386</ele>
						<time>2026-03-28T15:10:26Z</time>
					</trkpt>
					<trkpt lat="47.290980" lon="4.731520">
						<ele>382</ele>
						<time>2026-03-28T15:10:36Z</time>
					</trkpt>
					<trkpt lat="47.291110" lon="4.731460">
						<ele>379</ele>
						<time>2026-03-28T15:10:43Z</time>
					</trkpt>
					<trkpt lat="47.291290" lon="4.731440">
						<ele>375</ele>
						<time>2026-03-28T15:10:52Z</time>
					</trkpt>
					<trkpt lat="47.291370" lon="4.731570">
						<ele>374</ele>
						<time>2026-03-28T15:10:58Z</time>
					</trkpt>
					<trkpt lat="47.291410" lon="4.731760">
						<ele>373</ele>
						<time>2026-03-28T15:11:04Z</time>
					</trkpt>
					<trkpt lat="47.291420" lon="4.732930">
						<ele>371</ele>
						<time>2026-03-28T15:11:44Z</time>
					</trkpt>
					<trkpt lat="47.291400" lon="4.733070">
						<ele>371</ele>
						<time>2026-03-28T15:11:49Z</time>
					</trkpt>
					<trkpt lat="47.291410" lon="4.733330">
						<ele>371</ele>
						<time>2026-03-28T15:11:58Z</time>
					</trkpt>
					<trkpt lat="47.291420" lon="4.733300">
						<ele>371</ele>
						<time>2026-03-28T15:11:59Z</time>
					</trkpt>
					<trkpt lat="47.291540" lon="4.732920">
						<ele>368</ele>
						<time>2026-03-28T15:12:13Z</time>
					</trkpt>
					<trkpt lat="47.291850" lon="4.733020">
						<ele>368</ele>
						<time>2026-03-28T15:12:29Z</time>
					</trkpt>
					<trkpt lat="47.291850" lon="4.733020">
						<ele>368</ele>
						<time>2026-03-28T15:12:29Z</time>
					</trkpt>
					<trkpt lat="47.291670" lon="4.733450">
						<ele>365</ele>
						<time>2026-03-28T15:12:46Z</time>
					</trkpt>
					<trkpt lat="47.291590" lon="4.733630">
						<ele>367</ele>
						<time>2026-03-28T15:12:54Z</time>
					</trkpt>
					<trkpt lat="47.291590" lon="4.733850">
						<ele>367</ele>
						<time>2026-03-28T15:13:01Z</time>
					</trkpt>
					<trkpt lat="47.291630" lon="4.734380">
						<ele>364</ele>
						<time>2026-03-28T15:13:19Z</time>
					</trkpt>
					<trkpt lat="47.291650" lon="4.734470">
						<ele>363</ele>
						<time>2026-03-28T15:13:22Z</time>
					</trkpt>
					<trkpt lat="47.291720" lon="4.734490">
						<ele>363</ele>
						<time>2026-03-28T15:13:26Z</time>
					</trkpt>
					<trkpt lat="47.292100" lon="4.734600">
						<ele>370</ele>
						<time>2026-03-28T15:13:45Z</time>
					</trkpt>
					<trkpt lat="47.292390" lon="4.734570">
						<ele>377</ele>
						<time>2026-03-28T15:14:00Z</time>
					</trkpt>
					<trkpt lat="47.292610" lon="4.734560">
						<ele>381</ele>
						<time>2026-03-28T15:14:11Z</time>
					</trkpt>
					<trkpt lat="47.292680" lon="4.734510">
						<ele>383</ele>
						<time>2026-03-28T15:14:15Z</time>
					</trkpt>
					<trkpt lat="47.292760" lon="4.734390">
						<ele>386</ele>
						<time>2026-03-28T15:14:20Z</time>
					</trkpt>
					<trkpt lat="47.292910" lon="4.734130">
						<ele>390</ele>
						<time>2026-03-28T15:14:32Z</time>
					</trkpt>
					<trkpt lat="47.293210" lon="4.734260">
						<ele>394</ele>
						<time>2026-03-28T15:14:48Z</time>
					</trkpt>
					<trkpt lat="47.293240" lon="4.734270">
						<ele>394</ele>
						<time>2026-03-28T15:14:49Z</time>
					</trkpt>
					<trkpt lat="47.293440" lon="4.734270">
						<ele>397</ele>
						<time>2026-03-28T15:14:59Z</time>
					</trkpt>
					<trkpt lat="47.293550" lon="4.734240">
						<ele>399</ele>
						<time>2026-03-28T15:15:05Z</time>
					</trkpt>
					<trkpt lat="47.293660" lon="4.734160">
						<ele>401</ele>
						<time>2026-03-28T15:15:11Z</time>
					</trkpt>
					<trkpt lat="47.293980" lon="4.733550">
						<ele>405</ele>
						<time>2026-03-28T15:15:37Z</time>
					</trkpt>
					<trkpt lat="47.294170" lon="4.733340">
						<ele>408</ele>
						<time>2026-03-28T15:15:49Z</time>
					</trkpt>
					<trkpt lat="47.294330" lon="4.733200">
						<ele>409</ele>
						<time>2026-03-28T15:15:58Z</time>
					</trkpt>
					<trkpt lat="47.294490" lon="4.733110">
						<ele>411</ele>
						<time>2026-03-28T15:16:07Z</time>
					</trkpt>
					<trkpt lat="47.294650" lon="4.733040">
						<ele>412</ele>
						<time>2026-03-28T15:16:15Z</time>
					</trkpt>
					<trkpt lat="47.294930" lon="4.733010">
						<ele>416</ele>
						<time>2026-03-28T15:16:29Z</time>
					</trkpt>
					<trkpt lat="47.295210" lon="4.733160">
						<ele>420</ele>
						<time>2026-03-28T15:16:44Z</time>
					</trkpt>
					<trkpt lat="47.295530" lon="4.733430">
						<ele>427</ele>
						<time>2026-03-28T15:17:03Z</time>
					</trkpt>
					<trkpt lat="47.295830" lon="4.733580">
						<ele>432</ele>
						<time>2026-03-28T15:17:19Z</time>
					</trkpt>
					<trkpt lat="47.296200" lon="4.733700">
						<ele>435</ele>
						<time>2026-03-28T15:17:38Z</time>
					</trkpt>
					<trkpt lat="47.296520" lon="4.733810">
						<ele>439</ele>
						<time>2026-03-28T15:17:54Z</time>
					</trkpt>
					<trkpt lat="47.296640" lon="4.733920">
						<ele>441</ele>
						<time>2026-03-28T15:18:01Z</time>
					</trkpt>
					<trkpt lat="47.296730" lon="4.734190">
						<ele>445</ele>
						<time>2026-03-28T15:18:11Z</time>
					</trkpt>
					<trkpt lat="47.296780" lon="4.734570">
						<ele>451</ele>
						<time>2026-03-28T15:18:24Z</time>
					</trkpt>
					<trkpt lat="47.297320" lon="4.735880">
						<ele>476</ele>
						<time>2026-03-28T15:19:16Z</time>
					</trkpt>
					<trkpt lat="47.297510" lon="4.736550">
						<ele>494</ele>
						<time>2026-03-28T15:19:41Z</time>
					</trkpt>
					<trkpt lat="47.297520" lon="4.736740">
						<ele>499</ele>
						<time>2026-03-28T15:19:48Z</time>
					</trkpt>
					<trkpt lat="47.297180" lon="4.737620">
						<ele>505</ele>
						<time>2026-03-28T15:20:22Z</time>
					</trkpt>
					<trkpt lat="47.297430" lon="4.738100">
						<ele>520</ele>
						<time>2026-03-28T15:20:42Z</time>
					</trkpt>
					<trkpt lat="47.297130" lon="4.738500">
						<ele>513</ele>
						<time>2026-03-28T15:21:03Z</time>
					</trkpt>
					<trkpt lat="47.297090" lon="4.738650">
						<ele>512</ele>
						<time>2026-03-28T15:21:08Z</time>
					</trkpt>
					<trkpt lat="47.297060" lon="4.738840">
						<ele>513</ele>
						<time>2026-03-28T15:21:15Z</time>
					</trkpt>
					<trkpt lat="47.297050" lon="4.739370">
						<ele>516</ele>
						<time>2026-03-28T15:21:33Z</time>
					</trkpt>
					<trkpt lat="47.297060" lon="4.739720">
						<ele>518</ele>
						<time>2026-03-28T15:21:45Z</time>
					</trkpt>
					<trkpt lat="47.297060" lon="4.740060">
						<ele>519</ele>
						<time>2026-03-28T15:21:56Z</time>
					</trkpt>
					<trkpt lat="47.297020" lon="4.740530">
						<ele>521</ele>
						<time>2026-03-28T15:22:12Z</time>
					</trkpt>
					<trkpt lat="47.296970" lon="4.740970">
						<ele>522</ele>
						<time>2026-03-28T15:22:27Z</time>
					</trkpt>
					<trkpt lat="47.296720" lon="4.742310">
						<ele>526</ele>
						<time>2026-03-28T15:23:15Z</time>
					</trkpt>
					<trkpt lat="47.296650" lon="4.742780">
						<ele>528</ele>
						<time>2026-03-28T15:23:31Z</time>
					</trkpt>
					<trkpt lat="47.296620" lon="4.743120">
						<ele>529</ele>
						<time>2026-03-28T15:23:43Z</time>
					</trkpt>
					<trkpt lat="47.296750" lon="4.743240">
						<ele>534</ele>
						<time>2026-03-28T15:23:50Z</time>
					</trkpt>
					<trkpt lat="47.296850" lon="4.743610">
						<ele>539</ele>
						<time>2026-03-28T15:24:04Z</time>
					</trkpt>
					<trkpt lat="47.296930" lon="4.743680">
						<ele>542</ele>
						<time>2026-03-28T15:24:08Z</time>
					</trkpt>
					<trkpt lat="47.296980" lon="4.743510">
						<ele>542</ele>
						<time>2026-03-28T15:24:15Z</time>
					</trkpt>
					<trkpt lat="47.297110" lon="4.743440">
						<ele>545</ele>
						<time>2026-03-28T15:24:22Z</time>
					</trkpt>
					<trkpt lat="47.297810" lon="4.743590">
						<ele>556</ele>
						<time>2026-03-28T15:24:57Z</time>
					</trkpt>
					<trkpt lat="47.298550" lon="4.744100">
						<ele>558</ele>
						<time>2026-03-28T15:25:38Z</time>
					</trkpt>
					<trkpt lat="47.298830" lon="4.744390">
						<ele>558</ele>
						<time>2026-03-28T15:25:55Z</time>
					</trkpt>
					<trkpt lat="47.298880" lon="4.744480">
						<ele>558</ele>
						<time>2026-03-28T15:25:59Z</time>
					</trkpt>
					<trkpt lat="47.298880" lon="4.744570">
						<ele>558</ele>
						<time>2026-03-28T15:26:02Z</time>
					</trkpt>
					<trkpt lat="47.298830" lon="4.744690">
						<ele>559</ele>
						<time>2026-03-28T15:26:07Z</time>
					</trkpt>
					<trkpt lat="47.298770" lon="4.744760">
						<ele>559</ele>
						<time>2026-03-28T15:26:11Z</time>
					</trkpt>
					<trkpt lat="47.298510" lon="4.744910">
						<ele>562</ele>
						<time>2026-03-28T15:26:25Z</time>
					</trkpt>
					<trkpt lat="47.298400" lon="4.745030">
						<ele>563</ele>
						<time>2026-03-28T15:26:31Z</time>
					</trkpt>
					<trkpt lat="47.298310" lon="4.745030">
						<ele>563</ele>
						<time>2026-03-28T15:26:36Z</time>
					</trkpt>
					<trkpt lat="47.297950" lon="4.744930">
						<ele>563</ele>
						<time>2026-03-28T15:26:54Z</time>
					</trkpt>
					<trkpt lat="47.297890" lon="4.744940">
						<ele>563</ele>
						<time>2026-03-28T15:26:57Z</time>
					</trkpt>
					<trkpt lat="47.297820" lon="4.745020">
						<ele>564</ele>
						<time>2026-03-28T15:27:02Z</time>
					</trkpt>
					<trkpt lat="47.297800" lon="4.745120">
						<ele>564</ele>
						<time>2026-03-28T15:27:05Z</time>
					</trkpt>
					<trkpt lat="47.297900" lon="4.745870">
						<ele>565</ele>
						<time>2026-03-28T15:27:31Z</time>
					</trkpt>
					<trkpt lat="47.297950" lon="4.746750">
						<ele>564</ele>
						<time>2026-03-28T15:28:01Z</time>
					</trkpt>
					<trkpt lat="47.297810" lon="4.747580">
						<ele>561</ele>
						<time>2026-03-28T15:28:30Z</time>
					</trkpt>
					<trkpt lat="47.297820" lon="4.747860">
						<ele>560</ele>
						<time>2026-03-28T15:28:40Z</time>
					</trkpt>
					<trkpt lat="47.297830" lon="4.747990">
						<ele>559</ele>
						<time>2026-03-28T15:28:44Z</time>
					</trkpt>
					<trkpt lat="47.297920" lon="4.748760">
						<ele>556</ele>
						<time>2026-03-28T15:29:11Z</time>
					</trkpt>
					<trkpt lat="47.297720" lon="4.749010">
						<ele>551</ele>
						<time>2026-03-28T15:29:24Z</time>
					</trkpt>
					<trkpt lat="47.297580" lon="4.749240">
						<ele>548</ele>
						<time>2026-03-28T15:29:34Z</time>
					</trkpt>
					<trkpt lat="47.297470" lon="4.749340">
						<ele>545</ele>
						<time>2026-03-28T15:29:41Z</time>
					</trkpt>
					<trkpt lat="47.297160" lon="4.749380">
						<ele>538</ele>
						<time>2026-03-28T15:29:56Z</time>
					</trkpt>
					<trkpt lat="47.297120" lon="4.749350">
						<ele>538</ele>
						<time>2026-03-28T15:29:59Z</time>
					</trkpt>
					<trkpt lat="47.297030" lon="4.749280">
						<ele>536</ele>
						<time>2026-03-28T15:30:04Z</time>
					</trkpt>
					<trkpt lat="47.296850" lon="4.749210">
						<ele>533</ele>
						<time>2026-03-28T15:30:13Z</time>
					</trkpt>
					<trkpt lat="47.295270" lon="4.749030">
						<ele>515</ele>
						<time>2026-03-28T15:31:32Z</time>
					</trkpt>
					<trkpt lat="47.295080" lon="4.748970">
						<ele>514</ele>
						<time>2026-03-28T15:31:42Z</time>
					</trkpt>
					<trkpt lat="47.294410" lon="4.748290">
						<ele>505</ele>
						<time>2026-03-28T15:32:23Z</time>
					</trkpt>
					<trkpt lat="47.294370" lon="4.748240">
						<ele>504</ele>
						<time>2026-03-28T15:32:25Z</time>
					</trkpt>
					<trkpt lat="47.294360" lon="4.747930">
						<ele>500</ele>
						<time>2026-03-28T15:32:36Z</time>
					</trkpt>
					<trkpt lat="47.294440" lon="4.747550">
						<ele>499</ele>
						<time>2026-03-28T15:32:49Z</time>
					</trkpt>
					<trkpt lat="47.294560" lon="4.747190">
						<ele>498</ele>
						<time>2026-03-28T15:33:03Z</time>
					</trkpt>
					<trkpt lat="47.294900" lon="4.745390">
						<ele>489</ele>
						<time>2026-03-28T15:34:06Z</time>
					</trkpt>
					<trkpt lat="47.294980" lon="4.744860">
						<ele>485</ele>
						<time>2026-03-28T15:34:25Z</time>
					</trkpt>
					<trkpt lat="47.295030" lon="4.744670">
						<ele>485</ele>
						<time>2026-03-28T15:34:32Z</time>
					</trkpt>
					<trkpt lat="47.295060" lon="4.744570">
						<ele>485</ele>
						<time>2026-03-28T15:34:35Z</time>
					</trkpt>
					<trkpt lat="47.295200" lon="4.743960">
						<ele>484</ele>
						<time>2026-03-28T15:34:57Z</time>
					</trkpt>
					<trkpt lat="47.295260" lon="4.743540">
						<ele>482</ele>
						<time>2026-03-28T15:35:12Z</time>
					</trkpt>
					<trkpt lat="47.295250" lon="4.743180">
						<ele>479</ele>
						<time>2026-03-28T15:35:24Z</time>
					</trkpt>
					<trkpt lat="47.295240" lon="4.742830">
						<ele>475</ele>
						<time>2026-03-28T15:35:36Z</time>
					</trkpt>
					<trkpt lat="47.295280" lon="4.742570">
						<ele>473</ele>
						<time>2026-03-28T15:35:45Z</time>
					</trkpt>
					<trkpt lat="47.295290" lon="4.742220">
						<ele>470</ele>
						<time>2026-03-28T15:35:57Z</time>
					</trkpt>
					<trkpt lat="47.295130" lon="4.742180">
						<ele>464</ele>
						<time>2026-03-28T15:36:05Z</time>
					</trkpt>
					<trkpt lat="47.294830" lon="4.741710">
						<ele>450</ele>
						<time>2026-03-28T15:36:27Z</time>
					</trkpt>
					<trkpt lat="47.294180" lon="4.741570">
						<ele>432</ele>
						<time>2026-03-28T15:37:00Z</time>
					</trkpt>
					<trkpt lat="47.293690" lon="4.741550">
						<ele>418</ele>
						<time>2026-03-28T15:37:24Z</time>
					</trkpt>
					<trkpt lat="47.293400" lon="4.741470">
						<ele>409</ele>
						<time>2026-03-28T15:37:39Z</time>
					</trkpt>
					<trkpt lat="47.293080" lon="4.741100">
						<ele>396</ele>
						<time>2026-03-28T15:37:59Z</time>
					</trkpt>
					<trkpt lat="47.292820" lon="4.740730">
						<ele>387</ele>
						<time>2026-03-28T15:38:18Z</time>
					</trkpt>
					<trkpt lat="47.292490" lon="4.740320">
						<ele>377</ele>
						<time>2026-03-28T15:38:39Z</time>
					</trkpt>
					<trkpt lat="47.292330" lon="4.740200">
						<ele>372</ele>
						<time>2026-03-28T15:38:48Z</time>
					</trkpt>
					<trkpt lat="47.292280" lon="4.740130">
						<ele>371</ele>
						<time>2026-03-28T15:38:52Z</time>
					</trkpt>
					<trkpt lat="47.292250" lon="4.740080">
						<ele>370</ele>
						<time>2026-03-28T15:38:54Z</time>
					</trkpt>
					<trkpt lat="47.292200" lon="4.739810">
						<ele>368</ele>
						<time>2026-03-28T15:39:03Z</time>
					</trkpt>
					<trkpt lat="47.292200" lon="4.739600">
						<ele>367</ele>
						<time>2026-03-28T15:39:10Z</time>
					</trkpt>
					<trkpt lat="47.292260" lon="4.738950">
						<ele>367</ele>
						<time>2026-03-28T15:39:33Z</time>
					</trkpt>
					<trkpt lat="47.292260" lon="4.738780">
						<ele>366</ele>
						<time>2026-03-28T15:39:39Z</time>
					</trkpt>
					<trkpt lat="47.292190" lon="4.738850">
						<ele>365</ele>
						<time>2026-03-28T15:39:43Z</time>
					</trkpt>
					<trkpt lat="47.292070" lon="4.738890">
						<ele>363</ele>
						<time>2026-03-28T15:39:49Z</time>
					</trkpt>
					<trkpt lat="47.291850" lon="4.738910">
						<ele>360</ele>
						<time>2026-03-28T15:40:00Z</time>
					</trkpt>
					<trkpt lat="47.291750" lon="4.738900">
						<ele>359</ele>
						<time>2026-03-28T15:40:05Z</time>
					</trkpt>
					<trkpt lat="47.291690" lon="4.738950">
						<ele>358</ele>
						<time>2026-03-28T15:40:08Z</time>
					</trkpt>
					<trkpt lat="47.291540" lon="4.739290">
						<ele>355</ele>
						<time>2026-03-28T15:40:22Z</time>
					</trkpt>
					<trkpt lat="47.291490" lon="4.739330">
						<ele>354</ele>
						<time>2026-03-28T15:40:25Z</time>
					</trkpt>
					<trkpt lat="47.291360" lon="4.739350">
						<ele>351</ele>
						<time>2026-03-28T15:40:32Z</time>
					</trkpt>
					<trkpt lat="47.291300" lon="4.739380">
						<ele>350</ele>
						<time>2026-03-28T15:40:35Z</time>
					</trkpt>
					<trkpt lat="47.291250" lon="4.739460">
						<ele>349</ele>
						<time>2026-03-28T15:40:38Z</time>
					</trkpt>
					<trkpt lat="47.291190" lon="4.739740">
						<ele>347</ele>
						<time>2026-03-28T15:40:48Z</time>
					</trkpt>
					<trkpt lat="47.291120" lon="4.740100">
						<ele>344</ele>
						<time>2026-03-28T15:41:01Z</time>
					</trkpt>
					<trkpt lat="47.291040" lon="4.740270">
						<ele>342</ele>
						<time>2026-03-28T15:41:08Z</time>
					</trkpt>
					<trkpt lat="47.290880" lon="4.740400">
						<ele>338</ele>
						<time>2026-03-28T15:41:17Z</time>
					</trkpt>
					<trkpt lat="47.290310" lon="4.740220">
						<ele>341</ele>
						<time>2026-03-28T15:41:46Z</time>
					</trkpt>
					<trkpt lat="47.289410" lon="4.740390">
						<ele>346</ele>
						<time>2026-03-28T15:42:32Z</time>
					</trkpt>
					<trkpt lat="47.289620" lon="4.739700">
						<ele>349</ele>
						<time>2026-03-28T15:42:58Z</time>
					</trkpt>
					<trkpt lat="47.289780" lon="4.739220">
						<ele>350</ele>
						<time>2026-03-28T15:43:16Z</time>
					</trkpt>
					<trkpt lat="47.290030" lon="4.738560">
						<ele>352</ele>
						<time>2026-03-28T15:43:41Z</time>
					</trkpt>
					<trkpt lat="47.290070" lon="4.738410">
						<ele>353</ele>
						<time>2026-03-28T15:43:47Z</time>
					</trkpt>
					<trkpt lat="47.289930" lon="4.738510">
						<ele>353</ele>
						<time>2026-03-28T15:43:55Z</time>
					</trkpt>
					<trkpt lat="47.289760" lon="4.738670">
						<ele>354</ele>
						<time>2026-03-28T15:44:05Z</time>
					</trkpt>
					<trkpt lat="47.289530" lon="4.738840">
						<ele>355</ele>
						<time>2026-03-28T15:44:18Z</time>
					</trkpt>
					<trkpt lat="47.289230" lon="4.739010">
						<ele>357</ele>
						<time>2026-03-28T15:44:34Z</time>
					</trkpt>
					<trkpt lat="47.288930" lon="4.739160">
						<ele>360</ele>
						<time>2026-03-28T15:44:49Z</time>
					</trkpt>
					<trkpt lat="47.288770" lon="4.739250">
						<ele>362</ele>
						<time>2026-03-28T15:44:58Z</time>
					</trkpt>
					<trkpt lat="47.288700" lon="4.739300">
						<ele>362</ele>
						<time>2026-03-28T15:45:02Z</time>
					</trkpt>
					<trkpt lat="47.288600" lon="4.739450">
						<ele>362</ele>
						<time>2026-03-28T15:45:09Z</time>
					</trkpt>
					<trkpt lat="47.288360" lon="4.739870">
						<ele>361</ele>
						<time>2026-03-28T15:45:28Z</time>
					</trkpt>
					<trkpt lat="47.288200" lon="4.740150">
						<ele>361</ele>
						<time>2026-03-28T15:45:40Z</time>
					</trkpt>
					<trkpt lat="47.288090" lon="4.740260">
						<ele>363</ele>
						<time>2026-03-28T15:45:47Z</time>
					</trkpt>
					<trkpt lat="47.287990" lon="4.740340">
						<ele>364</ele>
						<time>2026-03-28T15:45:52Z</time>
					</trkpt>
					<trkpt lat="47.287850" lon="4.740390">
						<ele>366</ele>
						<time>2026-03-28T15:46:00Z</time>
					</trkpt>
					<trkpt lat="47.287700" lon="4.740440">
						<ele>368</ele>
						<time>2026-03-28T15:46:07Z</time>
					</trkpt>
					<trkpt lat="47.287280" lon="4.740520">
						<ele>374</ele>
						<time>2026-03-28T15:46:29Z</time>
					</trkpt>
					<trkpt lat="47.287110" lon="4.740580">
						<ele>376</ele>
						<time>2026-03-28T15:46:37Z</time>
					</trkpt>
					<trkpt lat="47.286920" lon="4.740700">
						<ele>378</ele>
						<time>2026-03-28T15:46:48Z</time>
					</trkpt>
					<trkpt lat="47.286780" lon="4.740710">
						<ele>380</ele>
						<time>2026-03-28T15:46:55Z</time>
					</trkpt>
					<trkpt lat="47.286520" lon="4.740670">
						<ele>384</ele>
						<time>2026-03-28T15:47:08Z</time>
					</trkpt>
					<trkpt lat="47.286300" lon="4.740590">
						<ele>388</ele>
						<time>2026-03-28T15:47:19Z</time>
					</trkpt>
					<trkpt lat="47.285910" lon="4.740380">
						<ele>397</ele>
						<time>2026-03-28T15:47:40Z</time>
					</trkpt>
					<trkpt lat="47.285660" lon="4.740210">
						<ele>403</ele>
						<time>2026-03-28T15:47:54Z</time>
					</trkpt>
					<trkpt lat="47.285510" lon="4.740090">
						<ele>407</ele>
						<time>2026-03-28T15:48:02Z</time>
					</trkpt>
					<trkpt lat="47.285480" lon="4.740080">
						<ele>408</ele>
						<time>2026-03-28T15:48:04Z</time>
					</trkpt>
					<trkpt lat="47.285440" lon="4.740080">
						<ele>409</ele>
						<time>2026-03-28T15:48:06Z</time>
					</trkpt>
					<trkpt lat="47.285390" lon="4.740120">
						<ele>409</ele>
						<time>2026-03-28T15:48:09Z</time>
					</trkpt>
					<trkpt lat="47.285310" lon="4.740240">
						<ele>409</ele>
						<time>2026-03-28T15:48:14Z</time>
					</trkpt>
					<trkpt lat="47.285240" lon="4.740310">
						<ele>409</ele>
						<time>2026-03-28T15:48:19Z</time>
					</trkpt>
					<trkpt lat="47.285160" lon="4.740370">
						<ele>409</ele>
						<time>2026-03-28T15:48:23Z</time>
					</trkpt>
					<trkpt lat="47.285070" lon="4.740400">
						<ele>411</ele>
						<time>2026-03-28T15:48:28Z</time>
					</trkpt>
					<trkpt lat="47.284990" lon="4.740420">
						<ele>412</ele>
						<time>2026-03-28T15:48:32Z</time>
					</trkpt>
					<trkpt lat="47.284530" lon="4.740360">
						<ele>418</ele>
						<time>2026-03-28T15:48:55Z</time>
					</trkpt>
					<trkpt lat="47.284410" lon="4.740360">
						<ele>420</ele>
						<time>2026-03-28T15:49:01Z</time>
					</trkpt>
					<trkpt lat="47.284380" lon="4.740370">
						<ele>420</ele>
						<time>2026-03-28T15:49:02Z</time>
					</trkpt>
					<trkpt lat="47.284350" lon="4.740410">
						<ele>420</ele>
						<time>2026-03-28T15:49:04Z</time>
					</trkpt>
					<trkpt lat="47.284330" lon="4.740490">
						<ele>419</ele>
						<time>2026-03-28T15:49:07Z</time>
					</trkpt>
					<trkpt lat="47.284300" lon="4.740930">
						<ele>415</ele>
						<time>2026-03-28T15:49:22Z</time>
					</trkpt>
					<trkpt lat="47.284280" lon="4.740990">
						<ele>415</ele>
						<time>2026-03-28T15:49:25Z</time>
					</trkpt>
					<trkpt lat="47.284260" lon="4.741020">
						<ele>415</ele>
						<time>2026-03-28T15:49:26Z</time>
					</trkpt>
					<trkpt lat="47.284220" lon="4.741040">
						<ele>416</ele>
						<time>2026-03-28T15:49:28Z</time>
					</trkpt>
					<trkpt lat="47.284130" lon="4.741010">
						<ele>417</ele>
						<time>2026-03-28T15:49:33Z</time>
					</trkpt>
					<trkpt lat="47.283680" lon="4.740770">
						<ele>427</ele>
						<time>2026-03-28T15:49:57Z</time>
					</trkpt>
					<trkpt lat="47.283510" lon="4.740660">
						<ele>432</ele>
						<time>2026-03-28T15:50:06Z</time>
					</trkpt>
					<trkpt lat="47.283400" lon="4.740620">
						<ele>434</ele>
						<time>2026-03-28T15:50:12Z</time>
					</trkpt>
					<trkpt lat="47.283130" lon="4.740980">
						<ele>433</ele>
						<time>2026-03-28T15:50:30Z</time>
					</trkpt>
					<trkpt lat="47.283060" lon="4.741020">
						<ele>434</ele>
						<time>2026-03-28T15:50:34Z</time>
					</trkpt>
					<trkpt lat="47.282800" lon="4.740960">
						<ele>441</ele>
						<time>2026-03-28T15:50:47Z</time>
					</trkpt>
					<trkpt lat="47.282680" lon="4.740960">
						<ele>443</ele>
						<time>2026-03-28T15:50:53Z</time>
					</trkpt>
					<trkpt lat="47.282610" lon="4.741010">
						<ele>444</ele>
						<time>2026-03-28T15:50:57Z</time>
					</trkpt>
					<trkpt lat="47.282320" lon="4.741240">
						<ele>448</ele>
						<time>2026-03-28T15:51:13Z</time>
					</trkpt>
					<trkpt lat="47.282570" lon="4.740680">
						<ele>452</ele>
						<time>2026-03-28T15:51:36Z</time>
					</trkpt>
					<trkpt lat="47.283020" lon="4.739940">
						<ele>460</ele>
						<time>2026-03-28T15:52:10Z</time>
					</trkpt>
					<trkpt lat="47.282960" lon="4.739210">
						<ele>482</ele>
						<time>2026-03-28T15:52:35Z</time>
					</trkpt>
					<trkpt lat="47.283110" lon="4.738720">
						<ele>491</ele>
						<time>2026-03-28T15:52:53Z</time>
					</trkpt>
					<trkpt lat="47.282930" lon="4.738440">
						<ele>505</ele>
						<time>2026-03-28T15:53:06Z</time>
					</trkpt>
					<trkpt lat="47.283740" lon="4.737660">
						<ele>503</ele>
						<time>2026-03-28T15:53:54Z</time>
					</trkpt>
					<trkpt lat="47.284280" lon="4.736920">
						<ele>507</ele>
						<time>2026-03-28T15:54:31Z</time>
					</trkpt>
					<trkpt lat="47.285140" lon="4.736280">
						<ele>493</ele>
						<time>2026-03-28T15:55:19Z</time>
					</trkpt>
					<trkpt lat="47.285410" lon="4.735750">
						<ele>489</ele>
						<time>2026-03-28T15:55:42Z</time>
					</trkpt>
					<trkpt lat="47.285520" lon="4.735470">
						<ele>483</ele>
						<time>2026-03-28T15:55:53Z</time>
					</trkpt>
					<trkpt lat="47.285520" lon="4.734980">
						<ele>479</ele>
						<time>2026-03-28T15:56:10Z</time>
					</trkpt>
					<trkpt lat="47.285460" lon="4.734490">
						<ele>475</ele>
						<time>2026-03-28T15:56:27Z</time>
					</trkpt>
					<trkpt lat="47.284610" lon="4.734220">
						<ele>485</ele>
						<time>2026-03-28T15:57:10Z</time>
					</trkpt>
					<trkpt lat="47.284320" lon="4.734680">
						<ele>501</ele>
						<time>2026-03-28T15:57:31Z</time>
					</trkpt>
					<trkpt lat="47.283770" lon="4.735130">
						<ele>522</ele>
						<time>2026-03-28T15:58:03Z</time>
					</trkpt>
					<trkpt lat="47.282940" lon="4.736070">
						<ele>550</ele>
						<time>2026-03-28T15:58:55Z</time>
					</trkpt>
					<trkpt lat="47.280850" lon="4.739110">
						<ele>539</ele>
						<time>2026-03-28T16:01:22Z</time>
					</trkpt>
					<trkpt lat="47.279730" lon="4.740990">
						<ele>503</ele>
						<time>2026-03-28T16:02:47Z</time>
					</trkpt>
					<trkpt lat="47.279540" lon="4.742140">
						<ele>487</ele>
						<time>2026-03-28T16:03:27Z</time>
					</trkpt>
					<trkpt lat="47.279600" lon="4.742240">
						<ele>486</ele>
						<time>2026-03-28T16:03:32Z</time>
					</trkpt>
					<trkpt lat="47.279700" lon="4.742420">
						<ele>484</ele>
						<time>2026-03-28T16:03:40Z</time>
					</trkpt>
					<trkpt lat="47.279800" lon="4.742520">
						<ele>483</ele>
						<time>2026-03-28T16:03:46Z</time>
					</trkpt>
					<trkpt lat="47.279890" lon="4.742540">
						<ele>482</ele>
						<time>2026-03-28T16:03:50Z</time>
					</trkpt>
					<trkpt lat="47.280020" lon="4.742540">
						<ele>481</ele>
						<time>2026-03-28T16:03:57Z</time>
					</trkpt>
					<trkpt lat="47.280200" lon="4.742450">
						<ele>479</ele>
						<time>2026-03-28T16:04:06Z</time>
					</trkpt>
					<trkpt lat="47.280210" lon="4.742840">
						<ele>470</ele>
						<time>2026-03-28T16:04:20Z</time>
					</trkpt>
					<trkpt lat="47.279940" lon="4.743170">
						<ele>466</ele>
						<time>2026-03-28T16:04:37Z</time>
					</trkpt>
					<trkpt lat="47.279570" lon="4.743380">
						<ele>467</ele>
						<time>2026-03-28T16:04:57Z</time>
					</trkpt>
					<trkpt lat="47.279380" lon="4.743340">
						<ele>471</ele>
						<time>2026-03-28T16:05:07Z</time>
					</trkpt>
					<trkpt lat="47.279220" lon="4.743110">
						<ele>476</ele>
						<time>2026-03-28T16:05:18Z</time>
					</trkpt>
					<trkpt lat="47.279130" lon="4.742770">
						<ele>481</ele>
						<time>2026-03-28T16:05:30Z</time>
					</trkpt>
					<trkpt lat="47.278960" lon="4.742370">
						<ele>487</ele>
						<time>2026-03-28T16:05:46Z</time>
					</trkpt>
					<trkpt lat="47.278950" lon="4.742400">
						<ele>487</ele>
						<time>2026-03-28T16:05:47Z</time>
					</trkpt>
					<trkpt lat="47.278920" lon="4.742450">
						<ele>487</ele>
						<time>2026-03-28T16:05:50Z</time>
					</trkpt>
					<trkpt lat="47.278720" lon="4.742460">
						<ele>490</ele>
						<time>2026-03-28T16:06:00Z</time>
					</trkpt>
					<trkpt lat="47.278750" lon="4.742650">
						<ele>489</ele>
						<time>2026-03-28T16:06:06Z</time>
					</trkpt>
					<trkpt lat="47.278870" lon="4.742900">
						<ele>485</ele>
						<time>2026-03-28T16:06:17Z</time>
					</trkpt>
					<trkpt lat="47.278950" lon="4.743200">
						<ele>481</ele>
						<time>2026-03-28T16:06:28Z</time>
					</trkpt>
					<trkpt lat="47.278980" lon="4.743420">
						<ele>478</ele>
						<time>2026-03-28T16:06:35Z</time>
					</trkpt>
					<trkpt lat="47.278970" lon="4.743710">
						<ele>474</ele>
						<time>2026-03-28T16:06:45Z</time>
					</trkpt>
					<trkpt lat="47.278930" lon="4.744340">
						<ele>468</ele>
						<time>2026-03-28T16:07:06Z</time>
					</trkpt>
					<trkpt lat="47.278890" lon="4.744850">
						<ele>464</ele>
						<time>2026-03-28T16:07:24Z</time>
					</trkpt>
					<trkpt lat="47.278950" lon="4.745400">
						<ele>458</ele>
						<time>2026-03-28T16:07:43Z</time>
					</trkpt>
					<trkpt lat="47.278980" lon="4.745790">
						<ele>454</ele>
						<time>2026-03-28T16:07:56Z</time>
					</trkpt>
					<trkpt lat="47.278930" lon="4.746450">
						<ele>450</ele>
						<time>2026-03-28T16:08:19Z</time>
					</trkpt>
					<trkpt lat="47.278970" lon="4.746540">
						<ele>448</ele>
						<time>2026-03-28T16:08:22Z</time>
					</trkpt>
					<trkpt lat="47.279060" lon="4.747070">
						<ele>442</ele>
						<time>2026-03-28T16:08:41Z</time>
					</trkpt>
					<trkpt lat="47.279180" lon="4.747310">
						<ele>437</ele>
						<time>2026-03-28T16:08:51Z</time>
					</trkpt>
					<trkpt lat="47.279340" lon="4.747790">
						<ele>431</ele>
						<time>2026-03-28T16:09:09Z</time>
					</trkpt>
					<trkpt lat="47.279400" lon="4.748150">
						<ele>429</ele>
						<time>2026-03-28T16:09:22Z</time>
					</trkpt>
					<trkpt lat="47.279430" lon="4.748560">
						<ele>427</ele>
						<time>2026-03-28T16:09:36Z</time>
					</trkpt>
					<trkpt lat="47.279440" lon="4.749100">
						<ele>425</ele>
						<time>2026-03-28T16:09:54Z</time>
					</trkpt>
					<trkpt lat="47.279450" lon="4.749200">
						<ele>424</ele>
						<time>2026-03-28T16:09:58Z</time>
					</trkpt>
					<trkpt lat="47.279560" lon="4.749590">
						<ele>419</ele>
						<time>2026-03-28T16:10:12Z</time>
					</trkpt>
					<trkpt lat="47.280070" lon="4.750670">
						<ele>405</ele>
						<time>2026-03-28T16:10:57Z</time>
					</trkpt>
					<trkpt lat="47.280290" lon="4.751150">
						<ele>400</ele>
						<time>2026-03-28T16:11:16Z</time>
					</trkpt>
					<trkpt lat="47.280330" lon="4.751240">
						<ele>399</ele>
						<time>2026-03-28T16:11:20Z</time>
					</trkpt>
					<trkpt lat="47.280700" lon="4.751750">
						<ele>387</ele>
						<time>2026-03-28T16:11:45Z</time>
					</trkpt>
					<trkpt lat="47.280830" lon="4.751970">
						<ele>382</ele>
						<time>2026-03-28T16:11:55Z</time>
					</trkpt>
					<trkpt lat="47.280880" lon="4.752100">
						<ele>381</ele>
						<time>2026-03-28T16:12:00Z</time>
					</trkpt>
					<trkpt lat="47.281170" lon="4.753060">
						<ele>376</ele>
						<time>2026-03-28T16:12:36Z</time>
					</trkpt>
					<trkpt lat="47.281230" lon="4.753240">
						<ele>375</ele>
						<time>2026-03-28T16:12:43Z</time>
					</trkpt>
					<trkpt lat="47.281530" lon="4.753670">
						<ele>365</ele>
						<time>2026-03-28T16:13:04Z</time>
					</trkpt>
					<trkpt lat="47.282150" lon="4.754450">
						<ele>351</ele>
						<time>2026-03-28T16:13:44Z</time>
					</trkpt>
					<trkpt lat="47.282300" lon="4.754520">
						<ele>347</ele>
						<time>2026-03-28T16:13:52Z</time>
					</trkpt>
					<trkpt lat="47.282460" lon="4.754900">
						<ele>342</ele>
						<time>2026-03-28T16:14:07Z</time>
					</trkpt>
					<trkpt lat="47.282570" lon="4.755140">
						<ele>341</ele>
						<time>2026-03-28T16:14:17Z</time>
					</trkpt>
					<trkpt lat="47.282620" lon="4.755240">
						<ele>341</ele>
						<time>2026-03-28T16:14:22Z</time>
					</trkpt>
					<trkpt lat="47.282720" lon="4.755370">
						<ele>339</ele>
						<time>2026-03-28T16:14:28Z</time>
					</trkpt>
					<trkpt lat="47.282860" lon="4.755540">
						<ele>336</ele>
						<time>2026-03-28T16:14:37Z</time>
					</trkpt>
					<trkpt lat="47.283000" lon="4.755790">
						<ele>333</ele>
						<time>2026-03-28T16:14:48Z</time>
					</trkpt>
					<trkpt lat="47.283190" lon="4.756120">
						<ele>326</ele>
						<time>2026-03-28T16:15:03Z</time>
					</trkpt>
					<trkpt lat="47.283330" lon="4.756350">
						<ele>321</ele>
						<time>2026-03-28T16:15:13Z</time>
					</trkpt>
					<trkpt lat="47.283460" lon="4.756460">
						<ele>321</ele>
						<time>2026-03-28T16:15:21Z</time>
					</trkpt>
					<trkpt lat="47.283530" lon="4.756750">
						<ele>320</ele>
						<time>2026-03-28T16:15:31Z</time>
					</trkpt>
					<trkpt lat="47.283540" lon="4.756970">
						<ele>320</ele>
						<time>2026-03-28T16:15:39Z</time>
					</trkpt>
					<trkpt lat="47.283510" lon="4.757330">
						<ele>318</ele>
						<time>2026-03-28T16:15:51Z</time>
					</trkpt>
					<trkpt lat="47.283680" lon="4.757490">
						<ele>318</ele>
						<time>2026-03-28T16:16:01Z</time>
					</trkpt>
					<trkpt lat="47.283750" lon="4.757530">
						<ele>318</ele>
						<time>2026-03-28T16:16:05Z</time>
					</trkpt>
					<trkpt lat="47.283730" lon="4.757300">
						<ele>319</ele>
						<time>2026-03-28T16:16:13Z</time>
					</trkpt>
					<trkpt lat="47.283740" lon="4.756920">
						<ele>320</ele>
						<time>2026-03-28T16:16:26Z</time>
					</trkpt>
					<trkpt lat="47.283800" lon="4.756700">
						<ele>320</ele>
						<time>2026-03-28T16:16:34Z</time>
					</trkpt>
					<trkpt lat="47.283900" lon="4.756470">
						<ele>321</ele>
						<time>2026-03-28T16:16:43Z</time>
					</trkpt>
					<trkpt lat="47.284020" lon="4.756370">
						<ele>321</ele>
						<time>2026-03-28T16:16:50Z</time>
					</trkpt>
					<trkpt lat="47.284290" lon="4.756410">
						<ele>324</ele>
						<time>2026-03-28T16:17:04Z</time>
					</trkpt>
					<trkpt lat="47.284390" lon="4.756440">
						<ele>328</ele>
						<time>2026-03-28T16:17:09Z</time>
					</trkpt>
					<trkpt lat="47.284510" lon="4.756490">
						<ele>332</ele>
						<time>2026-03-28T16:17:15Z</time>
					</trkpt>
					<trkpt lat="47.284720" lon="4.756420">
						<ele>338</ele>
						<time>2026-03-28T16:17:26Z</time>
					</trkpt>
					<trkpt lat="47.284850" lon="4.756230">
						<ele>341</ele>
						<time>2026-03-28T16:17:35Z</time>
					</trkpt>
					<trkpt lat="47.285030" lon="4.755720">
						<ele>342</ele>
						<time>2026-03-28T16:17:54Z</time>
					</trkpt>
					<trkpt lat="47.285150" lon="4.755570">
						<ele>346</ele>
						<time>2026-03-28T16:18:02Z</time>
					</trkpt>
					<trkpt lat="47.285270" lon="4.755410">
						<ele>349</ele>
						<time>2026-03-28T16:18:10Z</time>
					</trkpt>
					<trkpt lat="47.285410" lon="4.755260">
						<ele>352</ele>
						<time>2026-03-28T16:18:19Z</time>
					</trkpt>
					<trkpt lat="47.285570" lon="4.754880">
						<ele>354</ele>
						<time>2026-03-28T16:18:34Z</time>
					</trkpt>
					<trkpt lat="47.285670" lon="4.754730">
						<ele>355</ele>
						<time>2026-03-28T16:18:41Z</time>
					</trkpt>
					<trkpt lat="47.286140" lon="4.754380">
						<ele>363</ele>
						<time>2026-03-28T16:19:08Z</time>
					</trkpt>
					<trkpt lat="47.286160" lon="4.754560">
						<ele>366</ele>
						<time>2026-03-28T16:19:14Z</time>
					</trkpt>
					<trkpt lat="47.286190" lon="4.754710">
						<ele>369</ele>
						<time>2026-03-28T16:19:19Z</time>
					</trkpt>
					<trkpt lat="47.286210" lon="4.754870">
						<ele>372</ele>
						<time>2026-03-28T16:19:25Z</time>
					</trkpt>
					<trkpt lat="47.286320" lon="4.754750">
						<ele>373</ele>
						<time>2026-03-28T16:19:32Z</time>
					</trkpt>
					<trkpt lat="47.286490" lon="4.754660">
						<ele>376</ele>
						<time>2026-03-28T16:19:41Z</time>
					</trkpt>
					<trkpt lat="47.286740" lon="4.754560">
						<ele>382</ele>
						<time>2026-03-28T16:19:54Z</time>
					</trkpt>
					<trkpt lat="47.286820" lon="4.754510">
						<ele>383</ele>
						<time>2026-03-28T16:19:58Z</time>
					</trkpt>
					<trkpt lat="47.286920" lon="4.754420">
						<ele>385</ele>
						<time>2026-03-28T16:20:04Z</time>
					</trkpt>
					<trkpt lat="47.287340" lon="4.753780">
						<ele>387</ele>
						<time>2026-03-28T16:20:34Z</time>
					</trkpt>
					<trkpt lat="47.287590" lon="4.753340">
						<ele>386</ele>
						<time>2026-03-28T16:20:54Z</time>
					</trkpt>
					<trkpt lat="47.287710" lon="4.753170">
						<ele>388</ele>
						<time>2026-03-28T16:21:02Z</time>
					</trkpt>
					<trkpt lat="47.287800" lon="4.753060">
						<ele>389</ele>
						<time>2026-03-28T16:21:08Z</time>
					</trkpt>
					<trkpt lat="47.287960" lon="4.752930">
						<ele>392</ele>
						<time>2026-03-28T16:21:17Z</time>
					</trkpt>
					<trkpt lat="47.288030" lon="4.752810">
						<ele>392</ele>
						<time>2026-03-28T16:21:22Z</time>
					</trkpt>
					<trkpt lat="47.288130" lon="4.752830">
						<ele>395</ele>
						<time>2026-03-28T16:21:27Z</time>
					</trkpt>
					<trkpt lat="47.288290" lon="4.752850">
						<ele>400</ele>
						<time>2026-03-28T16:21:35Z</time>
					</trkpt>
					<trkpt lat="47.288640" lon="4.752750">
						<ele>408</ele>
						<time>2026-03-28T16:21:53Z</time>
					</trkpt>
					<trkpt lat="47.288730" lon="4.752750">
						<ele>410</ele>
						<time>2026-03-28T16:21:58Z</time>
					</trkpt>
					<trkpt lat="47.288750" lon="4.752860">
						<ele>413</ele>
						<time>2026-03-28T16:22:02Z</time>
					</trkpt>
					<trkpt lat="47.288730" lon="4.753060">
						<ele>416</ele>
						<time>2026-03-28T16:22:08Z</time>
					</trkpt>
					<trkpt lat="47.288700" lon="4.753240">
						<ele>418</ele>
						<time>2026-03-28T16:22:15Z</time>
					</trkpt>
					<trkpt lat="47.288700" lon="4.753400">
						<ele>421</ele>
						<time>2026-03-28T16:22:20Z</time>
					</trkpt>
					<trkpt lat="47.288800" lon="4.753370">
						<ele>423</ele>
						<time>2026-03-28T16:22:25Z</time>
					</trkpt>
					<trkpt lat="47.289220" lon="4.753140">
						<ele>431</ele>
						<time>2026-03-28T16:22:48Z</time>
					</trkpt>
					<trkpt lat="47.289530" lon="4.753040">
						<ele>440</ele>
						<time>2026-03-28T16:23:04Z</time>
					</trkpt>
					<trkpt lat="47.289720" lon="4.752930">
						<ele>444</ele>
						<time>2026-03-28T16:23:14Z</time>
					</trkpt>
					<trkpt lat="47.289960" lon="4.752840">
						<ele>450</ele>
						<time>2026-03-28T16:23:26Z</time>
					</trkpt>
					<trkpt lat="47.290110" lon="4.752650">
						<ele>451</ele>
						<time>2026-03-28T16:23:36Z</time>
					</trkpt>
					<trkpt lat="47.290350" lon="4.752390">
						<ele>454</ele>
						<time>2026-03-28T16:23:51Z</time>
					</trkpt>
					<trkpt lat="47.290640" lon="4.752210">
						<ele>461</ele>
						<time>2026-03-28T16:24:07Z</time>
					</trkpt>
					<trkpt lat="47.290990" lon="4.752020">
						<ele>469</ele>
						<time>2026-03-28T16:24:25Z</time>
					</trkpt>
					<trkpt lat="47.291090" lon="4.751820">
						<ele>468</ele>
						<time>2026-03-28T16:24:34Z</time>
					</trkpt>
					<trkpt lat="47.291130" lon="4.751500">
						<ele>464</ele>
						<time>2026-03-28T16:24:45Z</time>
					</trkpt>
					<trkpt lat="47.291220" lon="4.751220">
						<ele>462</ele>
						<time>2026-03-28T16:24:55Z</time>
					</trkpt>
					<trkpt lat="47.291450" lon="4.750690">
						<ele>461</ele>
						<time>2026-03-28T16:25:17Z</time>
					</trkpt>
					<trkpt lat="47.291650" lon="4.750480">
						<ele>462</ele>
						<time>2026-03-28T16:25:29Z</time>
					</trkpt>
					<trkpt lat="47.291660" lon="4.750340">
						<ele>460</ele>
						<time>2026-03-28T16:25:34Z</time>
					</trkpt>
					<trkpt lat="47.291790" lon="4.750200">
						<ele>462</ele>
						<time>2026-03-28T16:25:42Z</time>
					</trkpt>
					<trkpt lat="47.291880" lon="4.749970">
						<ele>462</ele>
						<time>2026-03-28T16:25:51Z</time>
					</trkpt>
					<trkpt lat="47.292270" lon="4.749680">
						<ele>469</ele>
						<time>2026-03-28T16:26:13Z</time>
					</trkpt>
					<trkpt lat="47.292340" lon="4.749510">
						<ele>469</ele>
						<time>2026-03-28T16:26:19Z</time>
					</trkpt>
					<trkpt lat="47.292360" lon="4.749470">
						<ele>469</ele>
						<time>2026-03-28T16:26:21Z</time>
					</trkpt>
					<trkpt lat="47.292560" lon="4.749490">
						<ele>474</ele>
						<time>2026-03-28T16:26:31Z</time>
					</trkpt>
					<trkpt lat="47.292830" lon="4.749650">
						<ele>484</ele>
						<time>2026-03-28T16:26:46Z</time>
					</trkpt>
					<trkpt lat="47.292970" lon="4.749690">
						<ele>489</ele>
						<time>2026-03-28T16:26:53Z</time>
					</trkpt>
					<trkpt lat="47.293100" lon="4.749690">
						<ele>492</ele>
						<time>2026-03-28T16:26:59Z</time>
					</trkpt>
					<trkpt lat="47.293570" lon="4.750430">
						<ele>510</ele>
						<time>2026-03-28T16:27:34Z</time>
					</trkpt>
					<trkpt lat="47.293340" lon="4.750900">
						<ele>512</ele>
						<time>2026-03-28T16:27:53Z</time>
					</trkpt>
					<trkpt lat="47.293140" lon="4.751060">
						<ele>509</ele>
						<time>2026-03-28T16:28:05Z</time>
					</trkpt>
					<trkpt lat="47.293010" lon="4.751080">
						<ele>507</ele>
						<time>2026-03-28T16:28:11Z</time>
					</trkpt>
					<trkpt lat="47.292680" lon="4.751140">
						<ele>502</ele>
						<time>2026-03-28T16:28:28Z</time>
					</trkpt>
					<trkpt lat="47.292430" lon="4.751370">
						<ele>501</ele>
						<time>2026-03-28T16:28:43Z</time>
					</trkpt>
					<trkpt lat="47.292340" lon="4.751790">
						<ele>505</ele>
						<time>2026-03-28T16:28:58Z</time>
					</trkpt>
					<trkpt lat="47.292130" lon="4.752070">
						<ele>503</ele>
						<time>2026-03-28T16:29:12Z</time>
					</trkpt>
					<trkpt lat="47.291870" lon="4.752330">
						<ele>502</ele>
						<time>2026-03-28T16:29:28Z</time>
					</trkpt>
					<trkpt lat="47.291850" lon="4.752360">
						<ele>502</ele>
						<time>2026-03-28T16:29:29Z</time>
					</trkpt>
					<trkpt lat="47.291830" lon="4.752380">
						<ele>502</ele>
						<time>2026-03-28T16:29:30Z</time>
					</trkpt>
					<trkpt lat="47.291270" lon="4.752750">
						<ele>495</ele>
						<time>2026-03-28T16:30:01Z</time>
					</trkpt>
					<trkpt lat="47.289930" lon="4.753830">
						<ele>475</ele>
						<time>2026-03-28T16:31:17Z</time>
					</trkpt>
					<trkpt lat="47.288930" lon="4.754430">
						<ele>456</ele>
						<time>2026-03-28T16:32:11Z</time>
					</trkpt>
					<trkpt lat="47.288700" lon="4.754650">
						<ele>454</ele>
						<time>2026-03-28T16:32:25Z</time>
					</trkpt>
					<trkpt lat="47.288340" lon="4.754790">
						<ele>445</ele>
						<time>2026-03-28T16:32:44Z</time>
					</trkpt>
					<trkpt lat="47.287770" lon="4.755110">
						<ele>430</ele>
						<time>2026-03-28T16:33:14Z</time>
					</trkpt>
					<trkpt lat="47.287400" lon="4.755480">
						<ele>423</ele>
						<time>2026-03-28T16:33:37Z</time>
					</trkpt>
					<trkpt lat="47.287400" lon="4.755500">
						<ele>423</ele>
						<time>2026-03-28T16:33:37Z</time>
					</trkpt>
					<trkpt lat="47.287480" lon="4.755720">
						<ele>430</ele>
						<time>2026-03-28T16:33:46Z</time>
					</trkpt>
					<trkpt lat="47.287640" lon="4.755920">
						<ele>439</ele>
						<time>2026-03-28T16:33:56Z</time>
					</trkpt>
					<trkpt lat="47.287820" lon="4.756130">
						<ele>448</ele>
						<time>2026-03-28T16:34:08Z</time>
					</trkpt>
					<trkpt lat="47.288030" lon="4.756170">
						<ele>456</ele>
						<time>2026-03-28T16:34:18Z</time>
					</trkpt>
					<trkpt lat="47.288160" lon="4.756120">
						<ele>460</ele>
						<time>2026-03-28T16:34:25Z</time>
					</trkpt>
					<trkpt lat="47.288220" lon="4.756220">
						<ele>462</ele>
						<time>2026-03-28T16:34:30Z</time>
					</trkpt>
					<trkpt lat="47.288510" lon="4.756140">
						<ele>471</ele>
						<time>2026-03-28T16:34:44Z</time>
					</trkpt>
					<trkpt lat="47.288870" lon="4.755970">
						<ele>481</ele>
						<time>2026-03-28T16:35:03Z</time>
					</trkpt>
					<trkpt lat="47.289040" lon="4.755900">
						<ele>486</ele>
						<time>2026-03-28T16:35:12Z</time>
					</trkpt>
					<trkpt lat="47.289230" lon="4.755630">
						<ele>488</ele>
						<time>2026-03-28T16:35:25Z</time>
					</trkpt>
					<trkpt lat="47.289960" lon="4.755250">
						<ele>503</ele>
						<time>2026-03-28T16:36:04Z</time>
					</trkpt>
					<trkpt lat="47.290030" lon="4.755220">
						<ele>505</ele>
						<time>2026-03-28T16:36:08Z</time>
					</trkpt>
					<trkpt lat="47.290100" lon="4.755200">
						<ele>506</ele>
						<time>2026-03-28T16:36:11Z</time>
					</trkpt>
					<trkpt lat="47.290150" lon="4.755180">
						<ele>507</ele>
						<time>2026-03-28T16:36:14Z</time>
					</trkpt>
					<trkpt lat="47.290200" lon="4.755120">
						<ele>508</ele>
						<time>2026-03-28T16:36:17Z</time>
					</trkpt>
					<trkpt lat="47.290230" lon="4.755110">
						<ele>509</ele>
						<time>2026-03-28T16:36:19Z</time>
					</trkpt>
					<trkpt lat="47.290290" lon="4.755120">
						<ele>510</ele>
						<time>2026-03-28T16:36:22Z</time>
					</trkpt>
					<trkpt lat="47.290500" lon="4.755080">
						<ele>514</ele>
						<time>2026-03-28T16:36:32Z</time>
					</trkpt>
					<trkpt lat="47.290610" lon="4.755100">
						<ele>517</ele>
						<time>2026-03-28T16:36:38Z</time>
					</trkpt>
					<trkpt lat="47.290630" lon="4.755230">
						<ele>516</ele>
						<time>2026-03-28T16:36:42Z</time>
					</trkpt>
					<trkpt lat="47.290600" lon="4.755280">
						<ele>515</ele>
						<time>2026-03-28T16:36:45Z</time>
					</trkpt>
					<trkpt lat="47.290540" lon="4.755290">
						<ele>514</ele>
						<time>2026-03-28T16:36:48Z</time>
					</trkpt>
					<trkpt lat="47.290410" lon="4.755280">
						<ele>512</ele>
						<time>2026-03-28T16:36:54Z</time>
					</trkpt>
					<trkpt lat="47.290300" lon="4.755360">
						<ele>510</ele>
						<time>2026-03-28T16:37:00Z</time>
					</trkpt>
					<trkpt lat="47.290200" lon="4.755360">
						<ele>508</ele>
						<time>2026-03-28T16:37:05Z</time>
					</trkpt>
					<trkpt lat="47.290180" lon="4.755400">
						<ele>508</ele>
						<time>2026-03-28T16:37:07Z</time>
					</trkpt>
					<trkpt lat="47.290140" lon="4.756110">
						<ele>503</ele>
						<time>2026-03-28T16:37:31Z</time>
					</trkpt>
					<trkpt lat="47.290100" lon="4.756450">
						<ele>498</ele>
						<time>2026-03-28T16:37:43Z</time>
					</trkpt>
					<trkpt lat="47.290110" lon="4.756620">
						<ele>496</ele>
						<time>2026-03-28T16:37:49Z</time>
					</trkpt>
					<trkpt lat="47.290120" lon="4.756760">
						<ele>494</ele>
						<time>2026-03-28T16:37:53Z</time>
					</trkpt>
					<trkpt lat="47.290090" lon="4.756860">
						<ele>492</ele>
						<time>2026-03-28T16:37:57Z</time>
					</trkpt>
					<trkpt lat="47.290040" lon="4.756980">
						<ele>490</ele>
						<time>2026-03-28T16:38:02Z</time>
					</trkpt>
					<trkpt lat="47.289990" lon="4.757220">
						<ele>486</ele>
						<time>2026-03-28T16:38:10Z</time>
					</trkpt>
					<trkpt lat="47.289910" lon="4.757380">
						<ele>482</ele>
						<time>2026-03-28T16:38:17Z</time>
					</trkpt>
					<trkpt lat="47.289890" lon="4.757470">
						<ele>480</ele>
						<time>2026-03-28T16:38:20Z</time>
					</trkpt>
					<trkpt lat="47.289970" lon="4.757450">
						<ele>482</ele>
						<time>2026-03-28T16:38:24Z</time>
					</trkpt>
					<trkpt lat="47.290020" lon="4.757440">
						<ele>482</ele>
						<time>2026-03-28T16:38:27Z</time>
					</trkpt>
					<trkpt lat="47.290100" lon="4.757400">
						<ele>483</ele>
						<time>2026-03-28T16:38:31Z</time>
					</trkpt>
					<trkpt lat="47.290190" lon="4.757390">
						<ele>484</ele>
						<time>2026-03-28T16:38:36Z</time>
					</trkpt>
					<trkpt lat="47.290260" lon="4.757470">
						<ele>483</ele>
						<time>2026-03-28T16:38:40Z</time>
					</trkpt>
					<trkpt lat="47.290530" lon="4.757580">
						<ele>482</ele>
						<time>2026-03-28T16:38:54Z</time>
					</trkpt>
					<trkpt lat="47.290840" lon="4.757530">
						<ele>485</ele>
						<time>2026-03-28T16:39:10Z</time>
					</trkpt>
					<trkpt lat="47.290970" lon="4.757500">
						<ele>486</ele>
						<time>2026-03-28T16:39:16Z</time>
					</trkpt>
					<trkpt lat="47.291120" lon="4.757520">
						<ele>485</ele>
						<time>2026-03-28T16:39:24Z</time>
					</trkpt>
					<trkpt lat="47.291410" lon="4.757520">
						<ele>484</ele>
						<time>2026-03-28T16:39:38Z</time>
					</trkpt>
					<trkpt lat="47.291500" lon="4.757490">
						<ele>485</ele>
						<time>2026-03-28T16:39:43Z</time>
					</trkpt>
					<trkpt lat="47.291580" lon="4.757480">
						<ele>485</ele>
						<time>2026-03-28T16:39:47Z</time>
					</trkpt>
					<trkpt lat="47.291640" lon="4.757410">
						<ele>486</ele>
						<time>2026-03-28T16:39:51Z</time>
					</trkpt>
					<trkpt lat="47.292190" lon="4.757160">
						<ele>490</ele>
						<time>2026-03-28T16:40:20Z</time>
					</trkpt>
					<trkpt lat="47.291650" lon="4.756960">
						<ele>498</ele>
						<time>2026-03-28T16:40:48Z</time>
					</trkpt>
					<trkpt lat="47.292290" lon="4.756770">
						<ele>501</ele>
						<time>2026-03-28T16:41:20Z</time>
					</trkpt>
					<trkpt lat="47.292300" lon="4.756770">
						<ele>501</ele>
						<time>2026-03-28T16:41:21Z</time>
					</trkpt>
					<trkpt lat="47.291850" lon="4.756410">
						<ele>511</ele>
						<time>2026-03-28T16:41:46Z</time>
					</trkpt>
					<trkpt lat="47.292290" lon="4.756140">
						<ele>518</ele>
						<time>2026-03-28T16:42:10Z</time>
					</trkpt>
					<trkpt lat="47.292290" lon="4.756020">
						<ele>521</ele>
						<time>2026-03-28T16:42:14Z</time>
					</trkpt>
					<trkpt lat="47.292270" lon="4.755910">
						<ele>523</ele>
						<time>2026-03-28T16:42:18Z</time>
					</trkpt>
					<trkpt lat="47.292200" lon="4.755670">
						<ele>526</ele>
						<time>2026-03-28T16:42:27Z</time>
					</trkpt>
					<trkpt lat="47.292170" lon="4.755570">
						<ele>527</ele>
						<time>2026-03-28T16:42:31Z</time>
					</trkpt>
					<trkpt lat="47.291930" lon="4.755050">
						<ele>531</ele>
						<time>2026-03-28T16:42:52Z</time>
					</trkpt>
					<trkpt lat="47.292040" lon="4.755060">
						<ele>531</ele>
						<time>2026-03-28T16:42:58Z</time>
					</trkpt>
					<trkpt lat="47.292110" lon="4.755030">
						<ele>532</ele>
						<time>2026-03-28T16:43:01Z</time>
					</trkpt>
					<trkpt lat="47.292190" lon="4.755070">
						<ele>532</ele>
						<time>2026-03-28T16:43:05Z</time>
					</trkpt>
					<trkpt lat="47.292310" lon="4.755020">
						<ele>532</ele>
						<time>2026-03-28T16:43:12Z</time>
					</trkpt>
					<trkpt lat="47.292360" lon="4.754960">
						<ele>533</ele>
						<time>2026-03-28T16:43:15Z</time>
					</trkpt>
					<trkpt lat="47.292420" lon="4.755040">
						<ele>532</ele>
						<time>2026-03-28T16:43:19Z</time>
					</trkpt>
					<trkpt lat="47.292490" lon="4.754970">
						<ele>533</ele>
						<time>2026-03-28T16:43:23Z</time>
					</trkpt>
					<trkpt lat="47.292530" lon="4.754880">
						<ele>533</ele>
						<time>2026-03-28T16:43:27Z</time>
					</trkpt>
					<trkpt lat="47.292650" lon="4.754850">
						<ele>531</ele>
						<time>2026-03-28T16:43:33Z</time>
					</trkpt>
					<trkpt lat="47.292780" lon="4.754480">
						<ele>530</ele>
						<time>2026-03-28T16:43:47Z</time>
					</trkpt>
					<trkpt lat="47.293110" lon="4.754480">
						<ele>525</ele>
						<time>2026-03-28T16:44:04Z</time>
					</trkpt>
					<trkpt lat="47.293290" lon="4.754440">
						<ele>523</ele>
						<time>2026-03-28T16:44:13Z</time>
					</trkpt>
					<trkpt lat="47.293510" lon="4.754460">
						<ele>519</ele>
						<time>2026-03-28T16:44:24Z</time>
					</trkpt>
					<trkpt lat="47.293760" lon="4.754250">
						<ele>515</ele>
						<time>2026-03-28T16:44:38Z</time>
					</trkpt>
					<trkpt lat="47.293760" lon="4.753870">
						<ele>516</ele>
						<time>2026-03-28T16:44:51Z</time>
					</trkpt>
					<trkpt lat="47.294060" lon="4.753440">
						<ele>513</ele>
						<time>2026-03-28T16:45:12Z</time>
					</trkpt>
					<trkpt lat="47.294270" lon="4.753600">
						<ele>509</ele>
						<time>2026-03-28T16:45:24Z</time>
					</trkpt>
					<trkpt lat="47.294460" lon="4.753370">
						<ele>507</ele>
						<time>2026-03-28T16:45:36Z</time>
					</trkpt>
					<trkpt lat="47.294600" lon="4.753100">
						<ele>506</ele>
						<time>2026-03-28T16:45:48Z</time>
					</trkpt>
					<trkpt lat="47.294730" lon="4.752760">
						<ele>506</ele>
						<time>2026-03-28T16:46:01Z</time>
					</trkpt>
					<trkpt lat="47.294830" lon="4.752660">
						<ele>505</ele>
						<time>2026-03-28T16:46:07Z</time>
					</trkpt>
					<trkpt lat="47.294870" lon="4.752660">
						<ele>505</ele>
						<time>2026-03-28T16:46:09Z</time>
					</trkpt>
					<trkpt lat="47.294900" lon="4.752640">
						<ele>504</ele>
						<time>2026-03-28T16:46:11Z</time>
					</trkpt>
					<trkpt lat="47.294910" lon="4.752570">
						<ele>505</ele>
						<time>2026-03-28T16:46:13Z</time>
					</trkpt>
					<trkpt lat="47.294990" lon="4.752490">
						<ele>504</ele>
						<time>2026-03-28T16:46:18Z</time>
					</trkpt>
					<trkpt lat="47.295010" lon="4.752550">
						<ele>504</ele>
						<time>2026-03-28T16:46:20Z</time>
					</trkpt>
					<trkpt lat="47.295200" lon="4.753220">
						<ele>501</ele>
						<time>2026-03-28T16:46:45Z</time>
					</trkpt>
					<trkpt lat="47.295750" lon="4.753600">
						<ele>500</ele>
						<time>2026-03-28T16:47:15Z</time>
					</trkpt>
					<trkpt lat="47.296120" lon="4.753110">
						<ele>509</ele>
						<time>2026-03-28T16:47:40Z</time>
					</trkpt>
					<trkpt lat="47.296580" lon="4.753190">
						<ele>513</ele>
						<time>2026-03-28T16:48:03Z</time>
					</trkpt>
					<trkpt lat="47.296910" lon="4.753370">
						<ele>514</ele>
						<time>2026-03-28T16:48:21Z</time>
					</trkpt>
					<trkpt lat="47.297430" lon="4.753730">
						<ele>514</ele>
						<time>2026-03-28T16:48:50Z</time>
					</trkpt>
					<trkpt lat="47.298150" lon="4.753930">
						<ele>513</ele>
						<time>2026-03-28T16:49:26Z</time>
					</trkpt>
					<trkpt lat="47.298560" lon="4.753630">
						<ele>512</ele>
						<time>2026-03-28T16:49:49Z</time>
					</trkpt>
					<trkpt lat="47.298770" lon="4.752670">
						<ele>523</ele>
						<time>2026-03-28T16:50:23Z</time>
					</trkpt>
					<trkpt lat="47.298770" lon="4.752290">
						<ele>529</ele>
						<time>2026-03-28T16:50:36Z</time>
					</trkpt>
					<trkpt lat="47.298520" lon="4.752240">
						<ele>532</ele>
						<time>2026-03-28T16:50:49Z</time>
					</trkpt>
					<trkpt lat="47.298210" lon="4.751990">
						<ele>536</ele>
						<time>2026-03-28T16:51:07Z</time>
					</trkpt>
					<trkpt lat="47.297800" lon="4.751060">
						<ele>537</ele>
						<time>2026-03-28T16:51:44Z</time>
					</trkpt>
					<trkpt lat="47.297870" lon="4.750670">
						<ele>541</ele>
						<time>2026-03-28T16:51:58Z</time>
					</trkpt>
					<trkpt lat="47.298850" lon="4.749400">
						<ele>559</ele>
						<time>2026-03-28T16:53:03Z</time>
					</trkpt>
					<trkpt lat="47.299300" lon="4.750040">
						<ele>554</ele>
						<time>2026-03-28T16:53:35Z</time>
					</trkpt>
					<trkpt lat="47.299680" lon="4.750190">
						<ele>543</ele>
						<time>2026-03-28T16:53:54Z</time>
					</trkpt>
					<trkpt lat="47.300100" lon="4.750070">
						<ele>534</ele>
						<time>2026-03-28T16:54:16Z</time>
					</trkpt>
					<trkpt lat="47.300450" lon="4.749310">
						<ele>532</ele>
						<time>2026-03-28T16:54:47Z</time>
					</trkpt>
					<trkpt lat="47.300940" lon="4.747850">
						<ele>529</ele>
						<time>2026-03-28T16:55:42Z</time>
					</trkpt>
					<trkpt lat="47.301210" lon="4.746750">
						<ele>526</ele>
						<time>2026-03-28T16:56:22Z</time>
					</trkpt>
					<trkpt lat="47.302040" lon="4.747910">
						<ele>488</ele>
						<time>2026-03-28T16:57:19Z</time>
					</trkpt>
					<trkpt lat="47.301830" lon="4.748210">
						<ele>491</ele>
						<time>2026-03-28T16:57:34Z</time>
					</trkpt>
					<trkpt lat="47.301220" lon="4.749840">
						<ele>494</ele>
						<time>2026-03-28T16:58:37Z</time>
					</trkpt>
					<trkpt lat="47.300360" lon="4.751940">
						<ele>490</ele>
						<time>2026-03-28T17:00:00Z</time>
					</trkpt>
					<trkpt lat="47.300190" lon="4.752780">
						<ele>482</ele>
						<time>2026-03-28T17:00:30Z</time>
					</trkpt>
					<trkpt lat="47.299760" lon="4.753530">
						<ele>482</ele>
						<time>2026-03-28T17:01:03Z</time>
					</trkpt>
					<trkpt lat="47.299480" lon="4.754160">
						<ele>481</ele>
						<time>2026-03-28T17:01:29Z</time>
					</trkpt>
					<trkpt lat="47.298930" lon="4.754820">
						<ele>483</ele>
						<time>2026-03-28T17:02:04Z</time>
					</trkpt>
					<trkpt lat="47.298860" lon="4.755050">
						<ele>481</ele>
						<time>2026-03-28T17:02:13Z</time>
					</trkpt>
					<trkpt lat="47.298030" lon="4.755240">
						<ele>491</ele>
						<time>2026-03-28T17:02:55Z</time>
					</trkpt>
					<trkpt lat="47.297480" lon="4.755060">
						<ele>494</ele>
						<time>2026-03-28T17:03:23Z</time>
					</trkpt>
					<trkpt lat="47.297120" lon="4.754800">
						<ele>495</ele>
						<time>2026-03-28T17:03:43Z</time>
					</trkpt>
					<trkpt lat="47.296710" lon="4.754570">
						<ele>495</ele>
						<time>2026-03-28T17:04:05Z</time>
					</trkpt>
					<trkpt lat="47.296470" lon="4.754410">
						<ele>495</ele>
						<time>2026-03-28T17:04:18Z</time>
					</trkpt>
					<trkpt lat="47.296010" lon="4.754320">
						<ele>493</ele>
						<time>2026-03-28T17:04:41Z</time>
					</trkpt>
					<trkpt lat="47.295770" lon="4.754150">
						<ele>494</ele>
						<time>2026-03-28T17:04:55Z</time>
					</trkpt>
					<trkpt lat="47.295470" lon="4.754220">
						<ele>494</ele>
						<time>2026-03-28T17:05:10Z</time>
					</trkpt>
					<trkpt lat="47.295470" lon="4.754370">
						<ele>492</ele>
						<time>2026-03-28T17:05:15Z</time>
					</trkpt>
					<trkpt lat="47.295380" lon="4.754970">
						<ele>486</ele>
						<time>2026-03-28T17:05:36Z</time>
					</trkpt>
					<trkpt lat="47.295240" lon="4.755450">
						<ele>483</ele>
						<time>2026-03-28T17:05:54Z</time>
					</trkpt>
					<trkpt lat="47.295140" lon="4.756260">
						<ele>476</ele>
						<time>2026-03-28T17:06:22Z</time>
					</trkpt>
					<trkpt lat="47.295000" lon="4.756840">
						<ele>472</ele>
						<time>2026-03-28T17:06:42Z</time>
					</trkpt>
					<trkpt lat="47.295060" lon="4.757060">
						<ele>468</ele>
						<time>2026-03-28T17:06:50Z</time>
					</trkpt>
					<trkpt lat="47.295270" lon="4.757500">
						<ele>458</ele>
						<time>2026-03-28T17:07:09Z</time>
					</trkpt>
					<trkpt lat="47.295220" lon="4.757780">
						<ele>455</ele>
						<time>2026-03-28T17:07:19Z</time>
					</trkpt>
					<trkpt lat="47.295200" lon="4.757990">
						<ele>452</ele>
						<time>2026-03-28T17:07:26Z</time>
					</trkpt>
					<trkpt lat="47.295290" lon="4.758340">
						<ele>446</ele>
						<time>2026-03-28T17:07:38Z</time>
					</trkpt>
					<trkpt lat="47.295360" lon="4.758520">
						<ele>444</ele>
						<time>2026-03-28T17:07:45Z</time>
					</trkpt>
					<trkpt lat="47.295580" lon="4.758800">
						<ele>440</ele>
						<time>2026-03-28T17:08:00Z</time>
					</trkpt>
					<trkpt lat="47.295660" lon="4.758930">
						<ele>438</ele>
						<time>2026-03-28T17:08:06Z</time>
					</trkpt>
					<trkpt lat="47.295760" lon="4.759410">
						<ele>433</ele>
						<time>2026-03-28T17:08:23Z</time>
					</trkpt>
					<trkpt lat="47.295870" lon="4.759810">
						<ele>427</ele>
						<time>2026-03-28T17:08:38Z</time>
					</trkpt>
					<trkpt lat="47.295860" lon="4.760070">
						<ele>424</ele>
						<time>2026-03-28T17:08:47Z</time>
					</trkpt>
					<trkpt lat="47.295800" lon="4.760410">
						<ele>421</ele>
						<time>2026-03-28T17:08:58Z</time>
					</trkpt>
					<trkpt lat="47.295830" lon="4.760520">
						<ele>419</ele>
						<time>2026-03-28T17:09:02Z</time>
					</trkpt>
					<trkpt lat="47.295850" lon="4.760590">
						<ele>418</ele>
						<time>2026-03-28T17:09:05Z</time>
					</trkpt>
					<trkpt lat="47.295880" lon="4.760660">
						<ele>417</ele>
						<time>2026-03-28T17:09:08Z</time>
					</trkpt>
					<trkpt lat="47.295950" lon="4.760670">
						<ele>416</ele>
						<time>2026-03-28T17:09:11Z</time>
					</trkpt>
					<trkpt lat="47.295960" lon="4.760910">
						<ele>412</ele>
						<time>2026-03-28T17:09:20Z</time>
					</trkpt>
					<trkpt lat="47.295920" lon="4.760930">
						<ele>413</ele>
						<time>2026-03-28T17:09:22Z</time>
					</trkpt>
					<trkpt lat="47.295520" lon="4.761110">
						<ele>413</ele>
						<time>2026-03-28T17:09:43Z</time>
					</trkpt>
					<trkpt lat="47.295530" lon="4.761110">
						<ele>413</ele>
						<time>2026-03-28T17:09:43Z</time>
					</trkpt>
					<trkpt lat="47.295530" lon="4.760900">
						<ele>417</ele>
						<time>2026-03-28T17:09:50Z</time>
					</trkpt>
					<trkpt lat="47.295540" lon="4.760750">
						<ele>419</ele>
						<time>2026-03-28T17:09:55Z</time>
					</trkpt>
					<trkpt lat="47.295500" lon="4.760490">
						<ele>423</ele>
						<time>2026-03-28T17:10:04Z</time>
					</trkpt>
					<trkpt lat="47.295490" lon="4.760420">
						<ele>424</ele>
						<time>2026-03-28T17:10:07Z</time>
					</trkpt>
					<trkpt lat="47.295600" lon="4.760270">
						<ele>425</ele>
						<time>2026-03-28T17:10:14Z</time>
					</trkpt>
					<trkpt lat="47.295630" lon="4.760030">
						<ele>428</ele>
						<time>2026-03-28T17:10:23Z</time>
					</trkpt>
					<trkpt lat="47.295570" lon="4.759990">
						<ele>429</ele>
						<time>2026-03-28T17:10:26Z</time>
					</trkpt>
					<trkpt lat="47.295520" lon="4.759790">
						<ele>432</ele>
						<time>2026-03-28T17:10:33Z</time>
					</trkpt>
					<trkpt lat="47.295010" lon="4.759990">
						<ele>438</ele>
						<time>2026-03-28T17:11:00Z</time>
					</trkpt>
					<trkpt lat="47.294780" lon="4.759990">
						<ele>439</ele>
						<time>2026-03-28T17:11:11Z</time>
					</trkpt>
					<trkpt lat="47.294570" lon="4.760080">
						<ele>439</ele>
						<time>2026-03-28T17:11:22Z</time>
					</trkpt>
					<trkpt lat="47.294390" lon="4.760190">
						<ele>438</ele>
						<time>2026-03-28T17:11:32Z</time>
					</trkpt>
					<trkpt lat="47.294200" lon="4.760250">
						<ele>437</ele>
						<time>2026-03-28T17:11:41Z</time>
					</trkpt>
					<trkpt lat="47.294080" lon="4.760310">
						<ele>436</ele>
						<time>2026-03-28T17:11:48Z</time>
					</trkpt>
					<trkpt lat="47.293870" lon="4.760310">
						<ele>435</ele>
						<time>2026-03-28T17:11:58Z</time>
					</trkpt>
					<trkpt lat="47.293740" lon="4.760510">
						<ele>430</ele>
						<time>2026-03-28T17:12:08Z</time>
					</trkpt>
					<trkpt lat="47.293660" lon="4.760510">
						<ele>430</ele>
						<time>2026-03-28T17:12:12Z</time>
					</trkpt>
					<trkpt lat="47.293560" lon="4.760620">
						<ele>427</ele>
						<time>2026-03-28T17:12:18Z</time>
					</trkpt>
					<trkpt lat="47.293470" lon="4.760800">
						<ele>422</ele>
						<time>2026-03-28T17:12:26Z</time>
					</trkpt>
					<trkpt lat="47.293420" lon="4.760730">
						<ele>424</ele>
						<time>2026-03-28T17:12:29Z</time>
					</trkpt>
					<trkpt lat="47.293320" lon="4.760550">
						<ele>427</ele>
						<time>2026-03-28T17:12:37Z</time>
					</trkpt>
					<trkpt lat="47.293180" lon="4.760470">
						<ele>428</ele>
						<time>2026-03-28T17:12:44Z</time>
					</trkpt>
					<trkpt lat="47.292910" lon="4.760570">
						<ele>424</ele>
						<time>2026-03-28T17:12:58Z</time>
					</trkpt>
					<trkpt lat="47.292640" lon="4.760630">
						<ele>420</ele>
						<time>2026-03-28T17:13:12Z</time>
					</trkpt>
					<trkpt lat="47.292510" lon="4.760750">
						<ele>416</ele>
						<time>2026-03-28T17:13:20Z</time>
					</trkpt>
					<trkpt lat="47.292280" lon="4.760670">
						<ele>417</ele>
						<time>2026-03-28T17:13:31Z</time>
					</trkpt>
					<trkpt lat="47.291990" lon="4.760800">
						<ele>412</ele>
						<time>2026-03-28T17:13:47Z</time>
					</trkpt>
					<trkpt lat="47.291550" lon="4.760560">
						<ele>416</ele>
						<time>2026-03-28T17:14:10Z</time>
					</trkpt>
					<trkpt lat="47.291340" lon="4.760560">
						<ele>414</ele>
						<time>2026-03-28T17:14:21Z</time>
					</trkpt>
					<trkpt lat="47.291280" lon="4.760450">
						<ele>417</ele>
						<time>2026-03-28T17:14:25Z</time>
					</trkpt>
					<trkpt lat="47.291150" lon="4.760310">
						<ele>419</ele>
						<time>2026-03-28T17:14:33Z</time>
					</trkpt>
					<trkpt lat="47.291080" lon="4.760290">
						<ele>419</ele>
						<time>2026-03-28T17:14:37Z</time>
					</trkpt>
					<trkpt lat="47.290950" lon="4.760360">
						<ele>416</ele>
						<time>2026-03-28T17:14:44Z</time>
					</trkpt>
					<trkpt lat="47.290900" lon="4.760340">
						<ele>416</ele>
						<time>2026-03-28T17:14:47Z</time>
					</trkpt>
					<trkpt lat="47.290740" lon="4.760230">
						<ele>418</ele>
						<time>2026-03-28T17:14:55Z</time>
					</trkpt>
					<trkpt lat="47.290640" lon="4.759980">
						<ele>423</ele>
						<time>2026-03-28T17:15:05Z</time>
					</trkpt>
					<trkpt lat="47.290480" lon="4.760000">
						<ele>421</ele>
						<time>2026-03-28T17:15:13Z</time>
					</trkpt>
					<trkpt lat="47.290370" lon="4.760090">
						<ele>418</ele>
						<time>2026-03-28T17:15:20Z</time>
					</trkpt>
					<trkpt lat="47.290260" lon="4.760230">
						<ele>414</ele>
						<time>2026-03-28T17:15:27Z</time>
					</trkpt>
					<trkpt lat="47.290080" lon="4.760270">
						<ele>412</ele>
						<time>2026-03-28T17:15:36Z</time>
					</trkpt>
					<trkpt lat="47.289950" lon="4.760220">
						<ele>412</ele>
						<time>2026-03-28T17:15:43Z</time>
					</trkpt>
					<trkpt lat="47.289910" lon="4.760140">
						<ele>414</ele>
						<time>2026-03-28T17:15:46Z</time>
					</trkpt>
					<trkpt lat="47.289580" lon="4.760070">
						<ele>413</ele>
						<time>2026-03-28T17:16:03Z</time>
					</trkpt>
					<trkpt lat="47.289540" lon="4.760230">
						<ele>409</ele>
						<time>2026-03-28T17:16:09Z</time>
					</trkpt>
					<trkpt lat="47.289390" lon="4.760160">
						<ele>410</ele>
						<time>2026-03-28T17:16:16Z</time>
					</trkpt>
					<trkpt lat="47.289030" lon="4.760110">
						<ele>409</ele>
						<time>2026-03-28T17:16:35Z</time>
					</trkpt>
					<trkpt lat="47.288810" lon="4.759850">
						<ele>414</ele>
						<time>2026-03-28T17:16:49Z</time>
					</trkpt>
					<trkpt lat="47.288690" lon="4.759820">
						<ele>414</ele>
						<time>2026-03-28T17:16:55Z</time>
					</trkpt>
					<trkpt lat="47.288600" lon="4.759900">
						<ele>411</ele>
						<time>2026-03-28T17:17:00Z</time>
					</trkpt>
					<trkpt lat="47.288440" lon="4.759810">
						<ele>413</ele>
						<time>2026-03-28T17:17:09Z</time>
					</trkpt>
					<trkpt lat="47.288270" lon="4.759810">
						<ele>411</ele>
						<time>2026-03-28T17:17:17Z</time>
					</trkpt>
					<trkpt lat="47.288110" lon="4.759800">
						<ele>410</ele>
						<time>2026-03-28T17:17:25Z</time>
					</trkpt>
					<trkpt lat="47.288060" lon="4.759680">
						<ele>413</ele>
						<time>2026-03-28T17:17:30Z</time>
					</trkpt>
					<trkpt lat="47.287920" lon="4.759650">
						<ele>412</ele>
						<time>2026-03-28T17:17:37Z</time>
					</trkpt>
					<trkpt lat="47.287890" lon="4.759640">
						<ele>412</ele>
						<time>2026-03-28T17:17:38Z</time>
					</trkpt>
					<trkpt lat="47.287820" lon="4.759620">
						<ele>411</ele>
						<time>2026-03-28T17:17:42Z</time>
					</trkpt>
					<trkpt lat="47.287730" lon="4.759620">
						<ele>410</ele>
						<time>2026-03-28T17:17:47Z</time>
					</trkpt>
					<trkpt lat="47.287630" lon="4.759650">
						<ele>409</ele>
						<time>2026-03-28T17:17:52Z</time>
					</trkpt>
					<trkpt lat="47.287570" lon="4.759690">
						<ele>407</ele>
						<time>2026-03-28T17:17:55Z</time>
					</trkpt>
					<trkpt lat="47.287390" lon="4.759780">
						<ele>402</ele>
						<time>2026-03-28T17:18:04Z</time>
					</trkpt>
					<trkpt lat="47.287330" lon="4.759800">
						<ele>401</ele>
						<time>2026-03-28T17:18:08Z</time>
					</trkpt>
					<trkpt lat="47.287280" lon="4.759850">
						<ele>399</ele>
						<time>2026-03-28T17:18:11Z</time>
					</trkpt>
					<trkpt lat="47.287230" lon="4.759920">
						<ele>397</ele>
						<time>2026-03-28T17:18:14Z</time>
					</trkpt>
					<trkpt lat="47.287090" lon="4.760100">
						<ele>391</ele>
						<time>2026-03-28T17:18:23Z</time>
					</trkpt>
					<trkpt lat="47.287060" lon="4.760130">
						<ele>390</ele>
						<time>2026-03-28T17:18:25Z</time>
					</trkpt>
					<trkpt lat="47.286880" lon="4.760180">
						<ele>387</ele>
						<time>2026-03-28T17:18:34Z</time>
					</trkpt>
					<trkpt lat="47.286850" lon="4.760210">
						<ele>386</ele>
						<time>2026-03-28T17:18:36Z</time>
					</trkpt>
					<trkpt lat="47.286800" lon="4.760270">
						<ele>384</ele>
						<time>2026-03-28T17:18:39Z</time>
					</trkpt>
					<trkpt lat="47.286790" lon="4.760310">
						<ele>384</ele>
						<time>2026-03-28T17:18:41Z</time>
					</trkpt>
					<trkpt lat="47.286730" lon="4.760320">
						<ele>383</ele>
						<time>2026-03-28T17:18:44Z</time>
					</trkpt>
					<trkpt lat="47.286680" lon="4.760300">
						<ele>382</ele>
						<time>2026-03-28T17:18:46Z</time>
					</trkpt>
					<trkpt lat="47.286640" lon="4.760270">
						<ele>382</ele>
						<time>2026-03-28T17:18:49Z</time>
					</trkpt>
					<trkpt lat="47.286580" lon="4.760290">
						<ele>380</ele>
						<time>2026-03-28T17:18:52Z</time>
					</trkpt>
					<trkpt lat="47.286540" lon="4.760340">
						<ele>379</ele>
						<time>2026-03-28T17:18:54Z</time>
					</trkpt>
					<trkpt lat="47.286510" lon="4.760410">
						<ele>377</ele>
						<time>2026-03-28T17:18:57Z</time>
					</trkpt>
					<trkpt lat="47.286470" lon="4.760660">
						<ele>373</ele>
						<time>2026-03-28T17:19:06Z</time>
					</trkpt>
					<trkpt lat="47.286440" lon="4.760730">
						<ele>372</ele>
						<time>2026-03-28T17:19:09Z</time>
					</trkpt>
					<trkpt lat="47.286420" lon="4.760790">
						<ele>370</ele>
						<time>2026-03-28T17:19:11Z</time>
					</trkpt>
					<trkpt lat="47.286390" lon="4.760830">
						<ele>369</ele>
						<time>2026-03-28T17:19:13Z</time>
					</trkpt>
					<trkpt lat="47.286340" lon="4.760920">
						<ele>367</ele>
						<time>2026-03-28T17:19:17Z</time>
					</trkpt>
					<trkpt lat="47.285780" lon="4.761300">
						<ele>353</ele>
						<time>2026-03-28T17:19:48Z</time>
					</trkpt>
					<trkpt lat="47.285530" lon="4.761440">
						<ele>347</ele>
						<time>2026-03-28T17:20:01Z</time>
					</trkpt>
					<trkpt lat="47.285560" lon="4.761800">
						<ele>345</ele>
						<time>2026-03-28T17:20:13Z</time>
					</trkpt>
					<trkpt lat="47.285540" lon="4.762320">
						<ele>341</ele>
						<time>2026-03-28T17:20:31Z</time>
					</trkpt>
					<trkpt lat="47.285510" lon="4.762590">
						<ele>339</ele>
						<time>2026-03-28T17:20:40Z</time>
					</trkpt>
					<trkpt lat="47.285490" lon="4.762760">
						<ele>338</ele>
						<time>2026-03-28T17:20:46Z</time>
					</trkpt>
					<trkpt lat="47.285430" lon="4.762900">
						<ele>337</ele>
						<time>2026-03-28T17:20:52Z</time>
					</trkpt>
					<trkpt lat="47.285380" lon="4.763030">
						<ele>337</ele>
						<time>2026-03-28T17:20:57Z</time>
					</trkpt>
					<trkpt lat="47.285350" lon="4.763130">
						<ele>336</ele>
						<time>2026-03-28T17:21:01Z</time>
					</trkpt>
					<trkpt lat="47.285130" lon="4.763120">
						<ele>334</ele>
						<time>2026-03-28T17:21:12Z</time>
					</trkpt>
					<trkpt lat="47.284920" lon="4.763040">
						<ele>332</ele>
						<time>2026-03-28T17:21:23Z</time>
					</trkpt>
					<trkpt lat="47.284570" lon="4.762910">
						<ele>328</ele>
						<time>2026-03-28T17:21:41Z</time>
					</trkpt>
					<trkpt lat="47.284450" lon="4.762910">
						<ele>327</ele>
						<time>2026-03-28T17:21:47Z</time>
					</trkpt>
					<trkpt lat="47.284380" lon="4.762970">
						<ele>326</ele>
						<time>2026-03-28T17:21:51Z</time>
					</trkpt>
					<trkpt lat="47.284450" lon="4.763530">
						<ele>328</ele>
						<time>2026-03-28T17:22:10Z</time>
					</trkpt>
					<trkpt lat="47.284490" lon="4.763840">
						<ele>328</ele>
						<time>2026-03-28T17:22:21Z</time>
					</trkpt>
					<trkpt lat="47.284500" lon="4.764010">
						<ele>329</ele>
						<time>2026-03-28T17:22:27Z</time>
					</trkpt>
					<trkpt lat="47.284480" lon="4.764330">
						<ele>329</ele>
						<time>2026-03-28T17:22:37Z</time>
					</trkpt>
					<trkpt lat="47.284480" lon="4.764330">
						<ele>329</ele>
						<time>2026-03-28T17:22:37Z</time>
					</trkpt>
					<trkpt lat="47.284320" lon="4.764550">
						<ele>327</ele>
						<time>2026-03-28T17:22:48Z</time>
					</trkpt>
					<trkpt lat="47.284000" lon="4.765100">
						<ele>323</ele>
						<time>2026-03-28T17:23:13Z</time>
					</trkpt>
					<trkpt lat="47.284040" lon="4.765180">
						<ele>323</ele>
						<time>2026-03-28T17:23:16Z</time>
					</trkpt>
					<trkpt lat="47.283990" lon="4.765240">
						<ele>322</ele>
						<time>2026-03-28T17:23:20Z</time>
					</trkpt>
					<trkpt lat="47.283940" lon="4.765320">
						<ele>321</ele>
						<time>2026-03-28T17:23:23Z</time>
					</trkpt>
					<trkpt lat="47.283760" lon="4.765750">
						<ele>318</ele>
						<time>2026-03-28T17:23:40Z</time>
					</trkpt>
					<trkpt lat="47.283740" lon="4.765830">
						<ele>317</ele>
						<time>2026-03-28T17:23:43Z</time>
					</trkpt>
					<trkpt lat="47.283730" lon="4.766020">
						<ele>317</ele>
						<time>2026-03-28T17:23:50Z</time>
					</trkpt>
					<trkpt lat="47.283750" lon="4.766210">
						<ele>317</ele>
						<time>2026-03-28T17:23:56Z</time>
					</trkpt>
					<trkpt lat="47.283740" lon="4.766340">
						<ele>317</ele>
						<time>2026-03-28T17:24:01Z</time>
					</trkpt>
					<trkpt lat="47.284010" lon="4.766460">
						<ele>321</ele>
						<time>2026-03-28T17:24:15Z</time>
					</trkpt>
					<trkpt lat="47.284010" lon="4.766750">
						<ele>321</ele>
						<time>2026-03-28T17:24:25Z</time>
					</trkpt>
					<trkpt lat="47.283920" lon="4.767040">
						<ele>319</ele>
						<time>2026-03-28T17:24:36Z</time>
					</trkpt>
					<trkpt lat="47.283680" lon="4.767470">
						<ele>314</ele>
						<time>2026-03-28T17:24:54Z</time>
					</trkpt>
					<trkpt lat="47.283600" lon="4.767120">
						<ele>314</ele>
						<time>2026-03-28T17:25:07Z</time>
					</trkpt>
					<trkpt lat="47.283440" lon="4.766400">
						<ele>313</ele>
						<time>2026-03-28T17:25:33Z</time>
					</trkpt>
					<trkpt lat="47.283380" lon="4.766400">
						<ele>312</ele>
						<time>2026-03-28T17:25:36Z</time>
					</trkpt>
					<trkpt lat="47.283310" lon="4.766370">
						<ele>311</ele>
						<time>2026-03-28T17:25:39Z</time>
					</trkpt>
					<trkpt lat="47.283070" lon="4.766260">
						<ele>311</ele>
						<time>2026-03-28T17:25:52Z</time>
					</trkpt>
					<trkpt lat="47.283250" lon="4.765340">
						<ele>311</ele>
						<time>2026-03-28T17:26:24Z</time>
					</trkpt>
					<trkpt lat="47.283400" lon="4.764330">
						<ele>314</ele>
						<time>2026-03-28T17:27:00Z</time>
					</trkpt>
					<trkpt lat="47.283430" lon="4.762370">
						<ele>317</ele>
						<time>2026-03-28T17:28:06Z</time>
					</trkpt>
					<trkpt lat="47.283420" lon="4.762420">
						<ele>317</ele>
						<time>2026-03-28T17:28:08Z</time>
					</trkpt>
					<trkpt lat="47.283300" lon="4.762490">
						<ele>316</ele>
						<time>2026-03-28T17:28:14Z</time>
					</trkpt>
					<trkpt lat="47.283260" lon="4.762530">
						<ele>316</ele>
						<time>2026-03-28T17:28:17Z</time>
					</trkpt>
					<trkpt lat="47.283220" lon="4.762450">
						<ele>317</ele>
						<time>2026-03-28T17:28:20Z</time>
					</trkpt>
					<trkpt lat="47.283170" lon="4.762210">
						<ele>318</ele>
						<time>2026-03-28T17:28:29Z</time>
					</trkpt>
					<trkpt lat="47.283140" lon="4.762020">
						<ele>318</ele>
						<time>2026-03-28T17:28:35Z</time>
					</trkpt>
					<trkpt lat="47.283130" lon="4.761950">
						<ele>319</ele>
						<time>2026-03-28T17:28:38Z</time>
					</trkpt>
					<trkpt lat="47.283090" lon="4.761880">
						<ele>319</ele>
						<time>2026-03-28T17:28:41Z</time>
					</trkpt>
					<trkpt lat="47.282980" lon="4.761840">
						<ele>320</ele>
						<time>2026-03-28T17:28:46Z</time>
					</trkpt>
					<trkpt lat="47.282860" lon="4.761900">
						<ele>320</ele>
						<time>2026-03-28T17:28:53Z</time>
					</trkpt>
					<trkpt lat="47.282770" lon="4.761080">
						<ele>323</ele>
						<time>2026-03-28T17:29:21Z</time>
					</trkpt>
					<trkpt lat="47.282740" lon="4.760720">
						<ele>324</ele>
						<time>2026-03-28T17:29:33Z</time>
					</trkpt>
					<trkpt lat="47.282730" lon="4.760490">
						<ele>325</ele>
						<time>2026-03-28T17:29:41Z</time>
					</trkpt>
					<trkpt lat="47.282740" lon="4.760210">
						<ele>326</ele>
						<time>2026-03-28T17:29:51Z</time>
					</trkpt>
					<trkpt lat="47.282820" lon="4.759590">
						<ele>326</ele>
						<time>2026-03-28T17:30:12Z</time>
					</trkpt>
					<trkpt lat="47.282540" lon="4.759680">
						<ele>332</ele>
						<time>2026-03-28T17:30:26Z</time>
					</trkpt>
					<trkpt lat="47.282350" lon="4.759680">
						<ele>335</ele>
						<time>2026-03-28T17:30:36Z</time>
					</trkpt>
					<trkpt lat="47.282140" lon="4.759340">
						<ele>342</ele>
						<time>2026-03-28T17:30:52Z</time>
					</trkpt>
					<trkpt lat="47.281640" lon="4.758670">
						<ele>363</ele>
						<time>2026-03-28T17:31:25Z</time>
					</trkpt>
					<trkpt lat="47.281010" lon="4.760470">
						<ele>354</ele>
						<time>2026-03-28T17:32:34Z</time>
					</trkpt>
					<trkpt lat="47.280700" lon="4.760830">
						<ele>354</ele>
						<time>2026-03-28T17:32:54Z</time>
					</trkpt>
					<trkpt lat="47.280380" lon="4.761060">
						<ele>358</ele>
						<time>2026-03-28T17:33:12Z</time>
					</trkpt>
					<trkpt lat="47.280350" lon="4.761530">
						<ele>351</ele>
						<time>2026-03-28T17:33:28Z</time>
					</trkpt>
					<trkpt lat="47.279660" lon="4.761880">
						<ele>357</ele>
						<time>2026-03-28T17:34:04Z</time>
					</trkpt>
					<trkpt lat="47.279090" lon="4.762650">
						<ele>350</ele>
						<time>2026-03-28T17:34:43Z</time>
					</trkpt>
					<trkpt lat="47.278070" lon="4.762900">
						<ele>358</ele>
						<time>2026-03-28T17:35:35Z</time>
					</trkpt>
					<trkpt lat="47.277110" lon="4.762340">
						<ele>372</ele>
						<time>2026-03-28T17:36:26Z</time>
					</trkpt>
					<trkpt lat="47.276470" lon="4.762240">
						<ele>379</ele>
						<time>2026-03-28T17:36:59Z</time>
					</trkpt>
					<trkpt lat="47.276340" lon="4.762240">
						<ele>380</ele>
						<time>2026-03-28T17:37:05Z</time>
					</trkpt>
					<trkpt lat="47.276040" lon="4.761870">
						<ele>390</ele>
						<time>2026-03-28T17:37:25Z</time>
					</trkpt>
					<trkpt lat="47.275910" lon="4.761760">
						<ele>393</ele>
						<time>2026-03-28T17:37:32Z</time>
					</trkpt>
					<trkpt lat="47.275750" lon="4.761640">
						<ele>397</ele>
						<time>2026-03-28T17:37:41Z</time>
					</trkpt>
					<trkpt lat="47.275390" lon="4.761970">
						<ele>396</ele>
						<time>2026-03-28T17:38:02Z</time>
					</trkpt>
					<trkpt lat="47.274920" lon="4.762180">
						<ele>399</ele>
						<time>2026-03-28T17:38:27Z</time>
					</trkpt>
					<trkpt lat="47.274570" lon="4.762400">
						<ele>398</ele>
						<time>2026-03-28T17:38:46Z</time>
					</trkpt>
					<trkpt lat="47.274370" lon="4.762510">
						<ele>398</ele>
						<time>2026-03-28T17:38:57Z</time>
					</trkpt>
					<trkpt lat="47.274170" lon="4.762530">
						<ele>399</ele>
						<time>2026-03-28T17:39:07Z</time>
					</trkpt>
					<trkpt lat="47.274280" lon="4.762810">
						<ele>393</ele>
						<time>2026-03-28T17:39:18Z</time>
					</trkpt>
					<trkpt lat="47.274480" lon="4.763100">
						<ele>387</ele>
						<time>2026-03-28T17:39:32Z</time>
					</trkpt>
					<trkpt lat="47.273970" lon="4.763050">
						<ele>392</ele>
						<time>2026-03-28T17:39:57Z</time>
					</trkpt>
					<trkpt lat="47.273800" lon="4.763010">
						<ele>394</ele>
						<time>2026-03-28T17:40:06Z</time>
					</trkpt>
					<trkpt lat="47.273520" lon="4.762950">
						<ele>396</ele>
						<time>2026-03-28T17:40:20Z</time>
					</trkpt>
					<trkpt lat="47.272980" lon="4.762620">
						<ele>402</ele>
						<time>2026-03-28T17:40:49Z</time>
					</trkpt>
					<trkpt lat="47.272600" lon="4.762370">
						<ele>405</ele>
						<time>2026-03-28T17:41:10Z</time>
					</trkpt>
					<trkpt lat="47.272340" lon="4.761670">
						<ele>412</ele>
						<time>2026-03-28T17:41:37Z</time>
					</trkpt>
					<trkpt lat="47.272280" lon="4.761400">
						<ele>415</ele>
						<time>2026-03-28T17:41:47Z</time>
					</trkpt>
					<trkpt lat="47.272170" lon="4.761430">
						<ele>415</ele>
						<time>2026-03-28T17:41:52Z</time>
					</trkpt>
					<trkpt lat="47.272090" lon="4.761990">
						<ele>408</ele>
						<time>2026-03-28T17:42:12Z</time>
					</trkpt>
					<trkpt lat="47.272010" lon="4.762150">
						<ele>406</ele>
						<time>2026-03-28T17:42:19Z</time>
					</trkpt>
					<trkpt lat="47.271640" lon="4.762000">
						<ele>406</ele>
						<time>2026-03-28T17:42:38Z</time>
					</trkpt>
					<trkpt lat="47.271550" lon="4.762050">
						<ele>404</ele>
						<time>2026-03-28T17:42:43Z</time>
					</trkpt>
					<trkpt lat="47.271510" lon="4.762180">
						<ele>403</ele>
						<time>2026-03-28T17:42:48Z</time>
					</trkpt>
					<trkpt lat="47.271400" lon="4.762320">
						<ele>400</ele>
						<time>2026-03-28T17:42:55Z</time>
					</trkpt>
					<trkpt lat="47.271390" lon="4.762670">
						<ele>395</ele>
						<time>2026-03-28T17:43:07Z</time>
					</trkpt>
					<trkpt lat="47.271210" lon="4.763040">
						<ele>388</ele>
						<time>2026-03-28T17:43:22Z</time>
					</trkpt>
					<trkpt lat="47.271030" lon="4.763090">
						<ele>385</ele>
						<time>2026-03-28T17:43:31Z</time>
					</trkpt>
					<trkpt lat="47.270810" lon="4.762810">
						<ele>386</ele>
						<time>2026-03-28T17:43:46Z</time>
					</trkpt>
					<trkpt lat="47.270580" lon="4.762800">
						<ele>384</ele>
						<time>2026-03-28T17:43:57Z</time>
					</trkpt>
					<trkpt lat="47.270370" lon="4.763030">
						<ele>380</ele>
						<time>2026-03-28T17:44:10Z</time>
					</trkpt>
					<trkpt lat="47.269950" lon="4.762080">
						<ele>386</ele>
						<time>2026-03-28T17:44:49Z</time>
					</trkpt>
					<trkpt lat="47.269850" lon="4.761690">
						<ele>390</ele>
						<time>2026-03-28T17:45:03Z</time>
					</trkpt>
					<trkpt lat="47.269370" lon="4.760790">
						<ele>401</ele>
						<time>2026-03-28T17:45:42Z</time>
					</trkpt>
					<trkpt lat="47.268970" lon="4.759870">
						<ele>412</ele>
						<time>2026-03-28T17:46:19Z</time>
					</trkpt>
					<trkpt lat="47.269330" lon="4.759140">
						<ele>420</ele>
						<time>2026-03-28T17:46:50Z</time>
					</trkpt>
					<trkpt lat="47.270010" lon="4.758530">
						<ele>429</ele>
						<time>2026-03-28T17:47:30Z</time>
					</trkpt>
					<trkpt lat="47.270800" lon="4.758120">
						<ele>438</ele>
						<time>2026-03-28T17:48:11Z</time>
					</trkpt>
					<trkpt lat="47.271720" lon="4.757970">
						<ele>443</ele>
						<time>2026-03-28T17:48:58Z</time>
					</trkpt>
					<trkpt lat="47.271980" lon="4.757990">
						<ele>444</ele>
						<time>2026-03-28T17:49:11Z</time>
					</trkpt>
					<trkpt lat="47.272270" lon="4.757980">
						<ele>445</ele>
						<time>2026-03-28T17:49:25Z</time>
					</trkpt>
					<trkpt lat="47.272490" lon="4.757930">
						<ele>446</ele>
						<time>2026-03-28T17:49:36Z</time>
					</trkpt>
					<trkpt lat="47.272590" lon="4.757860">
						<ele>447</ele>
						<time>2026-03-28T17:49:42Z</time>
					</trkpt>
					<trkpt lat="47.272570" lon="4.757790">
						<ele>447</ele>
						<time>2026-03-28T17:49:45Z</time>
					</trkpt>
					<trkpt lat="47.272550" lon="4.757700">
						<ele>447</ele>
						<time>2026-03-28T17:49:48Z</time>
					</trkpt>
					<trkpt lat="47.272910" lon="4.757700">
						<ele>450</ele>
						<time>2026-03-28T17:50:06Z</time>
					</trkpt>
					<trkpt lat="47.272730" lon="4.755580">
						<ele>471</ele>
						<time>2026-03-28T17:51:18Z</time>
					</trkpt>
					<trkpt lat="47.272300" lon="4.753920">
						<ele>502</ele>
						<time>2026-03-28T17:52:19Z</time>
					</trkpt>
					<trkpt lat="47.272060" lon="4.754000">
						<ele>502</ele>
						<time>2026-03-28T17:52:31Z</time>
					</trkpt>
					<trkpt lat="47.271780" lon="4.753860">
						<ele>506</ele>
						<time>2026-03-28T17:52:46Z</time>
					</trkpt>
					<trkpt lat="47.271320" lon="4.752920">
						<ele>521</ele>
						<time>2026-03-28T17:53:25Z</time>
					</trkpt>
					<trkpt lat="47.270930" lon="4.752530">
						<ele>528</ele>
						<time>2026-03-28T17:53:49Z</time>
					</trkpt>
					<trkpt lat="47.270210" lon="4.751930">
						<ele>535</ele>
						<time>2026-03-28T17:54:30Z</time>
					</trkpt>
					<trkpt lat="47.269210" lon="4.751390">
						<ele>544</ele>
						<time>2026-03-28T17:55:23Z</time>
					</trkpt>
					<trkpt lat="47.269040" lon="4.751300">
						<ele>545</ele>
						<time>2026-03-28T17:55:32Z</time>
					</trkpt>
					<trkpt lat="47.268750" lon="4.751120">
						<ele>546</ele>
						<time>2026-03-28T17:55:48Z</time>
					</trkpt>
					<trkpt lat="47.268230" lon="4.750840">
						<ele>546</ele>
						<time>2026-03-28T17:56:16Z</time>
					</trkpt>
					<trkpt lat="47.267950" lon="4.750610">
						<ele>547</ele>
						<time>2026-03-28T17:56:32Z</time>
					</trkpt>
					<trkpt lat="47.267740" lon="4.750390">
						<ele>548</ele>
						<time>2026-03-28T17:56:45Z</time>
					</trkpt>
					<trkpt lat="47.267350" lon="4.749920">
						<ele>549</ele>
						<time>2026-03-28T17:57:10Z</time>
					</trkpt>
					<trkpt lat="47.267160" lon="4.749750">
						<ele>549</ele>
						<time>2026-03-28T17:57:21Z</time>
					</trkpt>
					<trkpt lat="47.266990" lon="4.749540">
						<ele>549</ele>
						<time>2026-03-28T17:57:32Z</time>
					</trkpt>
					<trkpt lat="47.266870" lon="4.749430">
						<ele>549</ele>
						<time>2026-03-28T17:57:39Z</time>
					</trkpt>
					<trkpt lat="47.266710" lon="4.749340">
						<ele>548</ele>
						<time>2026-03-28T17:57:48Z</time>
					</trkpt>
					<trkpt lat="47.266620" lon="4.749480">
						<ele>546</ele>
						<time>2026-03-28T17:57:55Z</time>
					</trkpt>
					<trkpt lat="47.266340" lon="4.749740">
						<ele>544</ele>
						<time>2026-03-28T17:58:11Z</time>
					</trkpt>
					<trkpt lat="47.265980" lon="4.749940">
						<ele>542</ele>
						<time>2026-03-28T17:58:30Z</time>
					</trkpt>
					<trkpt lat="47.265430" lon="4.750340">
						<ele>536</ele>
						<time>2026-03-28T17:59:01Z</time>
					</trkpt>
					<trkpt lat="47.264750" lon="4.750790">
						<ele>527</ele>
						<time>2026-03-28T17:59:38Z</time>
					</trkpt>
					<trkpt lat="47.264470" lon="4.751060">
						<ele>523</ele>
						<time>2026-03-28T17:59:55Z</time>
					</trkpt>
					<trkpt lat="47.264260" lon="4.751320">
						<ele>519</ele>
						<time>2026-03-28T18:00:09Z</time>
					</trkpt>
					<trkpt lat="47.264170" lon="4.751450">
						<ele>517</ele>
						<time>2026-03-28T18:00:15Z</time>
					</trkpt>
					<trkpt lat="47.263810" lon="4.752120">
						<ele>509</ele>
						<time>2026-03-28T18:00:44Z</time>
					</trkpt>
					<trkpt lat="47.263670" lon="4.752600">
						<ele>502</ele>
						<time>2026-03-28T18:01:02Z</time>
					</trkpt>
					<trkpt lat="47.263560" lon="4.752830">
						<ele>498</ele>
						<time>2026-03-28T18:01:11Z</time>
					</trkpt>
					<trkpt lat="47.263330" lon="4.753100">
						<ele>494</ele>
						<time>2026-03-28T18:01:26Z</time>
					</trkpt>
					<trkpt lat="47.262820" lon="4.753720">
						<ele>482</ele>
						<time>2026-03-28T18:01:59Z</time>
					</trkpt>
					<trkpt lat="47.262720" lon="4.753940">
						<ele>478</ele>
						<time>2026-03-28T18:02:08Z</time>
					</trkpt>
					<trkpt lat="47.262510" lon="4.754410">
						<ele>471</ele>
						<time>2026-03-28T18:02:27Z</time>
					</trkpt>
					<trkpt lat="47.262240" lon="4.755080">
						<ele>464</ele>
						<time>2026-03-28T18:02:54Z</time>
					</trkpt>
					<trkpt lat="47.262130" lon="4.755220">
						<ele>462</ele>
						<time>2026-03-28T18:03:01Z</time>
					</trkpt>
					<trkpt lat="47.261550" lon="4.755880">
						<ele>455</ele>
						<time>2026-03-28T18:03:38Z</time>
					</trkpt>
					<trkpt lat="47.261530" lon="4.755880">
						<ele>455</ele>
						<time>2026-03-28T18:03:39Z</time>
					</trkpt>
					<trkpt lat="47.261420" lon="4.755910">
						<ele>453</ele>
						<time>2026-03-28T18:03:44Z</time>
					</trkpt>
					<trkpt lat="47.261290" lon="4.755890">
						<ele>453</ele>
						<time>2026-03-28T18:03:51Z</time>
					</trkpt>
					<trkpt lat="47.260900" lon="4.755930">
						<ele>449</ele>
						<time>2026-03-28T18:04:10Z</time>
					</trkpt>
					<trkpt lat="47.258380" lon="4.756010">
						<ele>415</ele>
						<time>2026-03-28T18:06:17Z</time>
					</trkpt>
					<trkpt lat="47.258170" lon="4.755970">
						<ele>412</ele>
						<time>2026-03-28T18:06:27Z</time>
					</trkpt>
					<trkpt lat="47.257550" lon="4.755790">
						<ele>406</ele>
						<time>2026-03-28T18:06:59Z</time>
					</trkpt>
					<trkpt lat="47.256710" lon="4.755600">
						<ele>394</ele>
						<time>2026-03-28T18:07:41Z</time>
					</trkpt>
					<trkpt lat="47.256380" lon="4.755490">
						<ele>388</ele>
						<time>2026-03-28T18:07:58Z</time>
					</trkpt>
					<trkpt lat="47.256210" lon="4.755430">
						<ele>384</ele>
						<time>2026-03-28T18:08:07Z</time>
					</trkpt>
					<trkpt lat="47.256110" lon="4.755370">
						<ele>383</ele>
						<time>2026-03-28T18:08:12Z</time>
					</trkpt>
					<trkpt lat="47.255980" lon="4.755330">
						<ele>380</ele>
						<time>2026-03-28T18:08:19Z</time>
					</trkpt>
					<trkpt lat="47.255900" lon="4.755280">
						<ele>379</ele>
						<time>2026-03-28T18:08:23Z</time>
					</trkpt>
					<trkpt lat="47.255450" lon="4.755080">
						<ele>372</ele>
						<time>2026-03-28T18:08:47Z</time>
					</trkpt>
					<trkpt lat="47.255240" lon="4.755050">
						<ele>367</ele>
						<time>2026-03-28T18:08:57Z</time>
					</trkpt>
					<trkpt lat="47.255020" lon="4.755050">
						<ele>362</ele>
						<time>2026-03-28T18:09:08Z</time>
					</trkpt>
					<trkpt lat="47.254850" lon="4.755100">
						<ele>357</ele>
						<time>2026-03-28T18:09:17Z</time>
					</trkpt>
					<trkpt lat="47.254640" lon="4.755230">
						<ele>351</ele>
						<time>2026-03-28T18:09:29Z</time>
					</trkpt>
					<trkpt lat="47.254520" lon="4.755250">
						<ele>348</ele>
						<time>2026-03-28T18:09:35Z</time>
					</trkpt>
					<trkpt lat="47.254430" lon="4.755310">
						<ele>346</ele>
						<time>2026-03-28T18:09:40Z</time>
					</trkpt>
					<trkpt lat="47.254310" lon="4.755320">
						<ele>343</ele>
						<time>2026-03-28T18:09:46Z</time>
					</trkpt>
					<trkpt lat="47.254220" lon="4.755320">
						<ele>341</ele>
						<time>2026-03-28T18:09:50Z</time>
					</trkpt>
					<trkpt lat="47.254210" lon="4.755250">
						<ele>342</ele>
						<time>2026-03-28T18:09:52Z</time>
					</trkpt>
					<trkpt lat="47.254140" lon="4.755110">
						<ele>343</ele>
						<time>2026-03-28T18:09:58Z</time>
					</trkpt>
					<trkpt lat="47.253710" lon="4.754370">
						<ele>340</ele>
						<time>2026-03-28T18:10:31Z</time>
					</trkpt>
					<trkpt lat="47.253650" lon="4.754200">
						<ele>340</ele>
						<time>2026-03-28T18:10:38Z</time>
					</trkpt>
					<trkpt lat="47.253570" lon="4.753890">
						<ele>340</ele>
						<time>2026-03-28T18:10:49Z</time>
					</trkpt>
					<trkpt lat="47.253470" lon="4.753470">
						<ele>340</ele>
						<time>2026-03-28T18:11:04Z</time>
					</trkpt>
					<trkpt lat="47.253460" lon="4.753110">
						<ele>342</ele>
						<time>2026-03-28T18:11:17Z</time>
					</trkpt>
					<trkpt lat="47.253480" lon="4.752840">
						<ele>344</ele>
						<time>2026-03-28T18:11:26Z</time>
					</trkpt>
					<trkpt lat="47.253590" lon="4.752440">
						<ele>349</ele>
						<time>2026-03-28T18:11:41Z</time>
					</trkpt>
					<trkpt lat="47.253710" lon="4.752120">
						<ele>352</ele>
						<time>2026-03-28T18:11:53Z</time>
					</trkpt>
					<trkpt lat="47.253780" lon="4.751970">
						<ele>353</ele>
						<time>2026-03-28T18:11:59Z</time>
					</trkpt>
					<trkpt lat="47.253860" lon="4.751880">
						<ele>355</ele>
						<time>2026-03-28T18:12:04Z</time>
					</trkpt>
					<trkpt lat="47.253970" lon="4.751840">
						<ele>358</ele>
						<time>2026-03-28T18:12:10Z</time>
					</trkpt>
					<trkpt lat="47.254060" lon="4.751760">
						<ele>360</ele>
						<time>2026-03-28T18:12:15Z</time>
					</trkpt>
					<trkpt lat="47.254420" lon="4.751430">
						<ele>369</ele>
						<time>2026-03-28T18:12:36Z</time>
					</trkpt>
					<trkpt lat="47.254540" lon="4.751310">
						<ele>371</ele>
						<time>2026-03-28T18:12:44Z</time>
					</trkpt>
					<trkpt lat="47.254930" lon="4.750870">
						<ele>373</ele>
						<time>2026-03-28T18:13:08Z</time>
					</trkpt>
					<trkpt lat="47.255350" lon="4.750580">
						<ele>380</ele>
						<time>2026-03-28T18:13:31Z</time>
					</trkpt>
					<trkpt lat="47.255830" lon="4.750380">
						<ele>386</ele>
						<time>2026-03-28T18:13:56Z</time>
					</trkpt>
					<trkpt lat="47.256420" lon="4.750050">
						<ele>386</ele>
						<time>2026-03-28T18:14:28Z</time>
					</trkpt>
					<trkpt lat="47.257050" lon="4.749680">
						<ele>395</ele>
						<time>2026-03-28T18:15:02Z</time>
					</trkpt>
					<trkpt lat="47.257250" lon="4.749510">
						<ele>399</ele>
						<time>2026-03-28T18:15:13Z</time>
					</trkpt>
					<trkpt lat="47.257370" lon="4.749420">
						<ele>401</ele>
						<time>2026-03-28T18:15:20Z</time>
					</trkpt>
					<trkpt lat="47.257770" lon="4.748870">
						<ele>408</ele>
						<time>2026-03-28T18:15:47Z</time>
					</trkpt>
					<trkpt lat="47.257840" lon="4.748610">
						<ele>409</ele>
						<time>2026-03-28T18:15:57Z</time>
					</trkpt>
					<trkpt lat="47.257910" lon="4.748320">
						<ele>410</ele>
						<time>2026-03-28T18:16:07Z</time>
					</trkpt>
					<trkpt lat="47.258020" lon="4.748030">
						<ele>410</ele>
						<time>2026-03-28T18:16:19Z</time>
					</trkpt>
					<trkpt lat="47.258140" lon="4.747890">
						<ele>412</ele>
						<time>2026-03-28T18:16:26Z</time>
					</trkpt>
					<trkpt lat="47.258270" lon="4.747850">
						<ele>416</ele>
						<time>2026-03-28T18:16:33Z</time>
					</trkpt>
					<trkpt lat="47.258370" lon="4.747890">
						<ele>419</ele>
						<time>2026-03-28T18:16:38Z</time>
					</trkpt>
					<trkpt lat="47.258450" lon="4.748050">
						<ele>422</ele>
						<time>2026-03-28T18:16:45Z</time>
					</trkpt>
					<trkpt lat="47.258450" lon="4.748250">
						<ele>424</ele>
						<time>2026-03-28T18:16:52Z</time>
					</trkpt>
					<trkpt lat="47.258530" lon="4.748250">
						<ele>426</ele>
						<time>2026-03-28T18:16:56Z</time>
					</trkpt>
					<trkpt lat="47.258560" lon="4.748200">
						<ele>426</ele>
						<time>2026-03-28T18:16:58Z</time>
					</trkpt>
					<trkpt lat="47.258630" lon="4.748060">
						<ele>427</ele>
						<time>2026-03-28T18:17:04Z</time>
					</trkpt>
					<trkpt lat="47.258680" lon="4.748010">
						<ele>428</ele>
						<time>2026-03-28T18:17:07Z</time>
					</trkpt>
					<trkpt lat="47.258740" lon="4.747920">
						<ele>428</ele>
						<time>2026-03-28T18:17:11Z</time>
					</trkpt>
					<trkpt lat="47.258810" lon="4.747880">
						<ele>430</ele>
						<time>2026-03-28T18:17:15Z</time>
					</trkpt>
					<trkpt lat="47.258920" lon="4.748030">
						<ele>434</ele>
						<time>2026-03-28T18:17:23Z</time>
					</trkpt>
					<trkpt lat="47.259000" lon="4.748110">
						<ele>436</ele>
						<time>2026-03-28T18:17:27Z</time>
					</trkpt>
					<trkpt lat="47.259040" lon="4.748120">
						<ele>437</ele>
						<time>2026-03-28T18:17:29Z</time>
					</trkpt>
					<trkpt lat="47.259110" lon="4.748010">
						<ele>438</ele>
						<time>2026-03-28T18:17:34Z</time>
					</trkpt>
					<trkpt lat="47.259170" lon="4.747930">
						<ele>439</ele>
						<time>2026-03-28T18:17:39Z</time>
					</trkpt>
					<trkpt lat="47.259240" lon="4.747930">
						<ele>441</ele>
						<time>2026-03-28T18:17:42Z</time>
					</trkpt>
					<trkpt lat="47.259370" lon="4.747960">
						<ele>444</ele>
						<time>2026-03-28T18:17:49Z</time>
					</trkpt>
					<trkpt lat="47.259490" lon="4.747960">
						<ele>446</ele>
						<time>2026-03-28T18:17:55Z</time>
					</trkpt>
					<trkpt lat="47.259560" lon="4.747940">
						<ele>448</ele>
						<time>2026-03-28T18:17:58Z</time>
					</trkpt>
					<trkpt lat="47.259610" lon="4.747900">
						<ele>449</ele>
						<time>2026-03-28T18:18:01Z</time>
					</trkpt>
					<trkpt lat="47.259820" lon="4.747590">
						<ele>453</ele>
						<time>2026-03-28T18:18:16Z</time>
					</trkpt>
					<trkpt lat="47.259900" lon="4.747530">
						<ele>455</ele>
						<time>2026-03-28T18:18:20Z</time>
					</trkpt>
					<trkpt lat="47.260020" lon="4.747470">
						<ele>457</ele>
						<time>2026-03-28T18:18:27Z</time>
					</trkpt>
					<trkpt lat="47.260060" lon="4.747450">
						<ele>458</ele>
						<time>2026-03-28T18:18:29Z</time>
					</trkpt>
					<trkpt lat="47.260090" lon="4.747350">
						<ele>459</ele>
						<time>2026-03-28T18:18:33Z</time>
					</trkpt>
					<trkpt lat="47.260110" lon="4.747300">
						<ele>459</ele>
						<time>2026-03-28T18:18:35Z</time>
					</trkpt>
					<trkpt lat="47.260100" lon="4.747210">
						<ele>458</ele>
						<time>2026-03-28T18:18:38Z</time>
					</trkpt>
					<trkpt lat="47.260010" lon="4.747190">
						<ele>456</ele>
						<time>2026-03-28T18:18:42Z</time>
					</trkpt>
					<trkpt lat="47.259920" lon="4.747180">
						<ele>453</ele>
						<time>2026-03-28T18:18:47Z</time>
					</trkpt>
					<trkpt lat="47.259870" lon="4.747140">
						<ele>452</ele>
						<time>2026-03-28T18:18:50Z</time>
					</trkpt>
					<trkpt lat="47.259860" lon="4.747040">
						<ele>451</ele>
						<time>2026-03-28T18:18:53Z</time>
					</trkpt>
					<trkpt lat="47.259970" lon="4.746910">
						<ele>453</ele>
						<time>2026-03-28T18:19:00Z</time>
					</trkpt>
					<trkpt lat="47.260080" lon="4.746880">
						<ele>456</ele>
						<time>2026-03-28T18:19:06Z</time>
					</trkpt>
					<trkpt lat="47.260300" lon="4.746920">
						<ele>463</ele>
						<time>2026-03-28T18:19:17Z</time>
					</trkpt>
					<trkpt lat="47.260350" lon="4.746840">
						<ele>464</ele>
						<time>2026-03-28T18:19:20Z</time>
					</trkpt>
					<trkpt lat="47.260350" lon="4.746700">
						<ele>464</ele>
						<time>2026-03-28T18:19:25Z</time>
					</trkpt>
					<trkpt lat="47.260310" lon="4.746600">
						<ele>463</ele>
						<time>2026-03-28T18:19:29Z</time>
					</trkpt>
					<trkpt lat="47.260200" lon="4.746540">
						<ele>460</ele>
						<time>2026-03-28T18:19:35Z</time>
					</trkpt>
					<trkpt lat="47.260190" lon="4.746450">
						<ele>460</ele>
						<time>2026-03-28T18:19:38Z</time>
					</trkpt>
					<trkpt lat="47.260200" lon="4.746170">
						<ele>462</ele>
						<time>2026-03-28T18:19:48Z</time>
					</trkpt>
					<trkpt lat="47.260260" lon="4.746080">
						<ele>464</ele>
						<time>2026-03-28T18:19:52Z</time>
					</trkpt>
					<trkpt lat="47.260300" lon="4.745790">
						<ele>468</ele>
						<time>2026-03-28T18:20:02Z</time>
					</trkpt>
					<trkpt lat="47.260340" lon="4.745690">
						<ele>472</ele>
						<time>2026-03-28T18:20:06Z</time>
					</trkpt>
					<trkpt lat="47.260470" lon="4.745660">
						<ele>476</ele>
						<time>2026-03-28T18:20:13Z</time>
					</trkpt>
					<trkpt lat="47.260630" lon="4.745590">
						<ele>483</ele>
						<time>2026-03-28T18:20:21Z</time>
					</trkpt>
					<trkpt lat="47.260820" lon="4.745550">
						<ele>490</ele>
						<time>2026-03-28T18:20:30Z</time>
					</trkpt>
					<trkpt lat="47.260910" lon="4.745620">
						<ele>490</ele>
						<time>2026-03-28T18:20:36Z</time>
					</trkpt>
					<trkpt lat="47.260980" lon="4.745630">
						<ele>491</ele>
						<time>2026-03-28T18:20:39Z</time>
					</trkpt>
					<trkpt lat="47.261130" lon="4.745550">
						<ele>495</ele>
						<time>2026-03-28T18:20:47Z</time>
					</trkpt>
					<trkpt lat="47.261190" lon="4.745610">
						<ele>495</ele>
						<time>2026-03-28T18:20:51Z</time>
					</trkpt>
					<trkpt lat="47.261280" lon="4.745820">
						<ele>494</ele>
						<time>2026-03-28T18:20:59Z</time>
					</trkpt>
					<trkpt lat="47.261340" lon="4.745880">
						<ele>495</ele>
						<time>2026-03-28T18:21:03Z</time>
					</trkpt>
					<trkpt lat="47.261420" lon="4.745830">
						<ele>497</ele>
						<time>2026-03-28T18:21:07Z</time>
					</trkpt>
					<trkpt lat="47.261560" lon="4.745770">
						<ele>500</ele>
						<time>2026-03-28T18:21:14Z</time>
					</trkpt>
					<trkpt lat="47.261660" lon="4.745700">
						<ele>503</ele>
						<time>2026-03-28T18:21:20Z</time>
					</trkpt>
					<trkpt lat="47.261700" lon="4.745430">
						<ele>505</ele>
						<time>2026-03-28T18:21:29Z</time>
					</trkpt>
					<trkpt lat="47.261730" lon="4.744920">
						<ele>509</ele>
						<time>2026-03-28T18:21:47Z</time>
					</trkpt>
					<trkpt lat="47.261700" lon="4.744740">
						<ele>511</ele>
						<time>2026-03-28T18:21:53Z</time>
					</trkpt>
					<trkpt lat="47.261630" lon="4.744560">
						<ele>513</ele>
						<time>2026-03-28T18:22:00Z</time>
					</trkpt>
					<trkpt lat="47.261610" lon="4.744520">
						<ele>514</ele>
						<time>2026-03-28T18:22:02Z</time>
					</trkpt>
					<trkpt lat="47.261480" lon="4.744520">
						<ele>513</ele>
						<time>2026-03-28T18:22:08Z</time>
					</trkpt>
					<trkpt lat="47.261180" lon="4.744600">
						<ele>510</ele>
						<time>2026-03-28T18:22:23Z</time>
					</trkpt>
					<trkpt lat="47.261060" lon="4.744570">
						<ele>510</ele>
						<time>2026-03-28T18:22:30Z</time>
					</trkpt>
					<trkpt lat="47.260860" lon="4.744410">
						<ele>511</ele>
						<time>2026-03-28T18:22:41Z</time>
					</trkpt>
					<trkpt lat="47.260710" lon="4.744630">
						<ele>504</ele>
						<time>2026-03-28T18:22:52Z</time>
					</trkpt>
					<trkpt lat="47.260620" lon="4.744790">
						<ele>499</ele>
						<time>2026-03-28T18:22:59Z</time>
					</trkpt>
					<trkpt lat="47.260420" lon="4.744800">
						<ele>494</ele>
						<time>2026-03-28T18:23:09Z</time>
					</trkpt>
					<trkpt lat="47.260260" lon="4.744790">
						<ele>490</ele>
						<time>2026-03-28T18:23:17Z</time>
					</trkpt>
					<trkpt lat="47.260160" lon="4.744960">
						<ele>483</ele>
						<time>2026-03-28T18:23:24Z</time>
					</trkpt>
					<trkpt lat="47.260060" lon="4.744930">
						<ele>481</ele>
						<time>2026-03-28T18:23:29Z</time>
					</trkpt>
					<trkpt lat="47.259870" lon="4.744990">
						<ele>473</ele>
						<time>2026-03-28T18:23:39Z</time>
					</trkpt>
					<trkpt lat="47.259800" lon="4.745060">
						<ele>469</ele>
						<time>2026-03-28T18:23:43Z</time>
					</trkpt>
					<trkpt lat="47.259580" lon="4.745190">
						<ele>459</ele>
						<time>2026-03-28T18:23:55Z</time>
					</trkpt>
					<trkpt lat="47.259490" lon="4.745150">
						<ele>457</ele>
						<time>2026-03-28T18:24:00Z</time>
					</trkpt>
					<trkpt lat="47.259270" lon="4.745170">
						<ele>450</ele>
						<time>2026-03-28T18:24:11Z</time>
					</trkpt>
					<trkpt lat="47.259070" lon="4.745280">
						<ele>442</ele>
						<time>2026-03-28T18:24:22Z</time>
					</trkpt>
					<trkpt lat="47.258950" lon="4.745320">
						<ele>439</ele>
						<time>2026-03-28T18:24:28Z</time>
					</trkpt>
					<trkpt lat="47.258890" lon="4.745310">
						<ele>437</ele>
						<time>2026-03-28T18:24:31Z</time>
					</trkpt>
					<trkpt lat="47.258780" lon="4.745220">
						<ele>436</ele>
						<time>2026-03-28T18:24:37Z</time>
					</trkpt>
					<trkpt lat="47.258610" lon="4.745170">
						<ele>433</ele>
						<time>2026-03-28T18:24:46Z</time>
					</trkpt>
					<trkpt lat="47.258590" lon="4.745120">
						<ele>434</ele>
						<time>2026-03-28T18:24:48Z</time>
					</trkpt>
					<trkpt lat="47.258270" lon="4.744830">
						<ele>433</ele>
						<time>2026-03-28T18:25:07Z</time>
					</trkpt>
					<trkpt lat="47.257860" lon="4.744910">
						<ele>423</ele>
						<time>2026-03-28T18:25:27Z</time>
					</trkpt>
					<trkpt lat="47.257520" lon="4.744950">
						<ele>416</ele>
						<time>2026-03-28T18:25:44Z</time>
					</trkpt>
					<trkpt lat="47.257390" lon="4.744990">
						<ele>413</ele>
						<time>2026-03-28T18:25:51Z</time>
					</trkpt>
					<trkpt lat="47.257340" lon="4.745000">
						<ele>412</ele>
						<time>2026-03-28T18:25:53Z</time>
					</trkpt>
					<trkpt lat="47.257230" lon="4.745100">
						<ele>409</ele>
						<time>2026-03-28T18:26:00Z</time>
					</trkpt>
					<trkpt lat="47.257110" lon="4.745230">
						<ele>404</ele>
						<time>2026-03-28T18:26:07Z</time>
					</trkpt>
					<trkpt lat="47.257030" lon="4.745350">
						<ele>401</ele>
						<time>2026-03-28T18:26:13Z</time>
					</trkpt>
					<trkpt lat="47.256870" lon="4.745420">
						<ele>397</ele>
						<time>2026-03-28T18:26:21Z</time>
					</trkpt>
					<trkpt lat="47.256710" lon="4.745440">
						<ele>394</ele>
						<time>2026-03-28T18:26:30Z</time>
					</trkpt>
					<trkpt lat="47.256590" lon="4.745370">
						<ele>393</ele>
						<time>2026-03-28T18:26:36Z</time>
					</trkpt>
					<trkpt lat="47.256410" lon="4.745180">
						<ele>390</ele>
						<time>2026-03-28T18:26:47Z</time>
					</trkpt>
					<trkpt lat="47.256340" lon="4.744950">
						<ele>391</ele>
						<time>2026-03-28T18:26:56Z</time>
					</trkpt>
					<trkpt lat="47.256270" lon="4.744580">
						<ele>389</ele>
						<time>2026-03-28T18:27:09Z</time>
					</trkpt>
					<trkpt lat="47.256150" lon="4.744340">
						<ele>385</ele>
						<time>2026-03-28T18:27:19Z</time>
					</trkpt>
					<trkpt lat="47.255830" lon="4.743950">
						<ele>373</ele>
						<time>2026-03-28T18:27:40Z</time>
					</trkpt>
					<trkpt lat="47.255690" lon="4.743750">
						<ele>368</ele>
						<time>2026-03-28T18:27:49Z</time>
					</trkpt>
					<trkpt lat="47.255610" lon="4.743910">
						<ele>367</ele>
						<time>2026-03-28T18:27:56Z</time>
					</trkpt>
					<trkpt lat="47.255580" lon="4.743980">
						<ele>367</ele>
						<time>2026-03-28T18:27:59Z</time>
					</trkpt>
					<trkpt lat="47.255390" lon="4.744230">
						<ele>363</ele>
						<time>2026-03-28T18:28:12Z</time>
					</trkpt>
					<trkpt lat="47.255110" lon="4.744590">
						<ele>356</ele>
						<time>2026-03-28T18:28:30Z</time>
					</trkpt>
					<trkpt lat="47.254950" lon="4.744880">
						<ele>352</ele>
						<time>2026-03-28T18:28:43Z</time>
					</trkpt>
					<trkpt lat="47.254790" lon="4.745160">
						<ele>348</ele>
						<time>2026-03-28T18:28:55Z</time>
					</trkpt>
					<trkpt lat="47.254550" lon="4.745690">
						<ele>341</ele>
						<time>2026-03-28T18:29:17Z</time>
					</trkpt>
					<trkpt lat="47.254360" lon="4.745880">
						<ele>336</ele>
						<time>2026-03-28T18:29:28Z</time>
					</trkpt>
					<trkpt lat="47.254160" lon="4.746050">
						<ele>332</ele>
						<time>2026-03-28T18:29:40Z</time>
					</trkpt>
					<trkpt lat="47.253990" lon="4.746160">
						<ele>330</ele>
						<time>2026-03-28T18:29:49Z</time>
					</trkpt>
					<trkpt lat="47.253580" lon="4.746710">
						<ele>324</ele>
						<time>2026-03-28T18:30:17Z</time>
					</trkpt>
					<trkpt lat="47.253430" lon="4.746960">
						<ele>322</ele>
						<time>2026-03-28T18:30:28Z</time>
					</trkpt>
					<trkpt lat="47.253320" lon="4.747190">
						<ele>321</ele>
						<time>2026-03-28T18:30:38Z</time>
					</trkpt>
					<trkpt lat="47.253290" lon="4.747280">
						<ele>321</ele>
						<time>2026-03-28T18:30:41Z</time>
					</trkpt>
					<trkpt lat="47.253090" lon="4.747480">
						<ele>320</ele>
						<time>2026-03-28T18:30:53Z</time>
					</trkpt>
					<trkpt lat="47.252840" lon="4.747890">
						<ele>319</ele>
						<time>2026-03-28T18:31:12Z</time>
					</trkpt>
					<trkpt lat="47.252780" lon="4.747810">
						<ele>319</ele>
						<time>2026-03-28T18:31:16Z</time>
					</trkpt>
					<trkpt lat="47.252640" lon="4.747680">
						<ele>319</ele>
						<time>2026-03-28T18:31:25Z</time>
					</trkpt>
					<trkpt lat="47.252530" lon="4.747590">
						<ele>319</ele>
						<time>2026-03-28T18:31:31Z</time>
					</trkpt>
					<trkpt lat="47.252500" lon="4.747550">
						<ele>319</ele>
						<time>2026-03-28T18:31:33Z</time>
					</trkpt>
					<trkpt lat="47.252310" lon="4.747550">
						<ele>325</ele>
						<time>2026-03-28T18:31:42Z</time>
					</trkpt>
					<trkpt lat="47.252270" lon="4.747370">
						<ele>327</ele>
						<time>2026-03-28T18:31:49Z</time>
					</trkpt>
					<trkpt lat="47.252240" lon="4.747070">
						<ele>329</ele>
						<time>2026-03-28T18:31:59Z</time>
					</trkpt>
					<trkpt lat="47.252250" lon="4.746950">
						<ele>330</ele>
						<time>2026-03-28T18:32:03Z</time>
					</trkpt>
					<trkpt lat="47.252230" lon="4.746890">
						<ele>330</ele>
						<time>2026-03-28T18:32:05Z</time>
					</trkpt>
					<trkpt lat="47.252210" lon="4.746860">
						<ele>331</ele>
						<time>2026-03-28T18:32:07Z</time>
					</trkpt>
					<trkpt lat="47.252180" lon="4.746870">
						<ele>332</ele>
						<time>2026-03-28T18:32:08Z</time>
					</trkpt>
					<trkpt lat="47.252130" lon="4.746980">
						<ele>334</ele>
						<time>2026-03-28T18:32:13Z</time>
					</trkpt>
					<trkpt lat="47.251950" lon="4.747670">
						<ele>336</ele>
						<time>2026-03-28T18:32:38Z</time>
					</trkpt>
					<trkpt lat="47.251860" lon="4.747850">
						<ele>337</ele>
						<time>2026-03-28T18:32:46Z</time>
					</trkpt>
					<trkpt lat="47.251790" lon="4.747960">
						<ele>338</ele>
						<time>2026-03-28T18:32:51Z</time>
					</trkpt>
					<trkpt lat="47.251670" lon="4.748000">
						<ele>342</ele>
						<time>2026-03-28T18:32:57Z</time>
					</trkpt>
					<trkpt lat="47.251520" lon="4.747920">
						<ele>346</ele>
						<time>2026-03-28T18:33:05Z</time>
					</trkpt>
					<trkpt lat="47.251500" lon="4.747840">
						<ele>348</ele>
						<time>2026-03-28T18:33:08Z</time>
					</trkpt>
					<trkpt lat="47.251510" lon="4.747520">
						<ele>351</ele>
						<time>2026-03-28T18:33:19Z</time>
					</trkpt>
					<trkpt lat="47.251540" lon="4.747190">
						<ele>353</ele>
						<time>2026-03-28T18:33:30Z</time>
					</trkpt>
					<trkpt lat="47.251490" lon="4.745680">
						<ele>364</ele>
						<time>2026-03-28T18:34:21Z</time>
					</trkpt>
					<trkpt lat="47.251500" lon="4.745440">
						<ele>362</ele>
						<time>2026-03-28T18:34:30Z</time>
					</trkpt>
					<trkpt lat="47.251370" lon="4.744820">
						<ele>364</ele>
						<time>2026-03-28T18:34:52Z</time>
					</trkpt>
					<trkpt lat="47.251320" lon="4.744490">
						<ele>362</ele>
						<time>2026-03-28T18:35:03Z</time>
					</trkpt>
					<trkpt lat="47.251280" lon="4.744130">
						<ele>359</ele>
						<time>2026-03-28T18:35:15Z</time>
					</trkpt>
					<trkpt lat="47.251180" lon="4.744010">
						<ele>363</ele>
						<time>2026-03-28T18:35:22Z</time>
					</trkpt>
					<trkpt lat="47.251070" lon="4.743760">
						<ele>364</ele>
						<time>2026-03-28T18:35:32Z</time>
					</trkpt>
					<trkpt lat="47.250940" lon="4.743210">
						<ele>362</ele>
						<time>2026-03-28T18:35:52Z</time>
					</trkpt>
					<trkpt lat="47.250750" lon="4.742630">
						<ele>362</ele>
						<time>2026-03-28T18:36:14Z</time>
					</trkpt>
					<trkpt lat="47.250640" lon="4.742560">
						<ele>366</ele>
						<time>2026-03-28T18:36:20Z</time>
					</trkpt>
					<trkpt lat="47.250630" lon="4.742520">
						<ele>366</ele>
						<time>2026-03-28T18:36:21Z</time>
					</trkpt>
					<trkpt lat="47.250410" lon="4.741490">
						<ele>361</ele>
						<time>2026-03-28T18:36:58Z</time>
					</trkpt>
					<trkpt lat="47.250100" lon="4.741310">
						<ele>368</ele>
						<time>2026-03-28T18:37:14Z</time>
					</trkpt>
					<trkpt lat="47.249930" lon="4.741160">
						<ele>370</ele>
						<time>2026-03-28T18:37:24Z</time>
					</trkpt>
					<trkpt lat="47.249110" lon="4.741210">
						<ele>398</ele>
						<time>2026-03-28T18:38:05Z</time>
					</trkpt>
					<trkpt lat="47.249170" lon="4.741480">
						<ele>401</ele>
						<time>2026-03-28T18:38:15Z</time>
					</trkpt>
					<trkpt lat="47.249240" lon="4.741640">
						<ele>402</ele>
						<time>2026-03-28T18:38:22Z</time>
					</trkpt>
					<trkpt lat="47.249330" lon="4.741950">
						<ele>406</ele>
						<time>2026-03-28T18:38:33Z</time>
					</trkpt>
					<trkpt lat="47.249450" lon="4.742150">
						<ele>406</ele>
						<time>2026-03-28T18:38:42Z</time>
					</trkpt>
					<trkpt lat="47.249470" lon="4.742210">
						<ele>407</ele>
						<time>2026-03-28T18:38:44Z</time>
					</trkpt>
					<trkpt lat="47.249480" lon="4.742250">
						<ele>407</ele>
						<time>2026-03-28T18:38:46Z</time>
					</trkpt>
					<trkpt lat="47.249450" lon="4.742350">
						<ele>411</ele>
						<time>2026-03-28T18:38:50Z</time>
					</trkpt>
					<trkpt lat="47.249410" lon="4.742390">
						<ele>413</ele>
						<time>2026-03-28T18:38:52Z</time>
					</trkpt>
					<trkpt lat="47.249420" lon="4.742440">
						<ele>414</ele>
						<time>2026-03-28T18:38:54Z</time>
					</trkpt>
					<trkpt lat="47.249460" lon="4.742480">
						<ele>413</ele>
						<time>2026-03-28T18:38:56Z</time>
					</trkpt>
					<trkpt lat="47.249490" lon="4.742580">
						<ele>414</ele>
						<time>2026-03-28T18:39:00Z</time>
					</trkpt>
					<trkpt lat="47.249520" lon="4.742750">
						<ele>417</ele>
						<time>2026-03-28T18:39:06Z</time>
					</trkpt>
					<trkpt lat="47.249490" lon="4.742880">
						<ele>422</ele>
						<time>2026-03-28T18:39:10Z</time>
					</trkpt>
					<trkpt lat="47.249240" lon="4.742950">
						<ele>433</ele>
						<time>2026-03-28T18:39:23Z</time>
					</trkpt>
					<trkpt lat="47.249120" lon="4.743000">
						<ele>438</ele>
						<time>2026-03-28T18:39:29Z</time>
					</trkpt>
					<trkpt lat="47.249020" lon="4.742980">
						<ele>439</ele>
						<time>2026-03-28T18:39:34Z</time>
					</trkpt>
					<trkpt lat="47.248950" lon="4.743050">
						<ele>442</ele>
						<time>2026-03-28T18:39:39Z</time>
					</trkpt>
					<trkpt lat="47.248930" lon="4.743150">
						<ele>445</ele>
						<time>2026-03-28T18:39:42Z</time>
					</trkpt>
					<trkpt lat="47.248950" lon="4.743170">
						<ele>445</ele>
						<time>2026-03-28T18:39:43Z</time>
					</trkpt>
					<trkpt lat="47.249140" lon="4.743290">
						<ele>445</ele>
						<time>2026-03-28T18:39:54Z</time>
					</trkpt>
					<trkpt lat="47.249350" lon="4.743550">
						<ele>441</ele>
						<time>2026-03-28T18:40:08Z</time>
					</trkpt>
					<trkpt lat="47.249380" lon="4.743620">
						<ele>441</ele>
						<time>2026-03-28T18:40:10Z</time>
					</trkpt>
					<trkpt lat="47.249430" lon="4.743660">
						<ele>439</ele>
						<time>2026-03-28T18:40:13Z</time>
					</trkpt>
					<trkpt lat="47.249470" lon="4.743780">
						<ele>439</ele>
						<time>2026-03-28T18:40:18Z</time>
					</trkpt>
					<trkpt lat="47.249470" lon="4.743910">
						<ele>441</ele>
						<time>2026-03-28T18:40:22Z</time>
					</trkpt>
					<trkpt lat="47.249440" lon="4.744060">
						<ele>444</ele>
						<time>2026-03-28T18:40:27Z</time>
					</trkpt>
					<trkpt lat="47.249630" lon="4.744330">
						<ele>440</ele>
						<time>2026-03-28T18:40:41Z</time>
					</trkpt>
					<trkpt lat="47.249770" lon="4.744610">
						<ele>437</ele>
						<time>2026-03-28T18:40:52Z</time>
					</trkpt>
					<trkpt lat="47.249770" lon="4.744830">
						<ele>438</ele>
						<time>2026-03-28T18:41:00Z</time>
					</trkpt>
					<trkpt lat="47.249740" lon="4.744970">
						<ele>440</ele>
						<time>2026-03-28T18:41:05Z</time>
					</trkpt>
					<trkpt lat="47.249720" lon="4.745190">
						<ele>439</ele>
						<time>2026-03-28T18:41:12Z</time>
					</trkpt>
					<trkpt lat="47.249710" lon="4.745490">
						<ele>437</ele>
						<time>2026-03-28T18:41:23Z</time>
					</trkpt>
					<trkpt lat="47.249660" lon="4.745690">
						<ele>436</ele>
						<time>2026-03-28T18:41:30Z</time>
					</trkpt>
					<trkpt lat="47.249580" lon="4.745820">
						<ele>437</ele>
						<time>2026-03-28T18:41:36Z</time>
					</trkpt>
					<trkpt lat="47.249470" lon="4.746130">
						<ele>437</ele>
						<time>2026-03-28T18:41:48Z</time>
					</trkpt>
					<trkpt lat="47.249400" lon="4.746390">
						<ele>436</ele>
						<time>2026-03-28T18:41:57Z</time>
					</trkpt>
					<trkpt lat="47.249310" lon="4.746510">
						<ele>437</ele>
						<time>2026-03-28T18:42:03Z</time>
					</trkpt>
					<trkpt lat="47.249160" lon="4.746530">
						<ele>441</ele>
						<time>2026-03-28T18:42:11Z</time>
					</trkpt>
					<trkpt lat="47.248880" lon="4.746450">
						<ele>443</ele>
						<time>2026-03-28T18:42:25Z</time>
					</trkpt>
					<trkpt lat="47.247940" lon="4.746090">
						<ele>448</ele>
						<time>2026-03-28T18:43:14Z</time>
					</trkpt>
					<trkpt lat="47.247840" lon="4.746080">
						<ele>448</ele>
						<time>2026-03-28T18:43:19Z</time>
					</trkpt>
					<trkpt lat="47.247790" lon="4.746310">
						<ele>447</ele>
						<time>2026-03-28T18:43:27Z</time>
					</trkpt>
					<trkpt lat="47.247790" lon="4.746830">
						<ele>445</ele>
						<time>2026-03-28T18:43:45Z</time>
					</trkpt>
					<trkpt lat="47.247770" lon="4.747050">
						<ele>444</ele>
						<time>2026-03-28T18:43:52Z</time>
					</trkpt>
					<trkpt lat="47.247690" lon="4.747290">
						<ele>443</ele>
						<time>2026-03-28T18:44:01Z</time>
					</trkpt>
					<trkpt lat="47.247530" lon="4.747690">
						<ele>442</ele>
						<time>2026-03-28T18:44:17Z</time>
					</trkpt>
					<trkpt lat="47.247370" lon="4.748230">
						<ele>440</ele>
						<time>2026-03-28T18:44:37Z</time>
					</trkpt>
					<trkpt lat="47.247290" lon="4.748680">
						<ele>438</ele>
						<time>2026-03-28T18:44:53Z</time>
					</trkpt>
					<trkpt lat="47.247290" lon="4.748990">
						<ele>437</ele>
						<time>2026-03-28T18:45:03Z</time>
					</trkpt>
					<trkpt lat="47.247330" lon="4.749220">
						<ele>435</ele>
						<time>2026-03-28T18:45:11Z</time>
					</trkpt>
					<trkpt lat="47.247430" lon="4.749510">
						<ele>432</ele>
						<time>2026-03-28T18:45:23Z</time>
					</trkpt>
					<trkpt lat="47.247660" lon="4.750290">
						<ele>420</ele>
						<time>2026-03-28T18:45:51Z</time>
					</trkpt>
					<trkpt lat="47.247720" lon="4.750530">
						<ele>416</ele>
						<time>2026-03-28T18:46:00Z</time>
					</trkpt>
					<trkpt lat="47.248150" lon="4.750830">
						<ele>408</ele>
						<time>2026-03-28T18:46:24Z</time>
					</trkpt>
					<trkpt lat="47.248320" lon="4.751010">
						<ele>403</ele>
						<time>2026-03-28T18:46:34Z</time>
					</trkpt>
					<trkpt lat="47.248380" lon="4.751360">
						<ele>393</ele>
						<time>2026-03-28T18:46:47Z</time>
					</trkpt>
					<trkpt lat="47.248210" lon="4.751770">
						<ele>383</ele>
						<time>2026-03-28T18:47:03Z</time>
					</trkpt>
					<trkpt lat="47.247970" lon="4.751940">
						<ele>377</ele>
						<time>2026-03-28T18:47:16Z</time>
					</trkpt>
					<trkpt lat="47.247680" lon="4.751980">
						<ele>375</ele>
						<time>2026-03-28T18:47:31Z</time>
					</trkpt>
					<trkpt lat="47.247220" lon="4.752210">
						<ele>365</ele>
						<time>2026-03-28T18:47:55Z</time>
					</trkpt>
					<trkpt lat="47.247040" lon="4.752360">
						<ele>358</ele>
						<time>2026-03-28T18:48:06Z</time>
					</trkpt>
					<trkpt lat="47.246960" lon="4.752460">
						<ele>354</ele>
						<time>2026-03-28T18:48:11Z</time>
					</trkpt>
					<trkpt lat="47.246830" lon="4.752600">
						<ele>349</ele>
						<time>2026-03-28T18:48:19Z</time>
					</trkpt>
					<trkpt lat="47.246760" lon="4.752420">
						<ele>353</ele>
						<time>2026-03-28T18:48:26Z</time>
					</trkpt>
					<trkpt lat="47.246740" lon="4.752390">
						<ele>353</ele>
						<time>2026-03-28T18:48:27Z</time>
					</trkpt>
					<trkpt lat="47.246670" lon="4.752310">
						<ele>355</ele>
						<time>2026-03-28T18:48:32Z</time>
					</trkpt>
					<trkpt lat="47.246440" lon="4.752170">
						<ele>357</ele>
						<time>2026-03-28T18:48:44Z</time>
					</trkpt>
					<trkpt lat="47.246060" lon="4.752100">
						<ele>354</ele>
						<time>2026-03-28T18:49:03Z</time>
					</trkpt>
					<trkpt lat="47.245610" lon="4.751760">
						<ele>359</ele>
						<time>2026-03-28T18:49:29Z</time>
					</trkpt>
					<trkpt lat="47.245050" lon="4.751550">
						<ele>361</ele>
						<time>2026-03-28T18:49:58Z</time>
					</trkpt>
					<trkpt lat="47.244290" lon="4.751190">
						<ele>364</ele>
						<time>2026-03-28T18:50:38Z</time>
					</trkpt>
					<trkpt lat="47.243750" lon="4.751140">
						<ele>360</ele>
						<time>2026-03-28T18:51:05Z</time>
					</trkpt>
					<trkpt lat="47.243420" lon="4.750850">
						<ele>363</ele>
						<time>2026-03-28T18:51:24Z</time>
					</trkpt>
					<trkpt lat="47.243230" lon="4.750610">
						<ele>368</ele>
						<time>2026-03-28T18:51:36Z</time>
					</trkpt>
					<trkpt lat="47.242990" lon="4.750160">
						<ele>379</ele>
						<time>2026-03-28T18:51:56Z</time>
					</trkpt>
					<trkpt lat="47.242780" lon="4.749840">
						<ele>385</ele>
						<time>2026-03-28T18:52:11Z</time>
					</trkpt>
					<trkpt lat="47.242320" lon="4.749270">
						<ele>396</ele>
						<time>2026-03-28T18:52:41Z</time>
					</trkpt>
					<trkpt lat="47.242160" lon="4.748930">
						<ele>402</ele>
						<time>2026-03-28T18:52:55Z</time>
					</trkpt>
					<trkpt lat="47.242040" lon="4.748750">
						<ele>405</ele>
						<time>2026-03-28T18:53:04Z</time>
					</trkpt>
					<trkpt lat="47.241910" lon="4.748570">
						<ele>407</ele>
						<time>2026-03-28T18:53:13Z</time>
					</trkpt>
					<trkpt lat="47.241690" lon="4.748350">
						<ele>411</ele>
						<time>2026-03-28T18:53:26Z</time>
					</trkpt>
					<trkpt lat="47.241560" lon="4.748150">
						<ele>411</ele>
						<time>2026-03-28T18:53:35Z</time>
					</trkpt>
					<trkpt lat="47.241510" lon="4.748050">
						<ele>411</ele>
						<time>2026-03-28T18:53:39Z</time>
					</trkpt>
					<trkpt lat="47.241490" lon="4.747870">
						<ele>412</ele>
						<time>2026-03-28T18:53:46Z</time>
					</trkpt>
					<trkpt lat="47.241530" lon="4.747660">
						<ele>414</ele>
						<time>2026-03-28T18:53:53Z</time>
					</trkpt>
					<trkpt lat="47.241500" lon="4.747400">
						<ele>415</ele>
						<time>2026-03-28T18:54:02Z</time>
					</trkpt>
					<trkpt lat="47.241510" lon="4.747120">
						<ele>413</ele>
						<time>2026-03-28T18:54:12Z</time>
					</trkpt>
					<trkpt lat="47.241700" lon="4.746890">
						<ele>414</ele>
						<time>2026-03-28T18:54:24Z</time>
					</trkpt>
					<trkpt lat="47.241880" lon="4.746160">
						<ele>411</ele>
						<time>2026-03-28T18:54:50Z</time>
					</trkpt>
					<trkpt lat="47.241950" lon="4.745630">
						<ele>408</ele>
						<time>2026-03-28T18:55:09Z</time>
					</trkpt>
					<trkpt lat="47.241930" lon="4.745360">
						<ele>406</ele>
						<time>2026-03-28T18:55:18Z</time>
					</trkpt>
					<trkpt lat="47.241770" lon="4.745180">
						<ele>401</ele>
						<time>2026-03-28T18:55:28Z</time>
					</trkpt>
					<trkpt lat="47.241710" lon="4.744680">
						<ele>400</ele>
						<time>2026-03-28T18:55:45Z</time>
					</trkpt>
					<trkpt lat="47.241640" lon="4.744290">
						<ele>400</ele>
						<time>2026-03-28T18:55:59Z</time>
					</trkpt>
					<trkpt lat="47.241260" lon="4.744490">
						<ele>391</ele>
						<time>2026-03-28T18:56:19Z</time>
					</trkpt>
					<trkpt lat="47.240820" lon="4.744630">
						<ele>379</ele>
						<time>2026-03-28T18:56:42Z</time>
					</trkpt>
					<trkpt lat="47.240370" lon="4.744600">
						<ele>371</ele>
						<time>2026-03-28T18:57:04Z</time>
					</trkpt>
					<trkpt lat="47.239990" lon="4.744460">
						<ele>366</ele>
						<time>2026-03-28T18:57:24Z</time>
					</trkpt>
					<trkpt lat="47.239840" lon="4.744710">
						<ele>359</ele>
						<time>2026-03-28T18:57:35Z</time>
					</trkpt>
					<trkpt lat="47.239730" lon="4.745050">
						<ele>352</ele>
						<time>2026-03-28T18:57:48Z</time>
					</trkpt>
					<trkpt lat="47.239440" lon="4.745060">
						<ele>348</ele>
						<time>2026-03-28T18:58:02Z</time>
					</trkpt>
					<trkpt lat="47.239070" lon="4.745130">
						<ele>342</ele>
						<time>2026-03-28T18:58:21Z</time>
					</trkpt>
					<trkpt lat="47.238840" lon="4.745260">
						<ele>337</ele>
						<time>2026-03-28T18:58:33Z</time>
					</trkpt>
					<trkpt lat="47.238650" lon="4.745330">
						<ele>333</ele>
						<time>2026-03-28T18:58:43Z</time>
					</trkpt>
					<trkpt lat="47.238500" lon="4.745320">
						<ele>330</ele>
						<time>2026-03-28T18:58:51Z</time>
					</trkpt>
					<trkpt lat="47.238340" lon="4.745340">
						<ele>327</ele>
						<time>2026-03-28T18:58:59Z</time>
					</trkpt>
					<trkpt lat="47.238070" lon="4.745410">
						<ele>322</ele>
						<time>2026-03-28T18:59:12Z</time>
					</trkpt>
					<trkpt lat="47.237630" lon="4.745520">
						<ele>313</ele>
						<time>2026-03-28T18:59:35Z</time>
					</trkpt>
					<trkpt lat="47.237450" lon="4.745580">
						<ele>310</ele>
						<time>2026-03-28T18:59:44Z</time>
					</trkpt>
					<trkpt lat="47.237400" lon="4.745620">
						<ele>309</ele>
						<time>2026-03-28T18:59:47Z</time>
					</trkpt>
					<trkpt lat="47.237330" lon="4.745730">
						<ele>308</ele>
						<time>2026-03-28T18:59:52Z</time>
					</trkpt>
					<trkpt lat="47.237310" lon="4.745740">
						<ele>308</ele>
						<time>2026-03-28T18:59:53Z</time>
					</trkpt>
					<trkpt lat="47.237210" lon="4.745730">
						<ele>307</ele>
						<time>2026-03-28T18:59:58Z</time>
					</trkpt>
					<trkpt lat="47.237170" lon="4.745730">
						<ele>306</ele>
						<time>2026-03-28T19:00:00Z</time>
					</trkpt>
					<trkpt lat="47.237150" lon="4.745750">
						<ele>306</ele>
						<time>2026-03-28T19:00:01Z</time>
					</trkpt>
					<trkpt lat="47.237110" lon="4.745660">
						<ele>306</ele>
						<time>2026-03-28T19:00:05Z</time>
					</trkpt>
					<trkpt lat="47.236010" lon="4.745840">
						<ele>299</ele>
						<time>2026-03-28T19:01:00Z</time>
					</trkpt>
					<trkpt lat="47.235970" lon="4.745830">
						<ele>299</ele>
						<time>2026-03-28T19:01:02Z</time>
					</trkpt>
					<trkpt lat="47.235950" lon="4.746090">
						<ele>300</ele>
						<time>2026-03-28T19:01:11Z</time>
					</trkpt>
					<trkpt lat="47.235690" lon="4.746090">
						<ele>300</ele>
						<time>2026-03-28T19:01:24Z</time>
					</trkpt>
					<trkpt lat="47.235470" lon="4.745980">
						<ele>300</ele>
						<time>2026-03-28T19:01:36Z</time>
					</trkpt>
					<trkpt lat="47.235200" lon="4.745540">
						<ele>300</ele>
						<time>2026-03-28T19:01:56Z</time>
					</trkpt>
					</trkseg>
				</trk>
			</gpx>