year_month,artist_id,artist_status,is_deactivated,min_start_date,max_end_date,updated_at,BV_first_click
2025-11-01,27729,churned,0,2023-12-22,2024-07-09,2025-11-27T12:39:53,29000
2026-06-01,27729,churned,0,2023-12-22,2024-07-09,2025-11-27T12:39:53,27000
2025-04-01,1104,before_deactivated,1,2023-12-22,2025-06-09,2025-06-16T10:23:06,26680
2026-01-01,8531,deactivated,1,2023-12-22,2025-07-20,2025-11-21T14:26:53,22367.73912
2023-12-01,22421,before_deactivated_best_seller,1,2023-12-22,2024-07-09,2025-04-08T15:22:10,20730
2025-09-01,1104,deactivated,1,2023-12-22,2025-06-09,2025-06-16T10:23:06,19000
2024-12-01,7821,churned_best_seller,0,2023-12-22,2024-10-23,2026-04-28T03:49:35,16278.0705
2026-06-01,3197,churned,0,2023-12-22,2024-07-09,2025-02-17T15:51:24,14334.012
2023-11-01,259,live_best_seller,0,2023-12-22,2024-06-17,2026-04-21T14:53:28,13500
2024-03-01,13359,live,0,2023-12-22,2024-07-09,2025-11-04T19:01:54,10461.9185
2026-06-01,69723,live,0,2025-05-16,,2026-01-29T14:22:49,10341.4815
2026-04-01,25395,churned,0,2023-12-22,2024-09-15,2026-04-08T09:53:05,10165.358798
2024-03-01,29435,live,0,2023-12-22,2024-07-09,2025-05-04T20:00:55,9790.91
2023-10-01,28303,no_migration,0,,,2023-11-17T12:45:34,9396.36
2024-11-01,22359,live_best_seller,0,2024-09-25,,2025-03-04T20:58:11,8632.531845
2024-06-01,21405,before_deactivated,1,2023-12-22,2024-07-09,2025-11-21T13:24:57,8474.9707
2024-03-01,29435,live,0,2023-12-22,2024-07-09,2025-05-04T20:00:55,8209.09
2024-11-01,22359,live_best_seller,0,2024-09-25,,2025-03-04T20:58:11,8054.948
2025-08-01,1104,deactivated,1,2023-12-22,2025-06-09,2025-06-16T10:23:06,8000
2024-11-01,22359,live_best_seller,0,2024-09-25,,2025-03-04T20:58:11,7877.5956
2024-11-01,22359,live_best_seller,0,2024-09-25,,2025-03-04T20:58:11,7871.881
2025-05-01,63,churned,0,2023-12-22,2024-07-09,2026-03-19T01:44:15,7767.073482
2024-06-01,21405,before_deactivated,1,2023-12-22,2024-07-09,2025-11-21T13:24:57,7716.7853
2026-03-01,27729,churned,0,2023-12-22,2024-07-09,2025-11-27T12:39:53,7542.74
2026-03-01,27729,churned,0,2023-12-22,2024-07-09,2025-11-27T12:39:53,7542.74
2026-02-01,31889,before_deactivated,1,2023-12-22,2026-05-26,2026-06-15T02:17:08,6745.058523
2026-05-01,69723,live,0,2025-05-16,,2026-01-29T14:22:49,6647.296929
2025-01-01,3253,before_deactivated,1,2023-12-22,2024-07-09,2025-11-21T15:06:08,6490.62771
2024-06-01,8559,live,0,2023-12-22,2024-07-09,2026-03-31T22:06:52,6425.3
2024-11-01,22359,live_best_seller,0,2024-09-25,,2025-03-04T20:58:11,6354.593784
2023-11-01,10801,live_best_seller,0,2023-12-22,2024-07-09,2021-10-19T14:58:59,6286.16484
2023-10-01,31889,before_deactivated,1,2023-12-22,2026-05-26,2026-06-15T02:17:08,6260
2025-06-01,1104,deactivated,1,2023-12-22,2025-06-09,2025-06-16T10:23:06,6240
2024-07-01,4545,live,0,2023-12-22,2024-07-09,2025-03-01T18:59:26,6087.055
2025-11-01,36254,before_deactivated,1,2023-12-22,2024-07-09,2025-11-21T12:53:21,6056.673
2023-11-01,1417,live,0,2023-12-22,2024-07-09,2025-01-01T08:45:28,6032.64
2024-05-01,13359,live,0,2023-12-22,2024-07-09,2025-11-04T19:01:54,6004.443465
2024-05-01,13359,live,0,2023-12-22,2024-07-09,2025-11-04T19:01:54,6004.443465
2024-02-01,2181,before_deactivated,1,2023-12-22,2024-07-09,2025-11-21T15:14:54,6000
2025-02-01,30839,before_deactivated,1,2023-12-22,2025-03-04,2025-11-21T12:59:05,5994
2024-03-01,13359,live,0,2023-12-22,2024-07-09,2025-11-04T19:01:54,5975.6125
2024-12-01,13925,before_deactivated,1,2023-12-22,2024-07-09,2025-11-21T13:55:55,5974.58235
2025-04-01,31025,live,0,2023-12-22,2026-07-07,2026-01-25T17:52:15,5720
2025-08-01,22731,churned,0,2023-12-22,2024-07-09,2024-07-06T18:29:16,5700
2023-09-01,17397,before_deactivated,1,2023-12-22,2026-05-01,2026-06-15T02:16:57,5637.816
2026-04-01,69723,live,0,2025-05-16,,2026-01-29T14:22:49,5615.160915
2024-05-01,13359,live,0,2023-12-22,2024-07-09,2025-11-04T19:01:54,5600.198453
2023-09-01,5753,before_deactivated,1,2023-12-22,2024-07-09,2025-11-21T14:46:05,5572.04148
2025-04-01,10515,before_deactivated,1,2023-12-22,2025-06-19,2025-11-21T14:15:03,5555.4
2026-03-01,67428,live,0,2025-02-07,,2026-04-26T16:57:14,5512
2024-01-01,28373,no_migration,0,,,2022-09-09T14:38:14,5500
2026-06-01,24989,deactivated,1,2023-12-22,2024-07-09,2025-11-21T13:13:58,5453
2024-07-01,12387,before_deactivated,1,2023-12-22,2024-07-09,2025-11-21T14:04:25,5443.5426
2024-03-01,13359,live,0,2023-12-22,2024-07-09,2025-11-04T19:01:54,5442.404
2024-12-01,13925,before_deactivated,1,2023-12-22,2024-07-09,2025-11-21T13:55:55,5384.2086
2024-06-01,12387,before_deactivated,1,2023-12-22,2024-07-09,2025-11-21T14:04:25,5382.3792
2024-12-01,13789,before_deactivated,1,2023-12-22,2024-07-09,2025-11-21T13:56:29,5378.18
2024-01-01,32115,before_deactivated,1,2023-12-22,2024-09-15,2024-09-16T03:49:07,5250
2024-01-01,14493,live,0,2023-12-22,2024-05-16,2024-05-16T00:27:59,5206.65073
2024-12-01,13043,before_deactivated,1,2023-12-22,2024-07-09,2025-11-21T14:00:32,5203.1595
2024-12-01,13043,before_deactivated,1,2023-12-22,2024-07-09,2025-11-21T14:00:32,5200.6405
2024-12-01,13043,before_deactivated,1,2023-12-22,2024-07-09,2025-11-21T14:00:32,5200.6405
2026-03-01,15037,deactivated,1,2023-12-22,2024-07-09,2025-11-21T13:50:14,5168.7386
2025-01-01,34500,churned,0,2023-12-22,2024-07-09,2026-03-11T21:10:11,5149.659424
2023-10-01,4387,no_migration,0,,,2023-11-06T12:00:35,5130
2026-02-01,13819,deactivated,1,2023-12-22,2024-07-09,2025-11-21T13:56:19,5061.696
2023-12-01,9919,before_deactivated,1,2023-12-22,2026-06-08,2026-06-08T20:41:47,5058.812
2026-04-01,69723,live,0,2025-05-16,,2026-01-29T14:22:49,5055.48515
2026-01-01,8531,deactivated,1,2023-12-22,2025-07-20,2025-11-21T14:26:53,5047.65129
2025-12-01,259,churned_best_seller,0,2023-12-22,2024-06-17,2026-04-21T14:53:28,5000
2026-04-01,53134,live,0,2024-04-12,,2025-12-22T16:35:55,4936.859784
2026-05-01,59986,churned,0,2024-06-09,2025-05-23,2026-05-01T10:57:03,4917
2023-11-01,1425,live,0,2023-12-22,2024-07-09,2021-12-04T10:28:10,4900
2026-05-01,27745,churned,0,2023-12-22,2024-07-09,2026-06-12T07:35:34,4872
2024-07-01,12387,before_deactivated,1,2023-12-22,2024-07-09,2025-11-21T14:04:25,4831.9086
2024-06-01,21405,before_deactivated,1,2023-12-22,2024-07-09,2025-11-21T13:24:57,4806.1244
2024-02-01,2181,before_deactivated,1,2023-12-22,2024-07-09,2025-11-21T15:14:54,4800
2026-02-01,68557,churned,0,2025-03-26,2025-05-09,2025-05-10T11:36:26,4797.702
2025-05-01,7045,churned,0,2023-12-22,2024-07-09,2026-06-12T07:32:09,4795.345
2024-04-01,15601,before_deactivated,1,2023-12-22,2025-12-01,2025-12-16T03:08:16,4780.49
2023-11-01,13359,live,0,2023-12-22,2024-07-09,2025-11-04T19:01:54,4754.55816
2023-10-01,1104,before_deactivated,1,2023-12-22,2025-06-09,2025-06-16T10:23:06,4750
2025-10-01,27775,before_deactivated,1,2023-12-22,2024-07-09,2025-11-21T13:06:15,4732
2024-11-01,24451,before_deactivated,1,2023-12-22,2024-07-09,2025-11-21T13:15:59,4731
2025-04-01,24767,before_deactivated,1,2023-12-22,2024-07-09,2025-11-21T13:14:44,4714.58476
2025-05-01,62503,live_best_seller,0,2024-08-23,,2025-05-01T10:10:12,4688.16957
2023-10-01,15043,live,0,2023-12-22,2024-07-09,2025-05-08T09:25:31,4634.373
2026-03-01,11887,no_migration,0,,,2023-10-18T11:57:29,4608
2026-02-01,68557,churned,0,2025-03-26,2025-05-09,2025-05-10T11:36:26,4579.0056
2024-11-01,12145,before_deactivated,1,2023-12-22,2024-07-09,2024-12-10T14:00:37,4550
2024-02-01,19687,before_deactivated,1,2023-12-22,2024-07-09,2025-11-21T13:30:37,4500
2024-06-01,31033,live,0,2023-12-22,2024-07-09,2026-03-29T20:52:26,4497.71
2025-11-01,15037,before_deactivated,1,2023-12-22,2024-07-09,2025-11-21T13:50:14,4446.808896
2024-03-01,745,before_deactivated,1,2023-12-22,2024-07-09,2025-11-21T15:33:03,4436.52
2024-03-01,13359,live,0,2023-12-22,2024-07-09,2025-11-04T19:01:54,4412.76
2026-03-01,6739,churned,0,2023-12-22,2024-07-09,2026-04-11T14:53:42,4388.424606
2024-04-01,28629,before_deactivated,1,2023-12-22,2024-07-09,2025-11-21T13:03:53,4366.79375
2024-04-01,28629,before_deactivated,1,2023-12-22,2024-07-09,2025-11-21T13:03:53,4366.79375
2023-11-01,9787,live,0,2023-12-22,2024-08-13,2026-04-27T15:41:25,4332.18264
2024-11-01,2009,before_deactivated,1,2023-12-22,2024-07-09,2025-11-21T15:16:32,4324.837775
2026-01-01,8531,deactivated,1,2023-12-22,2025-07-20,2025-11-21T14:26:53,4319.89008
2026-01-01,8531,deactivated,1,2023-12-22,2025-07-20,2025-11-21T14:26:53,4319.89008
2024-07-01,13655,before_deactivated,1,2023-12-22,2025-03-12,2025-11-21T13:57:13,4316.2168
2023-11-01,33406,live,0,2023-12-22,2025-07-24,2026-01-15T18:35:02,4300
2023-11-01,24863,live_best_seller,0,2023-12-22,2024-07-09,2024-01-31T12:54:51,4300
2025-02-01,984,churned,0,2023-12-22,2024-07-09,2025-01-16T23:30:08,4285.900164
2025-01-01,1941,before_deactivated,1,2023-12-22,2024-07-09,2025-11-21T15:16:59,4250
2023-12-01,2099,live,0,2023-12-22,2024-07-09,2026-04-17T04:05:32,4240
2024-02-01,10269,live,0,2023-12-22,2026-06-18,2026-01-28T14:59:58,4235.330275
2023-10-01,8335,before_deactivated,1,2023-12-22,2024-07-09,2025-06-16T10:19:28,4228.362
2024-11-01,4807,churned,0,2023-12-22,2024-07-09,2026-01-15T18:35:10,4210.541
2024-05-01,13921,live,0,2023-12-22,2024-07-09,2026-06-09T11:25:47,4203.36
2024-10-01,15597,churned,0,2023-12-22,2024-07-09,2026-06-03T22:30:06,4165.689585
2024-04-01,34428,live,0,2023-12-22,2024-07-09,2025-02-10T18:41:02,4146.15575
2024-01-01,27479,live_best_seller,0,2023-12-22,2024-06-17,2024-06-18T00:41:33,4140
2024-01-01,29641,before_deactivated,1,2023-12-22,2024-07-09,2025-11-21T13:01:25,4135.9842
2026-02-01,3409,live,0,2023-12-22,2026-03-07,2026-05-03T15:42:23,4060
2026-02-01,31889,before_deactivated,1,2023-12-22,2026-05-26,2026-06-15T02:17:08,4053
2023-09-01,1301,before_deactivated,1,2023-12-22,2024-07-09,2025-11-21T15:25:37,4010.357401
2026-03-01,17603,deactivated,1,2023-12-22,2024-07-09,2025-11-21T13:39:12,4010
2025-12-01,6047,churned,0,2023-12-22,2024-07-09,2026-01-04T20:06:06,4009.287366
2026-05-01,26861,deactivated,1,2023-12-22,2026-03-13,2026-03-13T19:15:03,4000
2025-08-01,57043,live,0,2024-05-08,,2024-05-13T11:46:18,4000
2026-05-01,57043,live,0,2024-05-08,,2024-05-13T11:46:18,4000
2024-01-01,27479,live_best_seller,0,2023-12-22,2024-06-17,2024-06-18T00:41:33,3990
2024-05-01,29625,live,0,2023-12-22,2024-07-09,2025-11-06T08:40:39,3963.4922
2024-04-01,31639,before_deactivated,1,2023-12-22,2024-07-09,2025-11-21T12:57:31,3953.0975
2025-02-01,3141,churned,0,2023-12-22,2024-07-09,2025-12-01T10:08:48,3943.514916
2025-10-01,8545,before_deactivated,1,2023-12-22,2024-07-09,2025-11-21T14:26:43,3877.7985
2025-08-01,24863,churned_best_seller,0,2023-12-22,2024-07-09,2024-01-31T12:54:51,3871
2025-09-01,8545,before_deactivated,1,2023-12-22,2024-07-09,2025-11-21T14:26:43,3845.4975
2026-04-01,27729,churned,0,2023-12-22,2024-07-09,2025-11-27T12:39:53,3800
2024-04-01,17397,before_deactivated,1,2023-12-22,2026-05-01,2026-06-15T02:16:57,3800
2024-05-01,13359,live,0,2023-12-22,2024-07-09,2025-11-04T19:01:54,3753
2024-10-01,7667,no_migration,0,,,2023-10-18T16:50:49,3738.06
2025-07-01,34126,churned,0,2023-12-22,2024-07-09,2022-10-10T18:48:34,3703.878136
2026-03-01,9787,churned,0,2023-12-22,2024-08-13,2026-04-27T15:41:25,3703.128709
2025-07-01,19875,churned,0,2023-12-22,2024-07-09,2026-01-16T16:57:17,3696
2024-01-01,1181,live,0,2023-12-22,2025-11-29,2025-11-29T09:15:50,3689.4
2024-05-01,13921,live,0,2023-12-22,2024-07-09,2026-06-09T11:25:47,3687.3225
2024-03-01,24451,before_deactivated,1,2023-12-22,2024-07-09,2025-11-21T13:15:59,3686
2023-09-01,1301,before_deactivated,1,2023-12-22,2024-07-09,2025-11-21T15:25:37,3676.127335
2025-02-01,15581,churned,0,2023-12-22,2024-07-09,2026-01-16T17:47:17,3661
2024-04-01,6117,before_deactivated,1,2023-12-22,2024-07-09,2025-11-21T14:43:29,3659.175
2023-10-01,15043,live,0,2023-12-22,2024-07-09,2025-05-08T09:25:31,3625.8868
2024-11-01,984,churned,0,2023-12-22,2024-07-09,2025-01-16T23:30:08,3608.076
2023-12-01,10865,live,0,2023-12-22,2024-07-09,2026-01-18T09:53:25,3605.06285
2024-12-01,1240,before_deactivated,1,2023-12-22,2026-01-22,2026-03-05T03:14:35,3600
2025-05-01,31025,live,0,2023-12-22,2026-07-07,2026-01-25T17:52:15,3600
2024-07-01,26697,before_deactivated,1,2023-12-22,2025-11-27,2025-12-30T02:50:20,3598.40625
2026-02-01,3671,deactivated,1,2023-12-22,2024-07-09,2025-11-21T15:03:13,3584
2025-01-01,1240,before_deactivated,1,2023-12-22,2026-01-22,2026-03-05T03:14:35,3560
2024-06-01,13359,live,0,2023-12-22,2024-07-09,2025-11-04T19:01:54,3555.467292
2023-12-01,22907,before_deactivated,1,2023-12-22,2026-05-14,2026-05-29T09:49:07,3542.548076
2023-12-01,22907,before_deactivated,1,2023-12-22,2026-05-14,2026-05-29T09:49:07,3542.548076
2025-06-01,2991,before_deactivated,1,2023-12-22,2024-07-09,2025-11-21T15:07:57,3528.91383
2024-03-01,23523,before_deactivated,1,2023-12-22,2024-07-09,2025-11-21T13:18:19,3521.01475
2025-06-01,253,live,0,2023-12-22,2026-05-06,2026-05-06T15:03:52,3514
2025-03-01,11905,churned,0,2023-12-22,2024-07-09,2025-08-21T08:55:52,3503.217
2024-02-01,21105,live_best_seller,0,2023-12-22,2024-09-24,2026-01-15T19:03:19,3500
2026-03-01,27729,churned,0,2023-12-22,2024-07-09,2025-11-27T12:39:53,3500
2024-06-01,11161,before_deactivated,1,2023-12-22,2024-07-09,2025-08-22T10:09:07,3500
2026-03-01,34500,churned,0,2023-12-22,2024-07-09,2026-03-11T21:10:11,3500
2023-09-01,2493,live,0,2023-12-22,2024-07-09,2022-04-08T15:33:17,3500
2023-12-01,242,live,0,2023-12-22,2025-12-04,2025-12-15T03:05:01,3495.1792
2024-04-01,3567,live,0,2023-12-22,2026-07-05,2021-04-01T16:59:32,3480
2025-02-01,3141,churned,0,2023-12-22,2024-07-09,2025-12-01T10:08:48,3460.23492
2024-03-01,548,before_deactivated,1,2023-12-22,2024-07-09,2025-11-21T15:36:11,3449
2024-04-01,4235,before_deactivated,1,2023-12-22,2024-07-09,2025-11-21T14:59:15,3449
2025-06-01,1104,deactivated,1,2023-12-22,2025-06-09,2025-06-16T10:23:06,3440
2025-08-01,1104,deactivated,1,2023-12-22,2025-06-09,2025-06-16T10:23:06,3424
2024-11-01,6591,deactivated,1,2023-12-22,2024-07-09,2024-07-10T01:55:32,3417
2024-12-01,1581,churned,0,2023-12-22,2024-07-09,2024-07-10T01:24:09,3409.3
2024-03-01,28671,no_migration,0,,,2023-10-18T16:16:45,3406
2023-10-01,15043,live,0,2023-12-22,2024-07-09,2025-05-08T09:25:31,3398.5402
2025-06-01,17397,before_deactivated,1,2023-12-22,2026-05-01,2026-06-15T02:16:57,3383.8143
2025-06-01,17397,before_deactivated,1,2023-12-22,2026-05-01,2026-06-15T02:16:57,3383.8143
2024-03-01,21091,before_deactivated,1,2023-12-22,2026-05-30,2026-05-30T14:20:51,3350
2025-08-01,17311,churned,0,2023-12-22,2024-07-09,2021-09-07T15:26:21,3332
2025-10-01,29435,churned,0,2023-12-22,2024-07-09,2025-05-04T20:00:55,3332
2026-04-01,21591,churned,0,2023-12-22,2024-07-09,2025-04-25T11:41:05,3309.9024
2023-12-01,13527,live,0,2023-12-22,2024-05-16,2025-06-23T23:21:17,3300
2025-06-01,15847,churned,0,2023-12-22,2024-07-09,2025-06-11T19:32:49,3290.1844
2025-12-01,23471,deactivated,1,2023-12-22,2024-07-09,2025-11-21T13:18:28,3250
2025-02-01,21631,churned,0,2023-12-22,2024-07-09,2026-05-19T14:50:01,3249
2024-12-01,21405,before_deactivated,1,2023-12-22,2024-07-09,2025-11-21T13:24:57,3240.601274
2025-08-01,6865,churned,0,2023-12-22,2024-07-09,2026-01-15T18:42:41,3234
2025-02-01,3141,churned,0,2023-12-22,2024-07-09,2025-12-01T10:08:48,3229.9335
2026-03-01,4027,churned,0,2023-12-22,2024-07-09,2026-01-19T23:05:28,3200
2024-01-01,27225,before_deactivated,1,2023-12-22,2024-07-09,2025-11-21T13:07:49,3200
2025-03-01,6865,churned,0,2023-12-22,2024-07-09,2026-01-15T18:42:41,3200
2026-03-01,4691,churned,0,2023-12-22,2024-10-16,2026-02-19T17:51:57,3195.736432
2024-10-01,1579,live,0,2023-12-22,2025-07-02,2025-07-02T13:32:25,3185.3658
2024-01-01,2099,live,0,2023-12-22,2024-07-09,2026-04-17T04:05:32,3150
2026-04-01,24989,deactivated,1,2023-12-22,2024-07-09,2025-11-21T13:13:58,3143
2024-06-01,21405,before_deactivated,1,2023-12-22,2024-07-09,2025-11-21T13:24:57,3129.1211
2026-01-01,11905,churned,0,2023-12-22,2024-07-09,2025-08-21T08:55:52,3118.866996
2024-03-01,3061,live,0,2023-12-22,2024-07-09,2026-05-31T06:19:52,3112.6864
2024-10-01,36168,before_deactivated,1,2023-12-22,2024-07-09,2025-11-21T12:53:25,3100
2023-09-01,22393,before_deactivated,1,2023-12-22,2024-07-09,2025-11-21T13:21:28,3100
2026-05-01,1241,churned,0,2023-12-22,2024-07-09,2023-12-06T12:28:11,3100
2026-03-01,27729,churned,0,2023-12-22,2024-07-09,2025-11-27T12:39:53,3099.1
2024-07-01,2695,before_deactivated,1,2023-12-22,2026-05-15,2026-06-15T02:16:40,3090.351
2025-01-01,10807,before_deactivated,1,2023-12-22,2024-07-09,2025-11-21T14:13:21,3080
2025-01-01,1181,live,0,2023-12-22,2025-11-29,2025-11-29T09:15:50,3078.8577
2025-06-01,4273,churned,0,2023-12-22,2024-07-09,2020-10-13T16:27:07,3073.648221
2026-05-01,69723,live,0,2025-05-16,,2026-01-29T14:22:49,3073.49
2025-01-01,3253,before_deactivated,1,2023-12-22,2024-07-09,2025-11-21T15:06:08,3064.3669
2024-06-01,9371,before_deactivated,1,2023-12-22,2024-07-09,2025-11-21T14:22:00,3043.5275
2024-12-01,11897,churned,0,2023-12-22,2024-07-09,2021-11-05T10:40:16,3038.12697
2024-12-01,57062,before_deactivated,1,2024-05-09,2024-07-24,2025-05-05T14:33:11,3032
2025-01-01,24029,before_deactivated,1,2023-12-22,2026-05-17,2026-05-17T12:52:13,3020
2023-09-01,1104,before_deactivated,1,2023-12-22,2025-06-09,2025-06-16T10:23:06,3006.8352
2023-10-01,6373,live,0,2023-12-22,2024-07-09,2026-01-15T18:46:23,3006.8352
2025-11-01,28693,churned,0,2023-12-22,2024-07-09,2026-02-15T18:03:56,3003.414
2025-10-01,1751,before_deactivated,1,2024-03-26,2026-03-13,2026-03-28T03:16:54,3003
2025-04-01,14389,before_deactivated,1,2023-12-22,2025-12-14,2025-12-14T15:26:24,3000
2025-03-01,31205,before_deactivated,1,2023-12-22,2024-07-09,2025-11-21T12:58:19,3000
2024-05-01,5305,no_migration,0,,,2021-04-14T17:35:29,3000
2023-09-01,27583,before_deactivated,1,2023-12-22,2024-07-09,2025-11-21T13:06:46,3000
2023-10-01,8053,before_deactivated,1,2023-12-22,2024-07-09,2025-11-21T14:29:43,3000
2023-12-01,3995,no_migration,0,,,2023-10-18T11:57:33,3000
2023-12-01,17961,before_deactivated,1,2023-12-22,2024-07-09,2025-11-21T13:37:36,2998.957
2025-12-01,1200,churned_best_seller,0,2023-12-22,2024-07-09,2025-02-17T14:50:59,2990.52
2026-05-01,225,churned_best_seller,0,2023-12-22,2024-10-16,2026-06-06T12:13:58,2984.458288
2024-09-01,13923,churned,0,2023-12-22,2024-07-09,2026-03-11T20:57:20,2960.4102
2024-02-01,6031,before_deactivated,1,2023-12-22,2024-07-09,2025-11-21T14:43:53,2951.8216
2024-01-01,6031,before_deactivated,1,2023-12-22,2024-07-09,2025-11-21T14:43:53,2950.19972
2026-06-01,13819,deactivated,1,2023-12-22,2024-07-09,2025-11-21T13:56:19,2941.993194
2024-06-01,17985,before_deactivated,1,2023-12-22,2024-07-09,2025-11-21T13:37:32,2937.28
2025-06-01,6865,churned,0,2023-12-22,2024-07-09,2026-01-15T18:42:41,2926.29
2026-04-01,24223,deactivated,1,2023-12-22,2024-07-09,2025-11-21T13:16:29,2925.94092
2023-10-01,15043,live,0,2023-12-22,2024-07-09,2025-05-08T09:25:31,2914.7
2023-11-01,24673,before_deactivated,1,2023-12-22,2024-07-09,2025-11-21T13:15:10,2913
2025-08-01,6865,churned,0,2023-12-22,2024-07-09,2026-01-15T18:42:41,2905
2025-06-01,1667,before_deactivated,1,2023-12-22,2024-07-09,2025-11-21T15:19:39,2865.77464
2023-11-01,17299,before_deactivated,1,2023-12-22,2024-07-09,2025-11-21T13:40:41,2860
2025-11-01,11905,churned,0,2023-12-22,2024-07-09,2025-08-21T08:55:52,2850
2023-10-01,7045,live,0,2023-12-22,2024-07-09,2026-06-12T07:32:09,2849.00915
2024-11-01,14041,churned,0,2023-12-22,2024-07-09,2025-08-27T17:32:46,2846.69185
2025-05-01,13819,before_deactivated,1,2023-12-22,2024-07-09,2025-11-21T13:56:19,2843.158164
2025-05-01,13819,before_deactivated,1,2023-12-22,2024-07-09,2025-11-21T13:56:19,2843.158164
2025-06-01,6865,churned,0,2023-12-22,2024-07-09,2026-01-15T18:42:41,2842.7
2024-11-01,33990,live,0,2023-12-22,2025-09-06,2026-04-10T17:16:58,2842
2024-03-01,13957,live,0,2023-12-22,2024-05-16,2025-05-13T17:14:55,2837.4747
2025-05-01,1214,before_deactivated,1,2023-12-22,2024-08-26,2025-11-21T15:27:05,2812.345978
2023-12-01,242,live,0,2023-12-22,2025-12-04,2025-12-15T03:05:01,2810
2025-06-01,6865,churned,0,2023-12-22,2024-07-09,2026-01-15T18:42:41,2802.09
2024-02-01,7963,live,0,2023-12-22,2024-07-09,2026-01-15T19:49:24,2800
2024-06-01,22751,before_deactivated,1,2023-12-22,2024-07-09,2025-11-21T13:20:35,2800
2024-06-01,21465,no_migration,0,,,2023-10-18T16:31:38,2793
2024-12-01,11897,churned,0,2023-12-22,2024-07-09,2021-11-05T10:40:16,2792.04815
2024-02-01,1979,before_deactivated,1,2023-12-22,2024-07-09,2025-05-20T18:08:58,2784
2024-10-01,1005,churned,0,2023-12-22,2024-07-09,2025-12-17T17:38:08,2780
2023-10-01,7045,live,0,2023-12-22,2024-07-09,2026-06-12T07:32:09,2779.80245
2025-02-01,27745,churned,0,2023-12-22,2024-07-09,2026-06-12T07:35:34,2765
2023-10-01,28129,before_deactivated,1,2023-12-22,2024-07-09,2025-11-21T13:05:20,2760
2025-03-01,27745,churned,0,2023-12-22,2024-07-09,2026-06-12T07:35:34,2760
2024-04-01,7555,before_deactivated,1,2023-12-22,2024-07-09,2025-11-21T14:32:47,2757.975
2024-04-01,29479,live,0,2023-12-22,2025-07-08,2026-02-13T19:38:18,2757.975
2024-09-01,59274,live,0,2024-06-04,,2026-06-14T14:24:49,2750
2025-07-01,22817,before_deactivated,1,2023-12-22,2024-07-09,2025-11-21T13:20:27,2747.12576
2024-12-01,21405,before_deactivated,1,2023-12-22,2024-07-09,2025-11-21T13:24:57,2731.440978
2025-12-01,37018,live,0,2024-02-01,,2026-03-27T15:01:35,2730.500676
2025-03-01,3635,before_deactivated,1,2023-12-22,2026-03-09,2026-06-09T05:07:11,2723
2026-05-01,31025,live,0,2023-12-22,2026-07-07,2026-01-25T17:52:15,2718
2025-07-01,2653,churned,0,2023-12-22,2024-07-09,2026-06-01T11:08:02,2716
2025-06-01,29111,before_deactivated,1,2023-12-22,2024-07-09,2025-11-21T13:02:35,2700
2024-01-01,8335,before_deactivated,1,2023-12-22,2024-07-09,2025-06-16T10:19:28,2697.381
2025-07-01,8575,churned,0,2023-12-22,2024-07-09,2026-05-21T02:18:18,2684.050875
2023-10-01,29113,before_deactivated,1,2023-12-22,2025-08-03,2025-11-21T13:02:34,2680.781508
2023-10-01,24669,before_deactivated,1,2023-12-22,2024-07-09,2025-11-21T13:15:11,2677.9626
2026-04-01,14061,churned,0,2023-12-22,2024-07-09,2026-05-26T13:52:04,2670
2025-12-01,28535,no_migration,0,,,2023-10-18T16:20:06,2663.0612
2024-01-01,4103,before_deactivated,1,2023-12-22,2026-01-05,2026-03-01T03:16:09,2652.9235
2023-12-01,8389,before_deactivated,1,2023-12-22,2024-07-09,2025-11-21T14:27:59,2621.3844
2024-08-01,23441,before_deactivated,1,2023-12-22,2024-07-09,2025-11-21T13:18:35,2616.744
2024-11-01,36196,before_deactivated,1,2023-12-22,2026-05-17,2026-05-17T14:42:21,2613.15
2026-03-01,27729,churned,0,2023-12-22,2024-07-09,2025-11-27T12:39:53,2609.73
2024-11-01,11283,before_deactivated,1,2023-12-22,2026-06-01,2026-06-11T02:18:37,2604
2026-01-01,27745,churned,0,2023-12-22,2024-07-09,2026-06-12T07:35:34,2604
2024-10-01,24669,before_deactivated,1,2023-12-22,2024-07-09,2025-11-21T13:15:11,2601.5726
2024-12-01,253,live,0,2023-12-22,2026-05-06,2026-05-06T15:03:52,2600
2024-02-01,28991,before_deactivated,1,2023-12-22,2025-12-28,2025-12-28T02:27:55,2600
2024-04-01,1035,live_best_seller,0,2023-12-22,2024-07-09,2026-01-27T12:09:35,2600
2024-03-01,14855,no_migration,0,,,2024-02-12T15:04:05,2600
2024-11-01,36168,before_deactivated,1,2023-12-22,2024-07-09,2025-11-21T12:53:25,2600
2025-05-01,63,churned,0,2023-12-22,2024-07-09,2026-03-19T01:44:15,2598.304004
2025-09-01,6347,before_deactivated,1,2023-12-22,2024-07-09,2025-11-21T14:41:35,2590
2026-05-01,13819,deactivated,1,2023-12-22,2024-07-09,2025-11-21T13:56:19,2579.28
2025-02-01,28195,churned,0,2023-12-22,2024-07-09,2026-04-14T08:45:04,2578.17476
2025-01-01,18455,churned,0,2023-12-22,2024-07-09,2026-02-14T15:27:35,2577.6762
2025-11-01,1453,churned,0,2023-12-22,2024-07-09,2026-05-15T08:24:08,2572.73982
2026-05-01,13819,deactivated,1,2023-12-22,2024-07-09,2025-11-21T13:56:19,2572.041784
2025-07-01,13819,before_deactivated,1,2023-12-22,2024-07-09,2025-11-21T13:56:19,2567.574565
2025-07-01,13819,before_deactivated,1,2023-12-22,2024-07-09,2025-11-21T13:56:19,2567.574565
2025-08-01,35177,churned,0,2023-12-22,2024-07-09,2026-01-15T19:23:25,2566.981616
2024-06-01,2695,before_deactivated,1,2023-12-22,2026-05-15,2026-06-15T02:16:40,2554.38603
2025-05-01,3167,churned,0,2023-12-22,2024-07-09,2026-05-15T09:53:16,2550.8592
2025-06-01,895,before_deactivated,1,2023-12-22,2024-07-09,2025-11-21T15:31:08,2547.3
2025-01-01,30163,before_deactivated,1,2023-12-22,2024-07-09,2025-11-21T13:00:21,2546
2024-11-01,5961,before_deactivated,1,2023-12-22,2026-03-29,2026-03-29T20:23:30,2540.524581
2024-05-01,33295,before_deactivated,1,2023-12-22,2024-07-09,2025-11-21T12:55:36,2533.275
2025-11-01,1453,churned,0,2023-12-22,2024-07-09,2026-05-15T08:24:08,2533.037045
2025-06-01,24539,churned,0,2023-12-22,2025-03-19,2026-01-31T10:16:10,2528.369655
2025-08-01,1104,deactivated,1,2023-12-22,2025-06-09,2025-06-16T10:23:06,2528
2025-08-01,1104,deactivated,1,2023-12-22,2025-06-09,2025-06-16T10:23:06,2528
2025-11-01,11897,churned,0,2023-12-22,2024-07-09,2021-11-05T10:40:16,2523.980487
2026-03-01,11905,churned,0,2023-12-22,2024-07-09,2025-08-21T08:55:52,2511
2025-04-01,998,before_deactivated,1,2023-12-22,2024-07-09,2025-11-21T15:29:41,2510
2026-06-01,7117,churned,0,2023-12-22,2024-07-09,2026-05-13T22:27:32,2504
2025-03-01,18361,churned,0,2023-12-22,2024-07-09,2026-03-06T10:14:34,2500
2024-01-01,28671,no_migration,0,,,2023-10-18T16:16:45,2500
2025-11-01,11905,churned,0,2023-12-22,2024-07-09,2025-08-21T08:55:52,2500
2023-11-01,1279,before_deactivated,1,2023-12-22,2024-07-09,2024-10-07T14:57:02,2500
2023-12-01,35395,before_deactivated,1,2023-12-22,2024-07-09,2025-01-13T11:06:27,2500
2024-08-01,33426,churned,0,2023-12-22,2024-07-09,2026-06-10T04:49:42,2499.65625
2026-03-01,29797,churned,0,2023-12-22,2024-07-09,2025-11-26T17:54:23,2490
2026-06-01,7117,churned,0,2023-12-22,2024-07-09,2026-05-13T22:27:32,2480
2026-05-01,53134,live,0,2024-04-12,,2025-12-22T16:35:55,2479.54784
2026-05-01,59986,churned,0,2024-06-09,2025-05-23,2026-05-01T10:57:03,2478
2025-03-01,31963,before_deactivated,1,2023-12-22,2024-07-09,2025-11-21T12:57:05,2470
2026-04-01,34375,deactivated,1,2023-12-22,2024-12-20,2025-11-21T12:53:52,2464
2026-05-01,69723,live,0,2025-05-16,,2026-01-29T14:22:49,2459.911916
2026-04-01,77651,live,0,2025-09-29,,2025-10-03T16:36:57,2450
2024-03-01,6463,live,0,2023-12-22,2024-07-09,2025-06-27T07:20:55,2445.4045
2024-09-01,28693,churned,0,2023-12-22,2024-07-09,2026-02-15T18:03:56,2444.58115
2023-10-01,24989,before_deactivated,1,2023-12-22,2024-07-09,2025-11-21T13:13:58,2440
2025-03-01,5391,before_deactivated,1,2023-12-22,2024-07-09,2025-11-21T14:49:00,2431.4997
2023-11-01,32425,before_deactivated,1,2023-12-22,2024-07-09,2025-11-21T12:56:33,2422.2345
2023-11-01,9579,no_migration,0,,,2023-11-24T12:18:38,2419.03192
2024-10-01,29253,before_deactivated,1,2023-12-22,2024-07-09,2025-11-21T13:02:08,2416.4844
2025-06-01,4489,live_best_seller,0,2023-12-22,2025-10-31,2026-02-13T01:13:51,2412.8496
2023-11-01,11375,before_deactivated,1,2023-12-22,2024-07-09,2025-11-21T14:09:40,2412.39843
2026-01-01,69413,live,0,2025-04-29,,2025-05-29T10:54:07,2411.828748
2026-03-01,79584,before_deactivated,1,2025-11-06,2026-06-06,2026-06-06T13:54:08,2406.2944
2025-04-01,1104,before_deactivated,1,2023-12-22,2025-06-09,2025-06-16T10:23:06,2400
2023-11-01,2099,live,0,2023-12-22,2024-07-09,2026-04-17T04:05:32,2400
2025-07-01,24519,before_deactivated,1,2023-12-22,2025-12-30,2026-01-13T02:52:52,2400
2024-06-01,14855,no_migration,0,,,2024-02-12T15:04:05,2400
2024-09-01,11283,before_deactivated,1,2023-12-22,2026-06-01,2026-06-11T02:18:37,2390
2024-06-01,8335,before_deactivated,1,2023-12-22,2024-07-09,2025-06-16T10:19:28,2386.54
2023-09-01,19319,no_migration,0,,,2023-10-18T16:35:38,2385
2026-05-01,34741,no_migration,0,,,2023-10-18T16:32:41,2382.282
2024-08-01,21839,churned,0,2023-12-22,2024-07-09,2024-11-12T14:52:12,2380
2025-12-01,1975,churned,0,2023-12-22,2024-07-09,2025-02-11T08:34:54,2373
2024-12-01,11897,churned,0,2023-12-22,2024-07-09,2021-11-05T10:40:16,2366.1425
2023-10-01,668,before_deactivated,1,2023-12-22,2024-07-09,2025-11-21T15:34:27,2349.09
2024-05-01,12565,before_deactivated,1,2023-12-22,2024-09-01,2025-11-21T14:03:28,2345.625
2025-12-01,67314,live,0,2025-01-31,,2025-05-12T17:09:41,2324
2026-04-01,24223,deactivated,1,2023-12-22,2024-07-09,2025-11-21T13:16:29,2320.27968
2024-06-01,36248,before_deactivated,1,2023-12-22,2024-07-09,2025-11-21T12:53:21,2320
2024-11-01,33159,before_deactivated,1,2023-12-22,2024-09-15,2025-11-21T12:55:44,2320
2026-06-01,56868,live,0,2024-04-29,,2024-06-22T08:00:07,2315.11521
2025-05-01,63,churned,0,2023-12-22,2024-07-09,2026-03-19T01:44:15,2311.067449
2025-12-01,12103,no_migration,0,,,2023-10-18T11:57:28,2310
2025-11-01,70178,before_deactivated,1,2025-06-03,2026-02-03,2026-02-03T08:57:31,2300
2025-02-01,15581,churned,0,2023-12-22,2024-07-09,2026-01-16T17:47:17,2300
2024-07-01,29625,churned,0,2023-12-22,2024-07-09,2025-11-06T08:40:39,2296
2023-11-01,23831,before_deactivated,1,2023-12-22,2024-07-09,2025-11-21T13:17:26,2290.26216
2025-10-01,7031,before_deactivated,1,2023-12-22,2024-07-09,2025-11-21T14:36:11,2287
2025-11-01,28435,no_migration,0,,,2023-10-19T10:10:54,2282
2025-06-01,30163,before_deactivated,1,2023-12-22,2024-07-09,2025-11-21T13:00:21,2282
2026-01-01,29949,deactivated,1,2023-12-22,2024-07-09,2025-11-21T13:00:47,2280
2024-12-01,1581,churned,0,2023-12-22,2024-07-09,2024-07-10T01:24:09,2260.7
2025-12-01,6865,churned,0,2023-12-22,2024-07-09,2026-01-15T18:42:41,2254
2025-11-01,57398,live,0,2024-05-23,,2025-12-05T17:13:34,2254
2026-03-01,9787,churned,0,2023-12-22,2024-08-13,2026-04-27T15:41:25,2253.290389
2025-09-01,668,before_deactivated,1,2023-12-22,2024-07-09,2025-11-21T15:34:27,2251.438177
2025-08-01,9371,before_deactivated,1,2023-12-22,2024-07-09,2025-11-21T14:22:00,2250
2023-12-01,26981,live,0,2023-12-22,2025-07-23,2026-03-31T15:02:34,2250
2024-01-01,3385,live,0,2023-12-22,2024-07-09,2026-01-10T00:56:54,2247.8175
2025-12-01,6865,churned,0,2023-12-22,2024-07-09,2026-01-15T18:42:41,2240
2024-01-01,32143,live,0,2023-12-22,2024-07-09,2021-11-05T17:17:25,2238.82623
2025-09-01,5195,churned,0,2023-12-22,2024-07-09,2026-01-16T11:51:35,2236.642002
2025-09-01,35533,churned_best_seller,0,2023-12-22,2024-07-09,2025-10-11T19:04:45,2233
2024-11-01,2009,before_deactivated,1,2023-12-22,2024-07-09,2025-11-21T15:16:32,2230.852855
2025-11-01,24669,before_deactivated,1,2023-12-22,2024-07-09,2025-11-21T13:15:11,2217.879328
2024-04-01,24519,before_deactivated,1,2023-12-22,2025-12-30,2026-01-13T02:52:52,2216.02
2024-02-01,35277,before_deactivated,1,2023-12-22,2024-07-09,2025-11-21T12:53:31,2215.57325
2025-05-01,11897,churned,0,2023-12-22,2024-07-09,2021-11-05T10:40:16,2206.384404
2024-03-01,21735,live,0,2023-12-22,2024-07-09,2026-04-28T05:58:56,2206.38
2025-08-01,29253,before_deactivated,1,2023-12-22,2024-07-09,2025-11-21T13:02:08,2201.32065
2024-08-01,28025,no_migration,0,,,2021-11-26T10:13:42,2200
2025-09-01,2775,before_deactivated,1,2023-12-22,2025-11-01,2025-11-21T15:09:56,2195.03312
2024-11-01,32291,churned,0,2023-12-22,2024-07-09,2025-10-28T13:58:08,2190
2023-10-01,23997,no_migration,0,,,2024-01-18T15:16:15,2189.35188
2025-04-01,14389,before_deactivated,1,2023-12-22,2025-12-14,2025-12-14T15:26:24,2187
2025-05-01,14389,before_deactivated,1,2023-12-22,2025-12-14,2025-12-14T15:26:24,2180
2025-09-01,24029,before_deactivated,1,2023-12-22,2026-05-17,2026-05-17T12:52:13,2177
2024-06-01,32291,live,0,2023-12-22,2024-07-09,2025-10-28T13:58:08,2160
2025-11-01,7199,before_deactivated,1,2023-12-22,2024-07-09,2025-11-21T14:35:12,2157.625
2025-12-01,1282,deactivated,1,2023-12-22,2024-07-09,2025-11-21T15:25:56,2151.524544
2025-11-01,19327,before_deactivated,1,2023-12-22,2024-09-15,2025-11-21T13:32:11,2141.711019
2025-07-01,31763,live,0,2023-12-22,2026-03-15,2026-06-09T16:55:29,2139.897695
2023-12-01,22859,before_deactivated,1,2023-12-22,2024-07-09,2025-11-21T13:20:24,2136.2484
2026-02-01,1096,churned,0,2023-12-22,2024-05-16,2024-05-16T00:34:19,2130
2025-11-01,25947,before_deactivated,1,2023-12-22,2024-07-09,2025-11-21T13:11:58,2128.37235
2023-09-01,3143,live,0,2023-12-22,2025-07-05,2026-01-15T20:31:00,2122.280662
2025-01-01,3111,before_deactivated,1,2023-12-22,2024-07-09,2025-11-21T15:07:07,2114.21628
2024-12-01,14369,churned,0,2023-12-22,2024-07-09,2026-05-19T09:04:25,2114
2026-01-01,76989,live,0,2025-08-31,,2026-03-01T10:42:26,2105.7426
2025-10-01,25947,before_deactivated,1,2023-12-22,2024-07-09,2025-11-21T13:11:58,2104.168143
2024-04-01,21405,before_deactivated,1,2023-12-22,2024-07-09,2025-11-21T13:24:57,2101.68
2024-05-01,109,before_deactivated,1,2023-12-22,2024-07-09,2025-11-21T15:41:53,2100
2024-02-01,12001,live,0,2023-12-22,2024-07-09,2026-01-11T19:35:54,2090
2024-04-01,29551,before_deactivated,1,2023-12-22,2026-04-13,2026-04-13T16:53:18,2090
2023-11-01,28903,live,0,2023-12-22,2024-07-09,2026-03-09T13:06:23,2070
2026-03-01,69413,live,0,2025-04-29,,2025-05-29T10:54:07,2066.88
2024-03-01,15617,live,0,2023-12-22,2024-07-09,2026-06-15T18:42:34,2061.12665
2026-01-01,11905,churned,0,2023-12-22,2024-07-09,2025-08-21T08:55:52,2058.957483
2024-10-01,63,churned,0,2023-12-22,2024-07-09,2026-03-19T01:44:15,2054.34526
2023-10-01,2557,live,0,2023-12-22,2025-09-25,2026-06-02T11:05:36,2050.5618
2025-05-01,11897,churned,0,2023-12-22,2024-07-09,2021-11-05T10:40:16,2047.6854
2026-01-01,28535,no_migration,0,,,2023-10-18T16:20:06,2044.32242
2024-07-01,4657,live,0,2023-12-22,2024-07-09,2026-01-16T13:37:34,2041.5046
2025-11-01,1178,deactivated,1,2023-12-22,2024-07-09,2025-11-21T15:27:37,2040
2026-02-01,6865,churned,0,2023-12-22,2024-07-09,2026-01-15T18:42:41,2040
2025-12-01,26921,deactivated,1,2023-12-22,2024-07-09,2025-11-21T13:08:51,2037
2023-12-01,1586,before_deactivated,1,2023-12-22,2024-07-09,2024-07-10T06:50:50,2032.02702
2024-12-01,2493,churned,0,2023-12-22,2024-07-09,2022-04-08T15:33:17,2009
2025-04-01,24669,before_deactivated,1,2023-12-22,2024-07-09,2025-11-21T13:15:11,2002.13773
2024-09-01,26711,before_deactivated,1,2023-12-22,2024-07-09,2025-11-21T13:09:37,2002.1274
2025-05-01,11897,churned,0,2023-12-22,2024-07-09,2021-11-05T10:40:16,2001.33024
2026-05-01,24451,deactivated,1,2023-12-22,2024-07-09,2025-11-21T13:15:59,2000
2024-05-01,2017,before_deactivated,1,2023-12-22,2024-07-09,2025-05-15T15:03:16,2000
2024-05-01,22751,before_deactivated,1,2023-12-22,2024-07-09,2025-11-21T13:20:35,2000
2023-11-01,15709,before_deactivated,1,2023-12-22,2024-07-09,2025-09-30T13:38:27,2000
2026-05-01,29277,churned,0,2023-12-22,2024-07-09,2026-05-10T19:43:55,2000
2024-12-01,8755,before_deactivated,1,2023-12-22,2024-07-09,2025-11-21T14:25:30,2000
2025-11-01,33454,before_deactivated,1,2023-12-22,2024-07-09,2025-11-21T12:55:21,2000
2025-08-01,27745,churned,0,2023-12-22,2024-07-09,2026-06-12T07:35:34,2000
2025-09-01,3141,churned,0,2023-12-22,2024-07-09,2025-12-01T10:08:48,2000
2026-01-01,6865,churned,0,2023-12-22,2024-07-09,2026-01-15T18:42:41,2000
2023-12-01,8627,live_best_seller,0,2023-12-22,2024-07-09,2026-04-29T15:40:23,2000
2024-07-01,191,no_migration,0,,,2023-04-05T14:18:59,2000
2025-11-01,21067,before_deactivated,1,2023-12-22,2025-08-28,2025-11-21T13:25:56,1999.7712
2023-09-01,2141,before_deactivated,1,2023-12-22,2024-07-09,2024-07-10T01:26:06,1999
2026-03-01,21443,deactivated,1,2023-12-22,2024-07-09,2025-11-21T13:24:47,1996.302
2024-01-01,28051,live,0,2023-12-22,2024-07-09,2025-04-25T13:00:23,1996.06194
2025-12-01,11897,churned,0,2023-12-22,2024-07-09,2021-11-05T10:40:16,1995.621124
2025-05-01,6159,churned,0,2023-12-22,2024-07-09,2025-03-29T10:01:08,1995
2025-05-01,3111,before_deactivated,1,2023-12-22,2024-07-09,2025-11-21T15:07:07,1991.202318
2024-12-01,31047,before_deactivated,1,2023-12-22,2025-07-05,2025-11-21T12:58:38,1990
2026-01-01,6865,churned,0,2023-12-22,2024-07-09,2026-01-15T18:42:41,1987.95
2023-09-01,12737,live_best_seller,0,2023-12-22,2025-02-28,2025-04-25T11:50:29,1975
2025-05-01,1214,before_deactivated,1,2023-12-22,2024-08-26,2025-11-21T15:27:05,1974.151522
2025-05-01,19417,churned,0,2023-12-22,2025-01-05,2026-05-07T16:58:26,1974.05
2025-07-01,28693,churned,0,2023-12-22,2024-07-09,2026-02-15T18:03:56,1970.346021
2025-12-01,1489,live,0,2023-12-22,2026-07-09,2026-04-01T00:27:47,1968
2024-11-01,747,no_migration,0,,,2023-10-18T16:57:16,1965.041057
2024-12-01,1667,before_deactivated,1,2023-12-22,2024-07-09,2025-11-21T15:19:39,1963.51267
2025-05-01,9265,churned,0,2023-12-22,2025-05-22,2026-05-11T22:04:49,1963
2025-09-01,24029,before_deactivated,1,2023-12-22,2026-05-17,2026-05-17T12:52:13,1960
2023-11-01,9681,before_deactivated,1,2023-12-22,2024-07-09,2025-11-21T14:20:03,1956.40335
2024-06-01,31393,live,0,2023-12-22,2024-07-09,2024-11-09T12:29:17,1949.32205
2024-11-01,3597,no_migration,0,,,2022-10-17T10:27:42,1946
2026-02-01,19501,churned,0,2023-12-22,2025-11-03,2025-11-03T16:33:21,1946
2026-01-01,6865,churned,0,2023-12-22,2024-07-09,2026-01-15T18:42:41,1942.05
2026-01-01,6865,churned,0,2023-12-22,2024-07-09,2026-01-15T18:42:41,1942
2025-04-01,1188,before_deactivated,1,2023-12-22,2026-02-16,2026-02-16T09:25:32,1940
2025-03-01,27479,churned_best_seller,0,2023-12-22,2024-06-17,2024-06-18T00:41:33,1932
2024-04-01,24519,before_deactivated,1,2023-12-22,2025-12-30,2026-01-13T02:52:52,1930.27
2023-10-01,10167,before_deactivated,1,2023-12-22,2025-01-16,2025-11-21T14:17:10,1929.188
2025-05-01,3043,live,0,2023-12-22,,2026-04-07T15:05:13,1920
2025-10-01,29435,churned,0,2023-12-22,2024-07-09,2025-05-04T20:00:55,1918
2026-04-01,28733,churned,0,2023-12-22,2024-07-09,2024-11-06T14:03:26,1911
2025-11-01,33516,churned,0,2023-12-22,2024-07-09,2024-11-05T20:22:49,1900
2023-11-01,6997,before_deactivated,1,2023-12-22,2024-07-09,2025-11-21T14:36:29,1900
2025-03-01,28925,before_deactivated,1,2023-12-22,2025-11-04,2025-11-21T13:03:01,1900
2026-03-01,13797,deactivated,1,2023-12-22,2026-02-24,2026-02-24T21:04:13,1900
2023-11-01,26295,no_migration,0,,,2023-11-14T16:49:52,1900
2023-12-01,7963,live,0,2023-12-22,2024-07-09,2026-01-15T19:49:24,1900
2025-05-01,4275,live,0,2023-12-22,2026-01-20,2026-03-30T10:44:15,1897
2024-07-01,2591,before_deactivated,1,2023-12-22,2024-07-09,2025-11-21T15:11:22,1890
2026-04-01,14203,deactivated,1,2023-12-22,2024-07-09,2025-11-21T13:54:09,1883
2025-08-01,12081,before_deactivated,1,2023-12-22,2024-07-09,2025-11-21T14:05:31,1883
2025-11-01,11283,before_deactivated,1,2023-12-22,2026-06-01,2026-06-11T02:18:37,1880
2024-02-01,1045,live,0,2023-12-22,2024-05-16,2024-05-16T00:34:14,1870.88
2023-10-01,26295,no_migration,0,,,2023-11-14T16:49:52,1870
2025-05-01,1686,deactivated,1,2023-12-22,2024-07-09,2025-05-05T14:33:11,1866.585
2024-01-01,1919,live,0,2023-12-22,2026-07-08,2021-11-29T13:27:18,1861.19289
2023-11-01,27479,live_best_seller,0,2023-12-22,2024-06-17,2024-06-18T00:41:33,1860
2025-03-01,11897,churned,0,2023-12-22,2024-07-09,2021-11-05T10:40:16,1855.170778
2023-10-01,15665,no_migration,0,,,2023-11-17T10:28:07,1850
2024-02-01,4609,before_deactivated,1,2023-12-22,2024-07-09,2025-11-21T14:56:55,1850
2023-09-01,8053,before_deactivated,1,2023-12-22,2024-07-09,2025-11-21T14:29:43,1850
2026-05-01,3167,churned,0,2023-12-22,2024-07-09,2026-05-15T09:53:16,1846.7644
2025-06-01,6865,churned,0,2023-12-22,2024-07-09,2026-01-15T18:42:41,1845.05
2026-02-01,34171,churned,0,2023-12-22,2024-07-09,2026-05-06T15:23:25,1845
2025-10-01,22359,live_best_seller,0,2024-09-25,,2025-03-04T20:58:11,1844.3861
2023-11-01,31969,live,0,2023-12-22,2026-12-09,2025-12-09T12:18:15,1835.888864
2026-06-01,70279,live,0,2025-06-10,,2026-05-27T07:16:46,1830
2025-04-01,4329,before_deactivated,1,2023-12-22,2024-07-09,2025-11-21T14:58:40,1818.524736
2025-11-01,15037,before_deactivated,1,2023-12-22,2024-07-09,2025-11-21T13:50:14,1815.91919
2025-01-01,9265,live,0,2023-12-22,2025-05-22,2026-05-11T22:04:49,1808
2026-01-01,232,no_migration,0,,,2021-01-26T13:46:31,1806.705
2025-05-01,8217,churned,0,2023-12-22,2024-07-09,2025-05-22T11:08:16,1803.533319
2024-08-01,3143,live,0,2023-12-22,2025-07-05,2026-01-15T20:31:00,1803.15894
2024-08-01,3143,live,0,2023-12-22,2025-07-05,2026-01-15T20:31:00,1803.15894
2025-03-01,19035,before_deactivated,1,2023-12-22,2024-07-09,2025-07-25T18:32:19,1797.40736
2025-09-01,26921,before_deactivated,1,2023-12-22,2024-07-09,2025-11-21T13:08:51,1788
2024-07-01,6373,live,0,2023-12-22,2024-07-09,2026-01-15T18:46:23,1779.293
2023-10-01,33813,live,0,2023-12-22,2024-07-09,2025-11-26T23:37:15,1772.512
2025-07-01,27745,churned,0,2023-12-22,2024-07-09,2026-06-12T07:35:34,1771
2025-07-01,29189,churned,0,2023-12-22,2024-07-09,2025-10-20T17:08:13,1771
2023-11-01,33159,before_deactivated,1,2023-12-22,2024-09-15,2025-11-21T12:55:44,1770
2024-08-01,6159,churned,0,2023-12-22,2024-07-09,2025-03-29T10:01:08,1768
2026-04-01,34468,deactivated,1,2023-12-22,2024-09-07,2025-11-21T12:53:50,1760
2024-08-01,3143,live,0,2023-12-22,2025-07-05,2026-01-15T20:31:00,1758.30424
2024-09-01,2695,before_deactivated,1,2023-12-22,2026-05-15,2026-06-15T02:16:40,1758.03048
2026-04-01,24223,deactivated,1,2023-12-22,2024-07-09,2025-11-21T13:16:29,1757.27064
2026-04-01,24223,deactivated,1,2023-12-22,2024-07-09,2025-11-21T13:16:29,1757.27064
2025-05-01,12103,no_migration,0,,,2023-10-18T11:57:28,1755
2024-09-01,13043,before_deactivated,1,2023-12-22,2024-07-09,2025-11-21T14:00:32,1750
2024-12-01,27199,churned,0,2023-12-22,2024-07-09,2026-05-28T15:27:50,1750
2026-05-01,507,live,0,2023-12-22,2026-07-04,2021-09-07T15:28:01,1750
2025-11-01,11283,before_deactivated,1,2023-12-22,2026-06-01,2026-06-11T02:18:37,1743
2023-11-01,29113,before_deactivated,1,2023-12-22,2025-08-03,2025-11-21T13:02:34,1741.145508
2024-06-01,9871,live,0,2023-12-22,2024-07-09,2025-12-22T17:39:15,1740
2025-05-01,34176,no_migration,0,,,2023-10-19T09:19:26,1736
2025-12-01,2135,churned,0,2023-12-22,2024-07-09,2024-06-19T16:56:06,1736
2025-11-01,1705,churned,0,2023-12-22,2025-07-17,2026-03-19T11:39:40,1736
2023-11-01,1084,live,0,2023-12-22,2024-05-16,2024-05-24T17:02:10,1731.320945
2024-09-01,29969,before_deactivated,1,2023-12-22,2024-07-09,2025-11-21T13:00:43,1730
2024-11-01,15139,no_migration,0,,,2023-10-18T16:41:31,1729
2025-07-01,28925,before_deactivated,1,2023-12-22,2025-11-04,2025-11-21T13:03:01,1728
2026-02-01,19501,churned,0,2023-12-22,2025-11-03,2025-11-03T16:33:21,1722
2024-04-01,320,before_deactivated,1,2023-12-22,2024-07-09,2025-11-21T15:39:21,1720
2025-07-01,259,churned_best_seller,0,2023-12-22,2024-06-17,2026-04-21T14:53:28,1720
2024-03-01,24519,before_deactivated,1,2023-12-22,2025-12-30,2026-01-13T02:52:52,1716.61
2024-07-01,26215,before_deactivated,1,2023-12-22,2024-07-09,2025-11-21T13:11:20,1715
2025-06-01,6865,churned,0,2023-12-22,2024-07-09,2026-01-15T18:42:41,1707.88
2024-12-01,21405,before_deactivated,1,2023-12-22,2024-07-09,2025-11-21T13:24:57,1705.716531
2026-03-01,27729,churned,0,2023-12-22,2024-07-09,2025-11-27T12:39:53,1705.69
2026-01-01,1336,churned,0,2023-12-22,2025-06-18,2026-02-02T14:53:28,1703.49816
2023-12-01,86,live_best_seller,0,2023-12-22,2024-07-09,2026-03-01T16:18:02,1701.6004
2024-03-01,1200,live_best_seller,0,2023-12-22,2024-07-09,2025-02-17T14:50:59,1700.75125
2026-03-01,15627,churned,0,2023-12-22,2024-07-09,2026-02-09T20:44:04,1700.4141
2025-01-01,36857,live,0,2024-01-26,,2026-03-27T21:39:56,1700
2023-10-01,25507,live,0,2023-12-22,2024-07-09,2025-01-28T17:03:02,1700
2024-10-01,27745,churned,0,2023-12-22,2024-07-09,2026-06-12T07:35:34,1700
2026-05-01,27745,churned,0,2023-12-22,2024-07-09,2026-06-12T07:35:34,1700
2024-03-01,9049,before_deactivated,1,2023-12-22,2024-11-15,2024-11-20T14:10:22,1700
2025-07-01,27985,before_deactivated,1,2023-12-22,2024-07-09,2025-11-21T13:05:45,1700
2025-11-01,1453,churned,0,2023-12-22,2024-07-09,2026-05-15T08:24:08,1699.27877
2025-06-01,15737,before_deactivated,1,2023-12-22,2024-07-09,2025-11-21T13:47:07,1695.68571
2026-05-01,31957,churned,0,2023-12-22,2024-07-09,2024-07-10T05:31:34,1694
2026-02-01,8531,deactivated,1,2023-12-22,2025-07-20,2025-11-21T14:26:53,1694
2024-07-01,86,churned_best_seller,0,2023-12-22,2024-07-09,2026-03-01T16:18:02,1693.90625
2023-09-01,3143,live,0,2023-12-22,2025-07-05,2026-01-15T20:31:00,1692.641498
2023-11-01,1586,before_deactivated,1,2023-12-22,2024-07-09,2024-07-10T06:50:50,1692.40256
2024-03-01,29551,before_deactivated,1,2023-12-22,2026-04-13,2026-04-13T16:53:18,1690
2025-09-01,1579,churned,0,2023-12-22,2025-07-02,2025-07-02T13:32:25,1690
2026-01-01,31543,churned_best_seller,0,2023-12-22,2024-11-27,2025-02-10T20:08:46,1689.178666
2026-01-01,54705,live,0,2024-04-21,,2026-05-31T18:04:44,1686.188
2024-07-01,20457,churned,0,2023-12-22,2024-05-16,2026-01-08T17:32:14,1680
2025-05-01,18369,churned,0,2023-12-22,2024-07-09,2026-01-15T18:42:38,1680
2024-11-01,15617,churned,0,2023-12-22,2024-07-09,2026-06-15T18:42:34,1675.5
2025-06-01,5807,deactivated,1,2023-12-22,2024-07-09,2024-07-16T14:52:12,1674
2025-03-01,15397,live,0,2023-12-22,2025-04-28,2026-04-07T01:08:43,1668.645
2024-06-01,11283,before_deactivated,1,2023-12-22,2026-06-01,2026-06-11T02:18:37,1666
2024-07-01,2493,churned,0,2023-12-22,2024-07-09,2022-04-08T15:33:17,1659
2024-08-01,53134,live,0,2024-04-12,,2025-12-22T16:35:55,1657.28125
2025-07-01,28603,before_deactivated,1,2023-12-22,2024-07-09,2025-11-21T13:04:01,1657.1232
2026-03-01,27775,deactivated,1,2023-12-22,2024-07-09,2025-11-21T13:06:15,1655
2024-02-01,2525,live,0,2023-12-22,2024-07-09,2025-11-04T11:56:17,1654.785
2024-06-01,22283,before_deactivated,1,2023-12-22,2024-07-09,2025-11-21T13:21:55,1652.22
2025-03-01,16429,before_deactivated,1,2023-12-22,2024-07-09,2025-11-21T13:44:38,1650
2025-05-01,19417,churned,0,2023-12-22,2025-01-05,2026-05-07T16:58:26,1644.95
2026-06-01,8545,deactivated,1,2023-12-22,2024-07-09,2025-11-21T14:26:43,1644.610464
2024-12-01,21405,before_deactivated,1,2023-12-22,2024-07-09,2025-11-21T13:24:57,1641.378276
2025-04-01,36171,before_deactivated,1,2023-12-22,2024-07-09,2025-11-21T12:53:25,1640
2024-06-01,32093,before_deactivated,1,2023-12-22,2024-07-09,2025-11-21T12:56:54,1639.9136
2026-02-01,28773,before_deactivated,1,2023-12-22,2026-05-15,2026-06-15T02:17:06,1631
2025-11-01,18651,churned,0,2023-12-22,2025-02-28,2025-02-28T16:12:12,1631
2025-12-01,68703,before_deactivated,1,2025-03-31,2026-05-31,2026-06-15T02:17:32,1630
2025-05-01,19625,before_deactivated,1,2023-12-22,2024-07-09,2025-11-21T13:30:54,1624
2024-11-01,7421,churned,0,2023-12-22,2024-07-09,2026-03-07T13:27:50,1624
2025-03-01,6347,before_deactivated,1,2023-12-22,2024-07-09,2025-11-21T14:41:35,1620
2023-11-01,31969,live,0,2023-12-22,2026-12-09,2025-12-09T12:18:15,1620
2023-09-01,14347,before_deactivated,1,2023-12-22,2024-07-09,2025-11-21T13:53:20,1620
2024-11-01,4477,churned,0,2023-12-22,2024-07-09,2026-01-16T10:46:16,1605.576
2026-03-01,1581,churned,0,2023-12-22,2024-07-09,2024-07-10T01:24:09,1603
2023-11-01,8053,before_deactivated,1,2023-12-22,2024-07-09,2025-11-21T14:29:43,1602.26
2025-01-01,2099,churned,0,2023-12-22,2024-07-09,2026-04-17T04:05:32,1600
2025-04-01,1955,deactivated,1,2023-12-22,2024-07-09,2024-10-08T00:09:18,1600
2025-11-01,6739,churned,0,2023-12-22,2024-07-09,2026-04-11T14:53:42,1596.72982
2025-10-01,1367,before_deactivated,1,2023-12-22,2024-07-09,2025-11-21T15:24:50,1593.313384
2024-01-01,4103,before_deactivated,1,2023-12-22,2026-01-05,2026-03-01T03:16:09,1591.7541
2025-01-01,24029,before_deactivated,1,2023-12-22,2026-05-17,2026-05-17T12:52:13,1590
2025-06-01,3111,before_deactivated,1,2023-12-22,2024-07-09,2025-11-21T15:07:07,1585.21374
2025-05-01,21405,before_deactivated,1,2023-12-22,2024-07-09,2025-11-21T13:24:57,1585.022208
2024-12-01,36909,before_deactivated,1,2024-01-28,2026-05-05,2026-05-05T09:49:44,1584
2024-11-01,2081,churned,0,2023-12-22,2024-07-09,2022-03-29T14:36:00,1582
2025-10-01,13507,no_migration,0,,,2022-06-15T16:06:41,1582
2026-05-01,5025,deactivated,1,2023-12-22,2024-07-09,2025-11-21T14:52:49,1576.2372
2025-10-01,27985,before_deactivated,1,2023-12-22,2024-07-09,2025-11-21T13:05:45,1576
2025-12-01,33454,deactivated,1,2023-12-22,2024-07-09,2025-11-21T12:55:21,1571.64
2023-11-01,520,before_deactivated,1,2023-12-22,2024-07-09,2025-09-16T14:05:53,1570
2026-05-01,59448,live,0,2024-06-07,,2025-12-05T16:20:24,1570
2025-05-01,25023,churned,0,2023-12-22,2024-07-09,2026-06-14T19:42:37,1568
2024-08-01,9371,before_deactivated,1,2023-12-22,2024-07-09,2025-11-21T14:22:00,1567.223218
2025-09-01,10269,live,0,2023-12-22,2026-06-18,2026-01-28T14:59:58,1563.721586
2025-05-01,15847,churned,0,2023-12-22,2024-07-09,2025-06-11T19:32:49,1562.939
2023-10-01,34678,no_migration,0,,,2023-10-19T09:55:45,1562.86
2024-01-01,12387,before_deactivated,1,2023-12-22,2024-07-09,2025-11-21T14:04:25,1562.8525
2025-12-01,28693,churned,0,2023-12-22,2024-07-09,2026-02-15T18:03:56,1560.20009
2025-09-01,10269,live,0,2023-12-22,2026-06-18,2026-01-28T14:59:58,1559.14424
2025-06-01,10759,before_deactivated,1,2023-12-22,2024-07-09,2025-11-21T14:13:36,1557.6462
2026-03-01,36261,churned,0,2023-12-22,2024-07-25,2025-12-14T22:53:28,1555.56
2025-02-01,7421,churned,0,2023-12-22,2024-07-09,2026-03-07T13:27:50,1554
2024-08-01,3143,live,0,2023-12-22,2025-07-05,2026-01-15T20:31:00,1551.97262
2024-04-01,9417,live,0,2023-12-22,2026-05-02,2026-05-21T02:16:02,1550
2026-02-01,23645,live,0,2025-12-27,,2026-03-27T09:49:18,1544.262696
2024-12-01,31969,live,0,2023-12-22,2026-12-09,2025-12-09T12:18:15,1540
2025-11-01,15037,before_deactivated,1,2023-12-22,2024-07-09,2025-11-21T13:50:14,1529.111471
2025-02-01,13949,deactivated,1,2023-12-22,2024-07-09,2025-01-26T14:58:31,1527.43024
2025-07-01,29253,before_deactivated,1,2023-12-22,2024-07-09,2025-11-21T13:02:08,1523.85743
2024-11-01,31295,before_deactivated,1,2023-12-22,2024-07-09,2025-11-21T12:58:11,1520
2025-10-01,67519,live,0,2025-02-13,,2026-01-17T17:50:29,1518.927284
2024-02-01,10801,live_best_seller,0,2023-12-22,2024-07-09,2021-10-19T14:58:59,1516.88625
2024-02-01,10801,live_best_seller,0,2023-12-22,2024-07-09,2021-10-19T14:58:59,1516.88625
2024-02-01,10801,live_best_seller,0,2023-12-22,2024-07-09,2021-10-19T14:58:59,1516.88625
2024-07-01,242,live,0,2023-12-22,2025-12-04,2025-12-15T03:05:01,1512
2025-10-01,26567,churned,0,2023-12-22,2024-07-09,2023-04-25T16:53:43,1510
2024-12-01,19517,before_deactivated,1,2023-12-22,2024-07-09,2025-08-18T16:06:19,1510
2024-01-01,7037,live,0,2023-12-22,2024-07-09,2026-01-15T22:56:11,1510
2023-10-01,4877,before_deactivated,1,2023-12-22,2024-07-09,2024-07-10T01:42:33,1510
2025-06-01,668,before_deactivated,1,2023-12-22,2024-07-09,2025-11-21T15:34:27,1508.72538
2025-12-01,15847,churned,0,2023-12-22,2024-07-09,2025-06-11T19:32:49,1507.498524
2025-03-01,11897,churned,0,2023-12-22,2024-07-09,2021-11-05T10:40:16,1502.899557
2025-01-01,22357,before_deactivated,1,2023-12-22,2024-07-09,2025-11-21T13:21:36,1500
2025-01-01,14281,deactivated,1,2023-12-22,2024-09-12,2024-09-13T12:22:43,1500
2024-10-01,22751,before_deactivated,1,2023-12-22,2024-07-09,2025-11-21T13:20:35,1500
2024-03-01,1226,before_deactivated,1,2023-12-22,2024-07-09,2025-11-21T15:26:53,1500
2025-08-01,32949,churned,0,2023-12-22,2024-07-09,2022-03-17T10:02:01,1500
2024-02-01,34375,before_deactivated,1,2023-12-22,2024-12-20,2025-11-21T12:53:52,1500
2024-04-01,232,no_migration,0,,,2021-01-26T13:46:31,1500
2024-05-01,7963,live,0,2023-12-22,2024-07-09,2026-01-15T19:49:24,1500
2025-12-01,19149,live,0,2023-12-22,2026-07-09,2025-10-26T16:57:42,1498.5432
2025-05-01,11897,churned,0,2023-12-22,2024-07-09,2021-11-05T10:40:16,1493.647869
2024-04-01,13117,before_deactivated,1,2023-12-22,2024-07-09,2025-11-21T14:00:09,1490
2025-11-01,33454,before_deactivated,1,2023-12-22,2024-07-09,2025-11-21T12:55:21,1484
2024-09-01,52508,live,0,2024-03-31,,2026-06-07T12:55:42,1483.92972
2024-03-01,19055,live,0,2023-12-22,2024-07-09,2025-09-19T08:46:50,1480.11325
2026-02-01,27775,deactivated,1,2023-12-22,2024-07-09,2025-11-21T13:06:15,1480
2025-08-01,24669,before_deactivated,1,2023-12-22,2024-07-09,2025-11-21T13:15:11,1479.358335
2024-03-01,33990,live,0,2023-12-22,2025-09-06,2026-04-10T17:16:58,1478.466
2025-10-01,11651,churned,0,2023-12-22,2024-05-16,2026-06-05T16:11:18,1477
2023-11-01,21467,before_deactivated,1,2023-12-22,2024-07-09,2025-11-21T13:24:43,1471.6544
2025-03-01,11283,before_deactivated,1,2023-12-22,2026-06-01,2026-06-11T02:18:37,1470
2023-11-01,28569,before_deactivated,1,2023-12-22,2024-07-09,2025-11-21T13:04:07,1470
2025-12-01,18545,live,0,2023-12-22,2026-03-17,2026-03-30T03:16:59,1457.613976
2025-05-01,21355,before_deactivated,1,2023-12-22,2024-07-09,2025-11-21T13:25:06,1456
2026-05-01,69723,live,0,2025-05-16,,2026-01-29T14:22:49,1454.0624
2024-05-01,10995,before_deactivated,1,2023-12-22,2025-07-15,2025-11-21T14:11:59,1452.1178
2025-05-01,27399,churned,0,2023-12-22,2024-07-09,2025-12-02T17:49:20,1450
2024-05-01,8053,before_deactivated,1,2023-12-22,2024-07-09,2025-11-21T14:29:43,1450
2024-06-01,3941,before_deactivated,1,2023-12-22,2024-07-09,2025-11-21T15:00:57,1450
2023-09-01,26921,before_deactivated,1,2023-12-22,2024-07-09,2025-11-21T13:08:51,1450
2025-11-01,1005,churned,0,2023-12-22,2024-07-09,2025-12-17T17:38:08,1448
2024-05-01,33860,live,0,2023-12-22,2024-07-09,2026-01-16T09:13:50,1440
2024-07-01,14865,live,0,2023-12-22,2024-07-09,2025-09-13T17:05:37,1434
2025-11-01,21067,before_deactivated,1,2023-12-22,2025-08-28,2025-11-21T13:25:56,1431.331902
2025-11-01,68555,before_deactivated,1,2025-03-26,2026-06-03,2026-06-15T02:17:31,1426.04658
2025-04-01,24669,before_deactivated,1,2023-12-22,2024-07-09,2025-11-21T13:15:11,1420.01839
2023-10-01,4153,before_deactivated,1,2023-12-22,2024-07-09,2025-11-21T14:59:43,1418.85036
2024-08-01,2173,live,0,2023-12-22,2026-07-04,2023-07-06T01:28:35,1415.88475
2025-11-01,60337,live,0,2024-06-26,,2026-01-03T11:48:21,1414
2023-10-01,3239,before_deactivated,1,2023-12-22,2024-07-09,2024-09-27T10:05:48,1412.37675
2024-05-01,26535,before_deactivated,1,2023-12-22,2024-07-09,2025-11-21T13:10:18,1407.375
2025-08-01,21443,before_deactivated,1,2023-12-22,2024-07-09,2025-11-21T13:24:47,1401.652992
2024-07-01,17401,churned,0,2023-12-22,2024-07-09,2025-12-11T10:41:49,1400
2023-12-01,14191,before_deactivated,1,2023-12-22,2024-07-09,2025-11-21T13:54:16,1400
2025-03-01,11287,churned,0,2023-12-22,2024-07-09,2026-04-20T15:07:34,1400
2025-12-01,2479,churned,0,2023-12-22,2024-12-27,2025-11-22T20:43:53,1392
2024-01-01,5881,no_migration,0,,,2023-10-18T16:52:41,1390
2023-12-01,27225,before_deactivated,1,2023-12-22,2024-07-09,2025-11-21T13:07:49,1388
2023-10-01,11235,before_deactivated,1,2023-12-22,2024-07-09,2024-09-26T11:36:20,1381.26492
2023-11-01,11205,before_deactivated,1,2023-12-22,2025-07-04,2025-11-21T14:10:40,1379.676
2023-11-01,1586,before_deactivated,1,2023-12-22,2024-07-09,2024-07-10T06:50:50,1379.676
2024-04-01,26535,before_deactivated,1,2023-12-22,2024-07-09,2025-11-21T13:10:18,1378.9875
2025-10-01,53134,live,0,2024-04-12,,2025-12-22T16:35:55,1378
2026-06-01,3567,live,0,2023-12-22,2026-07-05,2021-04-01T16:59:32,1377
2025-06-01,1104,deactivated,1,2023-12-22,2025-06-09,2025-06-16T10:23:06,1372
2025-12-01,5105,churned,0,2023-12-22,2024-07-09,2023-11-05T14:01:13,1372
2025-11-01,27745,churned,0,2023-12-22,2024-07-09,2026-06-12T07:35:34,1368
2025-08-01,274,before_deactivated,1,2023-12-22,2024-07-09,2025-11-21T15:40:10,1365
2023-10-01,3941,before_deactivated,1,2023-12-22,2024-07-09,2025-11-21T15:00:57,1360
2023-10-01,3941,before_deactivated,1,2023-12-22,2024-07-09,2025-11-21T15:00:57,1360
2026-01-01,13819,deactivated,1,2023-12-22,2024-07-09,2025-11-21T13:56:19,1357.45701
2024-05-01,4153,before_deactivated,1,2023-12-22,2024-07-09,2025-11-21T14:59:43,1355.7383
2024-12-01,6159,churned,0,2023-12-22,2024-07-09,2025-03-29T10:01:08,1350.61
2025-06-01,11161,before_deactivated,1,2023-12-22,2024-07-09,2025-08-22T10:09:07,1349
2023-11-01,5441,before_deactivated,1,2023-12-22,2024-07-09,2025-11-21T14:48:50,1342.61
2025-12-01,3741,churned,0,2023-12-22,2024-05-16,2019-03-05T11:52:15,1339.578541
2026-01-01,8531,deactivated,1,2023-12-22,2025-07-20,2025-11-21T14:26:53,1338.26943
2026-05-01,1035,churned_best_seller,0,2023-12-22,2024-07-09,2026-01-27T12:09:35,1330
2024-02-01,10691,before_deactivated,1,2023-12-22,2024-07-09,2025-11-21T14:14:06,1320
2026-02-01,79584,before_deactivated,1,2025-11-06,2026-06-06,2026-06-06T13:54:08,1318.6316
2024-10-01,8335,before_deactivated,1,2023-12-22,2024-07-09,2025-06-16T10:19:28,1318.0824
2025-08-01,3759,churned,0,2023-12-22,2024-07-09,2026-04-29T15:40:30,1316.793632
2024-06-01,16787,before_deactivated,1,2023-12-22,2024-07-09,2025-11-21T13:43:21,1316
2026-05-01,69723,live,0,2025-05-16,,2026-01-29T14:22:49,1313.990216
2025-08-01,33426,churned,0,2023-12-22,2024-07-09,2026-06-10T04:49:42,1312.2466
2025-04-01,6347,before_deactivated,1,2023-12-22,2024-07-09,2025-11-21T14:41:35,1310
2025-11-01,29749,before_deactivated,1,2023-12-22,2024-07-09,2025-11-21T13:01:13,1308.12357
2025-11-01,11897,churned,0,2023-12-22,2024-07-09,2021-11-05T10:40:16,1307.385576
2024-04-01,6367,before_deactivated,1,2023-12-22,2024-07-09,2025-11-21T14:41:24,1303.347
2025-12-01,53134,live,0,2024-04-12,,2025-12-22T16:35:55,1302
2023-11-01,10377,live,0,2023-12-22,2025-09-01,2026-02-10T19:50:43,1300
2023-09-01,3743,before_deactivated,1,2023-12-22,2024-07-09,2025-11-21T15:02:38,1300
2025-07-01,12161,churned,0,2023-12-22,2025-05-14,2025-08-13T17:58:04,1300
2025-11-01,4489,churned_best_seller,0,2023-12-22,2025-10-31,2026-02-13T01:13:51,1300
2024-03-01,22311,live,0,2023-12-22,2026-01-18,2026-03-01T03:16:14,1300
2025-03-01,32451,before_deactivated,1,2023-12-22,2024-07-09,2025-11-21T12:56:31,1300
2026-04-01,69723,live,0,2025-05-16,,2026-01-29T14:22:49,1297.31182
2026-02-01,76989,live,0,2025-08-31,,2026-03-01T10:42:26,1292.041
2023-09-01,2259,before_deactivated,1,2023-12-22,2026-02-11,2026-05-19T02:18:25,1276.3701
2024-12-01,9557,before_deactivated,1,2023-12-22,2024-07-09,2025-11-21T14:20:44,1275.2073
2025-05-01,29727,before_deactivated,1,2023-12-22,2024-07-09,2025-11-21T13:01:17,1274.7617
2026-01-01,3443,churned,0,2023-12-22,2024-07-09,2026-01-16T13:36:33,1267
2024-06-01,8331,live,0,2023-12-22,2024-07-12,2026-05-12T21:29:08,1266.702
2026-02-01,27667,churned,0,2023-12-22,2024-07-09,2026-05-03T11:50:40,1264.0215
2025-11-01,3143,churned,0,2023-12-22,2025-07-05,2026-01-15T20:31:00,1260.984571
2024-05-01,19183,before_deactivated,1,2023-12-22,2025-07-10,2025-11-21T13:32:55,1260.76
2023-12-01,24597,before_deactivated,1,2023-12-22,2024-07-09,2025-11-21T13:15:31,1260.10408
2023-12-01,323,no_migration,0,,,2024-01-22T14:23:35,1260
2026-01-01,54705,live,0,2024-04-21,,2026-05-31T18:04:44,1259.313072
2024-07-01,86,churned_best_seller,0,2023-12-22,2024-07-09,2026-03-01T16:18:02,1258.984375
2023-12-01,2225,live,0,2023-12-22,2024-07-09,2026-02-18T10:20:56,1258.7778
2025-11-01,37138,live,0,2024-02-06,,2026-04-03T18:32:28,1258.04012
2026-03-01,9763,churned,0,2023-12-22,2024-07-09,2025-05-06T13:44:50,1254
2025-05-01,27305,churned,0,2023-12-22,2024-05-16,2024-11-29T17:03:28,1253.945525
2023-11-01,24673,before_deactivated,1,2023-12-22,2024-07-09,2025-11-21T13:15:10,1250
2023-11-01,24673,before_deactivated,1,2023-12-22,2024-07-09,2025-11-21T13:15:10,1250
2024-09-01,31025,live,0,2023-12-22,2026-07-07,2026-01-25T17:52:15,1250
2024-05-01,17495,before_deactivated,1,2023-12-22,2024-09-08,2025-11-21T13:39:49,1250
2026-04-01,19709,churned,0,2023-12-22,2024-07-09,2025-02-14T12:36:14,1246
2024-06-01,11839,before_deactivated,1,2023-12-22,2024-07-09,2025-11-21T14:06:52,1246
2024-01-01,462,live,0,2025-08-22,,2025-08-25T18:29:11,1240
2025-11-01,27745,churned,0,2023-12-22,2024-07-09,2026-06-12T07:35:34,1236
2023-09-01,24259,before_deactivated,1,2023-12-22,2024-07-09,2025-11-21T13:16:26,1235
2024-11-01,15617,churned,0,2023-12-22,2024-07-09,2026-06-15T18:42:34,1222.5
2025-05-01,63,churned,0,2023-12-22,2024-07-09,2026-03-19T01:44:15,1222.440996
2026-06-01,13819,deactivated,1,2023-12-22,2024-07-09,2025-11-21T13:56:19,1220.45876
2025-08-01,31025,live,0,2023-12-22,2026-07-07,2026-01-25T17:52:15,1220.3433
2024-05-01,5245,before_deactivated,1,2023-12-22,2025-07-17,2026-02-10T00:45:14,1217
2026-03-01,2627,churned,0,2023-12-22,2024-07-09,2025-11-25T13:23:09,1212.8844
2025-11-01,36260,before_deactivated,1,2023-12-22,2026-04-22,2026-06-12T09:09:38,1211
2025-08-01,33860,churned,0,2023-12-22,2024-07-09,2026-01-16T09:13:50,1211
2024-07-01,27615,churned,0,2023-12-22,2024-05-16,2024-05-16T00:30:35,1201.61
2024-10-01,31273,before_deactivated,1,2023-12-22,2024-07-09,2025-11-21T12:58:13,1200
2024-08-01,29401,before_deactivated,1,2023-12-22,2024-07-09,2025-11-21T13:01:48,1200
2026-01-01,3671,deactivated,1,2023-12-22,2024-07-09,2025-11-21T15:03:13,1200
2024-12-01,59,live,0,2023-12-22,2024-12-23,2025-07-18T16:27:51,1200
2024-12-01,1365,before_deactivated,1,2023-12-22,2024-07-09,2025-11-21T15:24:53,1200
2026-02-01,77429,live,0,2025-09-23,,2026-02-11T16:42:44,1200
2025-02-01,15575,before_deactivated,1,2023-12-22,2026-05-14,2026-05-14T12:00:18,1200
2024-12-01,19209,no_migration,0,,,2023-06-09T16:26:44,1200
2024-07-01,34109,live,0,2023-12-22,2025-11-16,2026-02-01T23:04:53,1200
2025-06-01,1104,deactivated,1,2023-12-22,2025-06-09,2025-06-16T10:23:06,1197
2025-07-01,4691,churned,0,2023-12-22,2024-10-16,2026-02-19T17:51:57,1191.62893
2024-03-01,2361,before_deactivated,1,2023-12-22,2024-07-09,2025-11-21T15:13:36,1190
2025-11-01,2445,before_deactivated,1,2023-12-22,2024-07-09,2025-11-21T15:12:51,1189.09458
2025-06-01,895,before_deactivated,1,2023-12-22,2024-07-09,2025-11-21T15:31:08,1183.7
2025-11-01,1272,deactivated,1,2023-12-22,2024-07-26,2024-09-13T18:38:01,1183
2024-07-01,32457,before_deactivated,1,2023-12-22,2024-07-09,2025-11-21T12:56:30,1183
2025-05-01,11651,churned,0,2023-12-22,2024-05-16,2026-06-05T16:11:18,1176
2023-11-01,3701,live,0,2023-12-22,2024-07-09,2026-01-21T13:17:45,1174.545
2023-11-01,14855,no_migration,0,,,2024-02-12T15:04:05,1170
2025-10-01,33454,before_deactivated,1,2023-12-22,2024-07-09,2025-11-21T12:55:21,1170
2024-09-01,11287,churned,0,2023-12-22,2024-07-09,2026-04-20T15:07:34,1170
2024-07-01,17179,churned,0,2023-12-22,2024-07-09,2026-02-26T23:29:15,1162.411614
2025-02-01,31025,live,0,2023-12-22,2026-07-07,2026-01-25T17:52:15,1162
2023-12-01,6159,live,0,2023-12-22,2024-07-09,2025-03-29T10:01:08,1160
2024-05-01,4411,live,0,2023-12-22,2024-07-09,2022-11-09T07:26:27,1155.27
2024-01-01,8053,before_deactivated,1,2023-12-22,2024-07-09,2025-11-21T14:29:43,1150.05
2025-03-01,7733,before_deactivated,1,2023-12-22,2024-07-09,2025-11-21T14:31:42,1150
2025-09-01,14827,before_deactivated,1,2023-12-22,2026-02-28,2026-03-26T03:17:43,1150
2023-11-01,8053,before_deactivated,1,2023-12-22,2024-07-09,2025-11-21T14:29:43,1144.29
2025-09-01,3111,before_deactivated,1,2023-12-22,2024-07-09,2025-11-21T15:07:07,1144.24195
2024-09-01,27785,churned,0,2023-12-22,2024-08-14,2026-05-29T20:02:46,1144
2025-07-01,9265,churned,0,2023-12-22,2025-05-22,2026-05-11T22:04:49,1141
2025-09-01,10469,before_deactivated,1,2023-12-22,2026-02-16,2026-02-16T22:25:55,1140
2023-12-01,3421,live,0,2023-12-22,2024-05-16,2024-05-16T00:23:53,1138.692592
2025-02-01,3061,churned,0,2023-12-22,2024-07-09,2026-05-31T06:19:52,1134.62692
2025-11-01,19035,deactivated,1,2023-12-22,2024-07-09,2025-07-25T18:32:19,1131.62427
2024-08-01,9315,churned,0,2023-12-22,2024-07-09,2026-05-30T22:07:46,1130
2024-02-01,2605,before_deactivated,1,2023-12-22,2024-07-09,2025-11-21T15:11:10,1130
2024-02-01,2605,before_deactivated,1,2023-12-22,2024-07-09,2025-11-21T15:11:10,1130
2023-11-01,14855,no_migration,0,,,2024-02-12T15:04:05,1130
2024-06-01,13359,live,0,2023-12-22,2024-07-09,2025-11-04T19:01:54,1129.017
2024-11-01,30401,before_deactivated,1,2023-12-22,2024-07-09,2025-11-21T12:59:55,1127
2025-07-01,63,churned,0,2023-12-22,2024-07-09,2026-03-19T01:44:15,1125.40428
2025-11-01,60445,live,0,2024-06-28,,2025-06-30T12:10:39,1124.8107
2024-12-01,1380,churned,0,2023-12-22,2024-07-09,2025-04-25T11:41:07,1120
2026-02-01,10007,live,0,2023-12-22,2026-05-10,2026-05-23T02:15:58,1119.0354
2025-06-01,3623,before_deactivated,1,2023-12-22,2024-07-09,2025-11-21T15:03:45,1116.75797
2026-06-01,24989,deactivated,1,2023-12-22,2024-07-09,2025-11-21T13:13:58,1113
2024-03-01,1396,before_deactivated,1,2023-12-22,2024-07-09,2025-11-21T15:24:25,1101.205476
2023-12-01,1975,live,0,2023-12-22,2024-07-09,2025-02-11T08:34:54,1100
2024-01-01,29189,live,0,2023-12-22,2024-07-09,2025-10-20T17:08:13,1100
2023-12-01,644,before_deactivated,1,2023-12-22,2024-07-09,2025-11-21T15:34:46,1100
2025-02-01,1953,churned,0,2023-12-22,2024-07-09,2022-08-27T20:19:27,1100
2025-08-01,31113,before_deactivated,1,2023-12-22,2024-07-09,2025-11-21T12:58:31,1100
2026-01-01,15581,churned,0,2023-12-22,2024-07-09,2026-01-16T17:47:17,1100
2025-08-01,31113,before_deactivated,1,2023-12-22,2024-07-09,2025-11-21T12:58:31,1100
2023-09-01,34571,live,0,2023-12-22,2024-05-16,2024-05-16T00:32:43,1099.37412
2024-07-01,27615,churned,0,2023-12-22,2024-05-16,2024-05-16T00:30:35,1098.39
2023-09-01,28129,before_deactivated,1,2023-12-22,2024-07-09,2025-11-21T13:05:20,1098
2025-12-01,17603,deactivated,1,2023-12-22,2024-07-09,2025-11-21T13:39:12,1092
2025-11-01,6467,before_deactivated,1,2023-12-22,2024-07-09,2025-11-21T14:40:50,1085
2025-02-01,2479,churned,0,2023-12-22,2024-12-27,2025-11-22T20:43:53,1085
2025-12-01,4055,deactivated,1,2023-12-22,2024-07-09,2025-11-21T15:00:23,1082.64303
2025-10-01,20151,before_deactivated,1,2023-12-22,2024-07-09,2025-11-21T13:28:54,1080
2023-11-01,1761,live,0,2025-08-19,,2025-08-19T19:13:24,1080
2024-08-01,9371,before_deactivated,1,2023-12-22,2024-07-09,2025-11-21T14:22:00,1077.85
2024-03-01,745,before_deactivated,1,2023-12-22,2024-07-09,2025-11-21T15:33:03,1073.74
2024-03-01,745,before_deactivated,1,2023-12-22,2024-07-09,2025-11-21T15:33:03,1073.74
2023-09-01,34571,live,0,2023-12-22,2024-05-16,2024-05-16T00:32:43,1072.66068
2024-03-01,5837,before_deactivated,1,2023-12-22,2024-07-09,2025-11-21T14:45:35,1070
2024-09-01,15581,churned,0,2023-12-22,2024-07-09,2026-01-16T17:47:17,1068.700274
2025-12-01,31711,churned,0,2023-12-22,2024-07-09,2025-12-02T05:37:05,1066.572
2025-11-01,8257,before_deactivated,1,2023-12-22,2024-07-09,2025-11-21T14:28:46,1066.5046
2026-04-01,8699,churned,0,2023-12-22,2024-07-09,2026-06-01T11:32:26,1060.215
2026-01-01,6717,live,0,2023-12-22,2026-03-09,2026-03-09T15:00:00,1060
2025-11-01,27305,churned,0,2023-12-22,2024-05-16,2024-11-29T17:03:28,1058.816059
2025-11-01,27745,churned,0,2023-12-22,2024-07-09,2026-06-12T07:35:34,1057
2024-04-01,24519,before_deactivated,1,2023-12-22,2025-12-30,2026-01-13T02:52:52,1053.72
2023-11-01,3167,live,0,2023-12-22,2024-07-09,2026-05-15T09:53:16,1050
2024-07-01,14203,before_deactivated,1,2023-12-22,2024-07-09,2025-11-21T13:54:09,1050
2025-03-01,14061,churned,0,2023-12-22,2024-07-09,2026-05-26T13:52:04,1050
2025-10-01,15937,before_deactivated,1,2023-12-22,2024-07-09,2025-11-21T13:46:21,1050
2026-01-01,3143,churned,0,2023-12-22,2025-07-05,2026-01-15T20:31:00,1048
2025-01-01,20221,live,0,2023-12-22,2025-10-27,2026-04-18T15:13:44,1043
2026-04-01,14061,churned,0,2023-12-22,2024-07-09,2026-05-26T13:52:04,1043
2026-03-01,14855,no_migration,0,,,2024-02-12T15:04:05,1041.81726
2024-03-01,24519,before_deactivated,1,2023-12-22,2025-12-30,2026-01-13T02:52:52,1041.7
2024-03-01,24519,before_deactivated,1,2023-12-22,2025-12-30,2026-01-13T02:52:52,1041.7
2024-05-01,19857,live,0,2023-12-22,2024-11-17,2024-11-17T22:11:37,1041.4575
2024-04-01,22305,before_deactivated,1,2023-12-22,2024-07-09,2025-11-21T13:21:50,1038.83725
2026-05-01,24669,deactivated,1,2023-12-22,2024-07-09,2025-11-21T13:15:11,1038.709182
2024-05-01,16703,before_deactivated,1,2023-12-22,2024-07-09,2025-11-21T13:43:42,1032.075
2023-11-01,15501,before_deactivated,1,2023-12-22,2024-07-09,2025-11-21T13:48:20,1026
2023-11-01,15501,before_deactivated,1,2023-12-22,2024-07-09,2025-11-21T13:48:20,1026
2024-12-01,24055,before_deactivated,1,2023-12-22,2026-05-07,2026-05-07T18:10:15,1020
2025-11-01,4055,before_deactivated,1,2023-12-22,2024-07-09,2025-11-21T15:00:23,1019.475072
2025-07-01,22817,before_deactivated,1,2023-12-22,2024-07-09,2025-11-21T13:20:27,1019.4412
2025-07-01,31543,churned_best_seller,0,2023-12-22,2024-11-27,2025-02-10T20:08:46,1016.850656
2026-01-01,3143,churned,0,2023-12-22,2025-07-05,2026-01-15T20:31:00,1015.64217
2024-07-01,30581,before_deactivated,1,2023-12-22,2024-07-09,2025-11-21T12:59:33,1014.072
2024-01-01,8053,before_deactivated,1,2023-12-22,2024-07-09,2025-11-21T14:29:43,1014.07
2025-07-01,31543,churned_best_seller,0,2023-12-22,2024-11-27,2025-02-10T20:08:46,1012.71952
2025-10-01,21491,churned,0,2023-12-22,2024-07-09,2025-04-28T10:51:39,1011.76336
2026-03-01,33426,churned,0,2023-12-22,2024-07-09,2026-06-10T04:49:42,1010.61912
2024-08-01,904,churned,0,2023-12-22,2024-05-16,2024-05-16T00:33:59,1010
2026-02-01,16495,churned,0,2023-12-22,2024-07-09,2026-05-14T13:46:05,1000
2024-02-01,2605,before_deactivated,1,2023-12-22,2024-07-09,2025-11-21T15:11:10,1000
2024-06-01,14855,no_migration,0,,,2024-02-12T15:04:05,1000
2025-11-01,6613,churned,0,2023-12-22,2024-07-09,2026-01-16T16:28:08,1000
2025-11-01,23113,churned,0,2023-12-22,2024-07-09,2026-06-05T07:58:49,1000
2024-05-01,3355,live,0,2023-12-22,2024-05-16,2025-12-04T18:26:40,1000
2026-01-01,27399,churned,0,2023-12-22,2024-07-09,2025-12-02T17:49:20,1000
2024-06-01,12081,before_deactivated,1,2023-12-22,2024-07-09,2025-11-21T14:05:31,1000
2023-09-01,8053,before_deactivated,1,2023-12-22,2024-07-09,2025-11-21T14:29:43,1000
2026-03-01,23113,churned,0,2023-12-22,2024-07-09,2026-06-05T07:58:49,1000
2024-01-01,6159,live,0,2023-12-22,2024-07-09,2025-03-29T10:01:08,1000
2024-07-01,1493,before_deactivated,1,2023-12-22,2024-08-09,2025-01-29T10:58:35,1000
2025-03-01,242,live,0,2023-12-22,2025-12-04,2025-12-15T03:05:01,999.48576
2024-11-01,52592,before_deactivated,1,2024-04-02,2025-04-02,2025-05-05T14:33:11,995.600573
2024-11-01,24669,before_deactivated,1,2023-12-22,2024-07-09,2025-11-21T13:15:11,994.11585
2024-12-01,707,churned,0,2023-12-22,2024-07-09,2022-04-08T16:36:12,994
2025-03-01,11897,churned,0,2023-12-22,2024-07-09,2021-11-05T10:40:16,992.93808
2025-08-01,14735,before_deactivated,1,2023-12-22,2024-07-09,2025-11-21T13:51:32,992
2025-08-01,3111,before_deactivated,1,2023-12-22,2024-07-09,2025-11-21T15:07:07,990.474142
2024-03-01,22311,live,0,2023-12-22,2026-01-18,2026-03-01T03:16:14,990
2024-05-01,14061,live,0,2023-12-22,2024-07-09,2026-05-26T13:52:04,990
2024-10-01,17609,churned,0,2023-12-22,2024-05-16,2024-05-16T00:28:49,988.60116
2025-12-01,5787,churned_best_seller,0,2023-12-22,2024-07-09,2020-06-02T15:24:03,987
2026-05-01,13819,deactivated,1,2023-12-22,2024-07-09,2025-11-21T13:56:19,984.982845
2024-04-01,5579,before_deactivated,1,2023-12-22,2024-07-09,2024-07-10T01:48:24,983.67775
2025-06-01,1104,deactivated,1,2023-12-22,2025-06-09,2025-06-16T10:23:06,980
2024-02-01,1045,live,0,2023-12-22,2024-05-16,2024-05-16T00:34:14,974.81
2024-02-01,1045,live,0,2023-12-22,2024-05-16,2024-05-16T00:34:14,974.81
2025-09-01,57333,live,0,2024-05-19,,2025-06-26T17:17:05,973
2025-11-01,15167,churned,0,2023-12-22,2024-07-09,2026-05-02T08:46:18,973
2025-04-01,11651,churned,0,2023-12-22,2024-05-16,2026-06-05T16:11:18,972.511
2025-11-01,27399,churned,0,2023-12-22,2024-07-09,2025-12-02T17:49:20,972.385743
2025-02-01,7407,before_deactivated,1,2023-12-22,2024-07-09,2025-11-21T14:33:56,968.00347
2026-06-01,28693,churned,0,2023-12-22,2024-07-09,2026-02-15T18:03:56,965.15104
2024-01-01,3671,before_deactivated,1,2023-12-22,2024-07-09,2025-11-21T15:03:13,960
2026-06-01,15549,live,0,2025-12-02,,2026-06-13T13:01:44,955.631558
2025-09-01,7037,churned,0,2023-12-22,2024-07-09,2026-01-15T22:56:11,950
2024-11-01,23467,churned,0,2023-12-22,2024-07-09,2025-11-14T11:39:41,950
2023-10-01,28303,no_migration,0,,,2023-11-17T12:45:34,949.03236
2025-05-01,9835,before_deactivated,1,2023-12-22,2024-07-09,2025-11-21T14:19:19,945
2024-03-01,18183,live,0,2023-12-22,2024-05-16,2026-02-10T12:48:12,944.8791
2024-07-01,8157,live,0,2023-12-22,2024-12-11,2025-12-02T12:18:21,943.96176
2024-11-01,6239,churned,0,2023-12-22,2024-07-09,2025-06-05T21:39:42,943.301616
2025-05-01,2771,before_deactivated,1,2023-12-22,2024-07-09,2025-11-21T15:10:02,940
2023-09-01,7821,live_best_seller,0,2023-12-22,2024-10-23,2026-04-28T03:49:35,939.636
2024-05-01,19183,before_deactivated,1,2023-12-22,2025-07-10,2025-11-21T13:32:55,939.24
2024-07-01,10995,before_deactivated,1,2023-12-22,2025-07-15,2025-11-21T14:11:59,936.47
2026-03-01,80111,live,0,2025-11-30,,2026-01-10T15:35:23,936
2025-12-01,1581,churned,0,2023-12-22,2024-07-09,2024-07-10T01:24:09,931
2025-11-01,1453,churned,0,2023-12-22,2024-07-09,2026-05-15T08:24:08,929.044935
2025-08-01,14855,no_migration,0,,,2024-02-12T15:04:05,924
2024-09-01,17837,before_deactivated,1,2023-12-22,2025-04-06,2025-11-21T13:38:09,920.71815
2024-06-01,11995,live_best_seller,0,2023-12-22,2024-07-09,2024-07-09T12:45:04,917.9
2026-04-01,12687,deactivated,1,2023-12-22,2024-07-09,2025-11-21T14:02:39,917
2025-07-01,19035,deactivated,1,2023-12-22,2024-07-09,2025-07-25T18:32:19,914.86
2025-04-01,4691,churned,0,2023-12-22,2024-10-16,2026-02-19T17:51:57,912.667
2025-04-01,4691,churned,0,2023-12-22,2024-10-16,2026-02-19T17:51:57,912.667
2025-11-01,8157,churned,0,2023-12-22,2024-12-11,2025-12-02T12:18:21,910
2025-11-01,76932,before_deactivated,1,2025-08-30,2026-02-13,2026-02-13T18:14:56,910
2025-10-01,1149,before_deactivated,1,2023-12-22,2024-07-09,2025-11-21T15:27:53,910
2026-01-01,13819,deactivated,1,2023-12-22,2024-07-09,2025-11-21T13:56:19,909.749139
2024-06-01,17985,before_deactivated,1,2023-12-22,2024-07-09,2025-11-21T13:37:32,908.721
2026-04-01,21591,churned,0,2023-12-22,2024-07-09,2025-04-25T11:41:05,907.996
2025-12-01,53134,live,0,2024-04-12,,2025-12-22T16:35:55,904
2025-07-01,15581,churned,0,2023-12-22,2024-07-09,2026-01-16T17:47:17,900
2024-12-01,34375,before_deactivated,1,2023-12-22,2024-12-20,2025-11-21T12:53:52,900
2025-09-01,6159,churned,0,2023-12-22,2024-07-09,2025-03-29T10:01:08,900
2024-04-01,12691,before_deactivated,1,2023-12-22,2024-07-09,2024-07-10T02:36:49,900
2025-03-01,15645,before_deactivated,1,2023-12-22,2024-07-09,2025-11-21T13:47:39,900
2024-04-01,13373,before_deactivated,1,2023-12-22,2024-07-09,2024-07-30T17:12:18,900
2023-11-01,2407,live,0,2023-12-22,2024-09-15,2026-02-18T09:18:45,900
2023-11-01,158,before_deactivated,1,2023-12-22,2024-09-15,2025-11-21T15:41:26,899.6871
2024-06-01,13991,live_best_seller,0,2023-12-22,2024-06-17,2024-06-17T16:08:31,899.542
2024-08-01,213,churned,0,2023-12-22,2024-05-16,2024-05-16T00:33:25,898.316896
2025-05-01,11897,churned,0,2023-12-22,2024-07-09,2021-11-05T10:40:16,898.02125
2025-09-01,1104,deactivated,1,2023-12-22,2025-06-09,2025-06-16T10:23:06,897.867818
2023-10-01,4701,before_deactivated,1,2023-12-22,2025-01-08,2025-11-21T14:56:10,895.601964
2023-10-01,5241,before_deactivated,1,2023-12-22,2024-07-09,2025-11-21T14:50:39,892.6542
2026-03-01,36889,live,0,2024-01-27,2027-02-03,2026-05-01T15:48:41,891
2025-05-01,1214,before_deactivated,1,2023-12-22,2024-08-26,2025-11-21T15:27:05,890
2025-05-01,7643,live,0,2023-12-22,2025-07-01,2025-07-01T20:55:47,890
2025-07-01,7079,deactivated,1,2023-12-22,2025-02-04,2025-02-11T11:12:12,889.31429
2024-06-01,13359,live,0,2023-12-22,2024-07-09,2025-11-04T19:01:54,887.168708
2024-10-01,7667,no_migration,0,,,2023-10-18T16:50:49,884.6742
2024-07-01,9371,before_deactivated,1,2023-12-22,2024-07-09,2025-11-21T14:22:00,884.46
2024-05-01,12081,before_deactivated,1,2023-12-22,2024-07-09,2025-11-21T14:05:31,884
2025-03-01,35126,churned,0,2023-12-22,2024-07-09,2024-12-23T11:05:11,882
2025-07-01,9045,before_deactivated,1,2023-12-22,2026-05-25,2026-05-27T00:07:18,882
2024-06-01,2695,before_deactivated,1,2023-12-22,2026-05-15,2026-06-15T02:16:40,874.445436
2025-03-01,22907,before_deactivated,1,2023-12-22,2026-05-14,2026-05-29T09:49:07,873.97219
2024-02-01,8125,before_deactivated,1,2023-12-22,2024-07-09,2025-11-21T14:29:18,873.35875
2025-07-01,2013,no_migration,0,,,2023-10-18T11:57:29,871.17752
2024-05-01,3043,live,0,2023-12-22,,2026-04-07T15:05:13,870
2023-12-01,3813,live_best_seller,0,2023-12-22,2024-07-09,2025-02-10T18:23:58,870
2024-09-01,50167,live,0,2024-03-27,,2025-11-12T19:44:24,870
2025-07-01,8173,churned,0,2023-12-22,2024-07-09,2026-01-24T14:36:57,869.2245
2023-11-01,5441,before_deactivated,1,2023-12-22,2024-07-09,2025-11-21T14:48:50,867.39
2023-09-01,32981,live,0,2023-12-22,2024-05-16,2024-05-16T00:31:56,865.08375
2026-01-01,36847,live,0,2024-01-26,,2024-08-25T18:33:55,864.0945
2025-09-01,2627,churned,0,2023-12-22,2024-07-09,2025-11-25T13:23:09,862
2025-12-01,24665,before_deactivated,1,2023-12-22,2026-01-22,2026-01-22T14:45:05,855
2024-05-01,8157,live,0,2023-12-22,2024-12-11,2025-12-02T12:18:21,854.5649
2024-11-01,17689,before_deactivated,1,2023-12-22,2024-07-09,2025-11-21T13:38:55,854
2023-12-01,27785,live,0,2023-12-22,2024-08-14,2026-05-29T20:02:46,850
2024-01-01,6459,before_deactivated,1,2023-12-22,2024-10-01,2025-05-05T14:33:11,850
2023-10-01,1993,live,0,2023-12-22,2024-07-09,2026-05-05T19:49:58,850
2024-03-01,26077,live,0,2023-12-22,2027-03-10,2026-03-12T18:46:30,850
2024-02-01,15537,before_deactivated,1,2023-12-22,2024-07-09,2025-02-10T15:21:28,850
2026-01-01,1104,deactivated,1,2023-12-22,2025-06-09,2025-06-16T10:23:06,850
2024-11-01,2479,live,0,2023-12-22,2024-12-27,2025-11-22T20:43:53,847
2024-06-01,8331,live,0,2023-12-22,2024-07-12,2026-05-12T21:29:08,844.468
2025-01-01,17921,before_deactivated,1,2023-12-22,2024-07-09,2025-11-21T13:37:42,840
2025-10-01,28559,before_deactivated,1,2023-12-22,2024-07-09,2025-11-21T13:04:08,840
2026-02-01,81107,live,0,2026-01-30,,2026-04-09T14:12:20,840
2024-11-01,32989,live,0,2023-12-22,2025-02-19,2026-06-12T10:53:26,840
2026-03-01,27729,churned,0,2023-12-22,2024-07-09,2025-11-27T12:39:53,840
2025-06-01,27551,before_deactivated,1,2023-12-22,2024-07-09,2025-08-28T22:31:06,840
2023-11-01,1953,live,0,2023-12-22,2024-07-09,2022-08-27T20:19:27,838.37
2023-10-01,34678,no_migration,0,,,2023-10-19T09:55:45,837.14
2025-07-01,31763,live,0,2023-12-22,2026-03-15,2026-06-09T16:55:29,836.477503
2024-01-01,8053,before_deactivated,1,2023-12-22,2024-07-09,2025-11-21T14:29:43,835.88
2024-11-01,14041,churned,0,2023-12-22,2024-07-09,2025-08-27T17:32:46,832.95485
2024-01-01,13507,no_migration,0,,,2022-06-15T16:06:41,830
2023-11-01,8053,before_deactivated,1,2023-12-22,2024-07-09,2025-11-21T14:29:43,830
2025-08-01,3111,before_deactivated,1,2023-12-22,2024-07-09,2025-11-21T15:07:07,828.322804
2025-10-01,8475,before_deactivated,1,2023-12-22,2024-07-09,2025-11-21T14:27:20,827.85024
2025-06-01,20345,no_migration,0,,,2023-10-18T16:34:09,825.47465
2024-10-01,24499,before_deactivated,1,2023-12-22,2024-07-09,2025-11-21T13:15:52,823.8015
2023-11-01,35364,no_migration,0,,,2023-10-18T16:16:35,820
2024-06-01,18369,live,0,2023-12-22,2024-07-09,2026-01-15T18:42:38,819
2025-09-01,27745,churned,0,2023-12-22,2024-07-09,2026-06-12T07:35:34,812
2025-09-01,8813,churned,0,2023-12-22,2024-05-16,2026-05-15T23:30:53,809.6053
2026-02-01,59897,live,0,2024-06-08,,2024-10-20T21:27:42,808
2025-10-01,28613,before_deactivated,1,2023-12-22,2024-07-09,2025-11-21T13:03:57,804.72204
2024-11-01,36196,before_deactivated,1,2023-12-22,2026-05-17,2026-05-17T14:42:21,802.85
2026-05-01,13819,deactivated,1,2023-12-22,2024-07-09,2025-11-21T13:56:19,801.63106
2026-05-01,13819,deactivated,1,2023-12-22,2024-07-09,2025-11-21T13:56:19,801.63106
2024-08-01,9371,before_deactivated,1,2023-12-22,2024-07-09,2025-11-21T14:22:00,801.15
2024-05-01,3043,live,0,2023-12-22,,2026-04-07T15:05:13,800
2024-10-01,16539,no_migration,0,,,2023-10-18T16:39:22,800
2026-06-01,26861,deactivated,1,2023-12-22,2026-03-13,2026-03-13T19:15:03,800
2025-03-01,34375,before_deactivated,1,2023-12-22,2024-12-20,2025-11-21T12:53:52,800
2024-10-01,31393,churned,0,2023-12-22,2024-07-09,2024-11-09T12:29:17,800
2025-12-01,23471,deactivated,1,2023-12-22,2024-07-09,2025-11-21T13:18:28,800
2025-04-01,15645,before_deactivated,1,2023-12-22,2024-07-09,2025-11-21T13:47:39,800
2024-04-01,9371,before_deactivated,1,2023-12-22,2024-07-09,2025-11-21T14:22:00,799.81275
2026-01-01,8699,churned,0,2023-12-22,2024-07-09,2026-06-01T11:32:26,799.386
2026-01-01,8699,churned,0,2023-12-22,2024-07-09,2026-06-01T11:32:26,799.386
2023-10-01,8125,before_deactivated,1,2023-12-22,2024-07-09,2025-11-21T14:29:18,798.6906
2025-11-01,31763,live,0,2023-12-22,2026-03-15,2026-06-09T16:55:29,791.822736
2023-12-01,11995,live_best_seller,0,2023-12-22,2024-07-09,2024-07-09T12:45:04,791.01424
2025-12-01,17053,live,0,2023-12-22,,2026-01-15T21:21:13,791
2026-01-01,69946,live,0,2025-05-26,,2026-03-22T12:44:49,791
2026-01-01,36847,live,0,2024-01-26,,2024-08-25T18:33:55,790.81659
2023-11-01,3663,live,0,2023-12-22,2024-07-09,2026-05-19T08:34:28,790
2023-12-01,11283,before_deactivated,1,2023-12-22,2026-06-01,2026-06-11T02:18:37,790
2025-02-01,24259,before_deactivated,1,2023-12-22,2024-07-09,2025-11-21T13:16:26,789
2024-07-01,37299,before_deactivated,1,2024-02-15,2026-02-15,2026-02-15T17:35:40,786.6348
2026-03-01,31281,churned,0,2023-12-22,2024-07-09,2021-09-14T16:09:43,784
2025-11-01,7873,before_deactivated,1,2023-12-22,2024-07-09,2025-11-21T14:30:51,784
2025-11-01,1453,churned,0,2023-12-22,2024-07-09,2026-05-15T08:24:08,782.71185
2025-02-01,27363,churned,0,2023-12-22,2024-07-09,2021-09-07T15:51:11,780
2024-04-01,15847,live,0,2023-12-22,2024-07-09,2025-06-11T19:32:49,778.7475
2024-11-01,12101,no_migration,0,,,2023-10-18T16:45:14,777.18312
2026-02-01,59897,live,0,2024-06-08,,2024-10-20T21:27:42,777
2026-01-01,2205,churned,0,2023-12-22,2025-08-02,2026-05-17T10:22:58,774.291078
2026-05-01,69723,live,0,2025-05-16,,2026-01-29T14:22:49,774.08247
2025-08-01,27439,before_deactivated,1,2023-12-22,2024-07-09,2025-11-21T13:07:12,773.528
2025-11-01,33159,before_deactivated,1,2023-12-22,2024-09-15,2025-11-21T12:55:44,770
2025-01-01,33265,before_deactivated,1,2023-12-22,2024-07-09,2025-11-21T12:55:37,770
2025-02-01,32253,before_deactivated,1,2023-12-22,2024-07-09,2025-11-21T12:56:45,770
2025-11-01,9787,churned,0,2023-12-22,2024-08-13,2026-04-27T15:41:25,769.911912
2023-10-01,8053,before_deactivated,1,2023-12-22,2024-07-09,2025-11-21T14:29:43,768.31
2024-02-01,10437,live,0,2023-12-22,2024-09-15,2023-01-24T14:12:31,765.61
2025-09-01,31789,no_migration,0,,,2023-11-24T17:27:35,763
2026-05-01,59986,churned,0,2024-06-09,2025-05-23,2026-05-01T10:57:03,760
2025-12-01,20339,churned,0,2023-12-22,2024-07-09,2025-01-31T12:08:44,756
2024-11-01,26077,live,0,2023-12-22,2027-03-10,2026-03-12T18:46:30,756
2025-03-01,36915,live,0,2024-01-28,2025-06-11,2025-08-21T09:13:02,756
2024-05-01,4841,before_deactivated,1,2023-12-22,2025-11-18,2025-11-21T14:54:52,755
2025-07-01,14595,before_deactivated,1,2023-12-22,2024-07-09,2025-11-21T13:52:16,752
2026-05-01,3143,churned,0,2023-12-22,2025-07-05,2026-01-15T20:31:00,750.213625
2024-07-01,34375,before_deactivated,1,2023-12-22,2024-12-20,2025-11-21T12:53:52,750
2024-09-01,18449,no_migration,0,,,2023-10-18T11:57:20,750
2023-11-01,11839,before_deactivated,1,2023-12-22,2024-07-09,2025-11-21T14:06:52,750
2025-04-01,9303,before_deactivated,1,2023-12-22,2024-07-09,2025-11-21T14:22:19,750
2025-05-01,20449,before_deactivated,1,2023-12-22,2025-05-08,2025-06-03T12:13:32,750
2024-08-01,28393,before_deactivated,1,2023-12-22,2024-07-09,2025-11-21T13:04:32,750
2025-05-01,3145,before_deactivated,1,2023-12-22,2024-07-09,2025-11-21T15:06:58,750
2024-04-01,32949,live,0,2023-12-22,2024-07-09,2022-03-17T10:02:01,748
2026-05-01,53134,live,0,2024-04-12,,2025-12-22T16:35:55,747.9912
2025-05-01,14203,before_deactivated,1,2023-12-22,2024-07-09,2025-11-21T13:54:09,746.2
2024-07-01,2011,before_deactivated,1,2023-12-22,2024-07-09,2025-11-21T15:16:28,746
2024-03-01,13359,live,0,2023-12-22,2024-07-09,2025-11-04T19:01:54,744.65325
2024-05-01,29625,live,0,2023-12-22,2024-07-09,2025-11-06T08:40:39,743.499
2025-04-01,32031,before_deactivated,1,2023-12-22,2024-07-09,2025-11-21T12:56:59,743.3559
2025-02-01,27363,churned,0,2023-12-22,2024-07-09,2021-09-07T15:51:11,741.67
2024-05-01,26635,before_deactivated,1,2023-12-22,2024-07-09,2025-11-21T13:09:53,740
2024-03-01,7391,before_deactivated,1,2023-12-22,2024-07-09,2024-07-10T02:01:21,740
2025-11-01,26077,live,0,2023-12-22,2027-03-10,2026-03-12T18:46:30,735
2023-09-01,259,live_best_seller,0,2023-12-22,2024-06-17,2026-04-21T14:53:28,732.3435
2024-08-01,17837,before_deactivated,1,2023-12-22,2025-04-06,2025-11-21T13:38:09,730.048
2024-05-01,3167,live,0,2023-12-22,2024-07-09,2026-05-15T09:53:16,730
2025-08-01,4625,before_deactivated,1,2023-12-22,2024-09-15,2025-11-21T14:56:44,728.752629
2025-01-01,9265,live,0,2023-12-22,2025-05-22,2026-05-11T22:04:49,728.39
2024-11-01,15581,churned,0,2023-12-22,2024-07-09,2026-01-16T17:47:17,728
2025-12-01,15331,deactivated,1,2023-12-22,2024-07-09,2025-11-21T13:49:09,721
2024-12-01,1979,before_deactivated,1,2023-12-22,2024-07-09,2025-05-20T18:08:58,720
2026-02-01,31889,before_deactivated,1,2023-12-22,2026-05-26,2026-06-15T02:17:08,714.07395
2024-12-01,191,no_migration,0,,,2023-04-05T14:18:59,710
2025-06-01,2039,before_deactivated,1,2023-12-22,2024-07-09,2025-11-21T15:16:10,708.31
2025-02-01,27363,churned,0,2023-12-22,2024-07-09,2021-09-07T15:51:11,707.58
2024-06-01,4899,before_deactivated,1,2023-12-22,2024-07-09,2025-11-21T14:54:15,706.6332
2026-01-01,54705,live,0,2024-04-21,,2026-05-31T18:04:44,705.446
2025-11-01,28985,before_deactivated,1,2023-12-22,2025-02-09,2025-11-21T13:02:51,701.7759
2023-12-01,30369,no_migration,0,,,2023-09-12T14:21:26,700
2025-03-01,19517,before_deactivated,1,2023-12-22,2024-07-09,2025-08-18T16:06:19,700
2025-08-01,6159,churned,0,2023-12-22,2024-07-09,2025-03-29T10:01:08,700
2024-12-01,4717,churned,0,2023-12-22,2024-07-09,2025-12-22T16:20:23,700
2026-02-01,23041,churned,0,2023-12-22,2024-06-14,2025-12-01T17:45:23,700
2024-05-01,11431,live,0,2023-12-22,2024-07-09,2024-07-10T02:28:33,700
2023-11-01,2407,live,0,2023-12-22,2024-09-15,2026-02-18T09:18:45,700
2025-05-01,32001,churned,0,2023-12-22,2024-07-09,2025-01-15T14:48:41,700
2024-07-01,23381,churned,0,2023-12-22,2024-07-09,2022-03-17T12:41:51,698.9112
2024-01-01,559,before_deactivated,1,2023-12-22,2024-07-09,2025-11-21T15:35:54,698.687
2025-12-01,14061,churned,0,2023-12-22,2024-07-09,2026-05-26T13:52:04,696
2025-02-01,1441,before_deactivated,1,2023-12-22,2024-07-09,2025-11-21T15:23:45,695.32
2024-05-01,13921,live,0,2023-12-22,2024-07-09,2026-06-09T11:25:47,694.305
2023-12-01,2591,before_deactivated,1,2023-12-22,2024-07-09,2025-11-21T15:11:22,692.067
2024-05-01,11403,before_deactivated,1,2023-12-22,2024-07-09,2025-11-21T14:09:27,690
2025-11-01,34239,churned,0,2023-12-22,2024-07-09,2026-02-27T23:27:02,690
2024-06-01,14865,live,0,2023-12-22,2024-07-09,2025-09-13T17:05:37,690
2025-11-01,33454,before_deactivated,1,2023-12-22,2024-07-09,2025-11-21T12:55:21,689.59
2026-01-01,11905,churned,0,2023-12-22,2024-07-09,2025-08-21T08:55:52,688.9986
2024-06-01,1303,live,0,2023-12-22,2024-07-09,2026-06-12T23:21:46,687.5071
2025-08-01,7263,before_deactivated,1,2023-12-22,2024-07-09,2025-11-21T14:34:39,686
2025-10-01,3969,churned,0,2023-12-22,2024-07-09,2021-09-07T15:09:53,686
2026-01-01,32989,churned,0,2023-12-22,2025-02-19,2026-06-12T10:53:26,686
2023-11-01,1247,live,0,2023-12-22,2025-09-02,2025-11-21T21:51:34,680.64016
2023-12-01,29355,no_migration,0,,,2023-10-18T16:18:53,680
2023-10-01,8251,no_migration,0,,,2023-10-18T11:57:33,680
2024-10-01,3143,live,0,2023-12-22,2025-07-05,2026-01-15T20:31:00,680
2025-05-01,7673,no_migration,0,,,2023-10-18T16:50:47,679
2024-09-01,2493,churned,0,2023-12-22,2024-07-09,2022-04-08T15:33:17,675.6014
2025-09-01,19209,no_migration,0,,,2023-06-09T16:26:44,675
2025-05-01,14821,churned,0,2023-12-22,2024-07-09,2026-03-05T15:50:56,672
2025-09-01,1104,deactivated,1,2023-12-22,2025-06-09,2025-06-16T10:23:06,670
2023-09-01,32797,before_deactivated,1,2023-12-22,2024-07-09,2025-01-09T00:17:54,667.14156
2025-03-01,7093,before_deactivated,1,2023-12-22,2024-07-09,2025-09-22T11:13:13,664.3956
2024-11-01,13991,churned_best_seller,0,2023-12-22,2024-06-17,2024-06-17T16:08:31,663.030963
2025-11-01,31763,live,0,2023-12-22,2026-03-15,2026-06-09T16:55:29,662.439936
2025-11-01,53134,live,0,2024-04-12,,2025-12-22T16:35:55,660
2024-03-01,8217,live,0,2023-12-22,2024-07-09,2025-05-22T11:08:16,659.62008
2025-09-01,27387,churned,0,2023-12-22,2024-09-15,2025-03-03T12:41:02,658
2025-09-01,23071,before_deactivated,1,2023-12-22,2024-07-09,2025-11-21T13:19:48,658
2025-06-01,35126,churned,0,2023-12-22,2024-07-09,2024-12-23T11:05:11,656
2025-11-01,1380,churned,0,2023-12-22,2024-07-09,2025-04-25T11:41:07,651
2026-03-01,27729,churned,0,2023-12-22,2024-07-09,2025-11-27T12:39:53,650
2023-10-01,6455,live,0,2023-12-22,2024-07-09,2024-11-19T18:41:16,650
2024-12-01,31957,churned,0,2023-12-22,2024-07-09,2024-07-10T05:31:34,650
2025-12-01,1282,deactivated,1,2023-12-22,2024-07-09,2025-11-21T15:25:56,646.49175
2024-06-01,11839,before_deactivated,1,2023-12-22,2024-07-09,2025-11-21T14:06:52,646
2024-05-01,11839,before_deactivated,1,2023-12-22,2024-07-09,2025-11-21T14:06:52,646
2025-10-01,8613,before_deactivated,1,2023-12-22,2024-07-09,2025-11-21T14:26:14,644
2024-11-01,11651,churned,0,2023-12-22,2024-05-16,2026-06-05T16:11:18,644
2024-02-01,30293,before_deactivated,1,2023-12-22,2024-07-09,2025-11-21T13:00:09,643.5275
2024-12-01,271,before_deactivated,1,2023-12-22,2024-07-09,2025-11-21T15:40:13,640
2023-11-01,36175,no_migration,0,,,2023-10-19T09:40:59,639
2025-04-01,15581,churned,0,2023-12-22,2024-07-09,2026-01-16T17:47:17,637
2025-07-01,2665,before_deactivated,1,2023-12-22,2024-07-09,2025-11-21T15:10:46,635.1147
2026-03-01,20339,churned,0,2023-12-22,2024-07-09,2025-01-31T12:08:44,634.512986
2024-11-01,2303,churned,0,2023-12-22,2024-07-09,2026-02-12T09:29:49,633.72
2025-02-01,7407,before_deactivated,1,2023-12-22,2024-07-09,2025-11-21T14:33:56,630.87156
2025-11-01,33454,before_deactivated,1,2023-12-22,2024-07-09,2025-11-21T12:55:21,630.41
2025-09-01,27473,churned,0,2023-12-22,2024-07-09,2026-01-15T19:05:45,630
2025-08-01,1240,before_deactivated,1,2023-12-22,2026-01-22,2026-03-05T03:14:35,630
2024-06-01,13795,before_deactivated,1,2023-12-22,2024-07-09,2025-11-21T13:56:27,630
2025-10-01,33454,before_deactivated,1,2023-12-22,2024-07-09,2025-11-21T12:55:21,630
2025-10-01,19049,before_deactivated,1,2023-12-22,2026-02-08,2026-02-08T18:59:24,630
2024-08-01,33875,deactivated,1,2023-12-22,2024-07-09,2024-07-19T00:32:40,630
2025-02-01,253,live,0,2023-12-22,2026-05-06,2026-05-06T15:03:52,630
2026-02-01,16495,churned,0,2023-12-22,2024-07-09,2026-05-14T13:46:05,630
2026-01-01,27399,churned,0,2023-12-22,2024-07-09,2025-12-02T17:49:20,626.87728
2025-11-01,11897,churned,0,2023-12-22,2024-07-09,2021-11-05T10:40:16,623.429233
2026-05-01,69723,live,0,2025-05-16,,2026-01-29T14:22:49,623.1696
2025-11-01,906,before_deactivated,1,2023-12-22,2024-07-09,2025-11-21T15:30:58,623
2023-10-01,33516,live,0,2023-12-22,2024-07-09,2024-11-05T20:22:49,620
2026-01-01,3443,churned,0,2023-12-22,2024-07-09,2026-01-16T13:36:33,620
2026-06-01,7117,churned,0,2023-12-22,2024-07-09,2026-05-13T22:27:32,620
2023-11-01,9627,before_deactivated,1,2023-12-22,2024-07-09,2025-11-21T14:20:25,620
2024-12-01,3075,before_deactivated,1,2023-12-22,2024-07-09,2025-11-21T15:07:22,620
2023-10-01,1336,live,0,2023-12-22,2025-06-18,2026-02-02T14:53:28,620
2025-02-01,11897,churned,0,2023-12-22,2024-07-09,2021-11-05T10:40:16,616.987159
2025-09-01,1693,churned,0,2023-12-22,2024-07-09,2020-02-27T17:50:07,616.000049
2025-12-01,33454,deactivated,1,2023-12-22,2024-07-09,2025-11-21T12:55:21,615.41
2024-11-01,2303,churned,0,2023-12-22,2024-07-09,2026-02-12T09:29:49,613.84
2025-03-01,14827,before_deactivated,1,2023-12-22,2026-02-28,2026-03-26T03:17:43,613.33686
2025-12-01,27739,deactivated,1,2023-12-22,2024-07-09,2025-11-21T13:06:24,612
2026-03-01,11235,deactivated,1,2023-12-22,2024-07-09,2024-09-26T11:36:20,611.948336
2025-05-01,52386,before_deactivated,1,2024-03-29,2026-01-29,2026-01-29T20:29:57,609
2023-11-01,9787,live,0,2023-12-22,2024-08-13,2026-04-27T15:41:25,607.05744
2026-04-01,67665,live,0,2025-02-22,,2025-03-18T19:33:21,603.584989
2025-12-01,2543,churned,0,2023-12-22,2024-07-09,2026-01-15T22:06:47,603
2025-11-01,906,before_deactivated,1,2023-12-22,2024-07-09,2025-11-21T15:30:58,602
2025-11-01,1453,churned,0,2023-12-22,2024-07-09,2026-05-15T08:24:08,601.21345
2024-04-01,8053,before_deactivated,1,2023-12-22,2024-07-09,2025-11-21T14:29:43,600
2024-02-01,242,live,0,2023-12-22,2025-12-04,2025-12-15T03:05:01,600
2026-02-01,7993,no_migration,0,,,2023-10-18T16:50:22,600
2025-01-01,8259,before_deactivated,1,2023-12-22,2024-07-18,2025-11-21T14:28:44,600
2024-04-01,1035,live_best_seller,0,2023-12-22,2024-07-09,2026-01-27T12:09:35,600
2024-09-01,16647,no_migration,0,,,2023-10-18T16:39:13,600
2023-11-01,2321,before_deactivated,1,2023-12-22,2024-07-09,2025-11-21T15:13:48,600
2024-01-01,8053,before_deactivated,1,2023-12-22,2024-07-09,2025-11-21T14:29:43,600
2023-10-01,10801,live_best_seller,0,2023-12-22,2024-07-09,2021-10-19T14:58:59,600
2023-10-01,10801,live_best_seller,0,2023-12-22,2024-07-09,2021-10-19T14:58:59,600
2024-09-01,15537,before_deactivated,1,2023-12-22,2024-07-09,2025-02-10T15:21:28,600
2023-11-01,3941,before_deactivated,1,2023-12-22,2024-07-09,2025-11-21T15:00:57,600
2023-11-01,30369,no_migration,0,,,2023-09-12T14:21:26,600
2026-05-01,77934,live,0,2025-10-07,,2025-11-17T23:31:21,597.1966
2024-06-01,30911,before_deactivated,1,2023-12-22,2025-08-09,2025-11-21T12:58:53,595.5
2025-10-01,32981,churned,0,2023-12-22,2024-05-16,2024-05-16T00:31:56,595.3974
2024-10-01,3143,live,0,2023-12-22,2025-07-05,2026-01-15T20:31:00,594.96775
2024-11-01,6239,churned,0,2023-12-22,2024-07-09,2025-06-05T21:39:42,593.735769
2025-12-01,15581,churned,0,2023-12-22,2024-07-09,2026-01-16T17:47:17,592
2025-11-01,4055,before_deactivated,1,2023-12-22,2024-07-09,2025-11-21T15:00:23,591.65964
2026-06-01,7117,churned,0,2023-12-22,2024-07-09,2026-05-13T22:27:32,590
2023-10-01,27865,live,0,2023-12-22,2024-07-09,2026-05-04T15:17:01,590
2025-05-01,11651,churned,0,2023-12-22,2024-05-16,2026-06-05T16:11:18,590
2023-10-01,6373,live,0,2023-12-22,2024-07-09,2026-01-15T18:46:23,582.57432
2025-06-01,19055,churned,0,2023-12-22,2024-07-09,2025-09-19T08:46:50,581.76832
2023-09-01,3941,before_deactivated,1,2023-12-22,2024-07-09,2025-11-21T15:00:57,580
2024-01-01,10421,live,0,2023-12-22,2024-07-09,2026-02-01T14:42:06,579.17475
2026-04-01,8699,churned,0,2023-12-22,2024-07-09,2026-06-01T11:32:26,579.0405
2024-09-01,29109,before_deactivated,1,2023-12-22,2024-07-09,2025-11-21T13:02:36,578.82
2026-03-01,20339,churned,0,2023-12-22,2024-07-09,2025-01-31T12:08:44,576.505214
2025-09-01,4691,churned,0,2023-12-22,2024-10-16,2026-02-19T17:51:57,575.32896
2024-02-01,1045,live,0,2023-12-22,2024-05-16,2024-05-16T00:34:14,573.5
2025-08-01,1959,before_deactivated,1,2023-12-22,2024-07-09,2025-11-21T15:16:50,570
2023-12-01,1316,before_deactivated,1,2023-12-22,2024-07-09,2025-11-21T15:25:28,570
2023-12-01,8053,before_deactivated,1,2023-12-22,2024-07-09,2025-11-21T14:29:43,570
2025-02-01,22919,churned,0,2023-12-22,2024-07-09,2020-11-11T17:47:51,570
2024-08-01,242,live,0,2023-12-22,2025-12-04,2025-12-15T03:05:01,567.6875
2023-12-01,30275,before_deactivated,1,2023-12-22,2024-07-09,2025-09-30T13:40:10,565.18805
2025-01-01,882,before_deactivated,1,2023-12-22,2024-07-09,2025-11-21T15:31:20,565
2026-01-01,13819,deactivated,1,2023-12-22,2024-07-09,2025-11-21T13:56:19,564.90447
2025-11-01,27667,churned,0,2023-12-22,2024-07-09,2026-05-03T11:50:40,562.03745
2026-05-01,5025,deactivated,1,2023-12-22,2024-07-09,2025-11-21T14:52:49,561.726
2024-06-01,13359,live,0,2023-12-22,2024-07-09,2025-11-04T19:01:54,559.919
2024-06-01,22283,before_deactivated,1,2023-12-22,2024-07-09,2025-11-21T13:21:55,559.919
2026-03-01,78325,live,0,2025-10-15,,2026-03-20T10:56:31,556.949232
2025-06-01,194,before_deactivated,1,2023-12-22,2024-07-09,2025-11-21T15:40:56,555
2025-05-01,14203,before_deactivated,1,2023-12-22,2024-07-09,2025-11-21T13:54:09,553.8
2023-12-01,17961,before_deactivated,1,2023-12-22,2024-07-09,2025-11-21T13:37:36,553.6536
2023-12-01,86,live_best_seller,0,2023-12-22,2024-07-09,2026-03-01T16:18:02,551.8704
2024-02-01,4005,before_deactivated,1,2023-12-22,2024-07-09,2024-08-13T15:12:52,551.595
2024-09-01,2479,live,0,2023-12-22,2024-12-27,2025-11-22T20:43:53,551
2025-08-01,27745,churned,0,2023-12-22,2024-07-09,2026-06-12T07:35:34,550
2026-01-01,3283,deactivated,1,2023-12-22,2024-07-09,2025-02-24T16:04:27,550
2025-01-01,36872,live,0,2024-01-27,,2025-05-25T21:45:12,550
2024-06-01,26077,live,0,2023-12-22,2027-03-10,2026-03-12T18:46:30,550
2025-06-01,26921,before_deactivated,1,2023-12-22,2024-07-09,2025-11-21T13:08:51,550
2024-04-01,9371,before_deactivated,1,2023-12-22,2024-07-09,2025-11-21T14:22:00,550
2024-05-01,11757,before_deactivated,1,2023-12-22,2024-07-09,2025-11-21T14:07:20,550
2024-06-01,16241,before_deactivated,1,2023-12-22,2024-07-09,2024-10-07T14:19:36,550
2024-12-01,11431,churned,0,2023-12-22,2024-07-09,2024-07-10T02:28:33,550
2024-01-01,11205,before_deactivated,1,2023-12-22,2025-07-04,2025-11-21T14:10:40,548.46747
2024-12-01,59170,live,0,2024-05-31,2025-05-31,2026-01-14T21:40:22,547.86684
2024-07-01,9371,before_deactivated,1,2023-12-22,2024-07-09,2025-11-21T14:22:00,541.54
2024-05-01,17001,no_migration,0,,,2023-10-18T16:38:31,540
2026-05-01,69723,live,0,2025-05-16,,2026-01-29T14:22:49,537.86075
2024-04-01,15395,before_deactivated,1,2023-12-22,2024-07-09,2025-11-21T13:48:52,537.537
2023-10-01,8053,before_deactivated,1,2023-12-22,2024-07-09,2025-11-21T14:29:43,536.33
2025-04-01,15537,deactivated,1,2023-12-22,2024-07-09,2025-02-10T15:21:28,535
2026-04-01,52479,churned,0,2024-03-30,2024-05-16,2026-02-05T18:16:30,534.19716
2026-04-01,26921,deactivated,1,2023-12-22,2024-07-09,2025-11-21T13:08:51,533
2026-04-01,49820,live,0,2024-03-05,,2026-05-03T21:56:08,532
2025-09-01,28129,before_deactivated,1,2023-12-22,2024-07-09,2025-11-21T13:05:20,532
2023-09-01,3811,before_deactivated,1,2023-12-22,2024-07-09,2025-11-21T15:02:03,531.74632
2025-08-01,27667,churned,0,2023-12-22,2024-07-09,2026-05-03T11:50:40,530.533842
2024-06-01,16787,before_deactivated,1,2023-12-22,2024-07-09,2025-11-21T13:43:21,530
2023-11-01,1087,before_deactivated,1,2023-12-22,2024-07-09,2025-11-21T15:28:37,526.19616
2026-05-01,27865,churned,0,2023-12-22,2024-07-09,2026-05-04T15:17:01,525
2026-06-01,9047,churned,0,2023-12-22,2025-01-23,2026-01-26T16:30:58,525
2023-11-01,21267,no_migration,0,,,2023-10-18T16:31:42,523.1025
2024-08-01,4671,before_deactivated,1,2023-12-22,2024-07-09,2025-11-21T14:56:16,520
2025-02-01,28393,before_deactivated,1,2023-12-22,2024-07-09,2025-11-21T13:04:32,520
2026-06-01,1223,deactivated,1,2023-12-22,2024-09-15,2025-11-21T15:26:59,520
2026-03-01,36261,churned,0,2023-12-22,2024-07-25,2025-12-14T22:53:28,518.52
2024-07-01,8609,live,0,2023-12-22,2026-07-08,2026-01-15T20:53:40,518
2025-11-01,3143,churned,0,2023-12-22,2025-07-05,2026-01-15T20:31:00,517.1502
2026-02-01,32167,churned,0,2023-12-22,2024-09-15,2022-10-13T23:22:59,516.80481
2025-11-01,984,churned,0,2023-12-22,2024-07-09,2025-01-16T23:30:08,516.635688
2024-05-01,11205,before_deactivated,1,2023-12-22,2025-07-04,2025-11-21T14:10:40,516.0375
2023-12-01,5241,before_deactivated,1,2023-12-22,2024-07-09,2025-11-21T14:50:39,515.07904
2024-06-01,8331,live,0,2023-12-22,2024-07-12,2026-05-12T21:29:08,514.024
2025-03-01,2011,before_deactivated,1,2023-12-22,2024-07-09,2025-11-21T15:16:28,513.73224
2025-02-01,3845,churned,0,2023-12-22,2025-02-13,2026-04-08T19:01:16,512
2024-12-01,6159,churned,0,2023-12-22,2024-07-09,2025-03-29T10:01:08,511.39
2026-02-01,11897,churned,0,2023-12-22,2024-07-09,2021-11-05T10:40:16,511
2025-05-01,27305,churned,0,2023-12-22,2024-05-16,2024-11-29T17:03:28,510.11975
2024-10-01,15581,churned,0,2023-12-22,2024-07-09,2026-01-16T17:47:17,510
2024-03-01,745,before_deactivated,1,2023-12-22,2024-07-09,2025-11-21T15:33:03,510
2025-09-01,3247,before_deactivated,1,2023-12-22,2024-07-09,2025-11-21T15:06:14,507.07328
2025-06-01,60175,live,0,2024-06-20,,2026-01-17T10:00:36,504
2024-11-01,10337,churned,0,2023-12-22,2024-07-09,2025-07-15T13:31:33,504
2024-10-01,33724,before_deactivated,1,2023-12-22,2024-07-09,2025-11-21T12:54:48,503.43425
2023-11-01,10167,before_deactivated,1,2023-12-22,2025-01-16,2025-11-21T14:17:10,502.72
2024-07-01,20449,before_deactivated,1,2023-12-22,2025-05-08,2025-06-03T12:13:32,501.17151
2023-12-01,1131,before_deactivated,1,2023-12-22,2024-07-09,2025-11-21T15:27:59,500
2024-03-01,1693,live,0,2023-12-22,2024-07-09,2020-02-27T17:50:07,500
2025-01-01,22919,churned,0,2023-12-22,2024-07-09,2020-11-11T17:47:51,500
2023-10-01,16241,before_deactivated,1,2023-12-22,2024-07-09,2024-10-07T14:19:36,500
2024-10-01,23467,churned,0,2023-12-22,2024-07-09,2025-11-14T11:39:41,500
2024-05-01,2099,live,0,2023-12-22,2024-07-09,2026-04-17T04:05:32,500
2024-01-01,20221,live,0,2023-12-22,2025-10-27,2026-04-18T15:13:44,500
2024-05-01,2099,live,0,2023-12-22,2024-07-09,2026-04-17T04:05:32,500
2023-09-01,16241,before_deactivated,1,2023-12-22,2024-07-09,2024-10-07T14:19:36,500
2024-05-01,8053,before_deactivated,1,2023-12-22,2024-07-09,2025-11-21T14:29:43,500
2024-09-01,14231,before_deactivated,1,2023-12-22,2026-06-12,2026-06-15T02:16:55,500
2023-11-01,1953,live,0,2023-12-22,2024-07-09,2022-08-27T20:19:27,500
2025-04-01,33936,before_deactivated,1,2023-12-22,2025-10-26,2025-11-21T12:54:22,500
2023-09-01,28925,before_deactivated,1,2023-12-22,2025-11-04,2025-11-21T13:03:01,500
2024-05-01,32093,before_deactivated,1,2023-12-22,2024-07-09,2025-11-21T12:56:54,497.09881
2026-01-01,5947,live,0,2023-12-22,2026-06-18,2026-06-15T13:44:39,497
2024-11-01,59448,live,0,2024-06-07,,2025-12-05T16:20:24,497
2025-11-01,14115,churned,0,2023-12-22,2024-07-09,2026-03-11T20:43:24,497
2023-11-01,30275,before_deactivated,1,2023-12-22,2024-07-09,2025-09-30T13:40:10,495.98135
2025-04-01,16241,deactivated,1,2023-12-22,2024-07-09,2024-10-07T14:19:36,495
2026-03-01,10049,churned,0,2023-12-22,2024-07-09,2025-10-27T11:23:11,495
2024-12-01,59170,live,0,2024-05-31,2025-05-31,2026-01-14T21:40:22,493.3096
2023-12-01,16711,live,0,2023-12-22,2025-09-20,2026-03-06T11:07:27,490.32947
2025-03-01,33764,churned,0,2023-12-22,2024-07-09,2026-06-01T07:57:23,490
2025-03-01,1279,deactivated,1,2023-12-22,2024-07-09,2024-10-07T14:57:02,490
2024-09-01,27729,churned,0,2023-12-22,2024-07-09,2025-11-27T12:39:53,490
2024-05-01,882,before_deactivated,1,2023-12-22,2024-07-09,2025-11-21T15:31:20,490
2026-03-01,27729,churned,0,2023-12-22,2024-07-09,2025-11-27T12:39:53,490
2024-04-01,9371,before_deactivated,1,2023-12-22,2024-07-09,2025-11-21T14:22:00,490
2024-05-01,4377,before_deactivated,1,2023-12-22,2024-07-09,2025-11-21T14:58:20,489.3072
2025-12-01,67314,live,0,2025-01-31,,2025-05-12T17:09:41,488
2025-08-01,1200,churned_best_seller,0,2023-12-22,2024-07-09,2025-02-17T14:50:59,486.581256
2024-01-01,882,before_deactivated,1,2023-12-22,2024-07-09,2025-11-21T15:31:20,485
2025-02-01,4377,before_deactivated,1,2023-12-22,2024-07-09,2025-11-21T14:58:20,482.62648
2024-08-01,27611,churned,0,2023-12-22,2024-07-09,2025-09-22T15:14:21,480
2023-12-01,35395,before_deactivated,1,2023-12-22,2024-07-09,2025-01-13T11:06:27,480
2024-03-01,548,before_deactivated,1,2023-12-22,2024-07-09,2025-11-21T15:36:11,480
2024-05-01,11431,live,0,2023-12-22,2024-07-09,2024-07-10T02:28:33,480
2023-10-01,2881,before_deactivated,1,2023-12-22,2025-03-08,2025-11-21T15:09:05,478.623879
2025-02-01,1441,before_deactivated,1,2023-12-22,2024-07-09,2025-11-21T15:23:45,477.42
2025-08-01,4625,before_deactivated,1,2023-12-22,2024-09-15,2025-11-21T14:56:44,477.088161
2025-10-01,11329,before_deactivated,1,2023-12-22,2024-07-09,2025-11-21T14:09:49,477
2025-11-01,1453,churned,0,2023-12-22,2024-07-09,2026-05-15T08:24:08,476.4333
2024-06-01,11839,before_deactivated,1,2023-12-22,2024-07-09,2025-11-21T14:06:52,476
2025-03-01,52592,before_deactivated,1,2024-04-02,2025-04-02,2025-05-05T14:33:11,475.465557
2026-02-01,109,deactivated,1,2023-12-22,2024-07-09,2025-11-21T15:41:53,472.55544
2025-06-01,6189,churned,0,2023-12-22,2024-07-09,2021-04-17T18:05:20,470
2023-09-01,8125,before_deactivated,1,2023-12-22,2024-07-09,2025-11-21T14:29:18,469.818
2024-09-01,36188,churned,0,2023-12-22,2024-07-09,2025-04-25T23:42:44,469.64588
2026-03-01,19417,churned,0,2023-12-22,2025-01-05,2026-05-07T16:58:26,469
2025-10-01,3111,before_deactivated,1,2023-12-22,2024-07-09,2025-11-21T15:07:07,465.834105
2025-11-01,1453,churned,0,2023-12-22,2024-07-09,2026-05-15T08:24:08,465.08965
2025-08-01,19035,deactivated,1,2023-12-22,2024-07-09,2025-07-25T18:32:19,462.152
2025-10-01,23257,churned_best_seller,0,2023-12-22,2024-07-09,2024-05-18T22:55:26,461
2023-09-01,7821,live_best_seller,0,2023-12-22,2024-10-23,2026-04-28T03:49:35,460.42164
2024-04-01,8053,before_deactivated,1,2023-12-22,2024-07-09,2025-11-21T14:29:43,460
2024-02-01,1973,live_best_seller,0,2023-12-22,2024-07-09,2026-04-26T13:43:03,460
2024-09-01,20449,before_deactivated,1,2023-12-22,2025-05-08,2025-06-03T12:13:32,460
2026-05-01,1035,churned_best_seller,0,2023-12-22,2024-07-09,2026-01-27T12:09:35,460
2024-02-01,12561,before_deactivated,1,2023-12-22,2026-05-23,2026-05-23T12:12:05,460
2024-11-01,33159,before_deactivated,1,2023-12-22,2024-09-15,2025-11-21T12:55:44,460
2023-12-01,5241,before_deactivated,1,2023-12-22,2024-07-09,2025-11-21T14:50:39,459.892
2023-11-01,1586,before_deactivated,1,2023-12-22,2024-07-09,2024-07-10T06:50:50,459.892
2023-12-01,20543,live,0,2023-12-22,2024-07-09,2025-12-24T01:48:32,459.55
2026-03-01,28733,churned,0,2023-12-22,2024-07-09,2024-11-06T14:03:26,459
2023-09-01,9627,before_deactivated,1,2023-12-22,2024-07-09,2025-11-21T14:20:25,458.732
2023-12-01,8717,before_deactivated,1,2023-12-22,2026-06-11,2026-06-11T18:29:48,456.43028
2024-08-01,8053,before_deactivated,1,2023-12-22,2024-07-09,2025-11-21T14:29:43,456.25
2026-01-01,22001,deactivated,1,2023-12-22,2024-07-09,2025-11-21T13:23:05,455
2026-03-01,15197,churned,0,2023-12-22,2024-07-09,2026-01-16T08:36:38,455
2023-10-01,5241,before_deactivated,1,2023-12-22,2024-07-09,2025-11-21T14:50:39,451.02528
2025-12-01,28435,no_migration,0,,,2023-10-19T10:10:54,450
2024-01-01,33161,before_deactivated,1,2023-12-22,2024-07-09,2025-11-21T12:55:43,450
2024-10-01,1581,churned,0,2023-12-22,2024-07-09,2024-07-10T01:24:09,450
2023-11-01,30369,no_migration,0,,,2023-09-12T14:21:26,450
2024-01-01,29641,before_deactivated,1,2023-12-22,2024-07-09,2025-11-21T13:01:25,449.5635
2025-04-01,11897,churned,0,2023-12-22,2024-07-09,2021-11-05T10:40:16,449.380346
2025-04-01,11897,churned,0,2023-12-22,2024-07-09,2021-11-05T10:40:16,449.380346
2026-02-01,59,churned,0,2023-12-22,2024-12-23,2025-07-18T16:27:51,448
2025-08-01,3647,churned,0,2023-12-22,2024-07-09,2025-09-27T12:47:43,448
2023-11-01,8053,before_deactivated,1,2023-12-22,2024-07-09,2025-11-21T14:29:43,447.74
2024-09-01,2479,live,0,2023-12-22,2024-12-27,2025-11-22T20:43:53,447
2024-02-01,4065,before_deactivated,1,2023-12-22,2024-07-09,2024-11-14T11:21:34,444
2025-02-01,1441,before_deactivated,1,2023-12-22,2024-07-09,2025-11-21T15:23:45,442.96
2025-01-01,34500,churned,0,2023-12-22,2024-07-09,2026-03-11T21:10:11,442.2264
2024-09-01,29109,before_deactivated,1,2023-12-22,2024-07-09,2025-11-21T13:02:36,441.18
2026-01-01,22001,deactivated,1,2023-12-22,2024-07-09,2025-11-21T13:23:05,441
2024-01-01,32143,live,0,2023-12-22,2024-07-09,2021-11-05T17:17:25,440.57223
2025-11-01,27745,churned,0,2023-12-22,2024-07-09,2026-06-12T07:35:34,440
2024-03-01,29435,live,0,2023-12-22,2024-07-09,2025-05-04T20:00:55,440
2024-01-01,8053,before_deactivated,1,2023-12-22,2024-07-09,2025-11-21T14:29:43,440
2024-04-01,9371,before_deactivated,1,2023-12-22,2024-07-09,2025-11-21T14:22:00,440
2026-03-01,80111,live,0,2025-11-30,,2026-01-10T15:35:23,440
2026-05-01,5123,deactivated,1,2023-12-22,2024-07-09,2025-11-21T14:51:42,439.143859
2024-06-01,11897,live,0,2023-12-22,2024-07-09,2021-11-05T10:40:16,437
2025-04-01,23381,churned,0,2023-12-22,2024-07-09,2022-03-17T12:41:51,435.1685
2025-09-01,3207,churned,0,2023-12-22,2025-07-08,2026-02-09T19:09:30,433
2024-03-01,1396,before_deactivated,1,2023-12-22,2024-07-09,2025-11-21T15:24:25,432.876374
2025-10-01,4027,churned,0,2023-12-22,2024-07-09,2026-01-19T23:05:28,432.577152
2023-12-01,16711,live,0,2023-12-22,2025-09-20,2026-03-06T11:07:27,432.42653
2024-10-01,9371,before_deactivated,1,2023-12-22,2024-07-09,2025-11-21T14:22:00,432
2023-10-01,8053,before_deactivated,1,2023-12-22,2024-07-09,2025-11-21T14:29:43,431.69
2024-11-01,15581,churned,0,2023-12-22,2024-07-09,2026-01-16T17:47:17,430
2025-10-01,33454,before_deactivated,1,2023-12-22,2024-07-09,2025-11-21T12:55:21,430
2024-12-01,59,live,0,2023-12-22,2024-12-23,2025-07-18T16:27:51,430
2024-12-01,19517,before_deactivated,1,2023-12-22,2024-07-09,2025-08-18T16:06:19,430
2024-09-01,27513,before_deactivated,1,2023-12-22,2024-07-09,2025-11-21T13:07:00,430
2026-03-01,27729,churned,0,2023-12-22,2024-07-09,2025-11-27T12:39:53,430
2023-10-01,8053,before_deactivated,1,2023-12-22,2024-07-09,2025-11-21T14:29:43,430
2025-01-01,2105,before_deactivated,1,2023-12-22,2024-08-09,2025-11-21T15:15:37,428.4324
2024-04-01,5579,before_deactivated,1,2023-12-22,2024-07-09,2024-07-10T01:48:24,428.328
2024-06-01,19823,before_deactivated,1,2023-12-22,2025-02-28,2025-11-21T13:30:10,428
2025-07-01,10759,before_deactivated,1,2023-12-22,2024-07-09,2025-11-21T14:13:36,427.812133
2025-02-01,3141,churned,0,2023-12-22,2024-07-09,2025-12-01T10:08:48,426.778
2024-12-01,19421,before_deactivated,1,2023-12-22,2024-07-09,2024-12-30T15:52:12,425.90565
2026-03-01,882,deactivated,1,2023-12-22,2024-07-09,2025-11-21T15:31:20,425
2024-06-01,2695,before_deactivated,1,2023-12-22,2026-05-15,2026-06-15T02:16:40,423.3789
2023-10-01,6399,before_deactivated,1,2023-12-22,2024-07-09,2025-11-21T14:41:14,422.8362
2026-04-01,80263,live,0,2025-12-08,,2026-01-19T14:20:45,420
2025-11-01,16003,churned,0,2023-12-22,2024-07-09,2025-05-18T16:45:15,420
2024-11-01,7421,churned,0,2023-12-22,2024-07-09,2026-03-07T13:27:50,420
2025-02-01,7421,churned,0,2023-12-22,2024-07-09,2026-03-07T13:27:50,420
2025-11-01,27745,churned,0,2023-12-22,2024-07-09,2026-06-12T07:35:34,420
2024-11-01,22919,churned,0,2023-12-22,2024-07-09,2020-11-11T17:47:51,420
2023-09-01,35205,no_migration,0,,,2023-10-18T16:17:28,420
2024-06-01,253,live,0,2023-12-22,2026-05-06,2026-05-06T15:03:52,420
2025-08-01,259,churned_best_seller,0,2023-12-22,2024-06-17,2026-04-21T14:53:28,420
2025-11-01,33454,before_deactivated,1,2023-12-22,2024-07-09,2025-11-21T12:55:21,420
2025-12-01,53134,live,0,2024-04-12,,2025-12-22T16:35:55,420
2025-10-01,11651,churned,0,2023-12-22,2024-05-16,2026-06-05T16:11:18,420
2025-12-01,2525,churned,0,2023-12-22,2024-07-09,2025-11-04T11:56:17,420
2025-10-01,33454,before_deactivated,1,2023-12-22,2024-07-09,2025-11-21T12:55:21,420
2024-04-01,8209,no_migration,0,,,2023-07-31T16:55:33,420
2024-03-01,8053,before_deactivated,1,2023-12-22,2024-07-09,2025-11-21T14:29:43,420
2025-11-01,1453,churned,0,2023-12-22,2024-07-09,2026-05-15T08:24:08,419.71505
2024-03-01,8053,before_deactivated,1,2023-12-22,2024-07-09,2025-11-21T14:29:43,418
2025-01-01,3111,before_deactivated,1,2023-12-22,2024-07-09,2025-11-21T15:07:07,416.43654
2025-11-01,26077,live,0,2023-12-22,2027-03-10,2026-03-12T18:46:30,415
2025-05-01,3167,churned,0,2023-12-22,2024-07-09,2026-05-15T09:53:16,414.51462
2025-06-01,59212,live,0,2024-06-02,,2025-11-29T22:22:29,414
2024-04-01,22305,before_deactivated,1,2023-12-22,2024-07-09,2025-11-21T13:21:50,413.69625
2023-10-01,8053,before_deactivated,1,2023-12-22,2024-07-09,2025-11-21T14:29:43,413.33
2025-05-01,32365,churned,0,2023-12-22,2024-07-09,2026-01-15T19:47:57,413
2024-07-01,4527,before_deactivated,1,2023-12-22,2024-07-09,2025-11-21T14:57:34,413
2025-12-01,2627,churned,0,2023-12-22,2024-07-09,2025-11-25T13:23:09,410
2024-07-01,14203,before_deactivated,1,2023-12-22,2024-07-09,2025-11-21T13:54:09,410
2024-04-01,29551,before_deactivated,1,2023-12-22,2026-04-13,2026-04-13T16:53:18,410
2025-12-01,53134,live,0,2024-04-12,,2025-12-22T16:35:55,410
2024-03-01,8053,before_deactivated,1,2023-12-22,2024-07-09,2025-11-21T14:29:43,410
2024-04-01,7325,before_deactivated,1,2023-12-22,2026-04-09,2026-04-22T02:12:47,410
2026-01-01,3143,churned,0,2023-12-22,2025-07-05,2026-01-15T20:31:00,409.4025
2025-12-01,242,churned,0,2023-12-22,2025-12-04,2025-12-15T03:05:01,409.28384
2026-01-01,59897,live,0,2024-06-08,,2024-10-20T21:27:42,406
2024-12-01,18455,churned,0,2023-12-22,2024-07-09,2026-02-14T15:27:35,406
2024-02-01,8053,before_deactivated,1,2023-12-22,2024-07-09,2025-11-21T14:29:43,405.16
2025-09-01,25437,churned,0,2023-12-22,2024-05-16,2025-05-15T18:28:25,403.745408
2024-09-01,15581,churned,0,2023-12-22,2024-07-09,2026-01-16T17:47:17,403.452226
2025-03-01,22907,before_deactivated,1,2023-12-22,2026-05-14,2026-05-29T09:49:07,403.37178
2024-10-01,22217,before_deactivated,1,2023-12-22,2024-07-09,2025-11-21T13:22:13,400
2025-01-01,5845,before_deactivated,1,2023-12-22,2026-06-13,2026-06-15T02:16:44,400
2025-04-01,22919,churned,0,2023-12-22,2024-07-09,2020-11-11T17:47:51,400
2024-08-01,18455,churned,0,2023-12-22,2024-07-09,2026-02-14T15:27:35,400
2025-07-01,28925,before_deactivated,1,2023-12-22,2025-11-04,2025-11-21T13:03:01,400
2024-09-01,22029,before_deactivated,1,2023-12-22,2024-07-09,2025-11-21T13:22:57,400
2023-11-01,1279,before_deactivated,1,2023-12-22,2024-07-09,2024-10-07T14:57:02,400
2026-04-01,49820,live,0,2024-03-05,,2026-05-03T21:56:08,400
2023-11-01,3941,before_deactivated,1,2023-12-22,2024-07-09,2025-11-21T15:00:57,400
2024-07-01,2011,before_deactivated,1,2023-12-22,2024-07-09,2025-11-21T15:16:28,400
2024-06-01,3941,before_deactivated,1,2023-12-22,2024-07-09,2025-11-21T15:00:57,400
2024-01-01,8053,before_deactivated,1,2023-12-22,2024-07-09,2025-11-21T14:29:43,400
2024-02-01,24029,before_deactivated,1,2023-12-22,2026-05-17,2026-05-17T12:52:13,400
2023-12-01,111,live,0,2023-12-22,2026-07-09,2025-04-25T13:24:12,400
2025-06-01,13941,churned,0,2023-12-22,2024-07-09,2026-01-24T17:40:03,399
2023-12-01,2277,before_deactivated,1,2023-12-22,2026-06-13,2026-06-15T02:16:40,398.09855
2024-06-01,28983,before_deactivated,1,2023-12-22,2024-07-09,2025-11-21T13:02:51,397.99975
2023-12-01,22859,before_deactivated,1,2023-12-22,2024-07-09,2025-11-21T13:20:24,397.1231
2024-04-01,3421,live,0,2023-12-22,2024-05-16,2024-05-16T00:23:53,393
2023-11-01,4899,before_deactivated,1,2023-12-22,2024-07-09,2025-11-21T14:54:15,392.1713
2025-06-01,27901,churned,0,2023-12-22,2024-07-09,2025-09-29T05:34:59,392
2026-02-01,60445,live,0,2024-06-28,,2025-06-30T12:10:39,392
2025-05-01,30367,churned,0,2023-12-22,2024-07-31,2025-08-28T21:32:09,392
2026-02-01,8425,churned,0,2023-12-22,2024-07-09,2026-01-15T20:01:18,392
2025-11-01,31763,live,0,2023-12-22,2026-03-15,2026-06-09T16:55:29,391.7772
2025-01-01,2307,before_deactivated,1,2023-12-22,2024-07-09,2025-11-21T15:13:54,391
2023-12-01,8053,before_deactivated,1,2023-12-22,2024-07-09,2025-11-21T14:29:43,390.08
2025-01-01,60403,live,0,2024-06-27,2025-07-11,2026-03-29T12:25:43,390.0728
2024-11-01,24765,before_deactivated,1,2023-12-22,2024-07-09,2025-11-21T13:14:45,390
2025-01-01,7993,no_migration,0,,,2023-10-18T16:50:22,390
2024-04-01,13117,before_deactivated,1,2023-12-22,2024-07-09,2025-11-21T14:00:09,390
2025-10-01,27387,churned,0,2023-12-22,2024-09-15,2025-03-03T12:41:02,390
2025-07-01,28559,before_deactivated,1,2023-12-22,2024-07-09,2025-11-21T13:04:08,390
2025-10-01,27387,churned,0,2023-12-22,2024-09-15,2025-03-03T12:41:02,390
2025-06-01,10759,before_deactivated,1,2023-12-22,2024-07-09,2025-11-21T14:13:36,389.6271
2025-10-01,3111,before_deactivated,1,2023-12-22,2024-07-09,2025-11-21T15:07:07,388.82916
2025-10-01,21661,before_deactivated,1,2023-12-22,2024-07-09,2025-11-21T13:24:06,388.31807
2024-11-01,3143,live,0,2023-12-22,2025-07-05,2026-01-15T20:31:00,387.315117
2025-07-01,15847,churned,0,2023-12-22,2024-07-09,2025-06-11T19:32:49,386.9775
2023-12-01,11995,live_best_seller,0,2023-12-22,2024-07-09,2024-07-09T12:45:04,386.30928
2025-10-01,3111,before_deactivated,1,2023-12-22,2024-07-09,2025-11-21T15:07:07,385.51788
2024-07-01,13795,before_deactivated,1,2023-12-22,2024-07-09,2025-11-21T13:56:27,385
2025-07-01,3409,live,0,2023-12-22,2026-03-07,2026-05-03T15:42:23,385
2025-07-01,30367,churned,0,2023-12-22,2024-07-31,2025-08-28T21:32:09,385
2026-06-01,26077,live,0,2023-12-22,2027-03-10,2026-03-12T18:46:30,385
2025-12-01,3111,deactivated,1,2023-12-22,2024-07-09,2025-11-21T15:07:07,384.57756
2025-12-01,3111,deactivated,1,2023-12-22,2024-07-09,2025-11-21T15:07:07,384.57756
2024-02-01,20305,before_deactivated,1,2023-12-22,2026-06-03,2026-06-15T02:17:00,384.27785
2026-03-01,4235,deactivated,1,2023-12-22,2024-07-09,2025-11-21T14:59:15,384
2024-09-01,2695,before_deactivated,1,2023-12-22,2026-05-15,2026-06-15T02:16:40,383.0571
2025-08-01,3111,before_deactivated,1,2023-12-22,2024-07-09,2025-11-21T15:07:07,382.418043
2024-11-01,2303,churned,0,2023-12-22,2024-07-09,2026-02-12T09:29:49,381.47
2024-11-01,2303,churned,0,2023-12-22,2024-07-09,2026-02-12T09:29:49,381.47
2024-11-01,2303,churned,0,2023-12-22,2024-07-09,2026-02-12T09:29:49,381.47
2025-03-01,19035,before_deactivated,1,2023-12-22,2024-07-09,2025-07-25T18:32:19,380.90752
2023-12-01,11431,live,0,2023-12-22,2024-07-09,2024-07-10T02:28:33,380
2025-07-01,31529,before_deactivated,1,2023-12-22,2025-02-20,2025-11-21T12:57:46,380
2025-07-01,29537,deactivated,1,2023-12-22,2024-02-09,2024-10-02T10:27:57,380
2025-11-01,11283,before_deactivated,1,2023-12-22,2026-06-01,2026-06-11T02:18:37,380
2025-02-01,22919,churned,0,2023-12-22,2024-07-09,2020-11-11T17:47:51,380
2024-06-01,32291,live,0,2023-12-22,2024-07-09,2025-10-28T13:58:08,380
2024-11-01,32291,churned,0,2023-12-22,2024-07-09,2025-10-28T13:58:08,380
2024-07-01,17401,churned,0,2023-12-22,2024-07-09,2025-12-11T10:41:49,380
2026-06-01,26861,deactivated,1,2023-12-22,2026-03-13,2026-03-13T19:15:03,378
2024-01-01,10421,live,0,2023-12-22,2024-07-09,2026-02-01T14:42:06,376.92325
2023-10-01,3239,before_deactivated,1,2023-12-22,2024-07-09,2024-09-27T10:05:48,376.6338
2025-09-01,37018,live,0,2024-02-01,,2026-03-27T15:01:35,376.188032
2026-04-01,67091,live,0,2025-01-21,,2026-01-17T22:29:15,375
2024-06-01,3841,before_deactivated,1,2023-12-22,2025-07-18,2025-11-21T15:01:49,374.588
2024-12-01,59170,live,0,2024-05-31,2025-05-31,2026-01-14T21:40:22,374.54138
2025-08-01,3759,churned,0,2023-12-22,2024-07-09,2026-04-29T15:40:30,374.0891
2025-07-01,14281,deactivated,1,2023-12-22,2024-09-12,2024-09-13T12:22:43,372.29185
2025-09-01,19823,before_deactivated,1,2023-12-22,2025-02-28,2025-11-21T13:30:10,371
2026-06-01,69723,live,0,2025-05-16,,2026-01-29T14:22:49,370.11618
2025-11-01,27745,churned,0,2023-12-22,2024-07-09,2026-06-12T07:35:34,370
2025-02-01,22919,churned,0,2023-12-22,2024-07-09,2020-11-11T17:47:51,370
2024-08-01,15537,before_deactivated,1,2023-12-22,2024-07-09,2025-02-10T15:21:28,370
2024-09-01,11283,before_deactivated,1,2023-12-22,2026-06-01,2026-06-11T02:18:37,370
2024-12-01,850,before_deactivated,1,2023-12-22,2026-04-28,2026-06-15T02:16:37,370
2025-11-01,36260,before_deactivated,1,2023-12-22,2026-04-22,2026-06-12T09:09:38,370
2025-10-01,53134,live,0,2024-04-12,,2025-12-22T16:35:55,370
2024-04-01,7325,before_deactivated,1,2023-12-22,2026-04-09,2026-04-22T02:12:47,370
2024-02-01,10437,live,0,2023-12-22,2024-09-15,2023-01-24T14:12:31,368.39
2026-02-01,26921,deactivated,1,2023-12-22,2024-07-09,2025-11-21T13:08:51,368
2024-02-01,23375,live,0,2023-12-22,2024-07-09,2022-03-22T17:41:26,367.73
2024-06-01,8331,live,0,2023-12-22,2024-07-12,2026-05-12T21:29:08,367.16
2026-02-01,10759,deactivated,1,2023-12-22,2024-07-09,2025-11-21T14:13:36,365.65368
2025-07-01,253,live,0,2023-12-22,2026-05-06,2026-05-06T15:03:52,364
2026-02-01,17603,deactivated,1,2023-12-22,2024-07-09,2025-11-21T13:39:12,364
2024-11-01,28391,churned,0,2023-12-22,2024-07-09,2025-03-17T16:09:51,364
2025-07-01,31763,live,0,2023-12-22,2026-03-15,2026-06-09T16:55:29,360.706512
2025-08-01,31011,live,0,2023-12-22,2026-07-09,2024-06-26T18:05:24,360
2023-10-01,31889,before_deactivated,1,2023-12-22,2026-05-26,2026-06-15T02:17:08,360
2024-01-01,27479,live_best_seller,0,2023-12-22,2024-06-17,2024-06-18T00:41:33,360
2025-03-01,11287,churned,0,2023-12-22,2024-07-09,2026-04-20T15:07:34,360
2025-12-01,53134,live,0,2024-04-12,,2025-12-22T16:35:55,360
2024-08-01,6159,churned,0,2023-12-22,2024-07-09,2025-03-29T10:01:08,360
2025-03-01,22919,churned,0,2023-12-22,2024-07-09,2020-11-11T17:47:51,360
2023-12-01,1975,live,0,2023-12-22,2024-07-09,2025-02-11T08:34:54,360
2024-12-01,24055,before_deactivated,1,2023-12-22,2026-05-07,2026-05-07T18:10:15,360
2025-02-01,22919,churned,0,2023-12-22,2024-07-09,2020-11-11T17:47:51,360
2024-11-01,11283,before_deactivated,1,2023-12-22,2026-06-01,2026-06-11T02:18:37,360
2025-02-01,7993,no_migration,0,,,2023-10-18T16:50:22,360
2023-10-01,7967,before_deactivated,1,2023-12-22,2024-07-09,2025-11-21T14:30:08,360
2024-10-01,27745,churned,0,2023-12-22,2024-07-09,2026-06-12T07:35:34,360
2025-05-01,59170,live,0,2024-05-31,2025-05-31,2026-01-14T21:40:22,359.6796
2026-02-01,13991,churned_best_seller,0,2023-12-22,2024-06-17,2024-06-17T16:08:31,357.932016
2024-06-01,2053,no_migration,0,,,2023-10-18T16:55:35,357
2025-12-01,17603,deactivated,1,2023-12-22,2024-07-09,2025-11-21T13:39:12,357
2025-06-01,2479,churned,0,2023-12-22,2024-12-27,2025-11-22T20:43:53,357
2025-11-01,13991,churned_best_seller,0,2023-12-22,2024-06-17,2024-06-17T16:08:31,357
2024-08-01,18455,churned,0,2023-12-22,2024-07-09,2026-02-14T15:27:35,353.15
2024-10-01,21111,before_deactivated,1,2023-12-22,2024-07-09,2025-06-25T13:45:25,350
2024-09-01,26821,before_deactivated,1,2023-12-22,2024-07-09,2025-11-21T13:09:14,350
2024-02-01,191,no_migration,0,,,2023-04-05T14:18:59,350
2024-09-01,11897,churned,0,2023-12-22,2024-07-09,2021-11-05T10:40:16,350
2023-11-01,8053,before_deactivated,1,2023-12-22,2024-07-09,2025-11-21T14:29:43,350
2025-08-01,16209,churned,0,2023-12-22,2024-07-09,2025-10-04T15:08:39,350
2025-02-01,22919,churned,0,2023-12-22,2024-07-09,2020-11-11T17:47:51,350
2024-11-01,3969,churned,0,2023-12-22,2024-07-09,2021-09-07T15:09:53,350
2026-04-01,60445,live,0,2024-06-28,,2025-06-30T12:10:39,350
2026-03-01,16003,churned,0,2023-12-22,2024-07-09,2025-05-18T16:45:15,350
2025-03-01,18369,churned,0,2023-12-22,2024-07-09,2026-01-15T18:42:38,350
2025-08-01,59278,live,0,2024-06-04,,2025-10-07T17:59:11,350
2023-11-01,18449,no_migration,0,,,2023-10-18T11:57:20,350
2025-05-01,1005,churned,0,2023-12-22,2024-07-09,2025-12-17T17:38:08,350
2025-05-01,14821,churned,0,2023-12-22,2024-07-09,2026-03-05T15:50:56,350
2024-06-01,36248,before_deactivated,1,2023-12-22,2024-07-09,2025-11-21T12:53:21,350
2026-02-01,23375,churned,0,2023-12-22,2024-07-09,2022-03-22T17:41:26,350
2026-03-01,2287,churned,0,2023-12-22,2024-07-09,2019-09-11T18:21:31,350
2023-11-01,28903,live,0,2023-12-22,2024-07-09,2026-03-09T13:06:23,350
2024-12-01,11431,churned,0,2023-12-22,2024-07-09,2024-07-10T02:28:33,350
2026-05-01,4625,deactivated,1,2023-12-22,2024-09-15,2025-11-21T14:56:44,344.095955
2026-05-01,71179,live,0,2025-07-29,2026-07-29,2025-08-22T11:52:52,343
2024-02-01,19055,live,0,2023-12-22,2024-07-09,2025-09-19T08:46:50,342.7353
2025-08-01,1589,churned,0,2023-12-22,2024-07-09,2025-07-07T22:33:35,341.6448
2024-08-01,30275,before_deactivated,1,2023-12-22,2024-07-09,2025-09-30T13:40:10,341.53938
2026-02-01,2315,churned,0,2023-12-22,2024-07-09,2023-01-09T17:27:56,341.504856
2024-03-01,21735,live,0,2023-12-22,2024-07-09,2026-04-28T05:58:56,340.15025
2023-11-01,1453,live,0,2023-12-22,2024-07-09,2026-05-15T08:24:08,340
2026-06-01,24519,deactivated,1,2023-12-22,2025-12-30,2026-01-13T02:52:52,340
2024-10-01,8125,before_deactivated,1,2023-12-22,2024-07-09,2025-11-21T14:29:18,340
2024-05-01,475,before_deactivated,1,2023-12-22,2024-07-09,2025-11-21T15:37:26,340
2023-09-01,34756,no_migration,0,,,2023-10-18T16:18:04,340
2024-01-01,3695,before_deactivated,1,2023-12-22,2024-07-09,2025-11-21T15:02:58,340
2025-01-01,22919,churned,0,2023-12-22,2024-07-09,2020-11-11T17:47:51,340
2024-07-01,26215,before_deactivated,1,2023-12-22,2024-07-09,2025-11-21T13:11:20,340
2025-06-01,1104,deactivated,1,2023-12-22,2025-06-09,2025-06-16T10:23:06,336
2026-03-01,882,deactivated,1,2023-12-22,2024-07-09,2025-11-21T15:31:20,335
2024-04-01,23375,live,0,2023-12-22,2024-07-09,2022-03-22T17:41:26,333
2023-12-01,17045,before_deactivated,1,2023-12-22,2024-07-09,2025-11-21T13:42:13,331
2023-11-01,1953,live,0,2023-12-22,2024-07-09,2022-08-27T20:19:27,330.82
2023-11-01,1953,live,0,2023-12-22,2024-07-09,2022-08-27T20:19:27,330.82
2025-10-01,2481,churned,0,2023-12-22,2024-07-09,2025-06-25T08:43:31,330.625834
2024-10-01,24713,before_deactivated,1,2023-12-22,2024-07-09,2025-11-21T13:14:57,330
2023-09-01,26389,before_deactivated,1,2023-12-22,2025-11-30,2026-01-24T02:54:40,330
2024-05-01,28249,live_best_seller,0,2023-12-22,2024-09-27,2026-03-28T12:11:50,330
2024-07-01,29625,churned,0,2023-12-22,2024-07-09,2025-11-06T08:40:39,330
2024-04-01,2321,before_deactivated,1,2023-12-22,2024-07-09,2025-11-21T15:13:48,330
2025-01-01,36872,live,0,2024-01-27,,2025-05-25T21:45:12,330
2026-03-01,8607,no_migration,0,,,2023-10-18T16:49:51,329.930874
2025-03-01,22919,churned,0,2023-12-22,2024-07-09,2020-11-11T17:47:51,329
2024-11-01,11941,before_deactivated,1,2023-12-22,2024-07-09,2025-11-21T14:06:24,329
2024-11-01,27551,before_deactivated,1,2023-12-22,2024-07-09,2025-08-28T22:31:06,329
2023-10-01,4513,before_deactivated,1,2023-12-22,2024-07-09,2025-11-21T14:57:40,328.8726
2023-09-01,8053,before_deactivated,1,2023-12-22,2024-07-09,2025-11-21T14:29:43,328
2023-09-01,8053,before_deactivated,1,2023-12-22,2024-07-09,2025-11-21T14:29:43,328
2024-06-01,28983,before_deactivated,1,2023-12-22,2024-07-09,2025-11-21T13:02:51,327.7645
2025-12-01,3143,churned,0,2023-12-22,2025-07-05,2026-01-15T20:31:00,326.414935
2025-07-01,10759,before_deactivated,1,2023-12-22,2024-07-09,2025-11-21T14:13:36,325.378242
2024-12-01,3897,live,0,2023-12-22,2025-07-09,2026-01-15T18:35:02,325.302229
2023-12-01,31145,live,0,2023-12-22,2024-05-16,2026-03-13T17:43:54,325
2024-11-01,3897,live,0,2023-12-22,2025-07-09,2026-01-15T18:35:02,324.96156
2023-11-01,8053,before_deactivated,1,2023-12-22,2024-07-09,2025-11-21T14:29:43,323.6
2023-10-01,253,live,0,2023-12-22,2026-05-06,2026-05-06T15:03:52,323
2024-11-01,3283,before_deactivated,1,2023-12-22,2024-07-09,2025-02-24T16:04:27,323
2025-02-01,22919,churned,0,2023-12-22,2024-07-09,2020-11-11T17:47:51,323
2024-11-01,12777,churned,0,2023-12-22,2024-07-09,2026-05-10T05:46:49,322.6773
2025-10-01,1035,churned_best_seller,0,2023-12-22,2024-07-09,2026-01-27T12:09:35,322
2025-12-01,3699,churned,0,2023-12-22,2024-07-09,2021-10-23T22:03:34,322
2025-04-01,2479,churned,0,2023-12-22,2024-12-27,2025-11-22T20:43:53,322
2024-06-01,1953,live,0,2023-12-22,2024-07-09,2022-08-27T20:19:27,321.265
2025-07-01,19035,deactivated,1,2023-12-22,2024-07-09,2025-07-25T18:32:19,320.201
2024-04-01,13373,before_deactivated,1,2023-12-22,2024-07-09,2024-07-30T17:12:18,320
2025-09-01,3141,churned,0,2023-12-22,2024-07-09,2025-12-01T10:08:48,320
2024-06-01,13795,before_deactivated,1,2023-12-22,2024-07-09,2025-11-21T13:56:27,320
2024-05-01,13117,before_deactivated,1,2023-12-22,2024-07-09,2025-11-21T14:00:09,320
2025-02-01,27965,before_deactivated,1,2023-12-22,2026-06-01,2026-06-01T19:00:03,320
2023-10-01,5375,before_deactivated,1,2023-12-22,2024-07-09,2024-07-17T17:34:40,319.775
2024-03-01,3061,live,0,2023-12-22,2024-07-09,2026-05-31T06:19:52,319.536
2025-05-01,28373,no_migration,0,,,2022-09-09T14:38:14,319.451986
2025-11-01,31969,live,0,2023-12-22,2026-12-09,2025-12-09T12:18:15,319.38292
2024-08-01,18455,churned,0,2023-12-22,2024-07-09,2026-02-14T15:27:35,316.85
2023-11-01,8053,before_deactivated,1,2023-12-22,2024-07-09,2025-11-21T14:29:43,316.4
2026-05-01,62180,live,0,2024-08-06,,2026-06-12T10:42:23,315
2024-12-01,15537,before_deactivated,1,2023-12-22,2024-07-09,2025-02-10T15:21:28,315
2025-11-01,16003,churned,0,2023-12-22,2024-07-09,2025-05-18T16:45:15,315
2025-07-01,27883,before_deactivated,1,2023-12-22,2024-07-09,2025-11-21T13:06:00,315
2024-11-01,2479,live,0,2023-12-22,2024-12-27,2025-11-22T20:43:53,315
2024-03-01,21267,no_migration,0,,,2023-10-18T16:31:42,314.1048
2023-09-01,9047,live,0,2023-12-22,2025-01-23,2026-01-26T16:30:58,313.546968
2024-02-01,7325,before_deactivated,1,2023-12-22,2026-04-09,2026-04-22T02:12:47,312.5705
2025-06-01,1833,no_migration,0,,,2023-04-06T16:26:25,312.171846
2025-06-01,1833,no_migration,0,,,2023-04-06T16:26:25,312.171846
2023-10-01,7045,live,0,2023-12-22,2024-07-09,2026-06-12T07:32:09,311.43015
2023-10-01,7045,live,0,2023-12-22,2024-07-09,2026-06-12T07:32:09,311.43015
2025-11-01,31969,live,0,2023-12-22,2026-12-09,2025-12-09T12:18:15,310.043735
2024-03-01,2361,before_deactivated,1,2023-12-22,2024-07-09,2025-11-21T15:13:36,310
2025-10-01,24035,live,0,2023-12-22,2026-01-22,2026-03-05T03:14:42,310
2023-12-01,11283,before_deactivated,1,2023-12-22,2026-06-01,2026-06-11T02:18:37,310
2024-10-01,15581,churned,0,2023-12-22,2024-07-09,2026-01-16T17:47:17,310
2025-05-01,27363,churned,0,2023-12-22,2024-07-09,2021-09-07T15:51:11,310
2025-01-01,28391,churned,0,2023-12-22,2024-07-09,2025-03-17T16:09:51,310
2025-01-01,882,before_deactivated,1,2023-12-22,2024-07-09,2025-11-21T15:31:20,310
2025-03-01,15655,before_deactivated,1,2023-12-22,2024-07-09,2025-11-21T13:47:33,310
2024-04-01,13117,before_deactivated,1,2023-12-22,2024-07-09,2025-11-21T14:00:09,310
2025-11-01,2053,no_migration,0,,,2023-10-18T16:55:35,308
2026-02-01,19183,deactivated,1,2023-12-22,2025-07-10,2025-11-21T13:32:55,308
2025-11-01,19035,deactivated,1,2023-12-22,2024-07-09,2025-07-25T18:32:19,307.38285
2025-09-01,19055,churned,0,2023-12-22,2024-07-09,2025-09-19T08:46:50,304.793125
2023-11-01,8053,before_deactivated,1,2023-12-22,2024-07-09,2025-11-21T14:29:43,301.14
2023-11-01,8053,before_deactivated,1,2023-12-22,2024-07-09,2025-11-21T14:29:43,301.14
2023-11-01,8053,before_deactivated,1,2023-12-22,2024-07-09,2025-11-21T14:29:43,301.14
2023-11-01,8053,before_deactivated,1,2023-12-22,2024-07-09,2025-11-21T14:29:43,301.14
2023-11-01,8053,before_deactivated,1,2023-12-22,2024-07-09,2025-11-21T14:29:43,301.14
2025-08-01,35478,before_deactivated,1,2023-12-22,2024-07-09,2025-11-21T12:53:30,301
2025-09-01,15537,deactivated,1,2023-12-22,2024-07-09,2025-02-10T15:21:28,301
2024-05-01,5597,before_deactivated,1,2023-12-22,2024-07-09,2025-11-21T14:47:23,300.680043
2024-05-01,5597,before_deactivated,1,2023-12-22,2024-07-09,2025-11-21T14:47:23,300.680043
2026-05-01,3167,churned,0,2023-12-22,2024-07-09,2026-05-15T09:53:16,300.102
2026-05-01,3167,churned,0,2023-12-22,2024-07-09,2026-05-15T09:53:16,300.102
2025-11-01,31529,before_deactivated,1,2023-12-22,2025-02-20,2025-11-21T12:57:46,300
2023-12-01,1131,before_deactivated,1,2023-12-22,2024-07-09,2025-11-21T15:27:59,300
2025-11-01,3861,before_deactivated,1,2023-12-22,2025-07-23,2025-11-21T15:01:40,300
2025-01-01,26967,churned,0,2023-12-22,2024-07-09,2026-03-13T11:11:05,300
2025-01-01,26967,churned,0,2023-12-22,2024-07-09,2026-03-13T11:11:05,300
2024-01-01,19005,before_deactivated,1,2023-12-22,2024-07-09,2025-11-21T13:33:37,300
2026-06-01,24519,deactivated,1,2023-12-22,2025-12-30,2026-01-13T02:52:52,300
2026-01-01,67617,live,0,2025-02-19,,2025-07-19T10:03:05,300
2023-10-01,6713,live,0,2023-12-22,2024-05-16,2024-05-16T00:25:14,300
2024-03-01,15537,before_deactivated,1,2023-12-22,2024-07-09,2025-02-10T15:21:28,300
2025-06-01,27883,before_deactivated,1,2023-12-22,2024-07-09,2025-11-21T13:06:00,300
2025-06-01,27883,before_deactivated,1,2023-12-22,2024-07-09,2025-11-21T13:06:00,300
2024-02-01,31025,live,0,2023-12-22,2026-07-07,2026-01-25T17:52:15,300
2024-03-01,31763,live,0,2023-12-22,2026-03-15,2026-06-09T16:55:29,300
2026-03-01,10299,churned,0,2023-12-22,2024-07-09,2026-04-28T11:52:38,300
2025-03-01,22919,churned,0,2023-12-22,2024-07-09,2020-11-11T17:47:51,300
2026-06-01,24519,deactivated,1,2023-12-22,2025-12-30,2026-01-13T02:52:52,300
2025-10-01,33454,before_deactivated,1,2023-12-22,2024-07-09,2025-11-21T12:55:21,300
2026-05-01,31543,churned_best_seller,0,2023-12-22,2024-11-27,2025-02-10T20:08:46,300
2026-06-01,24519,deactivated,1,2023-12-22,2025-12-30,2026-01-13T02:52:52,300
2023-10-01,24989,before_deactivated,1,2023-12-22,2024-07-09,2025-11-21T13:13:58,300
2025-01-01,59170,live,0,2024-05-31,2025-05-31,2026-01-14T21:40:22,299.90016
2025-08-01,7351,churned,0,2023-12-22,2024-10-10,2026-02-06T12:10:39,299.327854
2025-09-01,3247,before_deactivated,1,2023-12-22,2024-07-09,2025-11-21T15:06:14,298.2784
2025-02-01,3283,before_deactivated,1,2023-12-22,2024-07-09,2025-02-24T16:04:27,297
2026-04-01,9305,churned,0,2023-12-22,2024-05-16,2025-02-11T12:14:50,296
2024-12-01,15581,churned,0,2023-12-22,2024-07-09,2026-01-16T17:47:17,295
2025-08-01,23381,churned,0,2023-12-22,2024-07-09,2022-03-17T12:41:51,294.6834
2025-08-01,23381,churned,0,2023-12-22,2024-07-09,2022-03-17T12:41:51,294.6834
2023-12-01,5241,before_deactivated,1,2023-12-22,2024-07-09,2025-11-21T14:50:39,294.33088
2025-08-01,194,before_deactivated,1,2023-12-22,2024-07-09,2025-11-21T15:40:56,294
2024-08-01,8053,before_deactivated,1,2023-12-22,2024-07-09,2025-11-21T14:29:43,293.75
2026-01-01,31543,churned_best_seller,0,2023-12-22,2024-11-27,2025-02-10T20:08:46,292.078416
2025-10-01,6373,churned,0,2023-12-22,2024-07-09,2026-01-15T18:46:23,291.44727
2023-10-01,8335,before_deactivated,1,2023-12-22,2024-07-09,2025-06-16T10:19:28,291.28716
2023-10-01,8053,before_deactivated,1,2023-12-22,2024-07-09,2025-11-21T14:29:43,290.33
2024-11-01,11651,churned,0,2023-12-22,2024-05-16,2026-06-05T16:11:18,290
2025-03-01,34375,before_deactivated,1,2023-12-22,2024-12-20,2025-11-21T12:53:52,290
2025-05-01,27901,churned,0,2023-12-22,2024-07-09,2025-09-29T05:34:59,290
2023-10-01,15923,before_deactivated,1,2023-12-22,2024-07-09,2025-11-21T13:46:24,290
2023-10-01,2201,before_deactivated,1,2023-12-22,2024-08-08,2025-05-05T14:33:11,290
2023-11-01,8053,before_deactivated,1,2023-12-22,2024-07-09,2025-11-21T14:29:43,290
2024-04-01,12691,before_deactivated,1,2023-12-22,2024-07-09,2024-07-10T02:36:49,290
2023-09-01,21329,before_deactivated,1,2023-12-22,2024-07-09,2025-11-21T13:25:10,290
2024-03-01,24621,before_deactivated,1,2023-12-22,2024-07-09,2025-11-21T13:15:26,290
2023-12-01,19709,live,0,2023-12-22,2024-07-09,2025-02-14T12:36:14,290
2023-09-01,15923,before_deactivated,1,2023-12-22,2024-07-09,2025-11-21T13:46:24,290
2023-10-01,4387,no_migration,0,,,2023-11-06T12:00:35,290
2025-04-01,22919,churned,0,2023-12-22,2024-07-09,2020-11-11T17:47:51,290
2026-01-01,35364,no_migration,0,,,2023-10-18T16:16:35,290
2025-12-01,2135,churned,0,2023-12-22,2024-07-09,2024-06-19T16:56:06,290
2023-11-01,3663,live,0,2023-12-22,2024-07-09,2026-05-19T08:34:28,290
2024-01-01,13165,before_deactivated,1,2023-12-22,2024-07-09,2025-11-21T13:59:48,290
2024-01-01,242,live,0,2023-12-22,2025-12-04,2025-12-15T03:05:01,290
2025-11-01,53134,live,0,2024-04-12,,2025-12-22T16:35:55,290
2023-12-01,5523,live,0,2023-12-22,2024-07-09,2025-02-13T11:17:18,290
2025-02-01,5559,before_deactivated,1,2023-12-22,2024-07-09,2025-11-21T14:47:36,289.257
2025-10-01,3111,before_deactivated,1,2023-12-22,2024-07-09,2025-11-21T15:07:07,289.13841
2024-12-01,59170,live,0,2024-05-31,2025-05-31,2026-01-14T21:40:22,288.27845
2024-12-01,59170,live,0,2024-05-31,2025-05-31,2026-01-14T21:40:22,287.6871
2025-08-01,12001,churned,0,2023-12-22,2024-07-09,2026-01-11T19:35:54,287
2025-04-01,2627,churned,0,2023-12-22,2024-07-09,2025-11-25T13:23:09,287
2025-12-01,6267,before_deactivated,1,2023-12-22,2026-04-08,2026-06-15T02:16:45,287
2025-02-01,3143,live,0,2023-12-22,2025-07-05,2026-01-15T20:31:00,287
2025-05-01,2627,churned,0,2023-12-22,2024-07-09,2025-11-25T13:23:09,287
2025-06-01,34023,before_deactivated,1,2023-12-22,2024-07-09,2025-11-21T12:54:15,287
2025-02-01,27363,churned,0,2023-12-22,2024-07-09,2021-09-07T15:51:11,286.75
2023-12-01,5241,before_deactivated,1,2023-12-22,2024-07-09,2025-11-21T14:50:39,285.13304
2024-02-01,31763,live,0,2023-12-22,2026-03-15,2026-06-09T16:55:29,285
2026-05-01,69723,live,0,2025-05-16,,2026-01-29T14:22:49,283.5209
2024-11-01,2303,churned,0,2023-12-22,2024-07-09,2026-02-12T09:29:49,282.03
2025-11-01,53134,live,0,2024-04-12,,2025-12-22T16:35:55,282
2026-01-01,66343,live,0,2024-11-29,2026-06-29,2026-05-31T01:19:41,282
2023-10-01,29113,before_deactivated,1,2023-12-22,2025-08-03,2025-11-21T13:02:34,281.8908
2025-06-01,10759,before_deactivated,1,2023-12-22,2024-07-09,2025-11-21T14:13:36,281.556
2025-06-01,10759,before_deactivated,1,2023-12-22,2024-07-09,2025-11-21T14:13:36,281.556
2025-12-01,31711,churned,0,2023-12-22,2024-07-09,2025-12-02T05:37:05,281.112
2026-05-01,34741,no_migration,0,,,2023-10-18T16:32:41,280.904
2023-10-01,4877,before_deactivated,1,2023-12-22,2024-07-09,2024-07-10T01:42:33,280
2024-05-01,13117,before_deactivated,1,2023-12-22,2024-07-09,2025-11-21T14:00:09,280
2025-05-01,10987,churned,0,2023-12-22,2024-07-09,2025-08-05T19:37:51,280
2025-04-01,31025,live,0,2023-12-22,2026-07-07,2026-01-25T17:52:15,280
2023-09-01,24259,before_deactivated,1,2023-12-22,2024-07-09,2025-11-21T13:16:26,280
2023-11-01,27479,live_best_seller,0,2023-12-22,2024-06-17,2024-06-18T00:41:33,280
2024-07-01,7993,no_migration,0,,,2023-10-18T16:50:22,280
2025-10-01,26329,before_deactivated,1,2023-12-22,2024-07-09,2025-11-21T13:10:52,280
2026-05-01,20059,live,0,2025-10-07,,2025-10-07T13:05:12,280
2026-01-01,29189,churned,0,2023-12-22,2024-07-09,2025-10-20T17:08:13,280
2025-06-01,11283,before_deactivated,1,2023-12-22,2026-06-01,2026-06-11T02:18:37,279
2025-01-01,9265,live,0,2023-12-22,2025-05-22,2026-05-11T22:04:49,278.61
2025-06-01,3111,before_deactivated,1,2023-12-22,2024-07-09,2025-11-21T15:07:07,278.15554
2025-06-01,10759,before_deactivated,1,2023-12-22,2024-07-09,2025-11-21T14:13:36,278.11712
2024-11-01,59170,live,0,2024-05-31,2025-05-31,2026-01-14T21:40:22,277.886448
2024-05-01,5597,before_deactivated,1,2023-12-22,2024-07-09,2025-11-21T14:47:23,276.042457
2024-05-01,5597,before_deactivated,1,2023-12-22,2024-07-09,2025-11-21T14:47:23,276.042457
2023-10-01,253,live,0,2023-12-22,2026-05-06,2026-05-06T15:03:52,276
2023-11-01,253,live,0,2023-12-22,2026-05-06,2026-05-06T15:03:52,276
2025-03-01,15645,before_deactivated,1,2023-12-22,2024-07-09,2025-11-21T13:47:39,276
2024-03-01,15847,live,0,2023-12-22,2024-07-09,2025-06-11T19:32:49,275.7975
2024-11-01,52592,before_deactivated,1,2024-04-02,2025-04-02,2025-05-05T14:33:11,275.763464
2025-06-01,1104,deactivated,1,2023-12-22,2025-06-09,2025-06-16T10:23:06,273
2025-11-01,56901,live,0,2024-04-30,,2025-12-02T17:14:07,271.768154
2023-11-01,24673,before_deactivated,1,2023-12-22,2024-07-09,2025-11-21T13:15:10,270
2024-03-01,745,before_deactivated,1,2023-12-22,2024-07-09,2025-11-21T15:33:03,270
2024-03-01,745,before_deactivated,1,2023-12-22,2024-07-09,2025-11-21T15:33:03,270
2025-07-01,14231,before_deactivated,1,2023-12-22,2026-06-12,2026-06-15T02:16:55,270
2024-01-01,32115,before_deactivated,1,2023-12-22,2024-09-15,2024-09-16T03:49:07,270
2025-05-01,2627,churned,0,2023-12-22,2024-07-09,2025-11-25T13:23:09,270
2025-12-01,33454,deactivated,1,2023-12-22,2024-07-09,2025-11-21T12:55:21,267.95
2025-11-01,27667,churned,0,2023-12-22,2024-07-09,2026-05-03T11:50:40,266.319284
2026-04-01,80263,live,0,2025-12-08,,2026-01-19T14:20:45,266
2025-12-01,2959,deactivated,1,2023-12-22,2024-11-03,2025-11-21T15:08:18,266
2024-06-01,17113,before_deactivated,1,2023-12-22,2025-07-06,2025-11-21T13:41:56,265
2025-03-01,2479,churned,0,2023-12-22,2024-12-27,2025-11-22T20:43:53,264
2024-04-01,6623,live,0,2023-12-22,2024-07-09,2026-01-25T09:37:36,261
2024-11-01,8699,churned,0,2023-12-22,2024-07-09,2026-06-01T11:32:26,261
2024-04-01,13117,before_deactivated,1,2023-12-22,2024-07-09,2025-11-21T14:00:09,260
2024-03-01,31763,live,0,2023-12-22,2026-03-15,2026-06-09T16:55:29,260
2024-10-01,19005,before_deactivated,1,2023-12-22,2024-07-09,2025-11-21T13:33:37,260
2025-07-01,60114,live,0,2024-06-15,,2025-11-15T13:23:16,259
2025-11-01,33454,before_deactivated,1,2023-12-22,2024-07-09,2025-11-21T12:55:21,259
2025-11-01,33454,before_deactivated,1,2023-12-22,2024-07-09,2025-11-21T12:55:21,259
2025-12-01,53134,live,0,2024-04-12,,2025-12-22T16:35:55,259
2025-11-01,18911,deactivated,1,2023-12-22,2024-07-09,2025-11-21T13:34:04,259
2025-06-01,3111,before_deactivated,1,2023-12-22,2024-07-09,2025-11-21T15:07:07,256.75896
2025-01-01,2479,churned,0,2023-12-22,2024-12-27,2025-11-22T20:43:53,256
2025-11-01,6467,before_deactivated,1,2023-12-22,2024-07-09,2025-11-21T14:40:50,252
2026-02-01,58977,live,0,2024-05-29,,2026-06-13T15:49:04,252
2025-12-01,14231,before_deactivated,1,2023-12-22,2026-06-12,2026-06-15T02:16:55,252
2025-04-01,18455,churned,0,2023-12-22,2024-07-09,2026-02-14T15:27:35,252
2024-05-01,4411,live,0,2023-12-22,2024-07-09,2022-11-09T07:26:27,250.11
2024-06-01,11839,before_deactivated,1,2023-12-22,2024-07-09,2025-11-21T14:06:52,250
2025-07-01,29537,deactivated,1,2023-12-22,2024-02-09,2024-10-02T10:27:57,250
2024-10-01,21111,before_deactivated,1,2023-12-22,2024-07-09,2025-06-25T13:45:25,250
2024-07-01,19005,before_deactivated,1,2023-12-22,2024-07-09,2025-11-21T13:33:37,250
2024-10-01,9871,churned,0,2023-12-22,2024-07-09,2025-12-22T17:39:15,250
2025-04-01,22919,churned,0,2023-12-22,2024-07-09,2020-11-11T17:47:51,250
2023-11-01,24673,before_deactivated,1,2023-12-22,2024-07-09,2025-11-21T13:15:10,250
2024-04-01,8209,no_migration,0,,,2023-07-31T16:55:33,250
2025-09-01,27869,churned,0,2023-12-22,2024-07-09,2024-05-21T19:31:33,250
2025-11-01,53134,live,0,2024-04-12,,2025-12-22T16:35:55,250
2025-04-01,22919,churned,0,2023-12-22,2024-07-09,2020-11-11T17:47:51,250
2024-06-01,11839,before_deactivated,1,2023-12-22,2024-07-09,2025-11-21T14:06:52,250
2024-05-01,11839,before_deactivated,1,2023-12-22,2024-07-09,2025-11-21T14:06:52,250
2024-08-01,31763,live,0,2023-12-22,2026-03-15,2026-06-09T16:55:29,250
2025-07-01,10759,before_deactivated,1,2023-12-22,2024-07-09,2025-11-21T14:13:36,247.907232
2024-02-01,8053,before_deactivated,1,2023-12-22,2024-07-09,2025-11-21T14:29:43,247.42
2024-02-01,8053,before_deactivated,1,2023-12-22,2024-07-09,2025-11-21T14:29:43,247.42
2025-02-01,1441,before_deactivated,1,2023-12-22,2024-07-09,2025-11-21T15:23:45,247.3
2025-08-01,60445,live,0,2024-06-28,,2025-06-30T12:10:39,246
2025-08-01,9585,before_deactivated,1,2023-12-22,2024-07-09,2025-11-21T14:20:34,245
2023-12-01,2729,live,0,2023-12-22,2024-05-16,2024-05-16T00:23:33,243.376895
2024-03-01,33159,before_deactivated,1,2023-12-22,2024-09-15,2025-11-21T12:55:44,240
2025-08-01,18911,before_deactivated,1,2023-12-22,2024-07-09,2025-11-21T13:34:04,240
2024-09-01,27729,churned,0,2023-12-22,2024-07-09,2025-11-27T12:39:53,240
2025-12-01,37370,before_deactivated,1,2024-02-18,2026-02-18,2026-02-18T11:24:54,239.80208
2024-08-01,53134,live,0,2024-04-12,,2025-12-22T16:35:55,238.0625
2025-02-01,11897,churned,0,2023-12-22,2024-07-09,2021-11-05T10:40:16,237.264617
2025-12-01,20151,deactivated,1,2023-12-22,2024-07-09,2025-11-21T13:28:54,234
2025-07-01,31763,live,0,2023-12-22,2026-03-15,2026-06-09T16:55:29,231.628584
2025-03-01,22651,churned,0,2023-12-22,2024-10-14,2026-06-05T15:07:42,231
2026-05-01,11431,churned,0,2023-12-22,2024-07-09,2024-07-10T02:28:33,231
2025-11-01,59170,churned,0,2024-05-31,2025-05-31,2026-01-14T21:40:22,231
2025-11-01,59170,churned,0,2024-05-31,2025-05-31,2026-01-14T21:40:22,231
2025-08-01,20865,before_deactivated,1,2023-12-22,2024-07-09,2025-11-21T13:26:27,230.339082
2025-02-01,31763,live,0,2023-12-22,2026-03-15,2026-06-09T16:55:29,230
2025-03-01,22919,churned,0,2023-12-22,2024-07-09,2020-11-11T17:47:51,230
2025-03-01,22919,churned,0,2023-12-22,2024-07-09,2020-11-11T17:47:51,230
2026-02-01,59170,churned,0,2024-05-31,2025-05-31,2026-01-14T21:40:22,229.6266
2025-07-01,31763,live,0,2023-12-22,2026-03-15,2026-06-09T16:55:29,226.951786
2025-06-01,2039,before_deactivated,1,2023-12-22,2024-07-09,2025-11-21T15:16:10,226.49
2025-09-01,28579,churned,0,2023-12-22,2024-07-09,2026-05-29T11:37:21,225.26244
2025-09-01,3275,churned,0,2023-12-22,2024-07-09,2026-02-06T11:33:03,225
2025-02-01,10269,live,0,2023-12-22,2026-06-18,2026-01-28T14:59:58,224.656889
2025-11-01,1579,churned,0,2023-12-22,2025-07-02,2025-07-02T13:32:25,224
2024-09-01,52508,live,0,2024-03-31,,2026-06-07T12:55:42,223.76718
2025-12-01,67666,live,0,2025-02-22,,2026-05-06T19:26:42,223.24596
2025-05-01,7045,churned,0,2023-12-22,2024-07-09,2026-06-12T07:32:09,222.957
2025-05-01,8489,before_deactivated,1,2023-12-22,2024-07-09,2025-11-21T14:27:13,222
2026-01-01,59170,churned,0,2024-05-31,2025-05-31,2026-01-14T21:40:22,220.40641
2024-11-01,7967,before_deactivated,1,2023-12-22,2024-07-09,2025-11-21T14:30:08,220
2025-09-01,35205,no_migration,0,,,2023-10-18T16:17:28,220
2025-01-01,22919,churned,0,2023-12-22,2024-07-09,2020-11-11T17:47:51,220
2024-10-01,21111,before_deactivated,1,2023-12-22,2024-07-09,2025-06-25T13:45:25,220
2024-11-01,59170,live,0,2024-05-31,2025-05-31,2026-01-14T21:40:22,218.449504
2025-02-01,3283,deactivated,1,2023-12-22,2024-07-09,2025-02-24T16:04:27,217
2026-02-01,26921,deactivated,1,2023-12-22,2024-07-09,2025-11-21T13:08:51,217
2025-11-01,22919,churned,0,2023-12-22,2024-07-09,2020-11-11T17:47:51,217
2025-06-01,19417,churned,0,2023-12-22,2025-01-05,2026-05-07T16:58:26,217
2026-05-01,30367,churned,0,2023-12-22,2024-07-31,2025-08-28T21:32:09,217
2025-09-01,35478,before_deactivated,1,2023-12-22,2024-07-09,2025-11-21T12:53:30,214
2025-11-01,59170,churned,0,2024-05-31,2025-05-31,2026-01-14T21:40:22,212.597
2026-01-01,14883,churned,0,2023-12-22,2024-07-09,2026-05-12T14:00:39,210.511056
2025-12-01,8351,churned,0,2023-12-22,2024-07-09,2025-05-30T20:09:02,210
2025-11-01,14115,churned,0,2023-12-22,2024-07-09,2026-03-11T20:43:24,210
2025-03-01,22919,churned,0,2023-12-22,2024-07-09,2020-11-11T17:47:51,210
2025-12-01,14115,churned,0,2023-12-22,2024-07-09,2026-03-11T20:43:24,210
2024-06-01,11839,before_deactivated,1,2023-12-22,2024-07-09,2025-11-21T14:06:52,210
2026-04-01,60445,live,0,2024-06-28,,2025-06-30T12:10:39,210
2024-11-01,6685,no_migration,0,,,2023-10-18T11:57:22,209.205892
2025-07-01,6373,churned,0,2023-12-22,2024-07-09,2026-01-15T18:46:23,208.08732
2025-10-01,37018,live,0,2024-02-01,,2026-03-27T15:01:35,203.75771
2023-12-01,8053,before_deactivated,1,2023-12-22,2024-07-09,2025-11-21T14:29:43,203.31
2023-12-01,8053,before_deactivated,1,2023-12-22,2024-07-09,2025-11-21T14:29:43,203.31
2023-12-01,8053,before_deactivated,1,2023-12-22,2024-07-09,2025-11-21T14:29:43,203.31
2025-11-01,30529,churned,0,2023-12-22,2024-05-16,2024-05-16T00:31:16,203
2024-11-01,29369,before_deactivated,1,2023-12-22,2024-11-13,2025-05-05T14:33:11,203
2024-11-01,19417,live,0,2023-12-22,2025-01-05,2026-05-07T16:58:26,203
2024-08-01,242,live,0,2023-12-22,2025-12-04,2025-12-15T03:05:01,201.4375
2025-02-01,242,live,0,2023-12-22,2025-12-04,2025-12-15T03:05:01,200.26272
2024-10-01,28569,before_deactivated,1,2023-12-22,2024-07-09,2025-11-21T13:04:07,200
2025-09-01,53192,live,0,2024-04-15,,2024-07-08T16:48:04,200
2024-10-01,28569,before_deactivated,1,2023-12-22,2024-07-09,2025-11-21T13:04:07,200
2024-11-01,15581,churned,0,2023-12-22,2024-07-09,2026-01-16T17:47:17,200
2024-08-01,34678,no_migration,0,,,2023-10-19T09:55:45,200
2025-03-01,32451,before_deactivated,1,2023-12-22,2024-07-09,2025-11-21T12:56:31,200
2024-02-01,8053,before_deactivated,1,2023-12-22,2024-07-09,2025-11-21T14:29:43,200
2024-06-01,3281,no_migration,0,,,2023-06-16T16:52:41,200
2024-10-01,28569,before_deactivated,1,2023-12-22,2024-07-09,2025-11-21T13:04:07,200
2024-02-01,8053,before_deactivated,1,2023-12-22,2024-07-09,2025-11-21T14:29:43,200
2025-02-01,59170,live,0,2024-05-31,2025-05-31,2026-01-14T21:40:22,200
2025-09-01,19005,before_deactivated,1,2023-12-22,2024-07-09,2025-11-21T13:33:37,200
2024-02-01,8053,before_deactivated,1,2023-12-22,2024-07-09,2025-11-21T14:29:43,200
2024-10-01,28569,before_deactivated,1,2023-12-22,2024-07-09,2025-11-21T13:04:07,200
2026-03-01,15037,deactivated,1,2023-12-22,2024-07-09,2025-11-21T13:50:14,196.82464
2024-11-01,3861,before_deactivated,1,2023-12-22,2025-07-23,2025-11-21T15:01:40,196
2025-11-01,10759,deactivated,1,2023-12-22,2024-07-09,2025-11-21T14:13:36,194.21472
2024-10-01,7223,before_deactivated,1,2023-12-22,2024-07-09,2025-11-21T14:34:57,192.22035
2024-06-01,30911,before_deactivated,1,2023-12-22,2025-08-09,2025-11-21T12:58:53,190.56
2025-05-01,34375,before_deactivated,1,2023-12-22,2024-12-20,2025-11-21T12:53:52,190
2026-06-01,1975,churned,0,2023-12-22,2024-07-09,2025-02-11T08:34:54,190
2024-11-01,3597,no_migration,0,,,2022-10-17T10:27:42,190
2025-06-01,1591,before_deactivated,1,2023-12-22,2024-07-09,2025-09-04T15:52:00,190
2024-12-01,15581,churned,0,2023-12-22,2024-07-09,2026-01-16T17:47:17,190
2023-09-01,7821,live_best_seller,0,2023-12-22,2024-10-23,2026-04-28T03:49:35,187.9272
2026-04-01,60445,live,0,2024-06-28,,2025-06-30T12:10:39,182
2026-01-01,59202,live,0,2024-06-01,,2026-01-29T19:49:12,182
2025-04-01,19175,before_deactivated,1,2023-12-22,2024-07-09,2025-11-21T13:33:00,180
2024-12-01,28177,before_deactivated,1,2023-12-22,2024-07-09,2025-11-21T13:05:09,180
2024-11-01,15581,churned,0,2023-12-22,2024-07-09,2026-01-16T17:47:17,180
2024-11-01,1979,before_deactivated,1,2023-12-22,2024-07-09,2025-05-20T18:08:58,180
2025-12-01,17033,deactivated,1,2023-12-22,2024-07-09,2025-11-21T13:42:17,180
2023-09-01,28925,before_deactivated,1,2023-12-22,2025-11-04,2025-11-21T13:03:01,180
2024-11-01,28569,before_deactivated,1,2023-12-22,2024-07-09,2025-11-21T13:04:07,175
2024-11-01,28569,before_deactivated,1,2023-12-22,2024-07-09,2025-11-21T13:04:07,175
2024-11-01,28569,before_deactivated,1,2023-12-22,2024-07-09,2025-11-21T13:04:07,175
2024-11-01,28569,before_deactivated,1,2023-12-22,2024-07-09,2025-11-21T13:04:07,175
2025-11-01,59170,churned,0,2024-05-31,2025-05-31,2026-01-14T21:40:22,175
2025-09-01,19055,churned,0,2023-12-22,2024-07-09,2025-09-19T08:46:50,173.502805
2025-09-01,19055,churned,0,2023-12-22,2024-07-09,2025-09-19T08:46:50,173.502805
2025-09-01,1104,deactivated,1,2023-12-22,2025-06-09,2025-06-16T10:23:06,170.8942
2024-11-01,52592,before_deactivated,1,2024-04-02,2025-04-02,2025-05-05T14:33:11,169.128506
2025-05-01,28373,no_migration,0,,,2022-09-09T14:38:14,168.440654
2025-11-01,59202,live,0,2024-06-01,,2026-01-29T19:49:12,168
2025-10-01,20681,before_deactivated,1,2023-12-22,2024-07-09,2025-11-21T13:27:12,166.02236
2023-12-01,5241,before_deactivated,1,2023-12-22,2024-07-09,2025-11-21T14:50:39,165.56112
2025-08-01,35478,before_deactivated,1,2023-12-22,2024-07-09,2025-11-21T12:53:30,165
2025-06-01,2039,before_deactivated,1,2023-12-22,2024-07-09,2025-11-21T15:16:10,164.2
2026-01-01,1975,churned,0,2023-12-22,2024-07-09,2025-02-11T08:34:54,161
2026-02-01,59170,churned,0,2024-05-31,2025-05-31,2026-01-14T21:40:22,161
2023-11-01,11839,before_deactivated,1,2023-12-22,2024-07-09,2025-11-21T14:06:52,160
2025-03-01,28569,before_deactivated,1,2023-12-22,2024-07-09,2025-11-21T13:04:07,153
2025-07-01,2039,before_deactivated,1,2023-12-22,2024-07-09,2025-11-21T15:16:10,152
2025-11-01,9787,churned,0,2023-12-22,2024-08-13,2026-04-27T15:41:25,151.1048
2025-03-01,22919,churned,0,2023-12-22,2024-07-09,2020-11-11T17:47:51,150
2023-09-01,22393,before_deactivated,1,2023-12-22,2024-07-09,2025-11-21T13:21:28,150
2026-03-01,10299,churned,0,2023-12-22,2024-07-09,2026-04-28T11:52:38,150
2024-12-01,18449,no_migration,0,,,2023-10-18T11:57:20,150
2025-11-01,31969,live,0,2023-12-22,2026-12-09,2025-12-09T12:18:15,149.83136
2025-11-01,31969,live,0,2023-12-22,2026-12-09,2025-12-09T12:18:15,149.83136
2024-11-01,1979,before_deactivated,1,2023-12-22,2024-07-09,2025-05-20T18:08:58,147
2025-12-01,109,deactivated,1,2023-12-22,2024-07-09,2025-11-21T15:41:53,144
2026-01-01,27023,before_deactivated,1,2023-12-22,2026-05-21,2026-05-21T12:16:42,144
2023-11-01,3663,live,0,2023-12-22,2024-07-09,2026-05-19T08:34:28,140
2024-01-01,20221,live,0,2023-12-22,2025-10-27,2026-04-18T15:13:44,140
2024-08-01,53192,live,0,2024-04-15,,2024-07-08T16:48:04,140
2023-11-01,3663,live,0,2023-12-22,2024-07-09,2026-05-19T08:34:28,140
2026-05-01,76764,live,0,2025-08-26,,2025-09-07T06:07:22,140
2025-09-01,50169,live,0,2024-03-27,,2026-06-10T18:25:59,135
2026-01-01,10045,deactivated,1,2023-12-22,2024-07-09,2025-11-21T14:17:59,133
2024-12-01,31763,live,0,2023-12-22,2026-03-15,2026-06-09T16:55:29,130
2025-11-01,7199,before_deactivated,1,2023-12-22,2024-07-09,2025-11-21T14:35:12,129.4575
2025-05-01,26635,before_deactivated,1,2023-12-22,2024-07-09,2025-11-21T13:09:53,128
2025-05-01,242,live,0,2023-12-22,2025-12-04,2025-12-15T03:05:01,126.45078
2026-05-01,71063,before_deactivated,1,2025-07-24,2026-05-24,2026-05-24T16:50:54,126
2025-11-01,10337,churned,0,2023-12-22,2024-07-09,2025-07-15T13:31:33,126
2025-12-01,5313,churned,0,2023-12-22,2024-05-16,2025-02-02T10:06:25,125.9985
2024-02-01,1973,live_best_seller,0,2023-12-22,2024-07-09,2026-04-26T13:43:03,120
2026-03-01,16003,churned,0,2023-12-22,2024-07-09,2025-05-18T16:45:15,112
2025-03-01,14281,deactivated,1,2023-12-22,2024-09-12,2024-09-13T12:22:43,110
2025-06-01,668,before_deactivated,1,2023-12-22,2024-07-09,2025-11-21T15:34:27,107.0018
2026-05-01,8667,churned,0,2023-12-22,2024-07-09,2026-05-27T17:06:20,105
2026-01-01,1975,churned,0,2023-12-22,2024-07-09,2025-02-11T08:34:54,104
2025-10-01,52592,deactivated,1,2024-04-02,2025-04-02,2025-05-05T14:33:11,103.6656
2024-06-01,2321,before_deactivated,1,2023-12-22,2024-07-09,2025-11-21T15:13:48,100
2025-07-01,2039,before_deactivated,1,2023-12-22,2024-07-09,2025-11-21T15:16:10,100
2026-06-01,14281,deactivated,1,2023-12-22,2024-09-12,2024-09-13T12:22:43,95
2025-12-01,26329,deactivated,1,2023-12-22,2024-07-09,2025-11-21T13:10:52,90
2026-02-01,31025,live,0,2023-12-22,2026-07-07,2026-01-25T17:52:15,85
2024-09-01,14231,before_deactivated,1,2023-12-22,2026-06-12,2026-06-15T02:16:55,80
2026-04-01,80263,live,0,2025-12-08,,2026-01-19T14:20:45,75
2026-04-01,80263,live,0,2025-12-08,,2026-01-19T14:20:45,75
2026-04-01,80263,live,0,2025-12-08,,2026-01-19T14:20:45,75
2025-02-01,31025,live,0,2023-12-22,2026-07-07,2026-01-25T17:52:15,75
2025-06-01,10759,before_deactivated,1,2023-12-22,2024-07-09,2025-11-21T14:13:36,71.6688
2025-10-01,68444,live,0,2025-03-21,,2025-07-23T10:56:58,70
2025-06-01,69207,before_deactivated,1,2025-04-26,2026-04-26,2026-04-26T16:28:45,70
2025-06-01,69207,before_deactivated,1,2025-04-26,2026-04-26,2026-04-26T16:28:45,70
2025-06-01,69207,before_deactivated,1,2025-04-26,2026-04-26,2026-04-26T16:28:45,70
2025-06-01,69207,before_deactivated,1,2025-04-26,2026-04-26,2026-04-26T16:28:45,70
2024-08-01,8053,before_deactivated,1,2023-12-22,2024-07-09,2025-11-21T14:29:43,50
2023-12-01,25021,live,0,2023-12-22,2025-09-10,2025-09-10T02:52:15,10
2023-12-01,4489,live_best_seller,0,2023-12-22,2025-10-31,2026-02-13T01:13:51,10
2025-03-01,22907,before_deactivated,1,2023-12-22,2026-05-14,2026-05-29T09:49:07,9.60409
2025-03-01,22907,before_deactivated,1,2023-12-22,2026-05-14,2026-05-29T09:49:07,9.60409
2025-11-01,4055,before_deactivated,1,2023-12-22,2024-07-09,2025-11-21T15:00:23,0
2024-06-01,2695,before_deactivated,1,2023-12-22,2026-05-15,2026-06-15T02:16:40,0
2024-07-01,4545,live,0,2023-12-22,2024-07-09,2025-03-01T18:59:26,0
2026-05-01,27745,churned,0,2023-12-22,2024-07-09,2026-06-12T07:35:34,0
2025-11-01,28435,no_migration,0,,,2023-10-19T10:10:54,0
2025-01-01,3253,before_deactivated,1,2023-12-22,2024-07-09,2025-11-21T15:06:08,0